game_key,genre_key,allocation_factor,is_primary
1,11,0.333333,1
1,16,0.333333,0
1,19,0.333333,0
2,16,0.5,1
2,19,0.5,0
3,1,0.333333,1
3,2,0.333333,0
3,11,0.333333,0
4,16,0.5,1
4,19,0.5,0
5,14,0.25,1
5,3,0.25,0
5,6,0.25,0
5,10,0.25,0
6,1,0.2,1
6,11,0.2,0
6,14,0.2,0
6,19,0.2,0
6,7,0.2,0
7,2,0.5,1
7,11,0.5,0
8,11,0.333333,1
8,16,0.333333,0
8,19,0.333333,0
9,1,0.5,1
9,11,0.5,0
10,2,0.5,1
10,11,0.5,0
11,1,0.333333,1
11,5,0.333333,0
11,11,0.333333,0
12,11,0.333333,1
12,16,0.333333,0
12,7,0.333333,0
13,1,0.5,1
13,2,0.5,0
14,1,1.0,1
15,14,0.333333,1
15,16,0.333333,0
15,19,0.333333,0
16,1,0.333333,1
16,2,0.333333,0
16,11,0.333333,0
17,1,0.25,1
17,5,0.25,0
17,11,0.25,0
17,16,0.25,0
18,1,0.5,1
18,11,0.5,0
19,2,0.5,1
19,11,0.5,0
20,1,0.2,1
20,2,0.2,0
20,5,0.2,0
20,11,0.2,0
20,16,0.2,0
21,14,0.333333,1
21,16,0.333333,0
21,19,0.333333,0
22,5,0.166667,1
22,12,0.166667,0
22,16,0.166667,0
22,18,0.166667,0
22,19,0.166667,0
22,9,0.166667,0
23,1,0.25,1
23,11,0.25,0
23,14,0.25,0
23,19,0.25,0
24,1,0.333333,1
24,5,0.333333,0
24,11,0.333333,0
25,1,0.25,1
25,2,0.25,0
25,5,0.25,0
25,11,0.25,0
26,5,0.25,1
26,11,0.25,0
26,16,0.25,0
26,19,0.25,0
27,1,0.25,1
27,2,0.25,0
27,11,0.25,0
27,14,0.25,0
28,1,0.25,1
28,11,0.25,0
28,14,0.25,0
28,16,0.25,0
29,5,0.166667,1
29,11,0.166667,0
29,15,0.166667,0
29,16,0.166667,0
29,18,0.166667,0
29,7,0.166667,0
30,1,0.333333,1
30,2,0.333333,0
30,11,0.333333,0
31,2,0.5,1
31,11,0.5,0
32,1,0.5,1
32,11,0.5,0
33,5,0.5,1
33,11,0.5,0
34,1,0.333333,1
34,2,0.333333,0
34,14,0.333333,0
35,1,1.0,1
36,2,0.5,1
36,11,0.5,0
37,5,0.5,1
37,11,0.5,0
38,11,0.333333,1
38,16,0.333333,0
38,19,0.333333,0
39,2,0.5,1
39,11,0.5,0
40,5,0.333333,1
40,11,0.333333,0
40,19,0.333333,0
41,16,1.0,1
42,5,0.333333,1
42,11,0.333333,0
42,15,0.333333,0
43,2,0.142857,1
43,5,0.142857,0
43,9,0.142857,0
43,11,0.142857,0
43,16,0.142857,0
43,19,0.142857,0
43,7,0.142857,0
44,2,0.5,1
44,11,0.5,0
45,1,0.333333,1
45,2,0.333333,0
45,11,0.333333,0
46,5,0.333333,1
46,11,0.333333,0
46,14,0.333333,0
47,5,0.333333,1
47,11,0.333333,0
47,16,0.333333,0
48,1,0.333333,1
48,2,0.333333,0
48,11,0.333333,0
49,5,1.0,1
50,5,0.333333,1
50,11,0.333333,0
50,16,0.333333,0
51,1,0.333333,1
51,5,0.333333,0
51,11,0.333333,0
52,16,1.0,1
53,2,0.333333,1
53,14,0.333333,0
53,19,0.333333,0
54,11,0.333333,1
54,14,0.333333,0
54,7,0.333333,0
55,2,0.333333,1
55,5,0.333333,0
55,11,0.333333,0
56,1,0.25,1
56,2,0.25,0
56,11,0.25,0
56,14,0.25,0
57,11,0.5,1
57,19,0.5,0
58,5,0.5,1
58,16,0.5,0
59,1,0.333333,1
59,2,0.333333,0
59,11,0.333333,0
60,2,0.5,1
60,11,0.5,0
61,1,0.333333,1
61,11,0.333333,0
61,14,0.333333,0
62,5,0.166667,1
62,9,0.166667,0
62,12,0.166667,0
62,15,0.166667,0
62,16,0.166667,0
62,7,0.166667,0
63,1,0.333333,1
63,2,0.333333,0
63,11,0.333333,0
64,1,0.5,1
64,2,0.5,0
65,1,0.166667,1
65,2,0.166667,0
65,11,0.166667,0
65,14,0.166667,0
65,16,0.166667,0
65,7,0.166667,0
66,2,0.25,1
66,11,0.25,0
66,14,0.25,0
66,19,0.25,0
67,2,0.5,1
67,11,0.5,0
68,1,0.25,1
68,2,0.25,0
68,11,0.25,0
68,16,0.25,0
69,2,0.333333,1
69,5,0.333333,0
69,11,0.333333,0
70,2,0.2,1
70,5,0.2,0
70,11,0.2,0
70,14,0.2,0
70,16,0.2,0
71,2,0.2,1
71,5,0.2,0
71,11,0.2,0
71,14,0.2,0
71,16,0.2,0
72,2,0.5,1
72,11,0.5,0
73,11,0.333333,1
73,14,0.333333,0
73,19,0.333333,0
74,2,0.333333,1
74,5,0.333333,0
74,11,0.333333,0
75,11,0.25,1
75,14,0.25,0
75,19,0.25,0
75,7,0.25,0
76,1,0.2,1
76,5,0.2,0
76,11,0.2,0
76,16,0.2,0
76,19,0.2,0
77,1,0.333333,1
77,11,0.333333,0
77,19,0.333333,0
78,2,0.333333,1
78,5,0.333333,0
78,11,0.333333,0
79,14,1.0,1
80,1,0.25,1
80,2,0.25,0
80,11,0.25,0
80,14,0.25,0
81,2,0.333333,1
81,11,0.333333,0
81,14,0.333333,0
82,2,0.25,1
82,5,0.25,0
82,11,0.25,0
82,14,0.25,0
83,1,1.0,1
84,2,0.5,1
84,11,0.5,0
85,2,1.0,1
86,2,1.0,1
87,1,0.2,1
87,2,0.2,0
87,5,0.2,0
87,11,0.2,0
87,15,0.2,0
88,2,0.5,1
88,11,0.5,0
89,2,0.5,1
89,11,0.5,0
90,2,0.2,1
90,11,0.2,0
90,14,0.2,0
90,16,0.2,0
90,19,0.2,0
91,11,1.0,1
92,1,0.333333,1
92,2,0.333333,0
92,11,0.333333,0
93,1,1.0,1
94,11,0.5,1
94,16,0.5,0
95,1,0.333333,1
95,2,0.333333,0
95,11,0.333333,0
96,2,0.333333,1
96,5,0.333333,0
96,11,0.333333,0
97,1,0.333333,1
97,12,0.333333,0
97,16,0.333333,0
98,2,0.5,1
98,11,0.5,0
99,1,0.166667,1
99,2,0.166667,0
99,5,0.166667,0
99,11,0.166667,0
99,14,0.166667,0
99,16,0.166667,0
100,2,0.333333,1
100,11,0.333333,0
100,12,0.333333,0
101,1,0.333333,1
101,2,0.333333,0
101,11,0.333333,0
102,1,0.333333,1
102,5,0.333333,0
102,11,0.333333,0
103,11,0.5,1
103,14,0.5,0
104,2,0.25,1
104,5,0.25,0
104,11,0.25,0
104,9,0.25,0
105,5,0.5,1
105,11,0.5,0
106,11,0.333333,1
106,14,0.333333,0
106,16,0.333333,0
107,11,0.333333,1
107,16,0.333333,0
107,19,0.333333,0
108,1,0.25,1
108,2,0.25,0
108,14,0.25,0
108,19,0.25,0
109,5,1.0,1
110,11,0.5,1
110,16,0.5,0
111,1,0.333333,1
111,5,0.333333,0
111,11,0.333333,0
112,1,0.25,1
112,2,0.25,0
112,11,0.25,0
112,14,0.25,0
113,1,0.5,1
113,11,0.5,0
114,1,0.333333,1
114,2,0.333333,0
114,11,0.333333,0
115,5,0.5,1
115,11,0.5,0
116,1,0.25,1
116,2,0.25,0
116,5,0.25,0
116,11,0.25,0
117,11,0.333333,1
117,16,0.333333,0
117,19,0.333333,0
118,1,0.5,1
118,18,0.5,0
119,1,0.166667,1
119,2,0.166667,0
119,11,0.166667,0
119,14,0.166667,0
119,16,0.166667,0
119,18,0.166667,0
120,1,0.5,1
120,2,0.5,0
121,2,1.0,1
122,2,0.5,1
122,11,0.5,0
123,2,0.333333,1
123,5,0.333333,0
123,11,0.333333,0
124,1,0.25,1
124,2,0.25,0
124,5,0.25,0
124,11,0.25,0
125,1,0.166667,1
125,2,0.166667,0
125,5,0.166667,0
125,11,0.166667,0
125,16,0.166667,0
125,19,0.166667,0
126,11,0.2,1
126,14,0.2,0
126,16,0.2,0
126,19,0.2,0
126,7,0.2,0
127,5,0.5,1
127,11,0.5,0
128,1,0.25,1
128,5,0.25,0
128,14,0.25,0
128,18,0.25,0
129,1,0.5,1
129,11,0.5,0
130,2,0.333333,1
130,5,0.333333,0
130,11,0.333333,0
131,11,1.0,1
132,11,0.166667,1
132,12,0.166667,0
132,15,0.166667,0
132,14,0.166667,0
132,16,0.166667,0
132,18,0.166667,0
133,2,0.333333,1
133,11,0.333333,0
133,14,0.333333,0
134,1,0.25,1
134,2,0.25,0
134,11,0.25,0
134,16,0.25,0
135,11,1.0,1
136,2,0.333333,1
136,11,0.333333,0
136,14,0.333333,0
137,2,0.5,1
137,11,0.5,0
138,14,1.0,1
139,5,0.5,1
139,11,0.5,0
140,14,1.0,1
141,5,0.333333,1
141,11,0.333333,0
141,16,0.333333,0
142,2,0.5,1
142,11,0.5,0
143,1,0.5,1
143,11,0.5,0
144,5,0.333333,1
144,11,0.333333,0
144,19,0.333333,0
145,5,0.5,1
145,11,0.5,0
146,1,0.333333,1
146,11,0.333333,0
146,19,0.333333,0
147,1,0.333333,1
147,2,0.333333,0
147,11,0.333333,0
148,1,0.333333,1
148,5,0.333333,0
148,11,0.333333,0
149,5,1.0,1
150,5,0.333333,1
150,11,0.333333,0
150,19,0.333333,0
151,1,0.5,1
151,2,0.5,0
152,11,0.333333,1
152,14,0.333333,0
152,19,0.333333,0
153,2,1.0,1
154,5,0.25,1
154,11,0.25,0
154,16,0.25,0
154,19,0.25,0
155,1,0.25,1
155,11,0.25,0
155,16,0.25,0
155,7,0.25,0
156,2,0.333333,1
156,14,0.333333,0
156,19,0.333333,0
157,1,0.2,1
157,5,0.2,0
157,11,0.2,0
157,14,0.2,0
157,7,0.2,0
158,5,0.333333,1
158,11,0.333333,0
158,16,0.333333,0
159,1,0.333333,1
159,11,0.333333,0
159,14,0.333333,0
160,2,0.5,1
160,14,0.5,0
161,5,0.5,1
161,9,0.5,0
162,1,0.333333,1
162,2,0.333333,0
162,11,0.333333,0
163,5,0.333333,1
163,11,0.333333,0
163,16,0.333333,0
164,2,0.5,1
164,14,0.5,0
165,2,0.333333,1
165,5,0.333333,0
165,11,0.333333,0
166,1,0.333333,1
166,2,0.333333,0
166,11,0.333333,0
167,1,0.5,1
167,11,0.5,0
168,2,1.0,1
169,1,0.5,1
169,11,0.5,0
170,1,0.2,1
170,2,0.2,0
170,11,0.2,0
170,14,0.2,0
170,7,0.2,0
171,1,0.5,1
171,19,0.5,0
172,2,0.25,1
172,11,0.25,0
172,14,0.25,0
172,19,0.25,0
173,1,0.25,1
173,2,0.25,0
173,5,0.25,0
173,11,0.25,0
174,1,0.333333,1
174,2,0.333333,0
174,11,0.333333,0
175,1,0.5,1
175,11,0.5,0
176,11,0.25,1
176,16,0.25,0
176,18,0.25,0
176,19,0.25,0
177,5,0.5,1
177,16,0.5,0
178,1,0.333333,1
178,2,0.333333,0
178,14,0.333333,0
179,5,0.5,1
179,11,0.5,0
180,1,0.25,1
180,2,0.25,0
180,11,0.25,0
180,7,0.25,0
181,11,0.5,1
181,19,0.5,0
182,5,0.25,1
182,11,0.25,0
182,14,0.25,0
182,19,0.25,0
183,2,0.2,1
183,5,0.2,0
183,11,0.2,0
183,14,0.2,0
183,16,0.2,0
184,5,1.0,1
185,16,0.5,1
185,19,0.5,0
186,5,0.5,1
186,11,0.5,0
187,2,0.5,1
187,11,0.5,0
188,2,0.333333,1
188,5,0.333333,0
188,11,0.333333,0
189,5,0.166667,1
189,11,0.166667,0
189,12,0.166667,0
189,15,0.166667,0
189,16,0.166667,0
189,18,0.166667,0
190,1,1.0,1
191,2,0.5,1
191,11,0.5,0
192,1,1.0,1
193,1,0.333333,1
193,5,0.333333,0
193,11,0.333333,0
194,2,0.5,1
194,5,0.5,0
195,2,0.25,1
195,11,0.25,0
195,14,0.25,0
195,19,0.25,0
196,1,0.333333,1
196,11,0.333333,0
196,14,0.333333,0
197,1,0.25,1
197,2,0.25,0
197,11,0.25,0
197,14,0.25,0
198,2,0.5,1
198,11,0.5,0
199,1,0.5,1
199,11,0.5,0
200,2,0.5,1
200,11,0.5,0
201,5,0.25,1
201,11,0.25,0
201,16,0.25,0
201,19,0.25,0
202,2,0.5,1
202,5,0.5,0
203,19,0.5,1
203,7,0.5,0
204,1,0.2,1
204,2,0.2,0
204,5,0.2,0
204,11,0.2,0
204,16,0.2,0
205,15,0.333333,1
205,16,0.333333,0
205,18,0.333333,0
206,5,0.5,1
206,19,0.5,0
207,2,0.333333,1
207,11,0.333333,0
207,14,0.333333,0
208,11,0.5,1
208,16,0.5,0
209,1,0.333333,1
209,11,0.333333,0
209,14,0.333333,0
210,2,0.5,1
210,11,0.5,0
211,5,0.5,1
211,11,0.5,0
212,5,0.2,1
212,11,0.2,0
212,14,0.2,0
212,16,0.2,0
212,19,0.2,0
213,1,0.333333,1
213,11,0.333333,0
213,14,0.333333,0
214,1,0.25,1
214,5,0.25,0
214,11,0.25,0
214,16,0.25,0
215,14,0.5,1
215,19,0.5,0
216,2,0.5,1
216,11,0.5,0
217,11,0.5,1
217,16,0.5,0
218,2,0.333333,1
218,11,0.333333,0
218,14,0.333333,0
219,1,0.25,1
219,2,0.25,0
219,12,0.25,0
219,14,0.25,0
220,1,0.333333,1
220,5,0.333333,0
220,11,0.333333,0
221,2,0.5,1
221,14,0.5,0
222,1,0.25,1
222,12,0.25,0
222,16,0.25,0
222,9,0.25,0
223,2,0.333333,1
223,5,0.333333,0
223,11,0.333333,0
224,1,0.333333,1
224,11,0.333333,0
224,14,0.333333,0
225,1,1.0,1
226,14,0.5,1
226,9,0.5,0
227,1,0.5,1
227,14,0.5,0
228,2,0.25,1
228,14,0.25,0
228,16,0.25,0
228,19,0.25,0
229,14,1.0,1
230,1,0.25,1
230,2,0.25,0
230,5,0.25,0
230,11,0.25,0
231,2,0.333333,1
231,11,0.333333,0
231,14,0.333333,0
232,16,0.5,1
232,18,0.5,0
233,11,0.5,1
233,19,0.5,0
234,2,0.5,1
234,14,0.5,0
235,19,1.0,1
236,2,0.25,1
236,5,0.25,0
236,11,0.25,0
236,16,0.25,0
237,1,0.25,1
237,11,0.25,0
237,16,0.25,0
237,18,0.25,0
238,11,0.5,1
238,14,0.5,0
239,5,0.5,1
239,11,0.5,0
240,5,0.2,1
240,15,0.2,0
240,16,0.2,0
240,18,0.2,0
240,19,0.2,0
241,16,1.0,1
242,2,0.25,1
242,9,0.25,0
242,14,0.25,0
242,19,0.25,0
243,1,0.333333,1
243,5,0.333333,0
243,11,0.333333,0
244,1,0.25,1
244,11,0.25,0
244,15,0.25,0
244,18,0.25,0
245,1,0.2,1
245,2,0.2,0
245,11,0.2,0
245,14,0.2,0
245,7,0.2,0
246,1,0.25,1
246,2,0.25,0
246,11,0.25,0
246,19,0.25,0
247,1,1.0,1
248,1,0.333333,1
248,2,0.333333,0
248,11,0.333333,0
249,1,1.0,1
250,1,0.25,1
250,5,0.25,0
250,11,0.25,0
250,7,0.25,0
251,1,0.25,1
251,5,0.25,0
251,14,0.25,0
251,19,0.25,0
252,5,1.0,1
253,1,0.2,1
253,2,0.2,0
253,5,0.2,0
253,14,0.2,0
253,19,0.2,0
254,1,0.5,1
254,11,0.5,0
255,1,0.333333,1
255,2,0.333333,0
255,11,0.333333,0
256,1,0.25,1
256,2,0.25,0
256,11,0.25,0
256,14,0.25,0
257,1,0.25,1
257,2,0.25,0
257,11,0.25,0
257,14,0.25,0
258,2,0.25,1
258,5,0.25,0
258,11,0.25,0
258,19,0.25,0
259,5,0.25,1
259,11,0.25,0
259,16,0.25,0
259,19,0.25,0
260,14,1.0,1
261,1,0.333333,1
261,2,0.333333,0
261,11,0.333333,0
262,5,0.5,1
262,11,0.5,0
263,1,0.333333,1
263,11,0.333333,0
263,19,0.333333,0
264,1,0.5,1
264,11,0.5,0
265,1,0.5,1
265,11,0.5,0
266,2,0.333333,1
266,5,0.333333,0
266,11,0.333333,0
267,1,0.333333,1
267,2,0.333333,0
267,5,0.333333,0
268,1,0.25,1
268,16,0.25,0
268,18,0.25,0
268,7,0.25,0
269,5,0.5,1
269,11,0.5,0
270,11,0.5,1
270,19,0.5,0
271,1,0.5,1
271,11,0.5,0
272,11,0.5,1
272,16,0.5,0
273,2,0.166667,1
273,5,0.166667,0
273,11,0.166667,0
273,14,0.166667,0
273,16,0.166667,0
273,19,0.166667,0
274,5,0.333333,1
274,11,0.333333,0
274,19,0.333333,0
275,1,0.25,1
275,5,0.25,0
275,11,0.25,0
275,16,0.25,0
276,2,0.25,1
276,5,0.25,0
276,11,0.25,0
276,14,0.25,0
277,11,0.5,1
277,16,0.5,0
278,1,0.333333,1
278,2,0.333333,0
278,11,0.333333,0
279,1,0.25,1
279,2,0.25,0
279,5,0.25,0
279,11,0.25,0
280,1,0.5,1
280,11,0.5,0
281,2,0.5,1
281,5,0.5,0
282,2,0.25,1
282,11,0.25,0
282,14,0.25,0
282,19,0.25,0
283,1,0.333333,1
283,2,0.333333,0
283,14,0.333333,0
284,2,0.5,1
284,11,0.5,0
285,1,0.2,1
285,5,0.2,0
285,16,0.2,0
285,18,0.2,0
285,19,0.2,0
286,14,1.0,1
287,2,0.25,1
287,5,0.25,0
287,11,0.25,0
287,14,0.25,0
288,2,0.5,1
288,14,0.5,0
289,2,0.5,1
289,11,0.5,0
290,1,0.5,1
290,11,0.5,0
291,14,1.0,1
292,2,0.333333,1
292,5,0.333333,0
292,11,0.333333,0
293,5,1.0,1
294,2,0.5,1
294,11,0.5,0
295,11,0.5,1
295,14,0.5,0
296,19,1.0,1
297,2,0.2,1
297,5,0.2,0
297,11,0.2,0
297,16,0.2,0
297,19,0.2,0
298,11,0.166667,1
298,12,0.166667,0
298,15,0.166667,0
298,16,0.166667,0
298,18,0.166667,0
298,7,0.166667,0
299,2,0.25,1
299,11,0.25,0
299,14,0.25,0
299,16,0.25,0
300,1,0.166667,1
300,2,0.166667,0
300,5,0.166667,0
300,11,0.166667,0
300,12,0.166667,0
300,9,0.166667,0
301,2,1.0,1
302,1,0.333333,1
302,12,0.333333,0
302,19,0.333333,0
303,2,0.333333,1
303,5,0.333333,0
303,11,0.333333,0
304,11,1.0,1
305,1,0.25,1
305,2,0.25,0
305,16,0.25,0
305,19,0.25,0
306,19,1.0,1
307,1,0.333333,1
307,2,0.333333,0
307,14,0.333333,0
308,1,0.333333,1
308,5,0.333333,0
308,11,0.333333,0
309,1,1.0,1
310,11,0.333333,1
310,14,0.333333,0
310,16,0.333333,0
311,16,0.5,1
311,19,0.5,0
312,11,0.25,1
312,16,0.25,0
312,18,0.25,0
312,19,0.25,0
313,2,0.5,1
313,11,0.5,0
314,2,0.333333,1
314,11,0.333333,0
314,19,0.333333,0
315,2,0.25,1
315,11,0.25,0
315,14,0.25,0
315,19,0.25,0
316,1,0.25,1
316,11,0.25,0
316,19,0.25,0
316,7,0.25,0
317,2,0.333333,1
317,11,0.333333,0
317,14,0.333333,0
318,2,0.333333,1
318,5,0.333333,0
318,11,0.333333,0
319,11,0.25,1
319,14,0.25,0
319,16,0.25,0
319,19,0.25,0
320,5,0.333333,1
320,11,0.333333,0
320,16,0.333333,0
321,1,0.25,1
321,2,0.25,0
321,11,0.25,0
321,14,0.25,0
322,11,0.5,1
322,19,0.5,0
323,1,0.333333,1
323,5,0.333333,0
323,11,0.333333,0
324,2,1.0,1
325,1,0.2,1
325,2,0.2,0
325,11,0.2,0
325,14,0.2,0
325,16,0.2,0
326,11,0.333333,1
326,14,0.333333,0
326,9,0.333333,0
327,11,0.5,1
327,14,0.5,0
328,1,0.25,1
328,2,0.25,0
328,11,0.25,0
328,14,0.25,0
329,1,0.2,1
329,2,0.2,0
329,5,0.2,0
329,11,0.2,0
329,16,0.2,0
330,1,1.0,1
331,1,0.25,1
331,2,0.25,0
331,11,0.25,0
331,7,0.25,0
332,1,0.25,1
332,2,0.25,0
332,11,0.25,0
332,16,0.25,0
333,2,0.333333,1
333,5,0.333333,0
333,11,0.333333,0
334,1,0.25,1
334,5,0.25,0
334,11,0.25,0
334,16,0.25,0
335,5,0.25,1
335,11,0.25,0
335,16,0.25,0
335,19,0.25,0
336,5,1.0,1
337,14,1.0,1
338,1,0.25,1
338,2,0.25,0
338,14,0.25,0
338,19,0.25,0
339,5,0.5,1
339,11,0.5,0
340,1,0.25,1
340,2,0.25,0
340,11,0.25,0
340,7,0.25,0
341,2,0.5,1
341,11,0.5,0
342,1,0.2,1
342,2,0.2,0
342,5,0.2,0
342,11,0.2,0
342,14,0.2,0
343,2,0.5,1
343,5,0.5,0
344,1,0.333333,1
344,11,0.333333,0
344,7,0.333333,0
345,1,1.0,1
346,2,0.333333,1
346,5,0.333333,0
346,11,0.333333,0
347,2,0.25,1
347,5,0.25,0
347,11,0.25,0
347,16,0.25,0
348,11,0.333333,1
348,16,0.333333,0
348,19,0.333333,0
349,1,0.333333,1
349,11,0.333333,0
349,16,0.333333,0
350,2,0.2,1
350,11,0.2,0
350,14,0.2,0
350,16,0.2,0
350,19,0.2,0
351,1,0.2,1
351,2,0.2,0
351,11,0.2,0
351,14,0.2,0
351,19,0.2,0
352,1,0.5,1
352,11,0.5,0
353,1,0.333333,1
353,2,0.333333,0
353,11,0.333333,0
354,1,0.142857,1
354,2,0.142857,0
354,5,0.142857,0
354,11,0.142857,0
354,15,0.142857,0
354,18,0.142857,0
354,7,0.142857,0
355,5,0.5,1
355,11,0.5,0
356,1,0.333333,1
356,5,0.333333,0
356,11,0.333333,0
357,5,0.5,1
357,11,0.5,0
358,1,0.5,1
358,11,0.5,0
359,11,0.333333,1
359,16,0.333333,0
359,19,0.333333,0
360,1,0.25,1
360,2,0.25,0
360,11,0.25,0
360,14,0.25,0
361,1,0.2,1
361,2,0.2,0
361,5,0.2,0
361,11,0.2,0
361,7,0.2,0
362,14,0.5,1
362,19,0.5,0
363,19,1.0,1
364,1,0.333333,1
364,2,0.333333,0
364,11,0.333333,0
365,2,0.333333,1
365,5,0.333333,0
365,11,0.333333,0
366,5,0.2,1
366,15,0.2,0
366,16,0.2,0
366,18,0.2,0
366,7,0.2,0
367,1,0.5,1
367,11,0.5,0
368,5,0.333333,1
368,11,0.333333,0
368,18,0.333333,0
369,2,0.166667,1
369,5,0.166667,0
369,11,0.166667,0
369,14,0.166667,0
369,16,0.166667,0
369,19,0.166667,0
370,1,0.2,1
370,5,0.2,0
370,16,0.2,0
370,19,0.2,0
370,7,0.2,0
371,5,0.25,1
371,11,0.25,0
371,14,0.25,0
371,16,0.25,0
372,1,0.333333,1
372,2,0.333333,0
372,14,0.333333,0
373,2,0.333333,1
373,11,0.333333,0
373,14,0.333333,0
374,1,0.5,1
374,14,0.5,0
375,2,0.5,1
375,5,0.5,0
376,5,0.333333,1
376,3,0.333333,0
376,20,0.333333,0
377,2,0.333333,1
377,14,0.333333,0
377,19,0.333333,0
378,5,0.333333,1
378,11,0.333333,0
378,16,0.333333,0
379,1,0.166667,1
379,2,0.166667,0
379,11,0.166667,0
379,14,0.166667,0
379,16,0.166667,0
379,18,0.166667,0
380,1,0.2,1
380,2,0.2,0
380,11,0.2,0
380,14,0.2,0
380,7,0.2,0
381,1,0.333333,1
381,5,0.333333,0
381,11,0.333333,0
382,1,0.25,1
382,2,0.25,0
382,5,0.25,0
382,11,0.25,0
383,11,0.5,1
383,14,0.5,0
384,5,0.25,1
384,11,0.25,0
384,14,0.25,0
384,16,0.25,0
385,2,0.5,1
385,11,0.5,0
386,5,0.5,1
386,11,0.5,0
387,1,0.333333,1
387,2,0.333333,0
387,11,0.333333,0
388,1,0.5,1
388,11,0.5,0
389,1,0.5,1
389,11,0.5,0
390,1,1.0,1
391,11,0.5,1
391,15,0.5,0
392,11,0.333333,1
392,16,0.333333,0
392,19,0.333333,0
393,1,0.5,1
393,19,0.5,0
394,1,0.2,1
394,5,0.2,0
394,11,0.2,0
394,12,0.2,0
394,9,0.2,0
395,1,0.5,1
395,11,0.5,0
396,1,0.333333,1
396,5,0.333333,0
396,11,0.333333,0
397,1,0.333333,1
397,5,0.333333,0
397,11,0.333333,0
398,2,0.333333,1
398,11,0.333333,0
398,14,0.333333,0
399,1,0.5,1
399,11,0.5,0
400,1,0.25,1
400,5,0.25,0
400,11,0.25,0
400,18,0.25,0
401,2,0.5,1
401,11,0.5,0
402,11,0.5,1
402,19,0.5,0
403,2,0.333333,1
403,11,0.333333,0
403,16,0.333333,0
404,5,0.5,1
404,11,0.5,0
405,1,0.333333,1
405,11,0.333333,0
405,19,0.333333,0
406,11,1.0,1
407,5,1.0,1
408,11,0.5,1
408,19,0.5,0
409,11,0.5,1
409,14,0.5,0
410,11,0.333333,1
410,16,0.333333,0
410,4,0.333333,0
411,1,0.2,1
411,2,0.2,0
411,5,0.2,0
411,11,0.2,0
411,14,0.2,0
412,2,0.2,1
412,11,0.2,0
412,14,0.2,0
412,16,0.2,0
412,19,0.2,0
413,1,0.333333,1
413,11,0.333333,0
413,14,0.333333,0
414,1,0.333333,1
414,2,0.333333,0
414,11,0.333333,0
415,2,0.2,1
415,5,0.2,0
415,11,0.2,0
415,16,0.2,0
415,19,0.2,0
416,1,0.333333,1
416,11,0.333333,0
416,18,0.333333,0
417,11,0.333333,1
417,14,0.333333,0
417,19,0.333333,0
418,1,0.333333,1
418,11,0.333333,0
418,16,0.333333,0
419,11,1.0,1
420,1,0.111111,1
420,2,0.111111,0
420,5,0.111111,0
420,11,0.111111,0
420,14,0.111111,0
420,16,0.111111,0
420,19,0.111111,0
420,9,0.111111,0
420,7,0.111111,0
421,2,0.333333,1
421,5,0.333333,0
421,16,0.333333,0
422,11,0.333333,1
422,16,0.333333,0
422,7,0.333333,0
423,5,1.0,1
424,1,0.333333,1
424,2,0.333333,0
424,11,0.333333,0
425,1,0.2,1
425,5,0.2,0
425,11,0.2,0
425,14,0.2,0
425,16,0.2,0
426,1,0.333333,1
426,11,0.333333,0
426,16,0.333333,0
427,1,0.5,1
427,11,0.5,0
428,2,0.5,1
428,11,0.5,0
429,14,0.5,1
429,19,0.5,0
430,2,0.5,1
430,5,0.5,0
431,11,0.333333,1
431,16,0.333333,0
431,19,0.333333,0
432,1,0.5,1
432,19,0.5,0
433,1,1.0,1
434,16,0.5,1
434,19,0.5,0
435,1,0.333333,1
435,2,0.333333,0
435,5,0.333333,0
436,1,0.333333,1
436,2,0.333333,0
436,7,0.333333,0
437,1,0.25,1
437,2,0.25,0
437,11,0.25,0
437,12,0.25,0
438,2,1.0,1
439,18,1.0,1
440,1,0.333333,1
440,5,0.333333,0
440,11,0.333333,0
441,5,0.333333,1
441,11,0.333333,0
441,16,0.333333,0
442,5,0.5,1
442,11,0.5,0
443,11,0.333333,1
443,16,0.333333,0
443,19,0.333333,0
444,1,0.333333,1
444,11,0.333333,0
444,18,0.333333,0
445,5,0.166667,1
445,11,0.166667,0
445,14,0.166667,0
445,16,0.166667,0
445,19,0.166667,0
445,7,0.166667,0
446,1,0.333333,1
446,2,0.333333,0
446,11,0.333333,0
447,11,0.25,1
447,14,0.25,0
447,16,0.25,0
447,18,0.25,0
448,1,0.2,1
448,2,0.2,0
448,11,0.2,0
448,16,0.2,0
448,18,0.2,0
449,1,0.5,1
449,11,0.5,0
450,15,0.333333,1
450,16,0.333333,0
450,18,0.333333,0
451,1,0.166667,1
451,2,0.166667,0
451,11,0.166667,0
451,14,0.166667,0
451,16,0.166667,0
451,19,0.166667,0
452,2,0.5,1
452,11,0.5,0
453,2,0.333333,1
453,5,0.333333,0
453,11,0.333333,0
454,20,1.0,1
455,1,0.5,1
455,2,0.5,0
456,2,0.2,1
456,11,0.2,0
456,14,0.2,0
456,16,0.2,0
456,7,0.2,0
457,2,0.166667,1
457,5,0.166667,0
457,11,0.166667,0
457,14,0.166667,0
457,16,0.166667,0
457,19,0.166667,0
458,5,0.5,1
458,11,0.5,0
459,1,0.25,1
459,2,0.25,0
459,19,0.25,0
459,7,0.25,0
460,2,0.5,1
460,11,0.5,0
461,11,1.0,1
462,1,0.25,1
462,2,0.25,0
462,11,0.25,0
462,14,0.25,0
463,11,0.333333,1
463,14,0.333333,0
463,19,0.333333,0
464,5,0.5,1
464,11,0.5,0
465,1,0.333333,1
465,2,0.333333,0
465,11,0.333333,0
466,14,1.0,1
467,1,0.5,1
467,2,0.5,0
468,1,0.5,1
468,2,0.5,0
469,1,0.333333,1
469,5,0.333333,0
469,11,0.333333,0
470,5,0.333333,1
470,11,0.333333,0
470,14,0.333333,0
471,1,0.2,1
471,2,0.2,0
471,14,0.2,0
471,16,0.2,0
471,7,0.2,0
472,2,1.0,1
473,2,0.5,1
473,11,0.5,0
474,2,0.25,1
474,5,0.25,0
474,14,0.25,0
474,16,0.25,0
475,2,0.25,1
475,5,0.25,0
475,11,0.25,0
475,14,0.25,0
476,2,0.25,1
476,5,0.25,0
476,11,0.25,0
476,16,0.25,0
477,2,0.5,1
477,5,0.5,0
478,20,1.0,1
479,5,0.5,1
479,11,0.5,0
480,1,0.166667,1
480,2,0.166667,0
480,5,0.166667,0
480,11,0.166667,0
480,14,0.166667,0
480,16,0.166667,0
481,1,0.333333,1
481,2,0.333333,0
481,14,0.333333,0
482,5,1.0,1
483,1,0.5,1
483,18,0.5,0
484,1,0.25,1
484,2,0.25,0
484,11,0.25,0
484,14,0.25,0
485,2,0.5,1
485,11,0.5,0
486,1,0.142857,1
486,2,0.142857,0
486,11,0.142857,0
486,12,0.142857,0
486,16,0.142857,0
486,19,0.142857,0
486,9,0.142857,0
487,11,0.333333,1
487,16,0.333333,0
487,19,0.333333,0
488,1,0.25,1
488,11,0.25,0
488,9,0.25,0
488,7,0.25,0
489,5,0.5,1
489,11,0.5,0
490,14,0.5,1
490,19,0.5,0
491,1,0.25,1
491,2,0.25,0
491,11,0.25,0
491,14,0.25,0
492,1,0.333333,1
492,11,0.333333,0
492,9,0.333333,0
493,2,1.0,1
494,1,0.333333,1
494,2,0.333333,0
494,14,0.333333,0
495,2,0.333333,1
495,5,0.333333,0
495,11,0.333333,0
496,16,0.5,1
496,19,0.5,0
497,1,0.333333,1
497,2,0.333333,0
497,14,0.333333,0
498,2,1.0,1
499,16,1.0,1
500,2,0.333333,1
500,11,0.333333,0
500,14,0.333333,0
501,5,0.25,1
501,9,0.25,0
501,11,0.25,0
501,19,0.25,0
502,1,0.5,1
502,7,0.5,0
503,5,0.5,1
503,11,0.5,0
504,1,0.25,1
504,2,0.25,0
504,11,0.25,0
504,14,0.25,0
505,1,0.5,1
505,11,0.5,0
506,1,0.5,1
506,11,0.5,0
507,11,1.0,1
508,1,0.2,1
508,2,0.2,0
508,5,0.2,0
508,11,0.2,0
508,14,0.2,0
509,1,0.2,1
509,5,0.2,0
509,11,0.2,0
509,14,0.2,0
509,7,0.2,0
510,1,0.333333,1
510,5,0.333333,0
510,11,0.333333,0
511,2,0.333333,1
511,11,0.333333,0
511,16,0.333333,0
512,11,0.5,1
512,19,0.5,0
513,1,0.5,1
513,2,0.5,0
514,11,0.333333,1
514,16,0.333333,0
514,19,0.333333,0
515,1,0.25,1
515,5,0.25,0
515,11,0.25,0
515,15,0.25,0
516,1,0.333333,1
516,5,0.333333,0
516,16,0.333333,0
517,1,1.0,1
518,1,0.5,1
518,5,0.5,0
519,5,0.333333,1
519,11,0.333333,0
519,9,0.333333,0
520,1,0.5,1
520,11,0.5,0
521,2,0.25,1
521,11,0.25,0
521,14,0.25,0
521,19,0.25,0
522,2,0.2,1
522,9,0.2,0
522,12,0.2,0
522,14,0.2,0
522,19,0.2,0
523,1,0.2,1
523,2,0.2,0
523,11,0.2,0
523,14,0.2,0
523,7,0.2,0
524,2,0.25,1
524,5,0.25,0
524,11,0.25,0
524,14,0.25,0
525,2,0.5,1
525,5,0.5,0
526,1,0.333333,1
526,16,0.333333,0
526,9,0.333333,0
527,5,0.2,1
527,11,0.2,0
527,16,0.2,0
527,19,0.2,0
527,7,0.2,0
528,2,0.333333,1
528,14,0.333333,0
528,16,0.333333,0
529,11,0.5,1
529,19,0.5,0
530,1,0.25,1
530,2,0.25,0
530,5,0.25,0
530,11,0.25,0
531,1,0.25,1
531,2,0.25,0
531,11,0.25,0
531,16,0.25,0
532,1,1.0,1
533,2,0.25,1
533,11,0.25,0
533,14,0.25,0
533,19,0.25,0
534,1,0.5,1
534,14,0.5,0
535,1,0.333333,1
535,2,0.333333,0
535,11,0.333333,0
536,1,0.25,1
536,5,0.25,0
536,11,0.25,0
536,19,0.25,0
537,2,0.333333,1
537,14,0.333333,0
537,16,0.333333,0
538,5,0.333333,1
538,11,0.333333,0
538,16,0.333333,0
539,1,0.2,1
539,2,0.2,0
539,11,0.2,0
539,16,0.2,0
539,19,0.2,0
540,5,0.333333,1
540,11,0.333333,0
540,15,0.333333,0
541,1,0.25,1
541,2,0.25,0
541,11,0.25,0
541,14,0.25,0
542,16,0.333333,1
542,19,0.333333,0
542,7,0.333333,0
543,5,0.5,1
543,11,0.5,0
544,1,1.0,1
545,1,0.25,1
545,2,0.25,0
545,11,0.25,0
545,16,0.25,0
546,1,0.333333,1
546,11,0.333333,0
546,14,0.333333,0
547,2,0.333333,1
547,5,0.333333,0
547,11,0.333333,0
548,2,0.5,1
548,11,0.5,0
549,15,0.333333,1
549,16,0.333333,0
549,18,0.333333,0
550,2,0.2,1
550,5,0.2,0
550,11,0.2,0
550,14,0.2,0
550,16,0.2,0
551,11,0.5,1
551,19,0.5,0
552,19,1.0,1
553,11,0.25,1
553,12,0.25,0
553,14,0.25,0
553,19,0.25,0
554,1,0.5,1
554,11,0.5,0
555,1,0.333333,1
555,2,0.333333,0
555,11,0.333333,0
556,2,0.5,1
556,11,0.5,0
557,2,0.25,1
557,11,0.25,0
557,14,0.25,0
557,19,0.25,0
558,11,0.333333,1
558,16,0.333333,0
558,19,0.333333,0
559,16,0.5,1
559,19,0.5,0
560,1,1.0,1
561,1,0.333333,1
561,2,0.333333,0
561,11,0.333333,0
562,2,0.5,1
562,11,0.5,0
563,11,0.333333,1
563,16,0.333333,0
563,19,0.333333,0
564,5,0.333333,1
564,11,0.333333,0
564,16,0.333333,0
565,11,0.5,1
565,14,0.5,0
566,1,0.2,1
566,2,0.2,0
566,5,0.2,0
566,14,0.2,0
566,19,0.2,0
567,1,0.25,1
567,2,0.25,0
567,11,0.25,0
567,14,0.25,0
568,2,0.25,1
568,11,0.25,0
568,16,0.25,0
568,19,0.25,0
569,2,0.25,1
569,11,0.25,0
569,14,0.25,0
569,19,0.25,0
570,2,0.5,1
570,11,0.5,0
571,11,0.333333,1
571,16,0.333333,0
571,19,0.333333,0
572,5,1.0,1
573,2,0.5,1
573,11,0.5,0
574,1,0.333333,1
574,2,0.333333,0
574,16,0.333333,0
575,2,1.0,1
576,1,0.25,1
576,5,0.25,0
576,11,0.25,0
576,14,0.25,0
577,1,0.2,1
577,5,0.2,0
577,11,0.2,0
577,15,0.2,0
577,16,0.2,0
578,5,0.25,1
578,11,0.25,0
578,14,0.25,0
578,16,0.25,0
579,5,1.0,1
580,11,0.5,1
580,19,0.5,0
581,5,0.333333,1
581,11,0.333333,0
581,14,0.333333,0
582,14,1.0,1
583,5,0.5,1
583,16,0.5,0
584,1,0.25,1
584,2,0.25,0
584,11,0.25,0
584,14,0.25,0
585,1,0.25,1
585,2,0.25,0
585,11,0.25,0
585,7,0.25,0
586,11,0.333333,1
586,16,0.333333,0
586,19,0.333333,0
587,1,0.25,1
587,11,0.25,0
587,14,0.25,0
587,19,0.25,0
588,11,0.5,1
588,14,0.5,0
589,2,0.333333,1
589,14,0.333333,0
589,19,0.333333,0
590,1,0.25,1
590,2,0.25,0
590,11,0.25,0
590,7,0.25,0
591,5,0.25,1
591,11,0.25,0
591,16,0.25,0
591,19,0.25,0
592,2,1.0,1
593,14,0.5,1
593,19,0.5,0
594,2,0.5,1
594,11,0.5,0
595,1,0.333333,1
595,2,0.333333,0
595,11,0.333333,0
596,5,0.5,1
596,11,0.5,0
597,1,0.333333,1
597,2,0.333333,0
597,11,0.333333,0
598,5,0.2,1
598,11,0.2,0
598,16,0.2,0
598,18,0.2,0
598,7,0.2,0
599,19,1.0,1
600,2,0.5,1
600,11,0.5,0
601,1,0.25,1
601,2,0.25,0
601,11,0.25,0
601,16,0.25,0
602,2,0.5,1
602,11,0.5,0
603,11,0.5,1
603,14,0.5,0
604,11,0.5,1
604,19,0.5,0
605,5,0.333333,1
605,11,0.333333,0
605,9,0.333333,0
606,5,1.0,1
607,1,0.5,1
607,5,0.5,0
608,5,0.2,1
608,11,0.2,0
608,14,0.2,0
608,19,0.2,0
608,7,0.2,0
609,5,0.5,1
609,16,0.5,0
610,5,0.333333,1
610,11,0.333333,0
610,16,0.333333,0
611,2,0.25,1
611,12,0.25,0
611,14,0.25,0
611,9,0.25,0
612,1,0.25,1
612,2,0.25,0
612,11,0.25,0
612,14,0.25,0
613,2,0.333333,1
613,11,0.333333,0
613,16,0.333333,0
614,2,0.25,1
614,11,0.25,0
614,14,0.25,0
614,19,0.25,0
615,1,0.333333,1
615,2,0.333333,0
615,11,0.333333,0
616,1,0.25,1
616,2,0.25,0
616,11,0.25,0
616,7,0.25,0
617,1,0.2,1
617,2,0.2,0
617,5,0.2,0
617,11,0.2,0
617,14,0.2,0
618,11,0.333333,1
618,14,0.333333,0
618,19,0.333333,0
619,11,0.25,1
619,14,0.25,0
619,16,0.25,0
619,19,0.25,0
620,11,0.5,1
620,14,0.5,0
621,2,0.5,1
621,14,0.5,0
622,1,0.333333,1
622,2,0.333333,0
622,11,0.333333,0
623,2,0.25,1
623,5,0.25,0
623,15,0.25,0
623,18,0.25,0
624,2,0.5,1
624,11,0.5,0
625,1,0.5,1
625,11,0.5,0
626,11,1.0,1
627,2,0.333333,1
627,11,0.333333,0
627,14,0.333333,0
628,1,0.5,1
628,11,0.5,0
629,5,0.333333,1
629,11,0.333333,0
629,16,0.333333,0
630,5,0.5,1
630,11,0.5,0
631,1,1.0,1
632,5,0.5,1
632,16,0.5,0
633,1,0.333333,1
633,5,0.333333,0
633,18,0.333333,0
634,1,0.166667,1
634,2,0.166667,0
634,5,0.166667,0
634,11,0.166667,0
634,14,0.166667,0
634,16,0.166667,0
635,2,0.5,1
635,5,0.5,0
636,2,0.333333,1
636,5,0.333333,0
636,11,0.333333,0
637,2,0.2,1
637,5,0.2,0
637,11,0.2,0
637,14,0.2,0
637,16,0.2,0
638,5,0.5,1
638,11,0.5,0
639,1,0.142857,1
639,2,0.142857,0
639,5,0.142857,0
639,11,0.142857,0
639,14,0.142857,0
639,19,0.142857,0
639,9,0.142857,0
640,2,0.333333,1
640,5,0.333333,0
640,16,0.333333,0
641,2,0.5,1
641,11,0.5,0
642,5,0.333333,1
642,8,0.333333,0
642,7,0.333333,0
643,2,0.333333,1
643,5,0.333333,0
643,16,0.333333,0
644,5,0.333333,1
644,11,0.333333,0
644,19,0.333333,0
645,5,0.166667,1
645,11,0.166667,0
645,15,0.166667,0
645,16,0.166667,0
645,18,0.166667,0
645,19,0.166667,0
646,11,0.5,1
646,19,0.5,0
647,5,0.5,1
647,19,0.5,0
648,5,1.0,1
649,1,0.5,1
649,11,0.5,0
650,1,0.2,1
650,5,0.2,0
650,11,0.2,0
650,19,0.2,0
650,9,0.2,0
651,1,0.111111,1
651,5,0.111111,0
651,11,0.111111,0
651,12,0.111111,0
651,14,0.111111,0
651,16,0.111111,0
651,19,0.111111,0
651,9,0.111111,0
651,7,0.111111,0
652,1,0.2,1
652,11,0.2,0
652,14,0.2,0
652,16,0.2,0
652,19,0.2,0
653,1,0.25,1
653,2,0.25,0
653,11,0.25,0
653,14,0.25,0
654,2,0.5,1
654,11,0.5,0
655,1,0.5,1
655,11,0.5,0
656,1,0.2,1
656,2,0.2,0
656,11,0.2,0
656,14,0.2,0
656,19,0.2,0
657,2,0.333333,1
657,5,0.333333,0
657,11,0.333333,0
658,5,0.333333,1
658,11,0.333333,0
658,19,0.333333,0
659,1,0.5,1
659,2,0.5,0
660,11,0.333333,1
660,14,0.333333,0
660,19,0.333333,0
661,11,0.333333,1
661,15,0.333333,0
661,16,0.333333,0
662,1,1.0,1
663,5,0.25,1
663,11,0.25,0
663,15,0.25,0
663,16,0.25,0
664,5,0.333333,1
664,14,0.333333,0
664,16,0.333333,0
665,1,0.333333,1
665,2,0.333333,0
665,16,0.333333,0
666,1,0.333333,1
666,11,0.333333,0
666,19,0.333333,0
667,1,1.0,1
668,1,0.166667,1
668,2,0.166667,0
668,5,0.166667,0
668,11,0.166667,0
668,19,0.166667,0
668,7,0.166667,0
669,11,0.5,1
669,16,0.5,0
670,1,0.25,1
670,2,0.25,0
670,11,0.25,0
670,14,0.25,0
671,1,0.25,1
671,2,0.25,0
671,11,0.25,0
671,7,0.25,0
672,1,0.25,1
672,11,0.25,0
672,16,0.25,0
672,7,0.25,0
673,2,1.0,1
674,2,0.5,1
674,5,0.5,0
675,1,0.25,1
675,2,0.25,0
675,11,0.25,0
675,14,0.25,0
676,11,0.25,1
676,14,0.25,0
676,19,0.25,0
676,7,0.25,0
677,1,0.25,1
677,2,0.25,0
677,11,0.25,0
677,7,0.25,0
678,5,0.5,1
678,11,0.5,0
679,2,0.333333,1
679,5,0.333333,0
679,11,0.333333,0
680,5,0.5,1
680,16,0.5,0
681,1,1.0,1
682,11,0.333333,1
682,16,0.333333,0
682,19,0.333333,0
683,1,0.5,1
683,11,0.5,0
684,1,0.333333,1
684,2,0.333333,0
684,11,0.333333,0
685,2,0.333333,1
685,5,0.333333,0
685,11,0.333333,0
686,11,0.333333,1
686,15,0.333333,0
686,18,0.333333,0
687,2,0.333333,1
687,5,0.333333,0
687,11,0.333333,0
688,1,0.333333,1
688,2,0.333333,0
688,11,0.333333,0
689,1,0.5,1
689,11,0.5,0
690,5,0.333333,1
690,11,0.333333,0
690,16,0.333333,0
691,1,0.333333,1
691,2,0.333333,0
691,11,0.333333,0
692,1,0.333333,1
692,11,0.333333,0
692,19,0.333333,0
693,2,0.25,1
693,5,0.25,0
693,11,0.25,0
693,14,0.25,0
694,2,0.2,1
694,5,0.2,0
694,11,0.2,0
694,14,0.2,0
694,16,0.2,0
695,14,0.5,1
695,16,0.5,0
696,5,0.333333,1
696,11,0.333333,0
696,19,0.333333,0
697,15,1.0,1
698,2,0.333333,1
698,5,0.333333,0
698,11,0.333333,0
699,2,0.333333,1
699,11,0.333333,0
699,14,0.333333,0
700,2,0.333333,1
700,5,0.333333,0
700,11,0.333333,0
701,2,0.333333,1
701,11,0.333333,0
701,14,0.333333,0
702,1,0.166667,1
702,2,0.166667,0
702,5,0.166667,0
702,11,0.166667,0
702,14,0.166667,0
702,16,0.166667,0
703,1,0.166667,1
703,2,0.166667,0
703,5,0.166667,0
703,11,0.166667,0
703,14,0.166667,0
703,16,0.166667,0
704,11,1.0,1
705,2,1.0,1
706,1,0.333333,1
706,11,0.333333,0
706,14,0.333333,0
707,11,0.25,1
707,14,0.25,0
707,16,0.25,0
707,19,0.25,0
708,1,1.0,1
709,16,1.0,1
710,11,1.0,1
711,18,1.0,1
712,11,0.25,1
712,14,0.25,0
712,19,0.25,0
712,7,0.25,0
713,11,0.333333,1
713,16,0.333333,0
713,19,0.333333,0
714,2,0.333333,1
714,5,0.333333,0
714,11,0.333333,0
715,1,0.166667,1
715,5,0.166667,0
715,11,0.166667,0
715,15,0.166667,0
715,16,0.166667,0
715,18,0.166667,0
716,1,0.333333,1
716,5,0.333333,0
716,11,0.333333,0
717,2,0.166667,1
717,11,0.166667,0
717,14,0.166667,0
717,16,0.166667,0
717,19,0.166667,0
717,7,0.166667,0
718,11,0.5,1
718,19,0.5,0
719,5,0.333333,1
719,11,0.333333,0
719,16,0.333333,0
720,1,0.2,1
720,2,0.2,0
720,5,0.2,0
720,11,0.2,0
720,14,0.2,0
721,2,0.5,1
721,11,0.5,0
722,1,0.166667,1
722,2,0.166667,0
722,11,0.166667,0
722,12,0.166667,0
722,19,0.166667,0
722,9,0.166667,0
723,14,1.0,1
724,2,0.25,1
724,14,0.25,0
724,16,0.25,0
724,19,0.25,0
725,5,0.25,1
725,11,0.25,0
725,16,0.25,0
725,18,0.25,0
726,1,0.2,1
726,2,0.2,0
726,5,0.2,0
726,11,0.2,0
726,16,0.2,0
727,1,0.333333,1
727,2,0.333333,0
727,11,0.333333,0
728,11,0.5,1
728,7,0.5,0
729,1,0.2,1
729,2,0.2,0
729,11,0.2,0
729,14,0.2,0
729,19,0.2,0
730,1,0.333333,1
730,2,0.333333,0
730,11,0.333333,0
731,1,0.166667,1
731,11,0.166667,0
731,12,0.166667,0
731,16,0.166667,0
731,18,0.166667,0
731,19,0.166667,0
732,1,0.166667,1
732,5,0.166667,0
732,11,0.166667,0
732,14,0.166667,0
732,16,0.166667,0
732,7,0.166667,0
733,1,0.333333,1
733,2,0.333333,0
733,11,0.333333,0
734,5,0.5,1
734,19,0.5,0
735,11,0.333333,1
735,16,0.333333,0
735,19,0.333333,0
736,5,0.5,1
736,11,0.5,0
737,11,0.25,1
737,16,0.25,0
737,18,0.25,0
737,19,0.25,0
738,1,0.333333,1
738,2,0.333333,0
738,11,0.333333,0
739,1,1.0,1
740,11,0.25,1
740,14,0.25,0
740,16,0.25,0
740,19,0.25,0
741,11,0.5,1
741,16,0.5,0
742,5,0.5,1
742,14,0.5,0
743,2,0.333333,1
743,14,0.333333,0
743,19,0.333333,0
744,2,0.25,1
744,5,0.25,0
744,11,0.25,0
744,16,0.25,0
745,1,0.25,1
745,11,0.25,0
745,16,0.25,0
745,19,0.25,0
746,5,0.333333,1
746,11,0.333333,0
746,19,0.333333,0
747,2,0.333333,1
747,11,0.333333,0
747,19,0.333333,0
748,1,0.25,1
748,2,0.25,0
748,5,0.25,0
748,11,0.25,0
749,2,0.25,1
749,5,0.25,0
749,11,0.25,0
749,16,0.25,0
750,1,0.25,1
750,2,0.25,0
750,11,0.25,0
750,16,0.25,0
751,2,0.5,1
751,14,0.5,0
752,5,0.25,1
752,11,0.25,0
752,16,0.25,0
752,7,0.25,0
753,14,0.5,1
753,19,0.5,0
754,2,0.333333,1
754,11,0.333333,0
754,14,0.333333,0
755,1,0.333333,1
755,2,0.333333,0
755,14,0.333333,0
756,1,0.25,1
756,2,0.25,0
756,5,0.25,0
756,11,0.25,0
757,1,0.5,1
757,11,0.5,0
758,5,0.5,1
758,11,0.5,0
759,2,0.166667,1
759,5,0.166667,0
759,11,0.166667,0
759,14,0.166667,0
759,16,0.166667,0
759,19,0.166667,0
760,1,0.142857,1
760,2,0.142857,0
760,5,0.142857,0
760,11,0.142857,0
760,15,0.142857,0
760,16,0.142857,0
760,18,0.142857,0
761,2,0.333333,1
761,5,0.333333,0
761,18,0.333333,0
762,11,0.333333,1
762,14,0.333333,0
762,19,0.333333,0
763,1,0.5,1
763,11,0.5,0
764,11,0.333333,1
764,14,0.333333,0
764,19,0.333333,0
765,5,0.333333,1
765,11,0.333333,0
765,14,0.333333,0
766,1,0.142857,1
766,2,0.142857,0
766,5,0.142857,0
766,11,0.142857,0
766,14,0.142857,0
766,16,0.142857,0
766,19,0.142857,0
767,1,0.333333,1
767,2,0.333333,0
767,11,0.333333,0
768,1,0.333333,1
768,5,0.333333,0
768,11,0.333333,0
769,11,0.333333,1
769,14,0.333333,0
769,19,0.333333,0
770,1,0.5,1
770,2,0.5,0
771,2,0.25,1
771,5,0.25,0
771,11,0.25,0
771,14,0.25,0
772,1,0.333333,1
772,11,0.333333,0
772,14,0.333333,0
773,2,0.25,1
773,5,0.25,0
773,11,0.25,0
773,19,0.25,0
774,5,0.5,1
774,19,0.5,0
775,1,0.2,1
775,5,0.2,0
775,11,0.2,0
775,16,0.2,0
775,18,0.2,0
776,1,0.333333,1
776,5,0.333333,0
776,11,0.333333,0
777,2,0.25,1
777,11,0.25,0
777,14,0.25,0
777,19,0.25,0
778,2,0.5,1
778,16,0.5,0
779,5,0.25,1
779,11,0.25,0
779,16,0.25,0
779,19,0.25,0
780,1,0.333333,1
780,2,0.333333,0
780,11,0.333333,0
781,1,0.25,1
781,5,0.25,0
781,11,0.25,0
781,19,0.25,0
782,5,0.5,1
782,11,0.5,0
783,2,0.333333,1
783,5,0.333333,0
783,11,0.333333,0
784,1,0.5,1
784,19,0.5,0
785,2,0.333333,1
785,5,0.333333,0
785,16,0.333333,0
786,2,1.0,1
787,5,0.5,1
787,11,0.5,0
788,1,0.333333,1
788,11,0.333333,0
788,19,0.333333,0
789,2,0.166667,1
789,11,0.166667,0
789,14,0.166667,0
789,16,0.166667,0
789,19,0.166667,0
789,7,0.166667,0
790,16,0.5,1
790,7,0.5,0
791,5,0.25,1
791,11,0.25,0
791,14,0.25,0
791,19,0.25,0
792,1,0.5,1
792,11,0.5,0
793,11,1.0,1
794,1,0.333333,1
794,15,0.333333,0
794,18,0.333333,0
795,11,0.333333,1
795,16,0.333333,0
795,7,0.333333,0
796,2,0.25,1
796,11,0.25,0
796,14,0.25,0
796,19,0.25,0
797,2,0.333333,1
797,11,0.333333,0
797,14,0.333333,0
798,2,0.333333,1
798,11,0.333333,0
798,14,0.333333,0
799,2,1.0,1
800,2,0.5,1
800,19,0.5,0
801,1,0.5,1
801,11,0.5,0
802,1,0.5,1
802,2,0.5,0
803,1,0.5,1
803,11,0.5,0
804,11,0.333333,1
804,16,0.333333,0
804,19,0.333333,0
805,1,0.5,1
805,16,0.5,0
806,15,0.333333,1
806,16,0.333333,0
806,18,0.333333,0
807,2,1.0,1
808,2,0.2,1
808,5,0.2,0
808,11,0.2,0
808,14,0.2,0
808,19,0.2,0
809,2,0.333333,1
809,11,0.333333,0
809,14,0.333333,0
810,16,0.5,1
810,19,0.5,0
811,1,0.333333,1
811,5,0.333333,0
811,11,0.333333,0
812,1,0.25,1
812,2,0.25,0
812,11,0.25,0
812,14,0.25,0
813,2,1.0,1
814,2,0.333333,1
814,5,0.333333,0
814,11,0.333333,0
815,1,0.333333,1
815,5,0.333333,0
815,11,0.333333,0
816,1,0.25,1
816,11,0.25,0
816,16,0.25,0
816,18,0.25,0
817,2,0.5,1
817,11,0.5,0
818,1,0.25,1
818,5,0.25,0
818,11,0.25,0
818,16,0.25,0
819,1,0.25,1
819,2,0.25,0
819,11,0.25,0
819,19,0.25,0
820,1,0.25,1
820,2,0.25,0
820,11,0.25,0
820,16,0.25,0
821,1,0.142857,1
821,2,0.142857,0
821,5,0.142857,0
821,11,0.142857,0
821,14,0.142857,0
821,16,0.142857,0
821,19,0.142857,0
822,1,0.333333,1
822,11,0.333333,0
822,14,0.333333,0
823,11,0.333333,1
823,16,0.333333,0
823,19,0.333333,0
824,5,0.5,1
824,11,0.5,0
825,1,0.25,1
825,2,0.25,0
825,11,0.25,0
825,16,0.25,0
826,2,0.2,1
826,5,0.2,0
826,11,0.2,0
826,14,0.2,0
826,7,0.2,0
827,1,0.142857,1
827,5,0.142857,0
827,11,0.142857,0
827,14,0.142857,0
827,16,0.142857,0
827,19,0.142857,0
827,7,0.142857,0
828,14,0.333333,1
828,19,0.333333,0
828,7,0.333333,0
829,2,0.2,1
829,5,0.2,0
829,11,0.2,0
829,14,0.2,0
829,16,0.2,0
830,2,0.25,1
830,11,0.25,0
830,14,0.25,0
830,19,0.25,0
831,2,0.5,1
831,11,0.5,0
832,2,0.333333,1
832,5,0.333333,0
832,11,0.333333,0
833,1,0.333333,1
833,14,0.333333,0
833,19,0.333333,0
834,5,1.0,1
835,2,0.5,1
835,11,0.5,0
836,1,0.166667,1
836,2,0.166667,0
836,5,0.166667,0
836,11,0.166667,0
836,16,0.166667,0
836,19,0.166667,0
837,1,0.333333,1
837,5,0.333333,0
837,11,0.333333,0
838,5,0.25,1
838,11,0.25,0
838,16,0.25,0
838,7,0.25,0
839,1,0.25,1
839,2,0.25,0
839,14,0.25,0
839,18,0.25,0
840,5,0.5,1
840,11,0.5,0
841,11,0.5,1
841,16,0.5,0
842,11,0.5,1
842,14,0.5,0
843,2,0.25,1
843,5,0.25,0
843,11,0.25,0
843,14,0.25,0
844,2,0.5,1
844,11,0.5,0
845,1,0.25,1
845,11,0.25,0
845,16,0.25,0
845,7,0.25,0
846,1,0.25,1
846,5,0.25,0
846,11,0.25,0
846,7,0.25,0
847,1,0.142857,1
847,2,0.142857,0
847,5,0.142857,0
847,11,0.142857,0
847,12,0.142857,0
847,16,0.142857,0
847,9,0.142857,0
848,2,0.5,1
848,11,0.5,0
849,1,0.333333,1
849,2,0.333333,0
849,11,0.333333,0
850,1,0.333333,1
850,2,0.333333,0
850,11,0.333333,0
851,11,0.333333,1
851,19,0.333333,0
851,9,0.333333,0
852,11,0.2,1
852,14,0.2,0
852,16,0.2,0
852,19,0.2,0
852,7,0.2,0
853,1,0.25,1
853,2,0.25,0
853,11,0.25,0
853,7,0.25,0
854,2,0.25,1
854,11,0.25,0
854,12,0.25,0
854,14,0.25,0
855,5,1.0,1
856,2,0.25,1
856,5,0.25,0
856,11,0.25,0
856,14,0.25,0
857,1,0.5,1
857,11,0.5,0
858,5,1.0,1
859,5,1.0,1
860,1,0.5,1
860,19,0.5,0
861,1,0.5,1
861,11,0.5,0
862,1,0.333333,1
862,2,0.333333,0
862,11,0.333333,0
863,14,0.5,1
863,19,0.5,0
864,2,0.25,1
864,11,0.25,0
864,14,0.25,0
864,19,0.25,0
865,2,0.166667,1
865,5,0.166667,0
865,11,0.166667,0
865,14,0.166667,0
865,16,0.166667,0
865,19,0.166667,0
866,2,0.5,1
866,11,0.5,0
867,5,0.25,1
867,11,0.25,0
867,16,0.25,0
867,19,0.25,0
868,5,0.25,1
868,11,0.25,0
868,14,0.25,0
868,19,0.25,0
869,11,0.5,1
869,16,0.5,0
870,5,0.333333,1
870,11,0.333333,0
870,16,0.333333,0
871,5,0.25,1
871,16,0.25,0
871,19,0.25,0
871,7,0.25,0
872,19,1.0,1
873,2,0.25,1
873,11,0.25,0
873,14,0.25,0
873,16,0.25,0
874,1,0.333333,1
874,2,0.333333,0
874,11,0.333333,0
875,11,0.25,1
875,16,0.25,0
875,19,0.25,0
875,7,0.25,0
876,2,0.2,1
876,5,0.2,0
876,14,0.2,0
876,16,0.2,0
876,19,0.2,0
877,15,1.0,1
878,11,0.5,1
878,14,0.5,0
879,2,0.333333,1
879,5,0.333333,0
879,11,0.333333,0
880,1,0.25,1
880,2,0.25,0
880,11,0.25,0
880,16,0.25,0
881,1,0.333333,1
881,16,0.333333,0
881,18,0.333333,0
882,1,0.333333,1
882,2,0.333333,0
882,11,0.333333,0
883,1,0.333333,1
883,2,0.333333,0
883,14,0.333333,0
884,5,0.333333,1
884,11,0.333333,0
884,16,0.333333,0
885,5,1.0,1
886,2,0.333333,1
886,5,0.333333,0
886,11,0.333333,0
887,2,0.333333,1
887,5,0.333333,0
887,11,0.333333,0
888,2,0.333333,1
888,5,0.333333,0
888,11,0.333333,0
889,2,0.25,1
889,11,0.25,0
889,16,0.25,0
889,19,0.25,0
890,11,0.333333,1
890,19,0.333333,0
890,9,0.333333,0
891,5,1.0,1
892,2,0.333333,1
892,11,0.333333,0
892,19,0.333333,0
893,5,0.333333,1
893,11,0.333333,0
893,16,0.333333,0
894,1,0.5,1
894,11,0.5,0
895,1,0.333333,1
895,5,0.333333,0
895,11,0.333333,0
896,1,0.333333,1
896,2,0.333333,0
896,11,0.333333,0
897,1,0.333333,1
897,11,0.333333,0
897,15,0.333333,0
898,1,0.142857,1
898,2,0.142857,0
898,11,0.142857,0
898,12,0.142857,0
898,14,0.142857,0
898,16,0.142857,0
898,7,0.142857,0
899,1,0.5,1
899,11,0.5,0
900,1,0.333333,1
900,2,0.333333,0
900,11,0.333333,0
901,5,0.333333,1
901,11,0.333333,0
901,16,0.333333,0
902,14,1.0,1
903,2,0.2,1
903,5,0.2,0
903,11,0.2,0
903,14,0.2,0
903,16,0.2,0
904,1,0.333333,1
904,14,0.333333,0
904,19,0.333333,0
905,2,0.333333,1
905,5,0.333333,0
905,9,0.333333,0
906,5,0.333333,1
906,11,0.333333,0
906,14,0.333333,0
907,2,0.5,1
907,5,0.5,0
908,11,0.333333,1
908,14,0.333333,0
908,9,0.333333,0
909,1,0.5,1
909,2,0.5,0
910,1,0.25,1
910,2,0.25,0
910,11,0.25,0
910,16,0.25,0
911,1,0.2,1
911,2,0.2,0
911,5,0.2,0
911,11,0.2,0
911,14,0.2,0
912,11,0.333333,1
912,16,0.333333,0
912,19,0.333333,0
913,5,0.25,1
913,11,0.25,0
913,18,0.25,0
913,7,0.25,0
914,2,0.333333,1
914,5,0.333333,0
914,11,0.333333,0
915,11,0.25,1
915,16,0.25,0
915,19,0.25,0
915,7,0.25,0
916,11,0.5,1
916,16,0.5,0
917,5,1.0,1
918,1,0.25,1
918,2,0.25,0
918,11,0.25,0
918,15,0.25,0
919,11,0.333333,1
919,16,0.333333,0
919,19,0.333333,0
920,15,1.0,1
921,5,1.0,1
922,5,0.5,1
922,11,0.5,0
923,1,0.333333,1
923,11,0.333333,0
923,7,0.333333,0
924,5,1.0,1
925,5,0.25,1
925,11,0.25,0
925,16,0.25,0
925,19,0.25,0
926,1,0.166667,1
926,2,0.166667,0
926,5,0.166667,0
926,11,0.166667,0
926,19,0.166667,0
926,7,0.166667,0
927,1,0.333333,1
927,2,0.333333,0
927,14,0.333333,0
928,5,0.25,1
928,11,0.25,0
928,16,0.25,0
928,19,0.25,0
929,1,0.333333,1
929,2,0.333333,0
929,11,0.333333,0
930,1,0.333333,1
930,2,0.333333,0
930,11,0.333333,0
931,16,0.5,1
931,19,0.5,0
932,5,0.333333,1
932,11,0.333333,0
932,16,0.333333,0
933,2,0.333333,1
933,11,0.333333,0
933,14,0.333333,0
934,11,0.25,1
934,15,0.25,0
934,16,0.25,0
934,7,0.25,0
935,1,0.5,1
935,11,0.5,0
936,1,0.25,1
936,5,0.25,0
936,11,0.25,0
936,16,0.25,0
937,1,0.333333,1
937,2,0.333333,0
937,11,0.333333,0
938,1,0.333333,1
938,5,0.333333,0
938,11,0.333333,0
939,1,0.5,1
939,2,0.5,0
940,11,0.5,1
940,16,0.5,0
941,2,0.333333,1
941,5,0.333333,0
941,11,0.333333,0
942,5,0.5,1
942,11,0.5,0
943,1,0.333333,1
943,2,0.333333,0
943,11,0.333333,0
944,2,0.5,1
944,5,0.5,0
945,2,0.5,1
945,11,0.5,0
946,16,1.0,1
947,5,0.333333,1
947,11,0.333333,0
947,14,0.333333,0
948,2,0.333333,1
948,11,0.333333,0
948,14,0.333333,0
949,1,0.25,1
949,2,0.25,0
949,11,0.25,0
949,14,0.25,0
950,5,0.5,1
950,19,0.5,0
951,16,0.333333,1
951,19,0.333333,0
951,7,0.333333,0
952,11,0.333333,1
952,16,0.333333,0
952,19,0.333333,0
953,1,1.0,1
954,2,0.25,1
954,11,0.25,0
954,14,0.25,0
954,19,0.25,0
955,1,0.25,1
955,5,0.25,0
955,11,0.25,0
955,18,0.25,0
956,2,1.0,1
957,5,0.333333,1
957,11,0.333333,0
957,14,0.333333,0
958,1,0.2,1
958,2,0.2,0
958,5,0.2,0
958,11,0.2,0
958,7,0.2,0
959,2,0.5,1
959,14,0.5,0
960,1,0.333333,1
960,11,0.333333,0
960,16,0.333333,0
961,2,0.5,1
961,11,0.5,0
962,1,0.333333,1
962,11,0.333333,0
962,14,0.333333,0
963,1,0.2,1
963,2,0.2,0
963,5,0.2,0
963,11,0.2,0
963,14,0.2,0
964,2,0.333333,1
964,14,0.333333,0
964,19,0.333333,0
965,1,0.2,1
965,2,0.2,0
965,5,0.2,0
965,11,0.2,0
965,16,0.2,0
966,1,0.25,1
966,2,0.25,0
966,5,0.25,0
966,11,0.25,0
967,2,0.5,1
967,11,0.5,0
968,1,0.5,1
968,11,0.5,0
969,11,0.333333,1
969,16,0.333333,0
969,19,0.333333,0
970,5,0.333333,1
970,11,0.333333,0
970,16,0.333333,0
971,14,1.0,1
972,11,0.5,1
972,16,0.5,0
973,1,0.5,1
973,11,0.5,0
974,5,0.333333,1
974,11,0.333333,0
974,19,0.333333,0
975,1,0.333333,1
975,2,0.333333,0
975,11,0.333333,0
976,1,0.333333,1
976,2,0.333333,0
976,11,0.333333,0
977,2,0.333333,1
977,5,0.333333,0
977,11,0.333333,0
978,2,0.333333,1
978,14,0.333333,0
978,16,0.333333,0
979,1,0.111111,1
979,2,0.111111,0
979,11,0.111111,0
979,12,0.111111,0
979,14,0.111111,0
979,16,0.111111,0
979,19,0.111111,0
979,9,0.111111,0
979,7,0.111111,0
980,1,0.5,1
980,2,0.5,0
981,14,1.0,1
982,1,0.166667,1
982,2,0.166667,0
982,5,0.166667,0
982,11,0.166667,0
982,15,0.166667,0
982,16,0.166667,0
983,1,0.5,1
983,11,0.5,0
984,2,1.0,1
985,2,1.0,1
986,2,1.0,1
987,19,1.0,1
988,1,0.25,1
988,11,0.25,0
988,14,0.25,0
988,9,0.25,0
989,2,0.333333,1
989,5,0.333333,0
989,19,0.333333,0
990,1,0.142857,1
990,2,0.142857,0
990,5,0.142857,0
990,11,0.142857,0
990,14,0.142857,0
990,16,0.142857,0
990,19,0.142857,0
991,11,0.25,1
991,14,0.25,0
991,16,0.25,0
991,7,0.25,0
992,1,0.5,1
992,2,0.5,0
993,19,1.0,1
994,1,0.2,1
994,2,0.2,0
994,5,0.2,0
994,11,0.2,0
994,16,0.2,0
995,16,0.5,1
995,19,0.5,0
996,1,0.166667,1
996,2,0.166667,0
996,5,0.166667,0
996,11,0.166667,0
996,14,0.166667,0
996,7,0.166667,0
997,19,1.0,1
998,5,0.5,1
998,19,0.5,0
999,1,0.5,1
999,2,0.5,0
1000,11,1.0,1
1001,1,0.25,1
1001,5,0.25,0
1001,11,0.25,0
1001,12,0.25,0
1002,1,0.166667,1
1002,2,0.166667,0
1002,5,0.166667,0
1002,11,0.166667,0
1002,14,0.166667,0
1002,19,0.166667,0
1003,1,0.333333,1
1003,2,0.333333,0
1003,14,0.333333,0
1004,5,0.166667,1
1004,9,0.166667,0
1004,12,0.166667,0
1004,16,0.166667,0
1004,18,0.166667,0
1004,19,0.166667,0
1005,1,0.166667,1
1005,2,0.166667,0
1005,5,0.166667,0
1005,11,0.166667,0
1005,16,0.166667,0
1005,19,0.166667,0
1006,1,0.25,1
1006,2,0.25,0
1006,11,0.25,0
1006,14,0.25,0
1007,1,0.333333,1
1007,2,0.333333,0
1007,11,0.333333,0
1008,1,0.5,1
1008,11,0.5,0
1009,2,0.333333,1
1009,5,0.333333,0
1009,11,0.333333,0
1010,1,0.2,1
1010,2,0.2,0
1010,5,0.2,0
1010,11,0.2,0
1010,16,0.2,0
1011,1,0.25,1
1011,5,0.25,0
1011,16,0.25,0
1011,18,0.25,0
1012,1,0.333333,1
1012,2,0.333333,0
1012,19,0.333333,0
1013,1,0.2,1
1013,5,0.2,0
1013,11,0.2,0
1013,16,0.2,0
1013,7,0.2,0
1014,2,0.2,1
1014,5,0.2,0
1014,11,0.2,0
1014,16,0.2,0
1014,7,0.2,0
1015,2,0.5,1
1015,11,0.5,0
1016,1,1.0,1
1017,5,0.2,1
1017,11,0.2,0
1017,15,0.2,0
1017,19,0.2,0
1017,7,0.2,0
1018,5,0.333333,1
1018,11,0.333333,0
1018,16,0.333333,0
1019,2,0.333333,1
1019,11,0.333333,0
1019,14,0.333333,0
1020,11,0.5,1
1020,14,0.5,0
1021,1,0.5,1
1021,5,0.5,0
1022,2,0.25,1
1022,11,0.25,0
1022,16,0.25,0
1022,19,0.25,0
1023,1,0.25,1
1023,5,0.25,0
1023,11,0.25,0
1023,14,0.25,0
1024,16,0.5,1
1024,7,0.5,0
1025,1,0.2,1
1025,2,0.2,0
1025,5,0.2,0
1025,11,0.2,0
1025,14,0.2,0
1026,5,0.25,1
1026,11,0.25,0
1026,16,0.25,0
1026,9,0.25,0
1027,2,0.2,1
1027,11,0.2,0
1027,14,0.2,0
1027,19,0.2,0
1027,7,0.2,0
1028,5,0.25,1
1028,11,0.25,0
1028,16,0.25,0
1028,19,0.25,0
1029,2,0.333333,1
1029,11,0.333333,0
1029,14,0.333333,0
1030,11,0.333333,1
1030,14,0.333333,0
1030,19,0.333333,0
1031,5,0.2,1
1031,11,0.2,0
1031,16,0.2,0
1031,19,0.2,0
1031,7,0.2,0
1032,1,0.5,1
1032,11,0.5,0
1033,5,0.5,1
1033,14,0.5,0
1034,2,0.5,1
1034,11,0.5,0
1035,2,0.25,1
1035,5,0.25,0
1035,11,0.25,0
1035,16,0.25,0
1036,2,0.5,1
1036,11,0.5,0
1037,2,0.333333,1
1037,5,0.333333,0
1037,11,0.333333,0
1038,11,0.5,1
1038,14,0.5,0
1039,1,0.25,1
1039,2,0.25,0
1039,5,0.25,0
1039,11,0.25,0
1040,1,0.5,1
1040,2,0.5,0
1041,1,0.2,1
1041,9,0.2,0
1041,12,0.2,0
1041,14,0.2,0
1041,7,0.2,0
1042,1,0.2,1
1042,2,0.2,0
1042,5,0.2,0
1042,11,0.2,0
1042,14,0.2,0
1043,1,0.2,1
1043,11,0.2,0
1043,14,0.2,0
1043,16,0.2,0
1043,19,0.2,0
1044,2,0.5,1
1044,11,0.5,0
1045,1,0.2,1
1045,5,0.2,0
1045,11,0.2,0
1045,15,0.2,0
1045,18,0.2,0
1046,11,0.333333,1
1046,16,0.333333,0
1046,19,0.333333,0
1047,2,0.333333,1
1047,5,0.333333,0
1047,11,0.333333,0
1048,11,0.5,1
1048,16,0.5,0
1049,2,0.25,1
1049,5,0.25,0
1049,11,0.25,0
1049,14,0.25,0
1050,2,0.25,1
1050,5,0.25,0
1050,11,0.25,0
1050,9,0.25,0
1051,16,1.0,1
1052,2,0.333333,1
1052,5,0.333333,0
1052,11,0.333333,0
1053,5,0.333333,1
1053,11,0.333333,0
1053,7,0.333333,0
1054,2,0.333333,1
1054,11,0.333333,0
1054,16,0.333333,0
1055,16,0.5,1
1055,19,0.5,0
1056,11,0.5,1
1056,16,0.5,0
1057,2,0.25,1
1057,5,0.25,0
1057,11,0.25,0
1057,14,0.25,0
1058,1,0.5,1
1058,11,0.5,0
1059,11,0.5,1
1059,14,0.5,0
1060,14,1.0,1
1061,2,0.333333,1
1061,5,0.333333,0
1061,11,0.333333,0
1062,1,0.333333,1
1062,5,0.333333,0
1062,11,0.333333,0
1063,2,0.5,1
1063,19,0.5,0
1064,5,0.333333,1
1064,11,0.333333,0
1064,16,0.333333,0
1065,5,0.333333,1
1065,11,0.333333,0
1065,16,0.333333,0
1066,5,0.5,1
1066,11,0.5,0
1067,2,0.5,1
1067,11,0.5,0
1068,2,0.333333,1
1068,5,0.333333,0
1068,11,0.333333,0
1069,16,0.5,1
1069,19,0.5,0
1070,11,0.25,1
1070,16,0.25,0
1070,18,0.25,0
1070,19,0.25,0
1071,1,0.333333,1
1071,2,0.333333,0
1071,11,0.333333,0
1072,16,1.0,1
1073,1,0.5,1
1073,11,0.5,0
1074,1,0.333333,1
1074,2,0.333333,0
1074,11,0.333333,0
1075,2,0.5,1
1075,5,0.5,0
1076,1,0.2,1
1076,2,0.2,0
1076,11,0.2,0
1076,14,0.2,0
1076,9,0.2,0
1077,1,0.5,1
1077,14,0.5,0
1078,1,0.333333,1
1078,14,0.333333,0
1078,19,0.333333,0
1079,19,1.0,1
1080,1,0.2,1
1080,2,0.2,0
1080,5,0.2,0
1080,11,0.2,0
1080,14,0.2,0
1081,5,1.0,1
1082,1,0.2,1
1082,2,0.2,0
1082,11,0.2,0
1082,14,0.2,0
1082,16,0.2,0
1083,1,0.333333,1
1083,2,0.333333,0
1083,11,0.333333,0
1084,1,0.2,1
1084,2,0.2,0
1084,11,0.2,0
1084,14,0.2,0
1084,19,0.2,0
1085,1,0.2,1
1085,2,0.2,0
1085,11,0.2,0
1085,14,0.2,0
1085,7,0.2,0
1086,1,0.333333,1
1086,2,0.333333,0
1086,19,0.333333,0
1087,2,0.2,1
1087,5,0.2,0
1087,11,0.2,0
1087,14,0.2,0
1087,16,0.2,0
1088,1,0.25,1
1088,2,0.25,0
1088,11,0.25,0
1088,14,0.25,0
1089,2,0.5,1
1089,11,0.5,0
1090,11,0.333333,1
1090,16,0.333333,0
1090,19,0.333333,0
1091,2,0.166667,1
1091,5,0.166667,0
1091,11,0.166667,0
1091,14,0.166667,0
1091,16,0.166667,0
1091,19,0.166667,0
1092,2,0.25,1
1092,5,0.25,0
1092,11,0.25,0
1092,16,0.25,0
1093,16,0.5,1
1093,19,0.5,0
1094,1,0.2,1
1094,2,0.2,0
1094,5,0.2,0
1094,11,0.2,0
1094,19,0.2,0
1095,2,0.25,1
1095,5,0.25,0
1095,11,0.25,0
1095,14,0.25,0
1096,1,0.333333,1
1096,5,0.333333,0
1096,11,0.333333,0
1097,11,0.25,1
1097,14,0.25,0
1097,16,0.25,0
1097,19,0.25,0
1098,5,0.333333,1
1098,11,0.333333,0
1098,18,0.333333,0
1099,1,0.333333,1
1099,2,0.333333,0
1099,11,0.333333,0
1100,2,0.333333,1
1100,5,0.333333,0
1100,16,0.333333,0
1101,16,0.5,1
1101,19,0.5,0
1102,1,0.333333,1
1102,2,0.333333,0
1102,16,0.333333,0
1103,16,0.5,1
1103,18,0.5,0
1104,5,0.5,1
1104,11,0.5,0
1105,2,0.333333,1
1105,5,0.333333,0
1105,11,0.333333,0
1106,1,0.333333,1
1106,2,0.333333,0
1106,16,0.333333,0
1107,1,0.5,1
1107,11,0.5,0
1108,11,0.5,1
1108,19,0.5,0
1109,14,0.5,1
1109,19,0.5,0
1110,2,0.25,1
1110,5,0.25,0
1110,11,0.25,0
1110,16,0.25,0
1111,11,1.0,1
1112,16,1.0,1
1113,1,0.5,1
1113,11,0.5,0
1114,2,0.333333,1
1114,11,0.333333,0
1114,14,0.333333,0
1115,1,0.2,1
1115,5,0.2,0
1115,11,0.2,0
1115,15,0.2,0
1115,18,0.2,0
1116,1,0.333333,1
1116,2,0.333333,0
1116,14,0.333333,0
1117,1,0.25,1
1117,2,0.25,0
1117,11,0.25,0
1117,14,0.25,0
1118,5,0.333333,1
1118,11,0.333333,0
1118,14,0.333333,0
1119,1,0.333333,1
1119,2,0.333333,0
1119,5,0.333333,0
1120,5,0.5,1
1120,19,0.5,0
1121,1,0.333333,1
1121,2,0.333333,0
1121,14,0.333333,0
1122,2,0.333333,1
1122,5,0.333333,0
1122,11,0.333333,0
1123,9,0.5,1
1123,11,0.5,0
1124,2,0.333333,1
1124,5,0.333333,0
1124,19,0.333333,0
1125,1,0.2,1
1125,2,0.2,0
1125,12,0.2,0
1125,16,0.2,0
1125,18,0.2,0
1126,1,0.5,1
1126,11,0.5,0
1127,1,0.2,1
1127,2,0.2,0
1127,5,0.2,0
1127,11,0.2,0
1127,16,0.2,0
1128,2,0.333333,1
1128,11,0.333333,0
1128,14,0.333333,0
1129,2,0.5,1
1129,11,0.5,0
1130,1,0.333333,1
1130,5,0.333333,0
1130,11,0.333333,0
1131,2,0.2,1
1131,5,0.2,0
1131,11,0.2,0
1131,14,0.2,0
1131,16,0.2,0
1132,2,0.5,1
1132,5,0.5,0
1133,1,0.333333,1
1133,2,0.333333,0
1133,11,0.333333,0
1134,16,0.5,1
1134,19,0.5,0
1135,2,0.5,1
1135,19,0.5,0
1136,2,0.5,1
1136,5,0.5,0
1137,1,0.333333,1
1137,2,0.333333,0
1137,11,0.333333,0
1138,1,0.2,1
1138,11,0.2,0
1138,16,0.2,0
1138,19,0.2,0
1138,7,0.2,0
1139,11,0.333333,1
1139,16,0.333333,0
1139,19,0.333333,0
1140,5,1.0,1
1141,1,0.5,1
1141,14,0.5,0
1142,1,0.333333,1
1142,2,0.333333,0
1142,16,0.333333,0
1143,1,0.2,1
1143,11,0.2,0
1143,16,0.2,0
1143,9,0.2,0
1143,7,0.2,0
1144,11,0.5,1
1144,16,0.5,0
1145,11,0.5,1
1145,16,0.5,0
1146,5,1.0,1
1147,1,0.25,1
1147,2,0.25,0
1147,11,0.25,0
1147,14,0.25,0
1148,5,0.25,1
1148,11,0.25,0
1148,16,0.25,0
1148,19,0.25,0
1149,1,0.5,1
1149,11,0.5,0
1150,1,0.333333,1
1150,14,0.333333,0
1150,19,0.333333,0
1151,2,0.25,1
1151,11,0.25,0
1151,14,0.25,0
1151,19,0.25,0
1152,2,0.333333,1
1152,5,0.333333,0
1152,11,0.333333,0
1153,2,0.5,1
1153,5,0.5,0
1154,11,0.5,1
1154,19,0.5,0
1155,19,1.0,1
1156,1,0.333333,1
1156,11,0.333333,0
1156,18,0.333333,0
1157,2,0.5,1
1157,11,0.5,0
1158,19,1.0,1
1159,16,1.0,1
1160,5,0.5,1
1160,11,0.5,0
1161,11,0.5,1
1161,19,0.5,0
1162,2,0.5,1
1162,14,0.5,0
1163,5,0.333333,1
1163,11,0.333333,0
1163,16,0.333333,0
1164,1,0.25,1
1164,2,0.25,0
1164,11,0.25,0
1164,14,0.25,0
1165,1,0.333333,1
1165,2,0.333333,0
1165,11,0.333333,0
1166,5,0.2,1
1166,11,0.2,0
1166,16,0.2,0
1166,19,0.2,0
1166,7,0.2,0
1167,11,0.25,1
1167,16,0.25,0
1167,18,0.25,0
1167,19,0.25,0
1168,14,1.0,1
1169,2,0.5,1
1169,14,0.5,0
1170,5,0.333333,1
1170,11,0.333333,0
1170,16,0.333333,0
1171,1,0.166667,1
1171,2,0.166667,0
1171,5,0.166667,0
1171,11,0.166667,0
1171,14,0.166667,0
1171,19,0.166667,0
1172,1,0.333333,1
1172,2,0.333333,0
1172,11,0.333333,0
1173,11,1.0,1
1174,1,0.25,1
1174,2,0.25,0
1174,5,0.25,0
1174,11,0.25,0
1175,11,0.333333,1
1175,14,0.333333,0
1175,16,0.333333,0
1176,1,0.333333,1
1176,2,0.333333,0
1176,11,0.333333,0
1177,5,0.333333,1
1177,11,0.333333,0
1177,16,0.333333,0
1178,2,0.25,1
1178,11,0.25,0
1178,14,0.25,0
1178,7,0.25,0
1179,1,0.5,1
1179,11,0.5,0
1180,1,0.2,1
1180,5,0.2,0
1180,11,0.2,0
1180,16,0.2,0
1180,18,0.2,0
1181,1,0.5,1
1181,11,0.5,0
1182,1,0.5,1
1182,11,0.5,0
1183,5,0.2,1
1183,11,0.2,0
1183,16,0.2,0
1183,18,0.2,0
1183,19,0.2,0
1184,1,0.25,1
1184,2,0.25,0
1184,11,0.25,0
1184,14,0.25,0
1185,1,1.0,1
1186,1,0.5,1
1186,11,0.5,0
1187,5,0.25,1
1187,11,0.25,0
1187,14,0.25,0
1187,16,0.25,0
1188,2,0.333333,1
1188,5,0.333333,0
1188,11,0.333333,0
1189,1,0.25,1
1189,5,0.25,0
1189,11,0.25,0
1189,14,0.25,0
1190,1,0.333333,1
1190,11,0.333333,0
1190,14,0.333333,0
1191,1,0.333333,1
1191,5,0.333333,0
1191,11,0.333333,0
1192,2,1.0,1
1193,5,0.333333,1
1193,11,0.333333,0
1193,19,0.333333,0
1194,2,0.5,1
1194,11,0.5,0
1195,19,1.0,1
1196,2,0.2,1
1196,5,0.2,0
1196,11,0.2,0
1196,16,0.2,0
1196,19,0.2,0
1197,19,0.5,1
1197,7,0.5,0
1198,5,0.333333,1
1198,11,0.333333,0
1198,16,0.333333,0
1199,1,0.2,1
1199,2,0.2,0
1199,5,0.2,0
1199,11,0.2,0
1199,16,0.2,0
1200,2,0.5,1
1200,14,0.5,0
1201,1,0.5,1
1201,2,0.5,0
1202,1,0.25,1
1202,5,0.25,0
1202,11,0.25,0
1202,9,0.25,0
1203,5,0.25,1
1203,11,0.25,0
1203,16,0.25,0
1203,19,0.25,0
1204,1,0.25,1
1204,2,0.25,0
1204,5,0.25,0
1204,19,0.25,0
1205,11,0.5,1
1205,16,0.5,0
1206,2,0.5,1
1206,11,0.5,0
1207,1,0.333333,1
1207,2,0.333333,0
1207,11,0.333333,0
1208,11,0.5,1
1208,14,0.5,0
1209,2,1.0,1
1210,1,0.2,1
1210,2,0.2,0
1210,5,0.2,0
1210,14,0.2,0
1210,16,0.2,0
1211,16,0.333333,1
1211,18,0.333333,0
1211,7,0.333333,0
1212,1,0.333333,1
1212,11,0.333333,0
1212,14,0.333333,0
1213,1,0.25,1
1213,2,0.25,0
1213,11,0.25,0
1213,14,0.25,0
1214,11,0.333333,1
1214,16,0.333333,0
1214,19,0.333333,0
1215,5,0.25,1
1215,14,0.25,0
1215,16,0.25,0
1215,19,0.25,0
1216,1,1.0,1
1217,1,0.333333,1
1217,11,0.333333,0
1217,14,0.333333,0
1218,1,0.25,1
1218,2,0.25,0
1218,11,0.25,0
1218,18,0.25,0
1219,1,0.5,1
1219,2,0.5,0
1220,5,0.5,1
1220,11,0.5,0
1221,1,0.25,1
1221,2,0.25,0
1221,11,0.25,0
1221,14,0.25,0
1222,2,0.2,1
1222,14,0.2,0
1222,16,0.2,0
1222,19,0.2,0
1222,9,0.2,0
1223,1,0.333333,1
1223,2,0.333333,0
1223,11,0.333333,0
1224,5,1.0,1
1225,1,0.5,1
1225,11,0.5,0
1226,2,0.333333,1
1226,14,0.333333,0
1226,19,0.333333,0
1227,5,0.333333,1
1227,11,0.333333,0
1227,16,0.333333,0
1228,1,1.0,1
1229,2,0.5,1
1229,11,0.5,0
1230,11,0.5,1
1230,16,0.5,0
1231,5,0.5,1
1231,19,0.5,0
1232,16,0.5,1
1232,7,0.5,0
1233,16,0.5,1
1233,18,0.5,0
1234,2,0.5,1
1234,11,0.5,0
1235,1,0.5,1
1235,11,0.5,0
1236,1,0.333333,1
1236,11,0.333333,0
1236,19,0.333333,0
1237,1,0.333333,1
1237,11,0.333333,0
1237,7,0.333333,0
1238,1,0.333333,1
1238,2,0.333333,0
1238,11,0.333333,0
1239,16,1.0,1
1240,19,1.0,1
1241,19,1.0,1
1242,1,0.333333,1
1242,2,0.333333,0
1242,16,0.333333,0
1243,19,1.0,1
1244,5,1.0,1
1245,1,0.5,1
1245,19,0.5,0
1246,11,1.0,1
1247,5,0.333333,1
1247,11,0.333333,0
1247,19,0.333333,0
1248,1,0.166667,1
1248,11,0.166667,0
1248,14,0.166667,0
1248,16,0.166667,0
1248,19,0.166667,0
1248,7,0.166667,0
1249,2,0.333333,1
1249,5,0.333333,0
1249,7,0.333333,0
1250,2,0.5,1
1250,11,0.5,0
1251,11,1.0,1
1252,5,0.142857,1
1252,11,0.142857,0
1252,12,0.142857,0
1252,14,0.142857,0
1252,16,0.142857,0
1252,19,0.142857,0
1252,7,0.142857,0
1253,1,0.5,1
1253,5,0.5,0
1254,2,0.25,1
1254,14,0.25,0
1254,16,0.25,0
1254,19,0.25,0
1255,1,0.333333,1
1255,2,0.333333,0
1255,11,0.333333,0
1256,2,0.333333,1
1256,5,0.333333,0
1256,11,0.333333,0
1257,1,0.333333,1
1257,2,0.333333,0
1257,11,0.333333,0
1258,2,0.2,1
1258,5,0.2,0
1258,11,0.2,0
1258,16,0.2,0
1258,19,0.2,0
1259,2,0.5,1
1259,11,0.5,0
1260,2,0.5,1
1260,11,0.5,0
1261,1,0.2,1
1261,5,0.2,0
1261,11,0.2,0
1261,14,0.2,0
1261,16,0.2,0
1262,1,0.5,1
1262,15,0.5,0
1263,11,0.5,1
1263,19,0.5,0
1264,16,0.5,1
1264,19,0.5,0
1265,1,0.2,1
1265,2,0.2,0
1265,11,0.2,0
1265,14,0.2,0
1265,19,0.2,0
1266,11,0.333333,1
1266,14,0.333333,0
1266,19,0.333333,0
1267,2,1.0,1
1268,2,0.333333,1
1268,11,0.333333,0
1268,14,0.333333,0
1269,2,0.333333,1
1269,14,0.333333,0
1269,19,0.333333,0
1270,11,0.2,1
1270,14,0.2,0
1270,16,0.2,0
1270,9,0.2,0
1270,7,0.2,0
1271,1,0.333333,1
1271,2,0.333333,0
1271,14,0.333333,0
1272,2,0.5,1
1272,11,0.5,0
1273,2,0.25,1
1273,5,0.25,0
1273,14,0.25,0
1273,19,0.25,0
1274,5,0.2,1
1274,11,0.2,0
1274,14,0.2,0
1274,16,0.2,0
1274,19,0.2,0
1275,16,0.5,1
1275,19,0.5,0
1276,16,0.5,1
1276,19,0.5,0
1277,2,0.5,1
1277,16,0.5,0
1278,1,1.0,1
1279,2,0.333333,1
1279,5,0.333333,0
1279,11,0.333333,0
1280,1,0.5,1
1280,19,0.5,0
1281,1,0.25,1
1281,2,0.25,0
1281,11,0.25,0
1281,14,0.25,0
1282,16,1.0,1
1283,16,0.5,1
1283,19,0.5,0
1284,11,0.333333,1
1284,14,0.333333,0
1284,16,0.333333,0
1285,5,0.333333,1
1285,16,0.333333,0
1285,19,0.333333,0
1286,2,0.25,1
1286,5,0.25,0
1286,11,0.25,0
1286,14,0.25,0
1287,1,0.333333,1
1287,5,0.333333,0
1287,11,0.333333,0
1288,1,0.333333,1
1288,2,0.333333,0
1288,11,0.333333,0
1289,16,0.5,1
1289,19,0.5,0
1290,1,0.25,1
1290,11,0.25,0
1290,15,0.25,0
1290,18,0.25,0
1291,1,0.333333,1
1291,11,0.333333,0
1291,19,0.333333,0
1292,1,0.2,1
1292,2,0.2,0
1292,11,0.2,0
1292,14,0.2,0
1292,19,0.2,0
1293,5,1.0,1
1294,5,0.25,1
1294,14,0.25,0
1294,16,0.25,0
1294,7,0.25,0
1295,1,1.0,1
1296,1,0.333333,1
1296,2,0.333333,0
1296,11,0.333333,0
1297,15,0.5,1
1297,16,0.5,0
1298,11,0.25,1
1298,16,0.25,0
1298,19,0.25,0
1298,7,0.25,0
1299,11,0.25,1
1299,14,0.25,0
1299,16,0.25,0
1299,9,0.25,0
1300,2,0.333333,1
1300,11,0.333333,0
1300,14,0.333333,0
1301,11,0.333333,1
1301,16,0.333333,0
1301,19,0.333333,0
1302,1,1.0,1
1303,1,1.0,1
1304,1,0.333333,1
1304,2,0.333333,0
1304,11,0.333333,0
1305,1,1.0,1
1306,1,1.0,1
1307,1,0.5,1
1307,11,0.5,0
1308,11,1.0,1
1309,2,0.333333,1
1309,5,0.333333,0
1309,19,0.333333,0
1310,11,1.0,1
1311,11,0.5,1
1311,7,0.5,0
1312,11,0.25,1
1312,16,0.25,0
1312,18,0.25,0
1312,19,0.25,0
1313,1,0.25,1
1313,2,0.25,0
1313,11,0.25,0
1313,14,0.25,0
1314,11,1.0,1
1315,1,0.2,1
1315,2,0.2,0
1315,11,0.2,0
1315,14,0.2,0
1315,16,0.2,0
1316,2,0.5,1
1316,11,0.5,0
1317,1,0.333333,1
1317,2,0.333333,0
1317,11,0.333333,0
1318,11,0.5,1
1318,19,0.5,0
1319,1,0.25,1
1319,12,0.25,0
1319,19,0.25,0
1319,9,0.25,0
1320,5,0.333333,1
1320,11,0.333333,0
1320,16,0.333333,0
1321,1,0.333333,1
1321,2,0.333333,0
1321,11,0.333333,0
1322,11,0.5,1
1322,19,0.5,0
1323,11,0.2,1
1323,14,0.2,0
1323,16,0.2,0
1323,18,0.2,0
1323,19,0.2,0
1324,2,0.2,1
1324,5,0.2,0
1324,11,0.2,0
1324,14,0.2,0
1324,16,0.2,0
1325,1,0.333333,1
1325,11,0.333333,0
1325,14,0.333333,0
1326,2,0.25,1
1326,5,0.25,0
1326,11,0.25,0
1326,14,0.25,0
1327,16,0.333333,1
1327,18,0.333333,0
1327,19,0.333333,0
1328,1,0.25,1
1328,11,0.25,0
1328,16,0.25,0
1328,7,0.25,0
1329,2,0.5,1
1329,11,0.5,0
1330,1,0.333333,1
1330,11,0.333333,0
1330,14,0.333333,0
1331,1,0.5,1
1331,16,0.5,0
1332,1,0.5,1
1332,11,0.5,0
1333,5,0.333333,1
1333,11,0.333333,0
1333,16,0.333333,0
1334,1,0.25,1
1334,14,0.25,0
1334,16,0.25,0
1334,19,0.25,0
1335,1,0.5,1
1335,11,0.5,0
1336,2,1.0,1
1337,2,0.5,1
1337,11,0.5,0
1338,1,0.333333,1
1338,2,0.333333,0
1338,11,0.333333,0
1339,1,0.166667,1
1339,2,0.166667,0
1339,5,0.166667,0
1339,11,0.166667,0
1339,9,0.166667,0
1339,7,0.166667,0
1340,1,0.333333,1
1340,11,0.333333,0
1340,7,0.333333,0
1341,20,1.0,1
1342,1,1.0,1
1343,2,0.25,1
1343,14,0.25,0
1343,16,0.25,0
1343,19,0.25,0
1344,1,0.142857,1
1344,2,0.142857,0
1344,5,0.142857,0
1344,11,0.142857,0
1344,16,0.142857,0
1344,19,0.142857,0
1344,7,0.142857,0
1345,5,0.25,1
1345,11,0.25,0
1345,16,0.25,0
1345,19,0.25,0
1346,1,0.25,1
1346,5,0.25,0
1346,11,0.25,0
1346,19,0.25,0
1347,2,0.5,1
1347,11,0.5,0
1348,5,0.333333,1
1348,11,0.333333,0
1348,18,0.333333,0
1349,5,0.25,1
1349,11,0.25,0
1349,14,0.25,0
1349,16,0.25,0
1350,11,0.5,1
1350,7,0.5,0
1351,1,0.25,1
1351,2,0.25,0
1351,5,0.25,0
1351,11,0.25,0
1352,14,0.5,1
1352,9,0.5,0
1353,5,0.333333,1
1353,11,0.333333,0
1353,16,0.333333,0
1354,2,1.0,1
1355,5,0.333333,1
1355,11,0.333333,0
1355,16,0.333333,0
1356,1,1.0,1
1357,5,0.25,1
1357,11,0.25,0
1357,14,0.25,0
1357,16,0.25,0
1358,1,0.333333,1
1358,2,0.333333,0
1358,11,0.333333,0
1359,1,0.2,1
1359,2,0.2,0
1359,5,0.2,0
1359,11,0.2,0
1359,14,0.2,0
1360,11,0.333333,1
1360,16,0.333333,0
1360,7,0.333333,0
1361,19,1.0,1
1362,1,0.25,1
1362,2,0.25,0
1362,11,0.25,0
1362,18,0.25,0
1363,5,0.5,1
1363,11,0.5,0
1364,5,0.333333,1
1364,11,0.333333,0
1364,19,0.333333,0
1365,16,1.0,1
1366,5,0.25,1
1366,11,0.25,0
1366,16,0.25,0
1366,7,0.25,0
1367,2,0.333333,1
1367,11,0.333333,0
1367,14,0.333333,0
1368,1,0.333333,1
1368,2,0.333333,0
1368,11,0.333333,0
1369,11,0.5,1
1369,16,0.5,0
1370,5,0.25,1
1370,11,0.25,0
1370,16,0.25,0
1370,19,0.25,0
1371,1,0.25,1
1371,11,0.25,0
1371,14,0.25,0
1371,7,0.25,0
1372,1,0.2,1
1372,5,0.2,0
1372,11,0.2,0
1372,14,0.2,0
1372,7,0.2,0
1373,2,0.333333,1
1373,5,0.333333,0
1373,11,0.333333,0
1374,1,0.5,1
1374,11,0.5,0
1375,5,0.2,1
1375,11,0.2,0
1375,14,0.2,0
1375,16,0.2,0
1375,7,0.2,0
1376,2,0.5,1
1376,11,0.5,0
1377,11,0.5,1
1377,16,0.5,0
1378,2,0.25,1
1378,5,0.25,0
1378,11,0.25,0
1378,16,0.25,0
1379,1,0.166667,1
1379,2,0.166667,0
1379,11,0.166667,0
1379,15,0.166667,0
1379,16,0.166667,0
1379,18,0.166667,0
1380,5,0.333333,1
1380,11,0.333333,0
1380,19,0.333333,0
1381,1,0.333333,1
1381,2,0.333333,0
1381,11,0.333333,0
1382,2,0.333333,1
1382,5,0.333333,0
1382,11,0.333333,0
1383,1,0.333333,1
1383,16,0.333333,0
1383,19,0.333333,0
1384,1,1.0,1
1385,1,0.333333,1
1385,5,0.333333,0
1385,11,0.333333,0
1386,1,0.5,1
1386,11,0.5,0
1387,2,0.5,1
1387,5,0.5,0
1388,1,0.166667,1
1388,2,0.166667,0
1388,12,0.166667,0
1388,14,0.166667,0
1388,16,0.166667,0
1388,9,0.166667,0
1389,1,0.333333,1
1389,2,0.333333,0
1389,14,0.333333,0
1390,5,0.5,1
1390,11,0.5,0
1391,14,1.0,1
1392,5,0.2,1
1392,11,0.2,0
1392,14,0.2,0
1392,16,0.2,0
1392,19,0.2,0
1393,1,0.5,1
1393,11,0.5,0
1394,2,0.25,1
1394,5,0.25,0
1394,11,0.25,0
1394,14,0.25,0
1395,1,0.2,1
1395,2,0.2,0
1395,11,0.2,0
1395,14,0.2,0
1395,7,0.2,0
1396,1,0.333333,1
1396,2,0.333333,0
1396,11,0.333333,0
1397,2,0.333333,1
1397,5,0.333333,0
1397,11,0.333333,0
1398,1,0.2,1
1398,5,0.2,0
1398,11,0.2,0
1398,12,0.2,0
1398,16,0.2,0
1399,1,0.333333,1
1399,16,0.333333,0
1399,19,0.333333,0
1400,11,0.25,1
1400,16,0.25,0
1400,18,0.25,0
1400,19,0.25,0
1401,2,0.25,1
1401,5,0.25,0
1401,11,0.25,0
1401,16,0.25,0
1402,2,0.25,1
1402,5,0.25,0
1402,11,0.25,0
1402,7,0.25,0
1403,19,1.0,1
1404,1,0.333333,1
1404,2,0.333333,0
1404,11,0.333333,0
1405,5,1.0,1
1406,1,0.142857,1
1406,2,0.142857,0
1406,11,0.142857,0
1406,15,0.142857,0
1406,14,0.142857,0
1406,16,0.142857,0
1406,7,0.142857,0
1407,1,0.333333,1
1407,2,0.333333,0
1407,14,0.333333,0
1408,1,1.0,1
1409,1,0.5,1
1409,2,0.5,0
1410,11,0.25,1
1410,14,0.25,0
1410,16,0.25,0
1410,19,0.25,0
1411,5,0.25,1
1411,11,0.25,0
1411,16,0.25,0
1411,19,0.25,0
1412,16,1.0,1
1413,1,0.333333,1
1413,11,0.333333,0
1413,19,0.333333,0
1414,5,0.2,1
1414,11,0.2,0
1414,16,0.2,0
1414,19,0.2,0
1414,7,0.2,0
1415,19,1.0,1
1416,2,0.5,1
1416,11,0.5,0
1417,1,0.166667,1
1417,2,0.166667,0
1417,11,0.166667,0
1417,14,0.166667,0
1417,16,0.166667,0
1417,18,0.166667,0
1418,5,0.333333,1
1418,11,0.333333,0
1418,16,0.333333,0
1419,11,1.0,1
1420,1,0.333333,1
1420,2,0.333333,0
1420,14,0.333333,0
1421,2,0.25,1
1421,11,0.25,0
1421,19,0.25,0
1421,7,0.25,0
1422,11,0.5,1
1422,14,0.5,0
1423,2,0.2,1
1423,11,0.2,0
1423,14,0.2,0
1423,16,0.2,0
1423,19,0.2,0
1424,2,0.25,1
1424,5,0.25,0
1424,11,0.25,0
1424,14,0.25,0
1425,5,1.0,1
1426,5,0.5,1
1426,19,0.5,0
1427,1,0.2,1
1427,2,0.2,0
1427,5,0.2,0
1427,11,0.2,0
1427,16,0.2,0
1428,1,0.25,1
1428,11,0.25,0
1428,16,0.25,0
1428,19,0.25,0
1429,1,0.333333,1
1429,2,0.333333,0
1429,11,0.333333,0
1430,2,0.333333,1
1430,5,0.333333,0
1430,11,0.333333,0
1431,5,0.333333,1
1431,11,0.333333,0
1431,16,0.333333,0
1432,5,0.2,1
1432,11,0.2,0
1432,14,0.2,0
1432,16,0.2,0
1432,19,0.2,0
1433,1,0.25,1
1433,2,0.25,0
1433,14,0.25,0
1433,19,0.25,0
1434,1,0.5,1
1434,2,0.5,0
1435,16,1.0,1
1436,1,0.333333,1
1436,2,0.333333,0
1436,11,0.333333,0
1437,1,0.5,1
1437,16,0.5,0
1438,11,0.25,1
1438,14,0.25,0
1438,16,0.25,0
1438,19,0.25,0
1439,2,0.5,1
1439,5,0.5,0
1440,1,0.333333,1
1440,2,0.333333,0
1440,11,0.333333,0
1441,11,0.333333,1
1441,16,0.333333,0
1441,19,0.333333,0
1442,1,0.2,1
1442,2,0.2,0
1442,5,0.2,0
1442,11,0.2,0
1442,14,0.2,0
1443,1,1.0,1
1444,2,0.5,1
1444,11,0.5,0
1445,1,0.25,1
1445,2,0.25,0
1445,5,0.25,0
1445,11,0.25,0
1446,1,0.333333,1
1446,11,0.333333,0
1446,16,0.333333,0
1447,5,0.25,1
1447,11,0.25,0
1447,14,0.25,0
1447,16,0.25,0
1448,2,0.5,1
1448,11,0.5,0
1449,1,0.5,1
1449,2,0.5,0
1450,2,0.5,1
1450,11,0.5,0
1451,1,0.333333,1
1451,11,0.333333,0
1451,18,0.333333,0
1452,14,1.0,1
1453,15,0.25,1
1453,16,0.25,0
1453,18,0.25,0
1453,19,0.25,0
1454,5,0.333333,1
1454,11,0.333333,0
1454,19,0.333333,0
1455,1,0.25,1
1455,2,0.25,0
1455,11,0.25,0
1455,15,0.25,0
1456,5,0.25,1
1456,11,0.25,0
1456,16,0.25,0
1456,19,0.25,0
1457,1,0.2,1
1457,5,0.2,0
1457,11,0.2,0
1457,16,0.2,0
1457,7,0.2,0
1458,11,0.333333,1
1458,14,0.333333,0
1458,19,0.333333,0
1459,1,0.2,1
1459,2,0.2,0
1459,5,0.2,0
1459,11,0.2,0
1459,16,0.2,0
1460,2,0.5,1
1460,11,0.5,0
1461,2,0.5,1
1461,5,0.5,0
1462,1,0.5,1
1462,11,0.5,0
1463,1,0.333333,1
1463,2,0.333333,0
1463,15,0.333333,0
1464,2,0.333333,1
1464,11,0.333333,0
1464,14,0.333333,0
1465,16,0.333333,1
1465,19,0.333333,0
1465,7,0.333333,0
1466,5,0.333333,1
1466,11,0.333333,0
1466,19,0.333333,0
1467,2,0.5,1
1467,11,0.5,0
1468,1,0.333333,1
1468,11,0.333333,0
1468,7,0.333333,0
1469,1,0.25,1
1469,15,0.25,0
1469,16,0.25,0
1469,18,0.25,0
1470,1,0.2,1
1470,5,0.2,0
1470,11,0.2,0
1470,15,0.2,0
1470,16,0.2,0
1471,2,0.333333,1
1471,5,0.333333,0
1471,11,0.333333,0
1472,1,0.25,1
1472,5,0.25,0
1472,11,0.25,0
1472,15,0.25,0
1473,3,0.2,1
1473,6,0.2,0
1473,8,0.2,0
1473,20,0.2,0
1473,10,0.2,0
1474,1,0.333333,1
1474,16,0.333333,0
1474,19,0.333333,0
1475,2,0.25,1
1475,11,0.25,0
1475,14,0.25,0
1475,16,0.25,0
1476,2,0.5,1
1476,5,0.5,0
1477,5,1.0,1
1478,2,0.333333,1
1478,11,0.333333,0
1478,14,0.333333,0
1479,1,0.166667,1
1479,2,0.166667,0
1479,5,0.166667,0
1479,11,0.166667,0
1479,14,0.166667,0
1479,16,0.166667,0
1480,1,0.2,1
1480,2,0.2,0
1480,5,0.2,0
1480,11,0.2,0
1480,14,0.2,0
1481,1,0.5,1
1481,5,0.5,0
1482,11,0.5,1
1482,16,0.5,0
1483,1,0.5,1
1483,11,0.5,0
1484,1,0.25,1
1484,5,0.25,0
1484,11,0.25,0
1484,7,0.25,0
1485,11,0.5,1
1485,19,0.5,0
1486,2,0.2,1
1486,11,0.2,0
1486,14,0.2,0
1486,16,0.2,0
1486,19,0.2,0
1487,2,0.2,1
1487,5,0.2,0
1487,11,0.2,0
1487,14,0.2,0
1487,16,0.2,0
1488,11,1.0,1
1489,2,0.5,1
1489,11,0.5,0
1490,11,0.333333,1
1490,16,0.333333,0
1490,18,0.333333,0
1491,1,0.166667,1
1491,2,0.166667,0
1491,5,0.166667,0
1491,11,0.166667,0
1491,14,0.166667,0
1491,16,0.166667,0
1492,1,0.333333,1
1492,2,0.333333,0
1492,11,0.333333,0
1493,16,1.0,1
1494,11,0.5,1
1494,16,0.5,0
1495,1,0.333333,1
1495,5,0.333333,0
1495,11,0.333333,0
1496,1,0.333333,1
1496,5,0.333333,0
1496,11,0.333333,0
1497,1,0.2,1
1497,11,0.2,0
1497,6,0.2,0
1497,17,0.2,0
1497,10,0.2,0
1498,1,0.166667,1
1498,2,0.166667,0
1498,5,0.166667,0
1498,11,0.166667,0
1498,15,0.166667,0
1498,14,0.166667,0
1499,11,0.333333,1
1499,14,0.333333,0
1499,9,0.333333,0
1500,1,0.333333,1
1500,2,0.333333,0
1500,5,0.333333,0
1501,2,0.25,1
1501,11,0.25,0
1501,14,0.25,0
1501,19,0.25,0
1502,1,0.2,1
1502,2,0.2,0
1502,5,0.2,0
1502,11,0.2,0
1502,19,0.2,0
1503,5,1.0,1
1504,1,0.333333,1
1504,5,0.333333,0
1504,11,0.333333,0
1505,11,1.0,1
1506,2,0.333333,1
1506,11,0.333333,0
1506,14,0.333333,0
1507,2,0.333333,1
1507,5,0.333333,0
1507,11,0.333333,0
1508,1,0.25,1
1508,5,0.25,0
1508,11,0.25,0
1508,7,0.25,0
1509,5,0.5,1
1509,11,0.5,0
1510,2,0.2,1
1510,5,0.2,0
1510,11,0.2,0
1510,14,0.2,0
1510,19,0.2,0
1511,14,1.0,1
1512,19,1.0,1
1513,1,0.5,1
1513,11,0.5,0
1514,1,0.25,1
1514,2,0.25,0
1514,11,0.25,0
1514,14,0.25,0
1515,1,0.2,1
1515,2,0.2,0
1515,5,0.2,0
1515,11,0.2,0
1515,14,0.2,0
1516,1,0.333333,1
1516,2,0.333333,0
1516,11,0.333333,0
1517,11,0.5,1
1517,14,0.5,0
1518,1,0.333333,1
1518,2,0.333333,0
1518,11,0.333333,0
1519,2,0.5,1
1519,11,0.5,0
1520,1,1.0,1
1521,1,0.5,1
1521,11,0.5,0
1522,5,0.333333,1
1522,11,0.333333,0
1522,15,0.333333,0
1523,5,0.5,1
1523,16,0.5,0
1524,1,0.333333,1
1524,5,0.333333,0
1524,11,0.333333,0
1525,1,0.333333,1
1525,5,0.333333,0
1525,11,0.333333,0
1526,5,0.5,1
1526,19,0.5,0
1527,1,0.25,1
1527,11,0.25,0
1527,19,0.25,0
1527,7,0.25,0
1528,1,0.333333,1
1528,11,0.333333,0
1528,14,0.333333,0
1529,5,0.5,1
1529,11,0.5,0
1530,5,0.25,1
1530,11,0.25,0
1530,14,0.25,0
1530,9,0.25,0
1531,5,0.5,1
1531,11,0.5,0
1532,1,0.333333,1
1532,2,0.333333,0
1532,11,0.333333,0
1533,1,0.333333,1
1533,2,0.333333,0
1533,11,0.333333,0
1534,5,0.5,1
1534,11,0.5,0
1535,2,0.333333,1
1535,11,0.333333,0
1535,14,0.333333,0
1536,2,1.0,1
1537,2,0.166667,1
1537,5,0.166667,0
1537,11,0.166667,0
1537,14,0.166667,0
1537,16,0.166667,0
1537,7,0.166667,0
1538,2,0.333333,1
1538,5,0.333333,0
1538,11,0.333333,0
1539,1,1.0,1
1540,5,1.0,1
1541,2,0.5,1
1541,11,0.5,0
1542,16,0.5,1
1542,19,0.5,0
1543,1,0.333333,1
1543,11,0.333333,0
1543,12,0.333333,0
1544,11,0.5,1
1544,14,0.5,0
1545,1,0.333333,1
1545,11,0.333333,0
1545,16,0.333333,0
1546,11,0.5,1
1546,19,0.5,0
1547,1,0.25,1
1547,5,0.25,0
1547,11,0.25,0
1547,16,0.25,0
1548,11,1.0,1
1549,1,0.2,1
1549,2,0.2,0
1549,5,0.2,0
1549,16,0.2,0
1549,7,0.2,0
1550,11,0.5,1
1550,14,0.5,0
1551,1,0.25,1
1551,2,0.25,0
1551,11,0.25,0
1551,14,0.25,0
1552,4,0.25,1
1552,8,0.25,0
1552,17,0.25,0
1552,7,0.25,0
1553,1,0.5,1
1553,11,0.5,0
1554,11,1.0,1
1555,2,0.25,1
1555,5,0.25,0
1555,11,0.25,0
1555,14,0.25,0
1556,1,0.333333,1
1556,18,0.333333,0
1556,7,0.333333,0
1557,2,0.333333,1
1557,5,0.333333,0
1557,11,0.333333,0
1558,11,0.333333,1
1558,16,0.333333,0
1558,19,0.333333,0
1559,1,0.333333,1
1559,2,0.333333,0
1559,11,0.333333,0
1560,2,0.333333,1
1560,5,0.333333,0
1560,11,0.333333,0
1561,16,1.0,1
1562,1,0.333333,1
1562,2,0.333333,0
1562,11,0.333333,0
1563,5,0.333333,1
1563,11,0.333333,0
1563,14,0.333333,0
1564,1,0.25,1
1564,2,0.25,0
1564,11,0.25,0
1564,14,0.25,0
1565,1,0.5,1
1565,11,0.5,0
1566,1,0.333333,1
1566,11,0.333333,0
1566,19,0.333333,0
1567,2,0.2,1
1567,11,0.2,0
1567,14,0.2,0
1567,16,0.2,0
1567,19,0.2,0
1568,2,0.333333,1
1568,5,0.333333,0
1568,11,0.333333,0
1569,1,0.333333,1
1569,2,0.333333,0
1569,14,0.333333,0
1570,1,0.333333,1
1570,2,0.333333,0
1570,11,0.333333,0
1571,1,0.5,1
1571,15,0.5,0
1572,5,0.25,1
1572,11,0.25,0
1572,14,0.25,0
1572,9,0.25,0
1573,1,0.166667,1
1573,2,0.166667,0
1573,5,0.166667,0
1573,11,0.166667,0
1573,15,0.166667,0
1573,16,0.166667,0
1574,5,0.25,1
1574,11,0.25,0
1574,16,0.25,0
1574,19,0.25,0
1575,5,0.25,1
1575,11,0.25,0
1575,16,0.25,0
1575,19,0.25,0
1576,2,0.25,1
1576,11,0.25,0
1576,14,0.25,0
1576,7,0.25,0
1577,2,1.0,1
1578,5,0.333333,1
1578,11,0.333333,0
1578,19,0.333333,0
1579,19,1.0,1
1580,1,0.5,1
1580,7,0.5,0
1581,1,0.5,1
1581,11,0.5,0
1582,16,1.0,1
1583,19,1.0,1
1584,2,0.5,1
1584,11,0.5,0
1585,1,0.25,1
1585,12,0.25,0
1585,16,0.25,0
1585,18,0.25,0
1586,1,0.5,1
1586,11,0.5,0
1587,5,1.0,1
1588,1,0.2,1
1588,5,0.2,0
1588,11,0.2,0
1588,16,0.2,0
1588,19,0.2,0
1589,2,0.5,1
1589,11,0.5,0
1590,1,0.142857,1
1590,2,0.142857,0
1590,5,0.142857,0
1590,11,0.142857,0
1590,12,0.142857,0
1590,14,0.142857,0
1590,19,0.142857,0
1591,1,1.0,1
1592,1,0.25,1
1592,5,0.25,0
1592,11,0.25,0
1592,16,0.25,0
1593,2,0.5,1
1593,11,0.5,0
1594,1,0.5,1
1594,11,0.5,0
1595,1,1.0,1
1596,1,0.25,1
1596,5,0.25,0
1596,11,0.25,0
1596,16,0.25,0
1597,1,0.5,1
1597,11,0.5,0
1598,1,0.333333,1
1598,2,0.333333,0
1598,11,0.333333,0
1599,5,0.2,1
1599,11,0.2,0
1599,6,0.2,0
1599,13,0.2,0
1599,20,0.2,0
1600,2,0.5,1
1600,5,0.5,0
1601,11,0.333333,1
1601,16,0.333333,0
1601,19,0.333333,0
1602,2,0.25,1
1602,5,0.25,0
1602,11,0.25,0
1602,14,0.25,0
1603,11,0.333333,1
1603,16,0.333333,0
1603,19,0.333333,0
1604,11,0.5,1
1604,14,0.5,0
1605,2,0.333333,1
1605,5,0.333333,0
1605,11,0.333333,0
1606,5,0.333333,1
1606,11,0.333333,0
1606,19,0.333333,0
1607,1,1.0,1
1608,1,1.0,1
1609,1,0.2,1
1609,2,0.2,0
1609,11,0.2,0
1609,14,0.2,0
1609,7,0.2,0
1610,14,0.333333,1
1610,19,0.333333,0
1610,9,0.333333,0
1611,2,0.25,1
1611,5,0.25,0
1611,11,0.25,0
1611,16,0.25,0
1612,1,0.5,1
1612,11,0.5,0
1613,1,0.5,1
1613,11,0.5,0
1614,1,0.5,1
1614,11,0.5,0
1615,2,0.5,1
1615,16,0.5,0
1616,2,0.2,1
1616,5,0.2,0
1616,9,0.2,0
1616,11,0.2,0
1616,14,0.2,0
1617,5,0.25,1
1617,11,0.25,0
1617,14,0.25,0
1617,19,0.25,0
1618,5,0.5,1
1618,11,0.5,0
1619,14,1.0,1
1620,1,0.2,1
1620,2,0.2,0
1620,5,0.2,0
1620,11,0.2,0
1620,14,0.2,0
1621,11,0.333333,1
1621,16,0.333333,0
1621,19,0.333333,0
1622,1,0.25,1
1622,11,0.25,0
1622,14,0.25,0
1622,19,0.25,0
1623,2,0.333333,1
1623,5,0.333333,0
1623,11,0.333333,0
1624,16,0.5,1
1624,7,0.5,0
1625,14,1.0,1
1626,11,0.333333,1
1626,14,0.333333,0
1626,19,0.333333,0
1627,1,0.25,1
1627,5,0.25,0
1627,11,0.25,0
1627,19,0.25,0
1628,2,0.25,1
1628,11,0.25,0
1628,14,0.25,0
1628,16,0.25,0
1629,5,0.5,1
1629,11,0.5,0
1630,1,0.5,1
1630,11,0.5,0
1631,15,1.0,1
1632,1,0.333333,1
1632,2,0.333333,0
1632,11,0.333333,0
1633,15,0.333333,1
1633,16,0.333333,0
1633,18,0.333333,0
1634,14,1.0,1
1635,2,1.0,1
1636,1,0.333333,1
1636,2,0.333333,0
1636,11,0.333333,0
1637,1,0.333333,1
1637,11,0.333333,0
1637,16,0.333333,0
1638,1,0.2,1
1638,2,0.2,0
1638,5,0.2,0
1638,11,0.2,0
1638,16,0.2,0
1639,2,0.5,1
1639,11,0.5,0
1640,1,1.0,1
1641,5,0.5,1
1641,9,0.5,0
1642,1,0.25,1
1642,15,0.25,0
1642,16,0.25,0
1642,18,0.25,0
1643,5,1.0,1
1644,1,0.333333,1
1644,5,0.333333,0
1644,11,0.333333,0
1645,2,0.333333,1
1645,5,0.333333,0
1645,11,0.333333,0
1646,1,1.0,1
1647,2,0.5,1
1647,11,0.5,0
1648,1,0.25,1
1648,2,0.25,0
1648,11,0.25,0
1648,14,0.25,0
1649,1,1.0,1
1650,2,0.333333,1
1650,5,0.333333,0
1650,11,0.333333,0
1651,11,0.333333,1
1651,16,0.333333,0
1651,19,0.333333,0
1652,5,0.2,1
1652,11,0.2,0
1652,14,0.2,0
1652,16,0.2,0
1652,19,0.2,0
1653,1,0.25,1
1653,2,0.25,0
1653,5,0.25,0
1653,11,0.25,0
1654,1,0.5,1
1654,11,0.5,0
1655,2,0.333333,1
1655,5,0.333333,0
1655,11,0.333333,0
1656,1,1.0,1
1657,5,0.5,1
1657,16,0.5,0
1658,1,0.166667,1
1658,5,0.166667,0
1658,11,0.166667,0
1658,15,0.166667,0
1658,16,0.166667,0
1658,19,0.166667,0
1659,1,0.333333,1
1659,2,0.333333,0
1659,11,0.333333,0
1660,14,1.0,1
1661,1,1.0,1
1662,11,0.5,1
1662,19,0.5,0
1663,1,0.333333,1
1663,5,0.333333,0
1663,11,0.333333,0
1664,5,0.333333,1
1664,11,0.333333,0
1664,16,0.333333,0
1665,11,1.0,1
1666,1,0.333333,1
1666,2,0.333333,0
1666,14,0.333333,0
1667,5,0.333333,1
1667,11,0.333333,0
1667,19,0.333333,0
1668,2,0.5,1
1668,14,0.5,0
1669,1,0.25,1
1669,2,0.25,0
1669,11,0.25,0
1669,14,0.25,0
1670,1,0.333333,1
1670,5,0.333333,0
1670,11,0.333333,0
1671,11,0.333333,1
1671,16,0.333333,0
1671,7,0.333333,0
1672,11,0.333333,1
1672,16,0.333333,0
1672,19,0.333333,0
1673,11,0.5,1
1673,14,0.5,0
1674,2,0.5,1
1674,11,0.5,0
1675,1,0.2,1
1675,5,0.2,0
1675,15,0.2,0
1675,16,0.2,0
1675,18,0.2,0
1676,5,0.5,1
1676,11,0.5,0
1677,2,0.5,1
1677,11,0.5,0
1678,1,0.5,1
1678,14,0.5,0
1679,2,0.333333,1
1679,5,0.333333,0
1679,11,0.333333,0
1680,2,0.333333,1
1680,5,0.333333,0
1680,11,0.333333,0
1681,5,0.5,1
1681,11,0.5,0
1682,5,0.333333,1
1682,11,0.333333,0
1682,15,0.333333,0
1683,2,0.333333,1
1683,11,0.333333,0
1683,16,0.333333,0
1684,2,0.2,1
1684,5,0.2,0
1684,11,0.2,0
1684,14,0.2,0
1684,19,0.2,0
1685,11,0.5,1
1685,14,0.5,0
1686,2,0.5,1
1686,11,0.5,0
1687,1,1.0,1
1688,1,0.2,1
1688,2,0.2,0
1688,11,0.2,0
1688,14,0.2,0
1688,9,0.2,0
1689,15,1.0,1
1690,5,0.333333,1
1690,11,0.333333,0
1690,14,0.333333,0
1691,1,0.333333,1
1691,11,0.333333,0
1691,15,0.333333,0
1692,2,0.333333,1
1692,5,0.333333,0
1692,11,0.333333,0
1693,1,1.0,1
1694,1,0.142857,1
1694,2,0.142857,0
1694,5,0.142857,0
1694,11,0.142857,0
1694,14,0.142857,0
1694,16,0.142857,0
1694,19,0.142857,0
1695,1,0.25,1
1695,5,0.25,0
1695,11,0.25,0
1695,7,0.25,0
1696,11,0.5,1
1696,19,0.5,0
1697,2,0.333333,1
1697,14,0.333333,0
1697,19,0.333333,0
1698,5,0.333333,1
1698,11,0.333333,0
1698,16,0.333333,0
1699,1,0.5,1
1699,2,0.5,0
1700,5,0.333333,1
1700,11,0.333333,0
1700,15,0.333333,0
1701,2,0.333333,1
1701,5,0.333333,0
1701,14,0.333333,0
1702,15,0.5,1
1702,16,0.5,0
1703,14,0.5,1
1703,19,0.5,0
1704,1,0.5,1
1704,2,0.5,0
1705,2,1.0,1
1706,2,0.5,1
1706,11,0.5,0
1707,2,0.25,1
1707,5,0.25,0
1707,11,0.25,0
1707,16,0.25,0
1708,1,0.25,1
1708,2,0.25,0
1708,11,0.25,0
1708,14,0.25,0
1709,2,0.25,1
1709,11,0.25,0
1709,14,0.25,0
1709,19,0.25,0
1710,1,0.25,1
1710,2,0.25,0
1710,5,0.25,0
1710,11,0.25,0
1711,1,0.333333,1
1711,11,0.333333,0
1711,7,0.333333,0
1712,2,1.0,1
1713,1,0.5,1
1713,2,0.5,0
1714,11,0.25,1
1714,14,0.25,0
1714,16,0.25,0
1714,19,0.25,0
1715,1,0.333333,1
1715,11,0.333333,0
1715,19,0.333333,0
1716,2,0.5,1
1716,5,0.5,0
1717,1,0.333333,1
1717,11,0.333333,0
1717,16,0.333333,0
1718,1,0.25,1
1718,2,0.25,0
1718,11,0.25,0
1718,14,0.25,0
1719,1,0.333333,1
1719,11,0.333333,0
1719,16,0.333333,0
1720,1,0.25,1
1720,2,0.25,0
1720,5,0.25,0
1720,11,0.25,0
1721,1,0.25,1
1721,14,0.25,0
1721,16,0.25,0
1721,19,0.25,0
1722,2,0.333333,1
1722,11,0.333333,0
1722,14,0.333333,0
1723,2,0.5,1
1723,11,0.5,0
1724,1,0.5,1
1724,11,0.5,0
1725,5,0.5,1
1725,19,0.5,0
1726,19,1.0,1
1727,1,1.0,1
1728,16,1.0,1
1729,1,0.333333,1
1729,2,0.333333,0
1729,11,0.333333,0
1730,11,0.5,1
1730,7,0.5,0
1731,1,0.2,1
1731,2,0.2,0
1731,5,0.2,0
1731,11,0.2,0
1731,16,0.2,0
1732,5,0.333333,1
1732,11,0.333333,0
1732,16,0.333333,0
1733,5,0.25,1
1733,11,0.25,0
1733,16,0.25,0
1733,9,0.25,0
1734,1,0.5,1
1734,2,0.5,0
1735,5,0.333333,1
1735,11,0.333333,0
1735,14,0.333333,0
1736,2,0.333333,1
1736,5,0.333333,0
1736,11,0.333333,0
1737,11,0.25,1
1737,16,0.25,0
1737,19,0.25,0
1737,7,0.25,0
1738,2,1.0,1
1739,11,0.333333,1
1739,16,0.333333,0
1739,19,0.333333,0
1740,2,0.5,1
1740,11,0.5,0
1741,16,1.0,1
1742,1,0.5,1
1742,11,0.5,0
1743,1,0.333333,1
1743,5,0.333333,0
1743,16,0.333333,0
1744,1,0.333333,1
1744,2,0.333333,0
1744,14,0.333333,0
1745,1,0.125,1
1745,2,0.125,0
1745,5,0.125,0
1745,11,0.125,0
1745,14,0.125,0
1745,16,0.125,0
1745,18,0.125,0
1745,7,0.125,0
1746,5,1.0,1
1747,1,0.5,1
1747,11,0.5,0
1748,2,0.333333,1
1748,5,0.333333,0
1748,11,0.333333,0
1749,20,0.333333,1
1749,21,0.333333,0
1749,7,0.333333,0
1750,5,0.5,1
1750,11,0.5,0
1751,5,0.333333,1
1751,16,0.333333,0
1751,9,0.333333,0
1752,1,0.166667,1
1752,2,0.166667,0
1752,11,0.166667,0
1752,15,0.166667,0
1752,18,0.166667,0
1752,19,0.166667,0
1753,5,0.5,1
1753,16,0.5,0
1754,1,0.333333,1
1754,2,0.333333,0
1754,11,0.333333,0
1755,5,0.333333,1
1755,11,0.333333,0
1755,9,0.333333,0
1756,2,0.333333,1
1756,11,0.333333,0
1756,14,0.333333,0
1757,5,0.333333,1
1757,19,0.333333,0
1757,7,0.333333,0
1758,1,0.333333,1
1758,2,0.333333,0
1758,11,0.333333,0
1759,5,0.333333,1
1759,11,0.333333,0
1759,19,0.333333,0
1760,1,0.333333,1
1760,11,0.333333,0
1760,7,0.333333,0
1761,5,1.0,1
1762,2,0.333333,1
1762,5,0.333333,0
1762,11,0.333333,0
1763,1,0.333333,1
1763,2,0.333333,0
1763,11,0.333333,0
1764,1,0.5,1
1764,11,0.5,0
1765,2,0.25,1
1765,5,0.25,0
1765,11,0.25,0
1765,14,0.25,0
1766,1,0.333333,1
1766,2,0.333333,0
1766,14,0.333333,0
1767,1,0.25,1
1767,5,0.25,0
1767,11,0.25,0
1767,19,0.25,0
1768,5,0.5,1
1768,19,0.5,0
1769,1,0.25,1
1769,2,0.25,0
1769,11,0.25,0
1769,9,0.25,0
1770,2,0.5,1
1770,11,0.5,0
1771,1,0.25,1
1771,2,0.25,0
1771,11,0.25,0
1771,14,0.25,0
1772,1,0.142857,1
1772,2,0.142857,0
1772,11,0.142857,0
1772,12,0.142857,0
1772,14,0.142857,0
1772,16,0.142857,0
1772,19,0.142857,0
1773,1,0.2,1
1773,2,0.2,0
1773,11,0.2,0
1773,14,0.2,0
1773,19,0.2,0
1774,1,0.25,1
1774,2,0.25,0
1774,11,0.25,0
1774,14,0.25,0
1775,2,0.5,1
1775,11,0.5,0
1776,5,0.333333,1
1776,19,0.333333,0
1776,9,0.333333,0
1777,1,0.333333,1
1777,2,0.333333,0
1777,11,0.333333,0
1778,11,0.5,1
1778,7,0.5,0
1779,2,0.5,1
1779,11,0.5,0
1780,2,0.25,1
1780,5,0.25,0
1780,11,0.25,0
1780,14,0.25,0
1781,1,0.25,1
1781,11,0.25,0
1781,16,0.25,0
1781,19,0.25,0
1782,14,1.0,1
1783,1,0.5,1
1783,5,0.5,0
1784,11,0.333333,1
1784,16,0.333333,0
1784,7,0.333333,0
1785,5,0.333333,1
1785,11,0.333333,0
1785,16,0.333333,0
1786,11,0.333333,1
1786,16,0.333333,0
1786,19,0.333333,0
1787,1,0.333333,1
1787,11,0.333333,0
1787,7,0.333333,0
1788,5,1.0,1
1789,1,0.333333,1
1789,5,0.333333,0
1789,11,0.333333,0
1790,11,0.5,1
1790,19,0.5,0
1791,2,0.25,1
1791,5,0.25,0
1791,11,0.25,0
1791,14,0.25,0
1792,2,0.5,1
1792,5,0.5,0
1793,1,0.333333,1
1793,11,0.333333,0
1793,14,0.333333,0
1794,11,0.333333,1
1794,16,0.333333,0
1794,19,0.333333,0
1795,2,1.0,1
1796,2,0.25,1
1796,14,0.25,0
1796,16,0.25,0
1796,19,0.25,0
1797,14,1.0,1
1798,5,0.333333,1
1798,11,0.333333,0
1798,16,0.333333,0
1799,5,0.25,1
1799,11,0.25,0
1799,16,0.25,0
1799,19,0.25,0
1800,1,0.166667,1
1800,2,0.166667,0
1800,5,0.166667,0
1800,11,0.166667,0
1800,14,0.166667,0
1800,19,0.166667,0
1801,5,0.333333,1
1801,11,0.333333,0
1801,15,0.333333,0
1802,2,0.333333,1
1802,14,0.333333,0
1802,16,0.333333,0
1803,1,0.333333,1
1803,5,0.333333,0
1803,11,0.333333,0
1804,2,0.25,1
1804,5,0.25,0
1804,11,0.25,0
1804,16,0.25,0
1805,1,0.333333,1
1805,5,0.333333,0
1805,11,0.333333,0
1806,2,0.5,1
1806,11,0.5,0
1807,20,1.0,1
1808,1,0.333333,1
1808,5,0.333333,0
1808,11,0.333333,0
1809,11,1.0,1
1810,2,0.333333,1
1810,5,0.333333,0
1810,11,0.333333,0
1811,14,0.333333,1
1811,16,0.333333,0
1811,19,0.333333,0
1812,2,0.5,1
1812,7,0.5,0
1813,11,0.333333,1
1813,16,0.333333,0
1813,19,0.333333,0
1814,1,0.333333,1
1814,2,0.333333,0
1814,11,0.333333,0
1815,1,0.5,1
1815,2,0.5,0
1816,5,0.5,1
1816,11,0.5,0
1817,1,0.5,1
1817,11,0.5,0
1818,1,0.25,1
1818,11,0.25,0
1818,16,0.25,0
1818,18,0.25,0
1819,1,0.2,1
1819,11,0.2,0
1819,14,0.2,0
1819,16,0.2,0
1819,9,0.2,0
1820,11,0.5,1
1820,19,0.5,0
1821,5,0.333333,1
1821,16,0.333333,0
1821,19,0.333333,0
1822,1,0.333333,1
1822,2,0.333333,0
1822,11,0.333333,0
1823,5,0.333333,1
1823,11,0.333333,0
1823,16,0.333333,0
1824,5,1.0,1
1825,1,0.333333,1
1825,2,0.333333,0
1825,11,0.333333,0
1826,2,0.5,1
1826,16,0.5,0
1827,1,0.333333,1
1827,2,0.333333,0
1827,11,0.333333,0
1828,2,0.25,1
1828,5,0.25,0
1828,11,0.25,0
1828,14,0.25,0
1829,1,0.333333,1
1829,11,0.333333,0
1829,19,0.333333,0
1830,5,1.0,1
1831,1,0.333333,1
1831,2,0.333333,0
1831,11,0.333333,0
1832,11,1.0,1
1833,16,0.5,1
1833,18,0.5,0
1834,2,0.2,1
1834,11,0.2,0
1834,14,0.2,0
1834,19,0.2,0
1834,7,0.2,0
1835,2,0.5,1
1835,14,0.5,0
1836,1,0.125,1
1836,2,0.125,0
1836,5,0.125,0
1836,11,0.125,0
1836,12,0.125,0
1836,14,0.125,0
1836,16,0.125,0
1836,19,0.125,0
1837,2,0.166667,1
1837,5,0.166667,0
1837,11,0.166667,0
1837,14,0.166667,0
1837,16,0.166667,0
1837,19,0.166667,0
1838,11,1.0,1
1839,1,0.333333,1
1839,2,0.333333,0
1839,15,0.333333,0
1840,11,0.333333,1
1840,14,0.333333,0
1840,19,0.333333,0
1841,5,1.0,1
1842,11,1.0,1
1843,16,0.5,1
1843,19,0.5,0
1844,14,0.5,1
1844,19,0.5,0
1845,2,0.25,1
1845,5,0.25,0
1845,11,0.25,0
1845,19,0.25,0
1846,19,1.0,1
1847,16,0.5,1
1847,19,0.5,0
1848,1,0.25,1
1848,5,0.25,0
1848,11,0.25,0
1848,15,0.25,0
1849,5,0.25,1
1849,11,0.25,0
1849,16,0.25,0
1849,19,0.25,0
1850,2,0.333333,1
1850,16,0.333333,0
1850,19,0.333333,0
1851,2,0.333333,1
1851,11,0.333333,0
1851,14,0.333333,0
1852,11,0.5,1
1852,19,0.5,0
1853,11,0.5,1
1853,14,0.5,0
1854,11,0.25,1
1854,14,0.25,0
1854,16,0.25,0
1854,19,0.25,0
1855,2,0.25,1
1855,5,0.25,0
1855,11,0.25,0
1855,19,0.25,0
1856,1,0.333333,1
1856,11,0.333333,0
1856,14,0.333333,0
1857,14,0.5,1
1857,19,0.5,0
1858,11,0.5,1
1858,19,0.5,0
1859,1,0.333333,1
1859,11,0.333333,0
1859,16,0.333333,0
1860,11,0.333333,1
1860,14,0.333333,0
1860,16,0.333333,0
1861,15,0.333333,1
1861,16,0.333333,0
1861,18,0.333333,0
1862,1,0.333333,1
1862,2,0.333333,0
1862,11,0.333333,0
1863,5,0.5,1
1863,11,0.5,0
1864,2,0.333333,1
1864,5,0.333333,0
1864,11,0.333333,0
1865,19,1.0,1
1866,1,0.5,1
1866,11,0.5,0
1867,2,0.333333,1
1867,5,0.333333,0
1867,16,0.333333,0
1868,2,0.333333,1
1868,5,0.333333,0
1868,11,0.333333,0
1869,1,0.5,1
1869,7,0.5,0
1870,1,0.25,1
1870,5,0.25,0
1870,11,0.25,0
1870,18,0.25,0
1871,5,0.5,1
1871,11,0.5,0
1872,5,0.5,1
1872,11,0.5,0
1873,15,1.0,1
1874,1,0.142857,1
1874,2,0.142857,0
1874,5,0.142857,0
1874,11,0.142857,0
1874,14,0.142857,0
1874,19,0.142857,0
1874,7,0.142857,0
1875,1,0.166667,1
1875,2,0.166667,0
1875,5,0.166667,0
1875,11,0.166667,0
1875,14,0.166667,0
1875,16,0.166667,0
1876,1,0.25,1
1876,2,0.25,0
1876,11,0.25,0
1876,19,0.25,0
1877,1,0.5,1
1877,2,0.5,0
1878,1,1.0,1
1879,1,0.5,1
1879,11,0.5,0
1880,19,0.333333,1
1880,9,0.333333,0
1880,7,0.333333,0
1881,1,0.333333,1
1881,2,0.333333,0
1881,11,0.333333,0
1882,1,0.2,1
1882,2,0.2,0
1882,11,0.2,0
1882,16,0.2,0
1882,19,0.2,0
1883,1,0.5,1
1883,11,0.5,0
1884,2,1.0,1
1885,2,0.25,1
1885,5,0.25,0
1885,11,0.25,0
1885,19,0.25,0
1886,1,0.333333,1
1886,2,0.333333,0
1886,11,0.333333,0
1887,1,0.333333,1
1887,2,0.333333,0
1887,11,0.333333,0
1888,5,0.25,1
1888,11,0.25,0
1888,16,0.25,0
1888,7,0.25,0
1889,2,0.5,1
1889,11,0.5,0
1890,5,0.5,1
1890,11,0.5,0
1891,11,1.0,1
1892,5,0.333333,1
1892,11,0.333333,0
1892,19,0.333333,0
1893,2,0.333333,1
1893,5,0.333333,0
1893,11,0.333333,0
1894,1,1.0,1
1895,5,0.333333,1
1895,11,0.333333,0
1895,19,0.333333,0
1896,5,0.333333,1
1896,11,0.333333,0
1896,19,0.333333,0
1897,5,0.333333,1
1897,16,0.333333,0
1897,19,0.333333,0
1898,2,0.333333,1
1898,11,0.333333,0
1898,19,0.333333,0
1899,1,0.25,1
1899,2,0.25,0
1899,11,0.25,0
1899,14,0.25,0
1900,1,0.25,1
1900,2,0.25,0
1900,11,0.25,0
1900,14,0.25,0
1901,2,0.2,1
1901,5,0.2,0
1901,11,0.2,0
1901,14,0.2,0
1901,16,0.2,0
1902,16,0.5,1
1902,19,0.5,0
1903,1,0.333333,1
1903,2,0.333333,0
1903,11,0.333333,0
1904,5,0.333333,1
1904,11,0.333333,0
1904,19,0.333333,0
1905,2,0.333333,1
1905,11,0.333333,0
1905,16,0.333333,0
1906,16,0.5,1
1906,19,0.5,0
1907,1,0.2,1
1907,11,0.2,0
1907,15,0.2,0
1907,16,0.2,0
1907,18,0.2,0
1908,11,0.5,1
1908,19,0.5,0
1909,2,0.2,1
1909,5,0.2,0
1909,11,0.2,0
1909,14,0.2,0
1909,19,0.2,0
1910,5,1.0,1
1911,1,0.2,1
1911,2,0.2,0
1911,5,0.2,0
1911,11,0.2,0
1911,14,0.2,0
1912,2,0.25,1
1912,11,0.25,0
1912,16,0.25,0
1912,7,0.25,0
1913,1,0.5,1
1913,11,0.5,0
1914,11,0.5,1
1914,16,0.5,0
1915,2,0.333333,1
1915,11,0.333333,0
1915,14,0.333333,0
1916,1,0.2,1
1916,2,0.2,0
1916,11,0.2,0
1916,19,0.2,0
1916,9,0.2,0
1917,2,0.5,1
1917,5,0.5,0
1918,1,0.5,1
1918,14,0.5,0
1919,1,0.333333,1
1919,11,0.333333,0
1919,7,0.333333,0
1920,2,0.5,1
1920,11,0.5,0
1921,1,0.5,1
1921,11,0.5,0
1922,1,0.166667,1
1922,2,0.166667,0
1922,11,0.166667,0
1922,14,0.166667,0
1922,16,0.166667,0
1922,7,0.166667,0
1923,1,0.5,1
1923,11,0.5,0
1924,2,0.333333,1
1924,11,0.333333,0
1924,7,0.333333,0
1925,11,1.0,1
1926,1,0.333333,1
1926,11,0.333333,0
1926,18,0.333333,0
1927,2,0.333333,1
1927,5,0.333333,0
1927,11,0.333333,0
1928,1,0.5,1
1928,14,0.5,0
1929,1,0.5,1
1929,11,0.5,0
1930,2,0.5,1
1930,5,0.5,0
1931,1,0.333333,1
1931,2,0.333333,0
1931,14,0.333333,0
1932,1,0.25,1
1932,2,0.25,0
1932,5,0.25,0
1932,11,0.25,0
1933,1,0.25,1
1933,2,0.25,0
1933,11,0.25,0
1933,14,0.25,0
1934,16,1.0,1
1935,2,0.2,1
1935,11,0.2,0
1935,14,0.2,0
1935,19,0.2,0
1935,7,0.2,0
1936,14,0.5,1
1936,19,0.5,0
1937,1,0.333333,1
1937,2,0.333333,0
1937,11,0.333333,0
1938,2,0.333333,1
1938,5,0.333333,0
1938,11,0.333333,0
1939,14,1.0,1
1940,14,0.333333,1
1940,16,0.333333,0
1940,9,0.333333,0
1941,1,0.333333,1
1941,2,0.333333,0
1941,11,0.333333,0
1942,2,0.333333,1
1942,11,0.333333,0
1942,7,0.333333,0
1943,1,0.2,1
1943,2,0.2,0
1943,11,0.2,0
1943,12,0.2,0
1943,16,0.2,0
1944,1,0.5,1
1944,11,0.5,0
1945,5,0.25,1
1945,11,0.25,0
1945,16,0.25,0
1945,7,0.25,0
1946,1,0.25,1
1946,11,0.25,0
1946,14,0.25,0
1946,19,0.25,0
1947,5,0.333333,1
1947,11,0.333333,0
1947,16,0.333333,0
1948,1,0.25,1
1948,5,0.25,0
1948,11,0.25,0
1948,7,0.25,0
1949,5,0.25,1
1949,11,0.25,0
1949,16,0.25,0
1949,19,0.25,0
1950,11,0.333333,1
1950,14,0.333333,0
1950,19,0.333333,0
1951,15,0.333333,1
1951,16,0.333333,0
1951,18,0.333333,0
1952,2,0.333333,1
1952,11,0.333333,0
1952,14,0.333333,0
1953,1,0.2,1
1953,2,0.2,0
1953,5,0.2,0
1953,15,0.2,0
1953,18,0.2,0
1954,2,0.5,1
1954,11,0.5,0
1955,1,0.5,1
1955,11,0.5,0
1956,1,0.125,1
1956,2,0.125,0
1956,5,0.125,0
1956,11,0.125,0
1956,14,0.125,0
1956,16,0.125,0
1956,19,0.125,0
1956,7,0.125,0
1957,1,0.333333,1
1957,2,0.333333,0
1957,11,0.333333,0
1958,2,0.333333,1
1958,5,0.333333,0
1958,11,0.333333,0
1959,1,0.25,1
1959,12,0.25,0
1959,14,0.25,0
1959,9,0.25,0
1960,5,0.333333,1
1960,11,0.333333,0
1960,19,0.333333,0
1961,5,0.5,1
1961,7,0.5,0
1962,2,0.5,1
1962,16,0.5,0
1963,2,0.333333,1
1963,5,0.333333,0
1963,11,0.333333,0
1964,1,0.333333,1
1964,2,0.333333,0
1964,11,0.333333,0
1965,1,0.333333,1
1965,16,0.333333,0
1965,19,0.333333,0
1966,5,1.0,1
1967,5,0.5,1
1967,11,0.5,0
1968,2,0.333333,1
1968,5,0.333333,0
1968,11,0.333333,0
1969,1,0.25,1
1969,2,0.25,0
1969,5,0.25,0
1969,11,0.25,0
1970,16,1.0,1
1971,16,0.5,1
1971,19,0.5,0
1972,1,0.333333,1
1972,2,0.333333,0
1972,11,0.333333,0
1973,19,1.0,1
1974,11,0.333333,1
1974,14,0.333333,0
1974,16,0.333333,0
1975,1,0.166667,1
1975,5,0.166667,0
1975,11,0.166667,0
1975,14,0.166667,0
1975,19,0.166667,0
1975,7,0.166667,0
1976,5,0.2,1
1976,11,0.2,0
1976,14,0.2,0
1976,16,0.2,0
1976,19,0.2,0
1977,5,0.333333,1
1977,11,0.333333,0
1977,19,0.333333,0
1978,1,0.5,1
1978,11,0.5,0
1979,2,0.333333,1
1979,5,0.333333,0
1979,11,0.333333,0
1980,2,0.25,1
1980,5,0.25,0
1980,11,0.25,0
1980,19,0.25,0
1981,5,0.333333,1
1981,11,0.333333,0
1981,19,0.333333,0
1982,1,0.333333,1
1982,2,0.333333,0
1982,11,0.333333,0
1983,1,0.5,1
1983,2,0.5,0
1984,1,0.166667,1
1984,2,0.166667,0
1984,5,0.166667,0
1984,11,0.166667,0
1984,14,0.166667,0
1984,19,0.166667,0
1985,1,0.2,1
1985,2,0.2,0
1985,11,0.2,0
1985,14,0.2,0
1985,19,0.2,0
1986,2,0.25,1
1986,5,0.25,0
1986,9,0.25,0
1986,14,0.25,0
1987,1,0.2,1
1987,5,0.2,0
1987,11,0.2,0
1987,16,0.2,0
1987,18,0.2,0
1988,1,0.5,1
1988,11,0.5,0
1989,2,0.5,1
1989,11,0.5,0
1990,2,0.333333,1
1990,11,0.333333,0
1990,14,0.333333,0
1991,1,0.5,1
1991,2,0.5,0
1992,1,0.333333,1
1992,2,0.333333,0
1992,14,0.333333,0
1993,1,0.2,1
1993,2,0.2,0
1993,11,0.2,0
1993,14,0.2,0
1993,7,0.2,0
1994,1,0.142857,1
1994,2,0.142857,0
1994,5,0.142857,0
1994,12,0.142857,0
1994,16,0.142857,0
1994,18,0.142857,0
1994,7,0.142857,0
1995,1,0.5,1
1995,15,0.5,0
1996,1,1.0,1
1997,14,1.0,1
1998,11,0.333333,1
1998,19,0.333333,0
1998,9,0.333333,0
1999,1,0.333333,1
1999,2,0.333333,0
1999,11,0.333333,0
2000,15,1.0,1
2001,2,0.5,1
2001,16,0.5,0
2002,5,0.5,1
2002,11,0.5,0
2003,11,0.5,1
2003,19,0.5,0
2004,5,0.25,1
2004,11,0.25,0
2004,16,0.25,0
2004,19,0.25,0
2005,11,0.5,1
2005,14,0.5,0
2006,2,0.5,1
2006,11,0.5,0
2007,11,0.333333,1
2007,16,0.333333,0
2007,19,0.333333,0
2008,1,0.2,1
2008,2,0.2,0
2008,11,0.2,0
2008,12,0.2,0
2008,16,0.2,0
2009,1,0.333333,1
2009,2,0.333333,0
2009,11,0.333333,0
2010,1,0.25,1
2010,2,0.25,0
2010,5,0.25,0
2010,11,0.25,0
2011,2,0.333333,1
2011,5,0.333333,0
2011,11,0.333333,0
2012,14,0.333333,1
2012,16,0.333333,0
2012,19,0.333333,0
2013,2,0.25,1
2013,5,0.25,0
2013,11,0.25,0
2013,19,0.25,0
2014,1,0.5,1
2014,11,0.5,0
2015,2,0.333333,1
2015,5,0.333333,0
2015,11,0.333333,0
2016,1,0.2,1
2016,2,0.2,0
2016,5,0.2,0
2016,11,0.2,0
2016,18,0.2,0
2017,1,0.333333,1
2017,2,0.333333,0
2017,11,0.333333,0
2018,2,0.333333,1
2018,5,0.333333,0
2018,11,0.333333,0
2019,2,0.5,1
2019,11,0.5,0
2020,2,0.333333,1
2020,5,0.333333,0
2020,11,0.333333,0
2021,2,1.0,1
2022,15,0.5,1
2022,7,0.5,0
2023,11,0.333333,1
2023,16,0.333333,0
2023,7,0.333333,0
2024,2,0.5,1
2024,5,0.5,0
2025,5,0.25,1
2025,11,0.25,0
2025,14,0.25,0
2025,19,0.25,0
2026,1,0.25,1
2026,11,0.25,0
2026,16,0.25,0
2026,7,0.25,0
2027,5,0.333333,1
2027,11,0.333333,0
2027,19,0.333333,0
2028,1,0.25,1
2028,2,0.25,0
2028,5,0.25,0
2028,11,0.25,0
2029,11,0.333333,1
2029,15,0.333333,0
2029,16,0.333333,0
2030,1,0.333333,1
2030,2,0.333333,0
2030,11,0.333333,0
2031,5,0.25,1
2031,11,0.25,0
2031,16,0.25,0
2031,19,0.25,0
2032,5,0.5,1
2032,11,0.5,0
2033,1,0.333333,1
2033,2,0.333333,0
2033,11,0.333333,0
2034,1,0.333333,1
2034,2,0.333333,0
2034,11,0.333333,0
2035,1,0.333333,1
2035,11,0.333333,0
2035,7,0.333333,0
2036,2,0.5,1
2036,16,0.5,0
2037,1,0.125,1
2037,2,0.125,0
2037,5,0.125,0
2037,11,0.125,0
2037,14,0.125,0
2037,16,0.125,0
2037,18,0.125,0
2037,19,0.125,0
2038,2,0.5,1
2038,14,0.5,0
2039,1,0.25,1
2039,2,0.25,0
2039,11,0.25,0
2039,14,0.25,0
2040,14,0.5,1
2040,19,0.5,0
2041,2,0.5,1
2041,11,0.5,0
2042,2,0.25,1
2042,11,0.25,0
2042,14,0.25,0
2042,19,0.25,0
2043,2,0.333333,1
2043,9,0.333333,0
2043,11,0.333333,0
2044,5,0.333333,1
2044,14,0.333333,0
2044,16,0.333333,0
2045,1,0.5,1
2045,2,0.5,0
2046,1,0.2,1
2046,5,0.2,0
2046,11,0.2,0
2046,16,0.2,0
2046,19,0.2,0
2047,1,0.25,1
2047,2,0.25,0
2047,5,0.25,0
2047,11,0.25,0
2048,1,0.333333,1
2048,2,0.333333,0
2048,11,0.333333,0
2049,2,0.333333,1
2049,11,0.333333,0
2049,14,0.333333,0
2050,16,1.0,1
2051,5,0.5,1
2051,11,0.5,0
2052,5,0.25,1
2052,11,0.25,0
2052,15,0.25,0
2052,16,0.25,0
2053,1,0.25,1
2053,5,0.25,0
2053,11,0.25,0
2053,14,0.25,0
2054,2,0.333333,1
2054,11,0.333333,0
2054,7,0.333333,0
2055,2,1.0,1
2056,1,0.5,1
2056,11,0.5,0
2057,11,0.5,1
2057,19,0.5,0
2058,5,0.333333,1
2058,11,0.333333,0
2058,16,0.333333,0
2059,16,0.5,1
2059,7,0.5,0
2060,11,1.0,1
2061,11,0.5,1
2061,19,0.5,0
2062,19,1.0,1
2063,1,0.333333,1
2063,2,0.333333,0
2063,11,0.333333,0
2064,1,1.0,1
2065,11,0.5,1
2065,19,0.5,0
2066,2,0.142857,1
2066,5,0.142857,0
2066,11,0.142857,0
2066,14,0.142857,0
2066,16,0.142857,0
2066,19,0.142857,0
2066,7,0.142857,0
2067,11,0.333333,1
2067,14,0.333333,0
2067,16,0.333333,0
2068,5,0.25,1
2068,11,0.25,0
2068,16,0.25,0
2068,18,0.25,0
2069,5,0.333333,1
2069,11,0.333333,0
2069,19,0.333333,0
2070,1,0.2,1
2070,2,0.2,0
2070,5,0.2,0
2070,11,0.2,0
2070,16,0.2,0
2071,5,0.25,1
2071,11,0.25,0
2071,14,0.25,0
2071,19,0.25,0
2072,11,0.25,1
2072,16,0.25,0
2072,18,0.25,0
2072,19,0.25,0
2073,1,0.333333,1
2073,5,0.333333,0
2073,15,0.333333,0
2074,1,0.5,1
2074,14,0.5,0
2075,1,0.25,1
2075,11,0.25,0
2075,14,0.25,0
2075,19,0.25,0
2076,1,0.5,1
2076,2,0.5,0
2077,2,0.166667,1
2077,11,0.166667,0
2077,12,0.166667,0
2077,14,0.166667,0
2077,16,0.166667,0
2077,7,0.166667,0
2078,2,0.5,1
2078,11,0.5,0
2079,1,0.5,1
2079,2,0.5,0
2080,1,0.2,1
2080,2,0.2,0
2080,11,0.2,0
2080,14,0.2,0
2080,7,0.2,0
2081,1,0.333333,1
2081,2,0.333333,0
2081,11,0.333333,0
2082,1,0.5,1
2082,11,0.5,0
2083,2,1.0,1
2084,5,0.5,1
2084,16,0.5,0
2085,1,0.333333,1
2085,5,0.333333,0
2085,11,0.333333,0
2086,1,0.5,1
2086,16,0.5,0
2087,11,1.0,1
2088,2,0.333333,1
2088,5,0.333333,0
2088,11,0.333333,0
2089,2,0.5,1
2089,11,0.5,0
2090,5,0.2,1
2090,11,0.2,0
2090,14,0.2,0
2090,16,0.2,0
2090,7,0.2,0
2091,5,1.0,1
2092,5,0.2,1
2092,11,0.2,0
2092,16,0.2,0
2092,19,0.2,0
2092,7,0.2,0
2093,5,0.333333,1
2093,11,0.333333,0
2093,16,0.333333,0
2094,5,0.25,1
2094,11,0.25,0
2094,16,0.25,0
2094,9,0.25,0
2095,2,0.25,1
2095,11,0.25,0
2095,14,0.25,0
2095,19,0.25,0
2096,11,0.5,1
2096,16,0.5,0
2097,2,0.333333,1
2097,14,0.333333,0
2097,19,0.333333,0
2098,1,0.333333,1
2098,2,0.333333,0
2098,11,0.333333,0
2099,5,0.333333,1
2099,11,0.333333,0
2099,19,0.333333,0
2100,2,0.25,1
2100,5,0.25,0
2100,11,0.25,0
2100,14,0.25,0
2101,5,0.333333,1
2101,11,0.333333,0
2101,19,0.333333,0
2102,2,1.0,1
2103,11,0.333333,1
2103,14,0.333333,0
2103,19,0.333333,0
2104,2,0.333333,1
2104,5,0.333333,0
2104,11,0.333333,0
2105,14,1.0,1
2106,2,0.333333,1
2106,11,0.333333,0
2106,16,0.333333,0
2107,1,0.333333,1
2107,2,0.333333,0
2107,14,0.333333,0
2108,2,0.25,1
2108,5,0.25,0
2108,11,0.25,0
2108,14,0.25,0
2109,1,0.25,1
2109,5,0.25,0
2109,19,0.25,0
2109,7,0.25,0
2110,5,0.2,1
2110,11,0.2,0
2110,16,0.2,0
2110,18,0.2,0
2110,19,0.2,0
2111,1,0.166667,1
2111,2,0.166667,0
2111,5,0.166667,0
2111,11,0.166667,0
2111,16,0.166667,0
2111,7,0.166667,0
2112,1,0.2,1
2112,2,0.2,0
2112,5,0.2,0
2112,11,0.2,0
2112,14,0.2,0
2113,1,0.5,1
2113,11,0.5,0
2114,14,1.0,1
2115,1,0.25,1
2115,11,0.25,0
2115,14,0.25,0
2115,16,0.25,0
2116,11,1.0,1
2117,5,0.333333,1
2117,11,0.333333,0
2117,9,0.333333,0
2118,11,0.5,1
2118,19,0.5,0
2119,11,0.5,1
2119,19,0.5,0
2120,5,0.25,1
2120,11,0.25,0
2120,14,0.25,0
2120,16,0.25,0
2121,2,0.5,1
2121,5,0.5,0
2122,1,0.5,1
2122,14,0.5,0
2123,1,0.5,1
2123,11,0.5,0
2124,2,0.25,1
2124,11,0.25,0
2124,14,0.25,0
2124,19,0.25,0
2125,5,0.5,1
2125,16,0.5,0
2126,2,0.2,1
2126,5,0.2,0
2126,11,0.2,0
2126,14,0.2,0
2126,19,0.2,0
2127,5,0.333333,1
2127,11,0.333333,0
2127,19,0.333333,0
2128,1,0.333333,1
2128,11,0.333333,0
2128,14,0.333333,0
2129,5,0.333333,1
2129,11,0.333333,0
2129,16,0.333333,0
2130,5,0.333333,1
2130,11,0.333333,0
2130,19,0.333333,0
2131,5,0.333333,1
2131,11,0.333333,0
2131,16,0.333333,0
2132,2,0.5,1
2132,5,0.5,0
2133,2,0.25,1
2133,5,0.25,0
2133,11,0.25,0
2133,14,0.25,0
2134,5,1.0,1
2135,5,0.333333,1
2135,11,0.333333,0
2135,16,0.333333,0
2136,2,0.5,1
2136,14,0.5,0
2137,5,0.333333,1
2137,11,0.333333,0
2137,18,0.333333,0
2138,2,0.333333,1
2138,14,0.333333,0
2138,19,0.333333,0
2139,1,0.5,1
2139,11,0.5,0
2140,1,0.2,1
2140,2,0.2,0
2140,5,0.2,0
2140,11,0.2,0
2140,16,0.2,0
2141,1,0.5,1
2141,11,0.5,0
2142,5,0.5,1
2142,11,0.5,0
2143,11,1.0,1
2144,1,0.333333,1
2144,2,0.333333,0
2144,11,0.333333,0
2145,2,0.333333,1
2145,5,0.333333,0
2145,11,0.333333,0
2146,2,0.25,1
2146,5,0.25,0
2146,11,0.25,0
2146,16,0.25,0
2147,11,0.5,1
2147,15,0.5,0
2148,1,0.333333,1
2148,5,0.333333,0
2148,11,0.333333,0
2149,1,1.0,1
2150,5,0.5,1
2150,11,0.5,0
2151,1,0.142857,1
2151,2,0.142857,0
2151,5,0.142857,0
2151,11,0.142857,0
2151,14,0.142857,0
2151,16,0.142857,0
2151,19,0.142857,0
2152,1,0.333333,1
2152,2,0.333333,0
2152,11,0.333333,0
2153,14,1.0,1
2154,16,0.5,1
2154,19,0.5,0
2155,1,0.5,1
2155,2,0.5,0
2156,2,0.5,1
2156,11,0.5,0
2157,1,0.25,1
2157,2,0.25,0
2157,11,0.25,0
2157,14,0.25,0
2158,1,0.333333,1
2158,15,0.333333,0
2158,18,0.333333,0
2159,1,0.25,1
2159,2,0.25,0
2159,5,0.25,0
2159,11,0.25,0
2160,14,0.333333,1
2160,16,0.333333,0
2160,19,0.333333,0
2161,1,0.333333,1
2161,2,0.333333,0
2161,11,0.333333,0
2162,1,0.5,1
2162,2,0.5,0
2163,11,1.0,1
2164,5,0.25,1
2164,11,0.25,0
2164,16,0.25,0
2164,19,0.25,0
2165,11,1.0,1
2166,1,0.25,1
2166,2,0.25,0
2166,11,0.25,0
2166,16,0.25,0
2167,1,0.2,1
2167,2,0.2,0
2167,5,0.2,0
2167,11,0.2,0
2167,15,0.2,0
2168,2,0.5,1
2168,11,0.5,0
2169,2,0.5,1
2169,5,0.5,0
2170,1,0.25,1
2170,2,0.25,0
2170,5,0.25,0
2170,11,0.25,0
2171,11,1.0,1
2172,5,0.333333,1
2172,11,0.333333,0
2172,16,0.333333,0
2173,1,0.333333,1
2173,5,0.333333,0
2173,11,0.333333,0
2174,2,0.5,1
2174,11,0.5,0
2175,11,0.333333,1
2175,16,0.333333,0
2175,19,0.333333,0
2176,1,0.333333,1
2176,2,0.333333,0
2176,11,0.333333,0
2177,2,0.25,1
2177,5,0.25,0
2177,11,0.25,0
2177,16,0.25,0
2178,1,0.2,1
2178,2,0.2,0
2178,11,0.2,0
2178,14,0.2,0
2178,7,0.2,0
2179,1,0.333333,1
2179,2,0.333333,0
2179,11,0.333333,0
2180,1,0.25,1
2180,2,0.25,0
2180,11,0.25,0
2180,14,0.25,0
2181,5,0.5,1
2181,16,0.5,0
2182,2,0.5,1
2182,11,0.5,0
2183,11,0.5,1
2183,14,0.5,0
2184,2,0.333333,1
2184,5,0.333333,0
2184,11,0.333333,0
2185,1,0.333333,1
2185,2,0.333333,0
2185,11,0.333333,0
2186,1,1.0,1
2187,1,0.25,1
2187,16,0.25,0
2187,19,0.25,0
2187,7,0.25,0
2188,5,0.25,1
2188,15,0.25,0
2188,16,0.25,0
2188,18,0.25,0
2189,1,0.333333,1
2189,5,0.333333,0
2189,11,0.333333,0
2190,2,0.5,1
2190,11,0.5,0
2191,1,0.333333,1
2191,2,0.333333,0
2191,11,0.333333,0
2192,5,0.333333,1
2192,11,0.333333,0
2192,19,0.333333,0
2193,11,1.0,1
2194,5,1.0,1
2195,1,0.2,1
2195,2,0.2,0
2195,5,0.2,0
2195,11,0.2,0
2195,16,0.2,0
2196,1,0.333333,1
2196,2,0.333333,0
2196,11,0.333333,0
2197,11,0.5,1
2197,19,0.5,0
2198,1,0.5,1
2198,2,0.5,0
2199,1,0.333333,1
2199,2,0.333333,0
2199,11,0.333333,0
2200,1,0.2,1
2200,5,0.2,0
2200,11,0.2,0
2200,15,0.2,0
2200,16,0.2,0
2201,2,0.333333,1
2201,5,0.333333,0
2201,11,0.333333,0
2202,11,0.333333,1
2202,15,0.333333,0
2202,7,0.333333,0
2203,16,1.0,1
2204,11,0.333333,1
2204,16,0.333333,0
2204,19,0.333333,0
2205,1,0.166667,1
2205,2,0.166667,0
2205,11,0.166667,0
2205,14,0.166667,0
2205,16,0.166667,0
2205,19,0.166667,0
2206,1,1.0,1
2207,2,0.333333,1
2207,11,0.333333,0
2207,19,0.333333,0
2208,1,0.25,1
2208,2,0.25,0
2208,5,0.25,0
2208,11,0.25,0
2209,1,0.5,1
2209,11,0.5,0
2210,2,0.333333,1
2210,5,0.333333,0
2210,11,0.333333,0
2211,2,0.25,1
2211,5,0.25,0
2211,11,0.25,0
2211,9,0.25,0
2212,1,0.25,1
2212,5,0.25,0
2212,15,0.25,0
2212,18,0.25,0
2213,1,1.0,1
2214,1,0.333333,1
2214,11,0.333333,0
2214,14,0.333333,0
2215,2,1.0,1
2216,1,0.333333,1
2216,2,0.333333,0
2216,9,0.333333,0
2217,5,1.0,1
2218,2,0.5,1
2218,11,0.5,0
2219,2,0.5,1
2219,5,0.5,0
2220,2,0.333333,1
2220,14,0.333333,0
2220,19,0.333333,0
2221,2,0.166667,1
2221,11,0.166667,0
2221,14,0.166667,0
2221,16,0.166667,0
2221,19,0.166667,0
2221,7,0.166667,0
2222,1,0.333333,1
2222,2,0.333333,0
2222,11,0.333333,0
2223,1,1.0,1
2224,1,0.333333,1
2224,2,0.333333,0
2224,11,0.333333,0
2225,1,0.333333,1
2225,11,0.333333,0
2225,16,0.333333,0
2226,14,1.0,1
2227,1,0.2,1
2227,2,0.2,0
2227,5,0.2,0
2227,11,0.2,0
2227,19,0.2,0
2228,1,0.2,1
2228,2,0.2,0
2228,11,0.2,0
2228,14,0.2,0
2228,7,0.2,0
2229,1,0.25,1
2229,2,0.25,0
2229,11,0.25,0
2229,16,0.25,0
2230,1,0.25,1
2230,2,0.25,0
2230,5,0.25,0
2230,11,0.25,0
2231,5,1.0,1
2232,1,0.142857,1
2232,5,0.142857,0
2232,11,0.142857,0
2232,12,0.142857,0
2232,14,0.142857,0
2232,16,0.142857,0
2232,19,0.142857,0
2233,1,0.25,1
2233,2,0.25,0
2233,5,0.25,0
2233,11,0.25,0
2234,1,0.333333,1
2234,2,0.333333,0
2234,11,0.333333,0
2235,1,0.25,1
2235,11,0.25,0
2235,15,0.25,0
2235,19,0.25,0
2236,11,0.333333,1
2236,14,0.333333,0
2236,19,0.333333,0
2237,1,0.333333,1
2237,2,0.333333,0
2237,11,0.333333,0
2238,2,0.5,1
2238,11,0.5,0
2239,1,0.1,1
2239,11,0.1,0
2239,9,0.1,0
2239,3,0.1,0
2239,6,0.1,0
2239,8,0.1,0
2239,13,0.1,0
2239,17,0.1,0
2239,20,0.1,0
2239,10,0.1,0
2240,15,1.0,1
2241,5,0.333333,1
2241,11,0.333333,0
2241,14,0.333333,0
2242,11,0.5,1
2242,16,0.5,0
2243,1,0.333333,1
2243,2,0.333333,0
2243,11,0.333333,0
2244,5,0.333333,1
2244,11,0.333333,0
2244,16,0.333333,0
2245,1,0.333333,1
2245,5,0.333333,0
2245,11,0.333333,0
2246,5,0.333333,1
2246,11,0.333333,0
2246,19,0.333333,0
2247,16,0.5,1
2247,19,0.5,0
2248,1,0.25,1
2248,2,0.25,0
2248,11,0.25,0
2248,14,0.25,0
2249,1,0.333333,1
2249,11,0.333333,0
2249,7,0.333333,0
2250,2,0.333333,1
2250,5,0.333333,0
2250,11,0.333333,0
2251,5,0.25,1
2251,11,0.25,0
2251,14,0.25,0
2251,16,0.25,0
2252,15,0.5,1
2252,16,0.5,0
2253,2,0.333333,1
2253,14,0.333333,0
2253,19,0.333333,0
2254,1,0.2,1
2254,5,0.2,0
2254,11,0.2,0
2254,16,0.2,0
2254,19,0.2,0
2255,2,1.0,1
2256,5,0.333333,1
2256,11,0.333333,0
2256,16,0.333333,0
2257,5,0.5,1
2257,11,0.5,0
2258,1,0.333333,1
2258,2,0.333333,0
2258,11,0.333333,0
2259,11,0.333333,1
2259,14,0.333333,0
2259,19,0.333333,0
2260,1,0.25,1
2260,5,0.25,0
2260,11,0.25,0
2260,16,0.25,0
2261,11,0.333333,1
2261,14,0.333333,0
2261,19,0.333333,0
2262,1,0.25,1
2262,2,0.25,0
2262,5,0.25,0
2262,11,0.25,0
2263,1,0.333333,1
2263,2,0.333333,0
2263,11,0.333333,0
2264,11,1.0,1
2265,5,0.333333,1
2265,11,0.333333,0
2265,19,0.333333,0
2266,1,0.333333,1
2266,16,0.333333,0
2266,18,0.333333,0
2267,2,0.5,1
2267,11,0.5,0
2268,1,0.5,1
2268,11,0.5,0
2269,2,0.5,1
2269,11,0.5,0
2270,1,0.166667,1
2270,2,0.166667,0
2270,11,0.166667,0
2270,15,0.166667,0
2270,16,0.166667,0
2270,18,0.166667,0
2271,14,1.0,1
2272,16,1.0,1
2273,5,0.5,1
2273,16,0.5,0
2274,11,0.5,1
2274,16,0.5,0
2275,2,1.0,1
2276,16,1.0,1
2277,2,0.333333,1
2277,5,0.333333,0
2277,11,0.333333,0
2278,16,0.333333,1
2278,18,0.333333,0
2278,19,0.333333,0
2279,2,0.5,1
2279,11,0.5,0
2280,1,0.5,1
2280,15,0.5,0
2281,2,0.333333,1
2281,5,0.333333,0
2281,11,0.333333,0
2282,14,1.0,1
2283,1,0.333333,1
2283,2,0.333333,0
2283,11,0.333333,0
2284,1,1.0,1
2285,2,0.25,1
2285,5,0.25,0
2285,11,0.25,0
2285,19,0.25,0
2286,11,0.2,1
2286,15,0.2,0
2286,16,0.2,0
2286,18,0.2,0
2286,19,0.2,0
2287,1,0.25,1
2287,5,0.25,0
2287,11,0.25,0
2287,19,0.25,0
2288,5,0.5,1
2288,11,0.5,0
2289,1,1.0,1
2290,1,0.25,1
2290,2,0.25,0
2290,11,0.25,0
2290,19,0.25,0
2291,5,0.2,1
2291,11,0.2,0
2291,14,0.2,0
2291,16,0.2,0
2291,19,0.2,0
2292,1,0.25,1
2292,2,0.25,0
2292,5,0.25,0
2292,11,0.25,0
2293,1,0.333333,1
2293,2,0.333333,0
2293,11,0.333333,0
2294,1,0.5,1
2294,11,0.5,0
2295,5,0.333333,1
2295,11,0.333333,0
2295,16,0.333333,0
2296,2,0.25,1
2296,5,0.25,0
2296,11,0.25,0
2296,16,0.25,0
2297,11,0.333333,1
2297,16,0.333333,0
2297,7,0.333333,0
2298,1,0.2,1
2298,2,0.2,0
2298,11,0.2,0
2298,14,0.2,0
2298,7,0.2,0
2299,5,0.333333,1
2299,11,0.333333,0
2299,9,0.333333,0
2300,11,0.5,1
2300,19,0.5,0
2301,1,0.25,1
2301,11,0.25,0
2301,16,0.25,0
2301,19,0.25,0
2302,1,0.5,1
2302,11,0.5,0
2303,14,1.0,1
2304,1,0.333333,1
2304,12,0.333333,0
2304,7,0.333333,0
2305,1,0.333333,1
2305,2,0.333333,0
2305,11,0.333333,0
2306,2,0.5,1
2306,14,0.5,0
2307,2,0.5,1
2307,11,0.5,0
2308,1,0.25,1
2308,2,0.25,0
2308,11,0.25,0
2308,14,0.25,0
2309,1,0.333333,1
2309,2,0.333333,0
2309,11,0.333333,0
2310,14,1.0,1
2311,11,0.5,1
2311,19,0.5,0
2312,2,0.333333,1
2312,14,0.333333,0
2312,7,0.333333,0
2313,1,0.2,1
2313,2,0.2,0
2313,5,0.2,0
2313,11,0.2,0
2313,16,0.2,0
2314,5,0.333333,1
2314,11,0.333333,0
2314,16,0.333333,0
2315,2,0.333333,1
2315,5,0.333333,0
2315,11,0.333333,0
2316,1,0.25,1
2316,2,0.25,0
2316,11,0.25,0
2316,14,0.25,0
2317,2,0.333333,1
2317,11,0.333333,0
2317,14,0.333333,0
2318,5,0.5,1
2318,11,0.5,0
2319,2,0.25,1
2319,5,0.25,0
2319,11,0.25,0
2319,19,0.25,0
2320,5,1.0,1
2321,5,0.333333,1
2321,11,0.333333,0
2321,9,0.333333,0
2322,2,0.2,1
2322,5,0.2,0
2322,11,0.2,0
2322,14,0.2,0
2322,16,0.2,0
2323,11,0.5,1
2323,19,0.5,0
2324,19,1.0,1
2325,11,0.5,1
2325,14,0.5,0
2326,2,0.5,1
2326,11,0.5,0
2327,5,0.25,1
2327,11,0.25,0
2327,16,0.25,0
2327,19,0.25,0
2328,2,0.5,1
2328,14,0.5,0
2329,1,0.25,1
2329,11,0.25,0
2329,16,0.25,0
2329,7,0.25,0
2330,11,0.5,1
2330,16,0.5,0
2331,2,0.5,1
2331,14,0.5,0
2332,11,0.5,1
2332,19,0.5,0
2333,2,0.25,1
2333,5,0.25,0
2333,11,0.25,0
2333,14,0.25,0
2334,1,0.25,1
2334,2,0.25,0
2334,5,0.25,0
2334,11,0.25,0
2335,5,1.0,1
2336,2,0.5,1
2336,11,0.5,0
2337,16,0.5,1
2337,19,0.5,0
2338,1,0.5,1
2338,11,0.5,0
2339,1,0.333333,1
2339,5,0.333333,0
2339,18,0.333333,0
2340,1,0.5,1
2340,15,0.5,0
2341,11,0.5,1
2341,15,0.5,0
2342,1,0.25,1
2342,14,0.25,0
2342,16,0.25,0
2342,19,0.25,0
2343,1,0.25,1
2343,2,0.25,0
2343,11,0.25,0
2343,14,0.25,0
2344,14,0.5,1
2344,19,0.5,0
2345,5,0.5,1
2345,11,0.5,0
2346,11,0.25,1
2346,16,0.25,0
2346,18,0.25,0
2346,19,0.25,0
2347,5,0.333333,1
2347,16,0.333333,0
2347,18,0.333333,0
2348,5,0.111111,1
2348,11,0.111111,0
2348,14,0.111111,0
2348,16,0.111111,0
2348,6,0.111111,0
2348,8,0.111111,0
2348,17,0.111111,0
2348,20,0.111111,0
2348,10,0.111111,0
2349,5,1.0,1
2350,11,0.2,1
2350,14,0.2,0
2350,16,0.2,0
2350,19,0.2,0
2350,7,0.2,0
2351,11,0.5,1
2351,19,0.5,0
2352,1,0.333333,1
2352,2,0.333333,0
2352,5,0.333333,0
2353,1,0.5,1
2353,11,0.5,0
2354,1,1.0,1
2355,11,0.25,1
2355,16,0.25,0
2355,18,0.25,0
2355,19,0.25,0
2356,1,0.2,1
2356,2,0.2,0
2356,11,0.2,0
2356,14,0.2,0
2356,16,0.2,0
2357,2,0.5,1
2357,11,0.5,0
2358,1,0.25,1
2358,2,0.25,0
2358,11,0.25,0
2358,19,0.25,0
2359,2,0.25,1
2359,11,0.25,0
2359,14,0.25,0
2359,16,0.25,0
2360,2,0.333333,1
2360,5,0.333333,0
2360,11,0.333333,0
2361,1,1.0,1
2362,2,0.25,1
2362,14,0.25,0
2362,16,0.25,0
2362,19,0.25,0
2363,1,0.5,1
2363,11,0.5,0
2364,1,1.0,1
2365,1,0.25,1
2365,11,0.25,0
2365,14,0.25,0
2365,16,0.25,0
2366,5,0.5,1
2366,16,0.5,0
2367,1,0.2,1
2367,2,0.2,0
2367,5,0.2,0
2367,11,0.2,0
2367,16,0.2,0
2368,5,0.333333,1
2368,11,0.333333,0
2368,9,0.333333,0
2369,11,0.333333,1
2369,15,0.333333,0
2369,16,0.333333,0
2370,1,0.5,1
2370,14,0.5,0
2371,1,0.5,1
2371,14,0.5,0
2372,1,0.5,1
2372,11,0.5,0
2373,11,0.5,1
2373,14,0.5,0
2374,5,0.5,1
2374,11,0.5,0
2375,2,0.333333,1
2375,11,0.333333,0
2375,14,0.333333,0
2376,1,0.333333,1
2376,2,0.333333,0
2376,11,0.333333,0
2377,5,0.5,1
2377,16,0.5,0
2378,1,0.2,1
2378,2,0.2,0
2378,5,0.2,0
2378,11,0.2,0
2378,14,0.2,0
2379,5,0.5,1
2379,11,0.5,0
2380,2,0.2,1
2380,5,0.2,0
2380,11,0.2,0
2380,16,0.2,0
2380,7,0.2,0
2381,1,0.5,1
2381,11,0.5,0
2382,11,0.25,1
2382,6,0.25,0
2382,13,0.25,0
2382,20,0.25,0
2383,1,1.0,1
2384,5,0.25,1
2384,11,0.25,0
2384,16,0.25,0
2384,19,0.25,0
2385,5,0.333333,1
2385,11,0.333333,0
2385,14,0.333333,0
2386,2,0.5,1
2386,5,0.5,0
2387,5,0.25,1
2387,11,0.25,0
2387,14,0.25,0
2387,16,0.25,0
2388,1,0.5,1
2388,11,0.5,0
2389,5,0.333333,1
2389,16,0.333333,0
2389,18,0.333333,0
2390,1,0.333333,1
2390,2,0.333333,0
2390,11,0.333333,0
2391,1,0.2,1
2391,2,0.2,0
2391,11,0.2,0
2391,14,0.2,0
2391,19,0.2,0
2392,1,0.2,1
2392,5,0.2,0
2392,11,0.2,0
2392,12,0.2,0
2392,19,0.2,0
2393,1,0.5,1
2393,2,0.5,0
2394,1,0.333333,1
2394,2,0.333333,0
2394,11,0.333333,0
2395,5,0.333333,1
2395,11,0.333333,0
2395,19,0.333333,0
2396,2,0.25,1
2396,11,0.25,0
2396,14,0.25,0
2396,9,0.25,0
2397,2,0.5,1
2397,11,0.5,0
2398,1,0.25,1
2398,2,0.25,0
2398,11,0.25,0
2398,14,0.25,0
2399,5,0.5,1
2399,11,0.5,0
2400,2,0.333333,1
2400,5,0.333333,0
2400,11,0.333333,0
2401,1,0.142857,1
2401,2,0.142857,0
2401,5,0.142857,0
2401,11,0.142857,0
2401,14,0.142857,0
2401,16,0.142857,0
2401,18,0.142857,0
2402,2,0.333333,1
2402,5,0.333333,0
2402,11,0.333333,0
2403,2,1.0,1
2404,5,0.333333,1
2404,11,0.333333,0
2404,16,0.333333,0
2405,1,0.5,1
2405,11,0.5,0
2406,2,0.25,1
2406,11,0.25,0
2406,14,0.25,0
2406,19,0.25,0
2407,1,0.5,1
2407,14,0.5,0
2408,2,0.333333,1
2408,5,0.333333,0
2408,11,0.333333,0
2409,1,0.333333,1
2409,2,0.333333,0
2409,14,0.333333,0
2410,1,0.2,1
2410,5,0.2,0
2410,11,0.2,0
2410,16,0.2,0
2410,19,0.2,0
2411,2,0.333333,1
2411,5,0.333333,0
2411,11,0.333333,0
2412,5,0.5,1
2412,11,0.5,0
2413,1,0.2,1
2413,5,0.2,0
2413,11,0.2,0
2413,14,0.2,0
2413,7,0.2,0
2414,5,0.333333,1
2414,11,0.333333,0
2414,19,0.333333,0
2415,5,0.5,1
2415,11,0.5,0
2416,11,0.333333,1
2416,14,0.333333,0
2416,19,0.333333,0
2417,5,0.166667,1
2417,11,0.166667,0
2417,14,0.166667,0
2417,16,0.166667,0
2417,19,0.166667,0
2417,7,0.166667,0
2418,1,0.333333,1
2418,2,0.333333,0
2418,11,0.333333,0
2419,2,0.333333,1
2419,5,0.333333,0
2419,11,0.333333,0
2420,2,0.25,1
2420,11,0.25,0
2420,14,0.25,0
2420,19,0.25,0
2421,5,0.333333,1
2421,11,0.333333,0
2421,16,0.333333,0
2422,1,0.5,1
2422,11,0.5,0
2423,1,0.2,1
2423,2,0.2,0
2423,5,0.2,0
2423,11,0.2,0
2423,16,0.2,0
2424,2,0.333333,1
2424,5,0.333333,0
2424,19,0.333333,0
2425,5,0.25,1
2425,11,0.25,0
2425,16,0.25,0
2425,19,0.25,0
2426,5,0.333333,1
2426,11,0.333333,0
2426,16,0.333333,0
2427,11,0.333333,1
2427,16,0.333333,0
2427,19,0.333333,0
2428,1,0.333333,1
2428,11,0.333333,0
2428,14,0.333333,0
2429,11,0.5,1
2429,19,0.5,0
2430,5,0.333333,1
2430,11,0.333333,0
2430,19,0.333333,0
2431,11,1.0,1
2432,7,1.0,1
2433,5,0.333333,1
2433,14,0.333333,0
2433,19,0.333333,0
2434,11,1.0,1
2435,2,0.333333,1
2435,5,0.333333,0
2435,11,0.333333,0
2436,2,0.5,1
2436,11,0.5,0
2437,1,0.2,1
2437,2,0.2,0
2437,5,0.2,0
2437,11,0.2,0
2437,16,0.2,0
2438,1,0.5,1
2438,11,0.5,0
2439,11,0.5,1
2439,19,0.5,0
2440,14,1.0,1
2441,2,0.5,1
2441,16,0.5,0
2442,2,0.333333,1
2442,11,0.333333,0
2442,14,0.333333,0
2443,5,0.5,1
2443,11,0.5,0
2444,16,0.333333,1
2444,18,0.333333,0
2444,19,0.333333,0
2445,1,0.5,1
2445,11,0.5,0
2446,14,1.0,1
2447,5,0.25,1
2447,14,0.25,0
2447,16,0.25,0
2447,19,0.25,0
2448,2,0.333333,1
2448,11,0.333333,0
2448,14,0.333333,0
2449,1,0.25,1
2449,2,0.25,0
2449,11,0.25,0
2449,16,0.25,0
2450,5,0.5,1
2450,11,0.5,0
2451,2,0.5,1
2451,5,0.5,0
2452,1,0.333333,1
2452,11,0.333333,0
2452,16,0.333333,0
2453,1,0.25,1
2453,11,0.25,0
2453,19,0.25,0
2453,9,0.25,0
2454,1,0.5,1
2454,11,0.5,0
2455,2,0.5,1
2455,11,0.5,0
2456,11,0.5,1
2456,19,0.5,0
2457,16,0.5,1
2457,19,0.5,0
2458,1,0.2,1
2458,2,0.2,0
2458,5,0.2,0
2458,11,0.2,0
2458,19,0.2,0
2459,1,0.25,1
2459,5,0.25,0
2459,11,0.25,0
2459,14,0.25,0
2460,2,0.5,1
2460,11,0.5,0
2461,2,0.5,1
2461,5,0.5,0
2462,16,0.5,1
2462,19,0.5,0
2463,5,0.333333,1
2463,11,0.333333,0
2463,16,0.333333,0
2464,5,0.333333,1
2464,11,0.333333,0
2464,19,0.333333,0
2465,5,0.333333,1
2465,11,0.333333,0
2465,19,0.333333,0
2466,2,0.333333,1
2466,11,0.333333,0
2466,14,0.333333,0
2467,1,0.5,1
2467,11,0.5,0
2468,1,0.2,1
2468,2,0.2,0
2468,5,0.2,0
2468,11,0.2,0
2468,14,0.2,0
2469,1,0.2,1
2469,8,0.2,0
2469,17,0.2,0
2469,20,0.2,0
2469,21,0.2,0
2470,5,1.0,1
2471,1,0.333333,1
2471,11,0.333333,0
2471,7,0.333333,0
2472,19,0.5,1
2472,7,0.5,0
2473,14,1.0,1
2474,5,1.0,1
2475,2,1.0,1
2476,2,0.25,1
2476,5,0.25,0
2476,11,0.25,0
2476,14,0.25,0
2477,1,1.0,1
2478,1,1.0,1
2479,2,0.25,1
2479,5,0.25,0
2479,11,0.25,0
2479,19,0.25,0
2480,5,0.5,1
2480,11,0.5,0
2481,11,0.5,1
2481,7,0.5,0
2482,1,0.2,1
2482,2,0.2,0
2482,5,0.2,0
2482,11,0.2,0
2482,18,0.2,0
2483,5,0.333333,1
2483,16,0.333333,0
2483,19,0.333333,0
2484,1,0.5,1
2484,14,0.5,0
2485,1,0.333333,1
2485,2,0.333333,0
2485,11,0.333333,0
2486,11,0.333333,1
2486,16,0.333333,0
2486,19,0.333333,0
2487,11,0.333333,1
2487,14,0.333333,0
2487,19,0.333333,0
2488,1,0.25,1
2488,2,0.25,0
2488,11,0.25,0
2488,16,0.25,0
2489,1,0.333333,1
2489,2,0.333333,0
2489,14,0.333333,0
2490,1,0.2,1
2490,2,0.2,0
2490,5,0.2,0
2490,11,0.2,0
2490,16,0.2,0
2491,2,0.2,1
2491,5,0.2,0
2491,11,0.2,0
2491,14,0.2,0
2491,16,0.2,0
2492,18,1.0,1
2493,5,0.25,1
2493,11,0.25,0
2493,16,0.25,0
2493,19,0.25,0
2494,14,0.5,1
2494,19,0.5,0
2495,1,0.25,1
2495,2,0.25,0
2495,11,0.25,0
2495,14,0.25,0
2496,1,0.2,1
2496,2,0.2,0
2496,5,0.2,0
2496,11,0.2,0
2496,16,0.2,0
2497,2,0.25,1
2497,5,0.25,0
2497,11,0.25,0
2497,16,0.25,0
2498,5,0.5,1
2498,11,0.5,0
2499,14,1.0,1
2500,1,0.333333,1
2500,5,0.333333,0
2500,11,0.333333,0
2501,2,1.0,1
2502,5,0.5,1
2502,11,0.5,0
2503,5,0.333333,1
2503,11,0.333333,0
2503,19,0.333333,0
2504,1,0.333333,1
2504,5,0.333333,0
2504,11,0.333333,0
2505,11,0.5,1
2505,19,0.5,0
2506,2,0.5,1
2506,19,0.5,0
2507,1,0.333333,1
2507,11,0.333333,0
2507,14,0.333333,0
2508,5,0.333333,1
2508,11,0.333333,0
2508,14,0.333333,0
2509,2,0.333333,1
2509,11,0.333333,0
2509,14,0.333333,0
2510,1,1.0,1
2511,1,0.333333,1
2511,5,0.333333,0
2511,11,0.333333,0
2512,1,0.2,1
2512,5,0.2,0
2512,11,0.2,0
2512,14,0.2,0
2512,7,0.2,0
2513,1,0.333333,1
2513,2,0.333333,0
2513,11,0.333333,0
2514,1,0.5,1
2514,11,0.5,0
2515,11,0.5,1
2515,16,0.5,0
2516,1,0.2,1
2516,2,0.2,0
2516,11,0.2,0
2516,16,0.2,0
2516,19,0.2,0
2517,1,0.25,1
2517,2,0.25,0
2517,11,0.25,0
2517,14,0.25,0
2518,1,0.25,1
2518,2,0.25,0
2518,5,0.25,0
2518,11,0.25,0
2519,2,0.333333,1
2519,5,0.333333,0
2519,19,0.333333,0
2520,18,0.5,1
2520,19,0.5,0
2521,1,0.333333,1
2521,2,0.333333,0
2521,11,0.333333,0
2522,2,0.333333,1
2522,11,0.333333,0
2522,14,0.333333,0
2523,2,0.333333,1
2523,5,0.333333,0
2523,11,0.333333,0
2524,16,1.0,1
2525,2,0.333333,1
2525,5,0.333333,0
2525,11,0.333333,0
2526,11,0.333333,1
2526,14,0.333333,0
2526,19,0.333333,0
2527,2,0.333333,1
2527,11,0.333333,0
2527,14,0.333333,0
2528,1,0.2,1
2528,2,0.2,0
2528,11,0.2,0
2528,14,0.2,0
2528,19,0.2,0
2529,2,0.333333,1
2529,5,0.333333,0
2529,11,0.333333,0
2530,1,0.5,1
2530,11,0.5,0
2531,11,1.0,1
2532,1,0.2,1
2532,2,0.2,0
2532,5,0.2,0
2532,11,0.2,0
2532,14,0.2,0
2533,5,0.5,1
2533,11,0.5,0
2534,1,0.166667,1
2534,2,0.166667,0
2534,5,0.166667,0
2534,11,0.166667,0
2534,16,0.166667,0
2534,19,0.166667,0
2535,1,0.333333,1
2535,5,0.333333,0
2535,11,0.333333,0
2536,1,0.5,1
2536,11,0.5,0
2537,2,0.5,1
2537,14,0.5,0
2538,2,0.5,1
2538,11,0.5,0
2539,1,0.333333,1
2539,2,0.333333,0
2539,14,0.333333,0
2540,12,0.25,1
2540,15,0.25,0
2540,16,0.25,0
2540,18,0.25,0
2541,11,1.0,1
2542,1,0.5,1
2542,11,0.5,0
2543,1,0.5,1
2543,11,0.5,0
2544,1,0.5,1
2544,11,0.5,0
2545,1,0.333333,1
2545,2,0.333333,0
2545,11,0.333333,0
2546,16,0.5,1
2546,19,0.5,0
2547,5,0.5,1
2547,16,0.5,0
2548,5,0.333333,1
2548,11,0.333333,0
2548,16,0.333333,0
2549,2,1.0,1
2550,1,0.25,1
2550,5,0.25,0
2550,12,0.25,0
2550,9,0.25,0
2551,14,0.333333,1
2551,16,0.333333,0
2551,19,0.333333,0
2552,2,0.25,1
2552,5,0.25,0
2552,11,0.25,0
2552,14,0.25,0
2553,2,0.5,1
2553,11,0.5,0
2554,1,0.333333,1
2554,2,0.333333,0
2554,5,0.333333,0
2555,1,0.142857,1
2555,2,0.142857,0
2555,11,0.142857,0
2555,14,0.142857,0
2555,16,0.142857,0
2555,18,0.142857,0
2555,19,0.142857,0
2556,5,0.333333,1
2556,9,0.333333,0
2556,11,0.333333,0
2557,2,1.0,1
2558,2,0.5,1
2558,11,0.5,0
2559,2,0.333333,1
2559,5,0.333333,0
2559,11,0.333333,0
2560,2,1.0,1
2561,14,1.0,1
2562,1,0.25,1
2562,2,0.25,0
2562,5,0.25,0
2562,11,0.25,0
2563,1,1.0,1
2564,1,0.166667,1
2564,2,0.166667,0
2564,5,0.166667,0
2564,11,0.166667,0
2564,14,0.166667,0
2564,16,0.166667,0
2565,2,0.25,1
2565,11,0.25,0
2565,14,0.25,0
2565,16,0.25,0
2566,2,0.333333,1
2566,11,0.333333,0
2566,14,0.333333,0
2567,5,1.0,1
2568,2,0.5,1
2568,11,0.5,0
2569,1,0.333333,1
2569,2,0.333333,0
2569,5,0.333333,0
2570,14,1.0,1
2571,1,0.5,1
2571,11,0.5,0
2572,1,0.333333,1
2572,5,0.333333,0
2572,11,0.333333,0
2573,5,1.0,1
2574,1,0.25,1
2574,5,0.25,0
2574,11,0.25,0
2574,19,0.25,0
2575,1,0.333333,1
2575,2,0.333333,0
2575,11,0.333333,0
2576,1,0.166667,1
2576,2,0.166667,0
2576,5,0.166667,0
2576,11,0.166667,0
2576,18,0.166667,0
2576,7,0.166667,0
2577,1,0.25,1
2577,5,0.25,0
2577,11,0.25,0
2577,14,0.25,0
2578,1,0.25,1
2578,2,0.25,0
2578,5,0.25,0
2578,11,0.25,0
2579,1,0.25,1
2579,2,0.25,0
2579,11,0.25,0
2579,14,0.25,0
2580,1,0.142857,1
2580,2,0.142857,0
2580,11,0.142857,0
2580,12,0.142857,0
2580,14,0.142857,0
2580,9,0.142857,0
2580,7,0.142857,0
2581,5,0.142857,1
2581,11,0.142857,0
2581,16,0.142857,0
2581,3,0.142857,0
2581,4,0.142857,0
2581,6,0.142857,0
2581,20,0.142857,0
2582,2,0.333333,1
2582,5,0.333333,0
2582,11,0.333333,0
2583,1,0.333333,1
2583,2,0.333333,0
2583,16,0.333333,0
2584,2,0.333333,1
2584,5,0.333333,0
2584,11,0.333333,0
2585,1,0.333333,1
2585,2,0.333333,0
2585,11,0.333333,0
2586,2,1.0,1
2587,1,0.333333,1
2587,19,0.333333,0
2587,9,0.333333,0
2588,1,1.0,1
2589,11,0.333333,1
2589,16,0.333333,0
2589,19,0.333333,0
2590,2,1.0,1
2591,5,0.25,1
2591,11,0.25,0
2591,16,0.25,0
2591,18,0.25,0
2592,2,0.2,1
2592,5,0.2,0
2592,11,0.2,0
2592,14,0.2,0
2592,16,0.2,0
2593,2,0.333333,1
2593,11,0.333333,0
2593,9,0.333333,0
2594,2,0.2,1
2594,11,0.2,0
2594,14,0.2,0
2594,16,0.2,0
2594,19,0.2,0
2595,1,0.5,1
2595,16,0.5,0
2596,2,0.333333,1
2596,5,0.333333,0
2596,14,0.333333,0
2597,2,0.5,1
2597,11,0.5,0
2598,2,0.5,1
2598,5,0.5,0
2599,5,0.25,1
2599,11,0.25,0
2599,16,0.25,0
2599,19,0.25,0
2600,5,1.0,1
2601,1,0.333333,1
2601,11,0.333333,0
2601,19,0.333333,0
2602,11,0.25,1
2602,14,0.25,0
2602,16,0.25,0
2602,19,0.25,0
2603,2,0.25,1
2603,5,0.25,0
2603,11,0.25,0
2603,19,0.25,0
2604,5,0.25,1
2604,11,0.25,0
2604,14,0.25,0
2604,16,0.25,0
2605,5,1.0,1
2606,5,0.5,1
2606,11,0.5,0
2607,1,0.333333,1
2607,2,0.333333,0
2607,11,0.333333,0
2608,2,0.5,1
2608,11,0.5,0
2609,1,0.2,1
2609,2,0.2,0
2609,15,0.2,0
2609,16,0.2,0
2609,18,0.2,0
2610,16,0.333333,1
2610,19,0.333333,0
2610,7,0.333333,0
2611,1,0.333333,1
2611,2,0.333333,0
2611,11,0.333333,0
2612,1,0.2,1
2612,2,0.2,0
2612,11,0.2,0
2612,14,0.2,0
2612,19,0.2,0
2613,1,0.5,1
2613,2,0.5,0
2614,2,1.0,1
2615,2,0.5,1
2615,11,0.5,0
2616,5,0.333333,1
2616,11,0.333333,0
2616,19,0.333333,0
2617,2,0.25,1
2617,5,0.25,0
2617,11,0.25,0
2617,19,0.25,0
2618,2,0.333333,1
2618,5,0.333333,0
2618,11,0.333333,0
2619,11,0.333333,1
2619,14,0.333333,0
2619,7,0.333333,0
2620,5,0.5,1
2620,11,0.5,0
2621,1,0.333333,1
2621,2,0.333333,0
2621,11,0.333333,0
2622,5,0.5,1
2622,11,0.5,0
2623,5,1.0,1
2624,19,1.0,1
2625,1,0.5,1
2625,11,0.5,0
2626,1,0.5,1
2626,11,0.5,0
2627,5,0.333333,1
2627,11,0.333333,0
2627,19,0.333333,0
2628,11,0.25,1
2628,14,0.25,0
2628,16,0.25,0
2628,19,0.25,0
2629,1,0.125,1
2629,2,0.125,0
2629,5,0.125,0
2629,11,0.125,0
2629,12,0.125,0
2629,14,0.125,0
2629,16,0.125,0
2629,7,0.125,0
2630,11,0.25,1
2630,16,0.25,0
2630,19,0.25,0
2630,7,0.25,0
2631,1,0.5,1
2631,11,0.5,0
2632,1,0.333333,1
2632,5,0.333333,0
2632,11,0.333333,0
2633,1,0.25,1
2633,2,0.25,0
2633,11,0.25,0
2633,14,0.25,0
2634,2,0.333333,1
2634,11,0.333333,0
2634,16,0.333333,0
2635,1,0.5,1
2635,2,0.5,0
2636,5,0.25,1
2636,11,0.25,0
2636,16,0.25,0
2636,19,0.25,0
2637,2,0.2,1
2637,5,0.2,0
2637,11,0.2,0
2637,16,0.2,0
2637,19,0.2,0
2638,1,0.2,1
2638,2,0.2,0
2638,5,0.2,0
2638,11,0.2,0
2638,16,0.2,0
2639,1,0.25,1
2639,2,0.25,0
2639,5,0.25,0
2639,11,0.25,0
2640,1,0.25,1
2640,2,0.25,0
2640,11,0.25,0
2640,14,0.25,0
2641,11,0.333333,1
2641,14,0.333333,0
2641,16,0.333333,0
2642,16,0.5,1
2642,19,0.5,0
2643,2,0.2,1
2643,11,0.2,0
2643,14,0.2,0
2643,16,0.2,0
2643,19,0.2,0
2644,1,0.333333,1
2644,2,0.333333,0
2644,11,0.333333,0
2645,11,0.333333,1
2645,14,0.333333,0
2645,19,0.333333,0
2646,19,1.0,1
2647,2,0.333333,1
2647,11,0.333333,0
2647,14,0.333333,0
2648,5,0.333333,1
2648,11,0.333333,0
2648,15,0.333333,0
2649,2,0.5,1
2649,11,0.5,0
2650,2,0.333333,1
2650,11,0.333333,0
2650,14,0.333333,0
2651,1,0.333333,1
2651,2,0.333333,0
2651,11,0.333333,0
2652,2,0.5,1
2652,5,0.5,0
2653,1,0.5,1
2653,5,0.5,0
2654,1,0.333333,1
2654,2,0.333333,0
2654,11,0.333333,0
2655,2,0.333333,1
2655,5,0.333333,0
2655,11,0.333333,0
2656,5,0.5,1
2656,11,0.5,0
2657,2,0.5,1
2657,14,0.5,0
2658,16,0.333333,1
2658,18,0.333333,0
2658,19,0.333333,0
2659,1,0.166667,1
2659,2,0.166667,0
2659,5,0.166667,0
2659,11,0.166667,0
2659,14,0.166667,0
2659,19,0.166667,0
2660,5,0.5,1
2660,11,0.5,0
2661,1,0.333333,1
2661,2,0.333333,0
2661,11,0.333333,0
2662,2,0.2,1
2662,5,0.2,0
2662,11,0.2,0
2662,14,0.2,0
2662,16,0.2,0
2663,1,0.25,1
2663,5,0.25,0
2663,11,0.25,0
2663,7,0.25,0
2664,1,0.333333,1
2664,5,0.333333,0
2664,11,0.333333,0
2665,1,0.2,1
2665,2,0.2,0
2665,11,0.2,0
2665,14,0.2,0
2665,7,0.2,0
2666,11,1.0,1
2667,2,0.333333,1
2667,5,0.333333,0
2667,14,0.333333,0
2668,1,0.2,1
2668,2,0.2,0
2668,11,0.2,0
2668,14,0.2,0
2668,19,0.2,0
2669,5,0.25,1
2669,11,0.25,0
2669,14,0.25,0
2669,16,0.25,0
2670,1,0.25,1
2670,5,0.25,0
2670,11,0.25,0
2670,7,0.25,0
2671,11,0.25,1
2671,16,0.25,0
2671,18,0.25,0
2671,19,0.25,0
2672,5,0.25,1
2672,11,0.25,0
2672,14,0.25,0
2672,19,0.25,0
2673,2,0.333333,1
2673,11,0.333333,0
2673,14,0.333333,0
2674,11,0.5,1
2674,16,0.5,0
2675,1,0.2,1
2675,5,0.2,0
2675,11,0.2,0
2675,16,0.2,0
2675,18,0.2,0
2676,11,0.5,1
2676,14,0.5,0
2677,5,1.0,1
2678,11,0.333333,1
2678,14,0.333333,0
2678,19,0.333333,0
2679,1,0.5,1
2679,11,0.5,0
2680,1,0.333333,1
2680,2,0.333333,0
2680,16,0.333333,0
2681,1,1.0,1
2682,1,0.2,1
2682,2,0.2,0
2682,11,0.2,0
2682,14,0.2,0
2682,19,0.2,0
2683,16,0.333333,1
2683,19,0.333333,0
2683,7,0.333333,0
2684,2,1.0,1
2685,2,0.333333,1
2685,11,0.333333,0
2685,16,0.333333,0
2686,11,0.5,1
2686,16,0.5,0
2687,5,0.333333,1
2687,11,0.333333,0
2687,16,0.333333,0
2688,11,0.5,1
2688,14,0.5,0
2689,1,0.333333,1
2689,2,0.333333,0
2689,11,0.333333,0
2690,1,0.333333,1
2690,2,0.333333,0
2690,11,0.333333,0
2691,5,0.2,1
2691,11,0.2,0
2691,16,0.2,0
2691,19,0.2,0
2691,9,0.2,0
2692,1,0.166667,1
2692,2,0.166667,0
2692,5,0.166667,0
2692,11,0.166667,0
2692,14,0.166667,0
2692,16,0.166667,0
2693,2,0.2,1
2693,5,0.2,0
2693,11,0.2,0
2693,14,0.2,0
2693,16,0.2,0
2694,1,0.5,1
2694,11,0.5,0
2695,1,1.0,1
2696,1,0.2,1
2696,2,0.2,0
2696,11,0.2,0
2696,16,0.2,0
2696,7,0.2,0
2697,1,0.25,1
2697,2,0.25,0
2697,11,0.25,0
2697,14,0.25,0
2698,1,0.5,1
2698,11,0.5,0
2699,5,0.5,1
2699,11,0.5,0
2700,1,0.333333,1
2700,2,0.333333,0
2700,11,0.333333,0
2701,2,0.333333,1
2701,11,0.333333,0
2701,16,0.333333,0
2702,1,0.5,1
2702,2,0.5,0
2703,11,1.0,1
2704,1,0.333333,1
2704,2,0.333333,0
2704,11,0.333333,0
2705,1,0.25,1
2705,2,0.25,0
2705,11,0.25,0
2705,7,0.25,0
2706,1,0.333333,1
2706,11,0.333333,0
2706,14,0.333333,0
2707,16,0.5,1
2707,19,0.5,0
2708,16,0.5,1
2708,19,0.5,0
2709,1,0.333333,1
2709,2,0.333333,0
2709,11,0.333333,0
2710,2,1.0,1
2711,2,0.333333,1
2711,5,0.333333,0
2711,19,0.333333,0
2712,1,0.333333,1
2712,11,0.333333,0
2712,14,0.333333,0
2713,5,0.25,1
2713,11,0.25,0
2713,19,0.25,0
2713,9,0.25,0
2714,5,0.5,1
2714,11,0.5,0
2715,2,0.333333,1
2715,11,0.333333,0
2715,14,0.333333,0
2716,2,0.333333,1
2716,5,0.333333,0
2716,11,0.333333,0
2717,1,0.333333,1
2717,16,0.333333,0
2717,19,0.333333,0
2718,1,0.333333,1
2718,11,0.333333,0
2718,14,0.333333,0
2719,2,0.5,1
2719,11,0.5,0
2720,5,0.5,1
2720,11,0.5,0
2721,2,0.333333,1
2721,5,0.333333,0
2721,11,0.333333,0
2722,2,0.5,1
2722,14,0.5,0
2723,5,0.333333,1
2723,11,0.333333,0
2723,19,0.333333,0
2724,1,0.333333,1
2724,11,0.333333,0
2724,14,0.333333,0
2725,5,0.333333,1
2725,11,0.333333,0
2725,14,0.333333,0
2726,5,0.333333,1
2726,11,0.333333,0
2726,19,0.333333,0
2727,5,0.333333,1
2727,11,0.333333,0
2727,19,0.333333,0
2728,1,0.333333,1
2728,2,0.333333,0
2728,11,0.333333,0
2729,5,1.0,1
2730,1,0.25,1
2730,2,0.25,0
2730,11,0.25,0
2730,14,0.25,0
2731,1,0.25,1
2731,2,0.25,0
2731,11,0.25,0
2731,14,0.25,0
2732,1,0.25,1
2732,5,0.25,0
2732,11,0.25,0
2732,19,0.25,0
2733,1,0.333333,1
2733,2,0.333333,0
2733,11,0.333333,0
2734,2,0.333333,1
2734,11,0.333333,0
2734,14,0.333333,0
2735,1,0.333333,1
2735,5,0.333333,0
2735,11,0.333333,0
2736,2,0.333333,1
2736,11,0.333333,0
2736,14,0.333333,0
2737,2,0.5,1
2737,11,0.5,0
2738,2,0.5,1
2738,5,0.5,0
2739,5,1.0,1
2740,5,1.0,1
2741,1,1.0,1
2742,2,0.333333,1
2742,11,0.333333,0
2742,14,0.333333,0
2743,2,0.333333,1
2743,11,0.333333,0
2743,14,0.333333,0
2744,2,0.25,1
2744,5,0.25,0
2744,11,0.25,0
2744,14,0.25,0
2745,1,0.5,1
2745,11,0.5,0
2746,5,0.5,1
2746,11,0.5,0
2747,5,0.25,1
2747,11,0.25,0
2747,16,0.25,0
2747,19,0.25,0
2748,5,0.333333,1
2748,11,0.333333,0
2748,14,0.333333,0
2749,5,0.5,1
2749,11,0.5,0
2750,1,0.5,1
2750,11,0.5,0
2751,11,0.333333,1
2751,16,0.333333,0
2751,19,0.333333,0
2752,2,0.5,1
2752,11,0.5,0
2753,1,0.5,1
2753,11,0.5,0
2754,11,1.0,1
2755,1,1.0,1
2756,1,0.25,1
2756,2,0.25,0
2756,11,0.25,0
2756,14,0.25,0
2757,1,0.25,1
2757,2,0.25,0
2757,5,0.25,0
2757,11,0.25,0
2758,5,0.333333,1
2758,11,0.333333,0
2758,19,0.333333,0
2759,1,0.2,1
2759,2,0.2,0
2759,16,0.2,0
2759,18,0.2,0
2759,19,0.2,0
2760,1,0.25,1
2760,12,0.25,0
2760,14,0.25,0
2760,9,0.25,0
2761,11,0.333333,1
2761,14,0.333333,0
2761,19,0.333333,0
2762,1,0.333333,1
2762,11,0.333333,0
2762,14,0.333333,0
2763,1,0.333333,1
2763,2,0.333333,0
2763,11,0.333333,0
2764,5,0.333333,1
2764,14,0.333333,0
2764,16,0.333333,0
2765,1,0.333333,1
2765,2,0.333333,0
2765,11,0.333333,0
2766,1,0.333333,1
2766,5,0.333333,0
2766,11,0.333333,0
2767,9,0.333333,1
2767,11,0.333333,0
2767,7,0.333333,0
2768,2,0.25,1
2768,11,0.25,0
2768,14,0.25,0
2768,19,0.25,0
2769,14,0.5,1
2769,9,0.5,0
2770,11,0.5,1
2770,19,0.5,0
2771,1,0.333333,1
2771,11,0.333333,0
2771,15,0.333333,0
2772,1,0.333333,1
2772,5,0.333333,0
2772,11,0.333333,0
2773,2,0.5,1
2773,11,0.5,0
2774,1,0.5,1
2774,2,0.5,0
2775,5,0.5,1
2775,11,0.5,0
2776,1,0.5,1
2776,2,0.5,0
2777,2,0.25,1
2777,5,0.25,0
2777,11,0.25,0
2777,19,0.25,0
2778,1,0.166667,1
2778,2,0.166667,0
2778,5,0.166667,0
2778,11,0.166667,0
2778,14,0.166667,0
2778,9,0.166667,0
2779,1,0.25,1
2779,2,0.25,0
2779,11,0.25,0
2779,19,0.25,0
2780,2,0.5,1
2780,5,0.5,0
2781,5,0.2,1
2781,11,0.2,0
2781,16,0.2,0
2781,19,0.2,0
2781,7,0.2,0
2782,1,0.333333,1
2782,2,0.333333,0
2782,11,0.333333,0
2783,2,0.5,1
2783,11,0.5,0
2784,5,0.333333,1
2784,11,0.333333,0
2784,19,0.333333,0
2785,2,0.333333,1
2785,5,0.333333,0
2785,14,0.333333,0
2786,5,0.2,1
2786,11,0.2,0
2786,14,0.2,0
2786,16,0.2,0
2786,7,0.2,0
2787,1,0.5,1
2787,11,0.5,0
2788,2,0.25,1
2788,11,0.25,0
2788,14,0.25,0
2788,19,0.25,0
2789,2,0.333333,1
2789,11,0.333333,0
2789,14,0.333333,0
2790,1,0.333333,1
2790,11,0.333333,0
2790,19,0.333333,0
2791,11,0.333333,1
2791,14,0.333333,0
2791,19,0.333333,0
2792,1,0.333333,1
2792,2,0.333333,0
2792,11,0.333333,0
2793,2,1.0,1
2794,1,0.5,1
2794,11,0.5,0
2795,2,0.333333,1
2795,11,0.333333,0
2795,14,0.333333,0
2796,1,0.25,1
2796,2,0.25,0
2796,11,0.25,0
2796,14,0.25,0
2797,11,1.0,1
2798,2,0.5,1
2798,11,0.5,0
2799,5,0.333333,1
2799,11,0.333333,0
2799,19,0.333333,0
2800,1,0.25,1
2800,2,0.25,0
2800,5,0.25,0
2800,11,0.25,0
2801,2,0.5,1
2801,11,0.5,0
2802,2,0.333333,1
2802,5,0.333333,0
2802,11,0.333333,0
2803,1,0.5,1
2803,11,0.5,0
2804,11,0.5,1
2804,19,0.5,0
2805,5,0.333333,1
2805,11,0.333333,0
2805,16,0.333333,0
2806,1,0.333333,1
2806,2,0.333333,0
2806,11,0.333333,0
2807,2,0.25,1
2807,11,0.25,0
2807,15,0.25,0
2807,14,0.25,0
2808,2,0.25,1
2808,11,0.25,0
2808,14,0.25,0
2808,16,0.25,0
2809,2,0.5,1
2809,11,0.5,0
2810,1,0.25,1
2810,2,0.25,0
2810,11,0.25,0
2810,7,0.25,0
2811,1,0.333333,1
2811,2,0.333333,0
2811,11,0.333333,0
2812,14,1.0,1
2813,1,0.333333,1
2813,5,0.333333,0
2813,11,0.333333,0
2814,5,0.25,1
2814,11,0.25,0
2814,19,0.25,0
2814,7,0.25,0
2815,11,0.25,1
2815,16,0.25,0
2815,18,0.25,0
2815,19,0.25,0
2816,1,0.25,1
2816,2,0.25,0
2816,5,0.25,0
2816,14,0.25,0
2817,1,0.333333,1
2817,2,0.333333,0
2817,11,0.333333,0
2818,2,0.5,1
2818,5,0.5,0
2819,2,0.333333,1
2819,11,0.333333,0
2819,16,0.333333,0
2820,1,0.2,1
2820,15,0.2,0
2820,14,0.2,0
2820,16,0.2,0
2820,18,0.2,0
2821,2,0.333333,1
2821,11,0.333333,0
2821,14,0.333333,0
2822,1,0.25,1
2822,2,0.25,0
2822,5,0.25,0
2822,11,0.25,0
2823,2,0.5,1
2823,14,0.5,0
2824,1,0.166667,1
2824,2,0.166667,0
2824,5,0.166667,0
2824,11,0.166667,0
2824,14,0.166667,0
2824,16,0.166667,0
2825,2,0.333333,1
2825,11,0.333333,0
2825,7,0.333333,0
2826,1,0.333333,1
2826,5,0.333333,0
2826,11,0.333333,0
2827,1,0.166667,1
2827,5,0.166667,0
2827,11,0.166667,0
2827,16,0.166667,0
2827,19,0.166667,0
2827,7,0.166667,0
2828,1,1.0,1
2829,16,0.5,1
2829,19,0.5,0
2830,5,0.333333,1
2830,11,0.333333,0
2830,16,0.333333,0
2831,14,0.5,1
2831,19,0.5,0
2832,1,0.333333,1
2832,11,0.333333,0
2832,19,0.333333,0
2833,5,1.0,1
2834,1,0.333333,1
2834,5,0.333333,0
2834,11,0.333333,0
2835,2,0.2,1
2835,11,0.2,0
2835,14,0.2,0
2835,19,0.2,0
2835,7,0.2,0
2836,1,0.25,1
2836,2,0.25,0
2836,11,0.25,0
2836,16,0.25,0
2837,1,0.5,1
2837,5,0.5,0
2838,1,0.333333,1
2838,11,0.333333,0
2838,14,0.333333,0
2839,5,0.2,1
2839,11,0.2,0
2839,16,0.2,0
2839,19,0.2,0
2839,7,0.2,0
2840,1,0.333333,1
2840,5,0.333333,0
2840,14,0.333333,0
2841,5,1.0,1
2842,1,0.333333,1
2842,2,0.333333,0
2842,11,0.333333,0
2843,1,0.333333,1
2843,2,0.333333,0
2843,7,0.333333,0
2844,1,0.5,1
2844,11,0.5,0
2845,11,0.5,1
2845,14,0.5,0
2846,2,0.333333,1
2846,11,0.333333,0
2846,14,0.333333,0
2847,1,0.5,1
2847,2,0.5,0
2848,14,0.5,1
2848,19,0.5,0
2849,1,0.333333,1
2849,2,0.333333,0
2849,11,0.333333,0
2850,2,0.5,1
2850,14,0.5,0
2851,2,0.333333,1
2851,5,0.333333,0
2851,11,0.333333,0
2852,11,0.5,1
2852,14,0.5,0
2853,5,0.2,1
2853,11,0.2,0
2853,16,0.2,0
2853,18,0.2,0
2853,9,0.2,0
2854,1,0.2,1
2854,2,0.2,0
2854,5,0.2,0
2854,11,0.2,0
2854,14,0.2,0
2855,1,0.25,1
2855,11,0.25,0
2855,16,0.25,0
2855,19,0.25,0
2856,2,0.25,1
2856,11,0.25,0
2856,14,0.25,0
2856,16,0.25,0
2857,2,0.333333,1
2857,5,0.333333,0
2857,11,0.333333,0
2858,1,1.0,1
2859,5,0.333333,1
2859,11,0.333333,0
2859,19,0.333333,0
2860,1,0.25,1
2860,2,0.25,0
2860,5,0.25,0
2860,11,0.25,0
2861,14,0.5,1
2861,19,0.5,0
2862,1,0.25,1
2862,2,0.25,0
2862,11,0.25,0
2862,7,0.25,0
2863,1,0.2,1
2863,2,0.2,0
2863,11,0.2,0
2863,18,0.2,0
2863,19,0.2,0
2864,5,0.5,1
2864,11,0.5,0
2865,2,0.333333,1
2865,5,0.333333,0
2865,19,0.333333,0
2866,5,1.0,1
2867,1,0.166667,1
2867,2,0.166667,0
2867,5,0.166667,0
2867,11,0.166667,0
2867,14,0.166667,0
2867,19,0.166667,0
2868,1,0.333333,1
2868,2,0.333333,0
2868,11,0.333333,0
2869,2,0.333333,1
2869,5,0.333333,0
2869,11,0.333333,0
2870,1,0.5,1
2870,2,0.5,0
2871,11,0.333333,1
2871,16,0.333333,0
2871,18,0.333333,0
2872,1,0.25,1
2872,5,0.25,0
2872,11,0.25,0
2872,18,0.25,0
2873,11,0.333333,1
2873,16,0.333333,0
2873,9,0.333333,0
2874,11,0.333333,1
2874,16,0.333333,0
2874,19,0.333333,0
2875,5,0.5,1
2875,11,0.5,0
2876,2,0.5,1
2876,11,0.5,0
2877,1,0.166667,1
2877,2,0.166667,0
2877,5,0.166667,0
2877,9,0.166667,0
2877,11,0.166667,0
2877,16,0.166667,0
2878,14,0.5,1
2878,19,0.5,0
2879,19,1.0,1
2880,5,0.2,1
2880,11,0.2,0
2880,14,0.2,0
2880,16,0.2,0
2880,7,0.2,0
2881,2,0.333333,1
2881,11,0.333333,0
2881,14,0.333333,0
2882,1,0.5,1
2882,11,0.5,0
2883,1,0.333333,1
2883,2,0.333333,0
2883,11,0.333333,0
2884,11,0.5,1
2884,19,0.5,0
2885,14,1.0,1
2886,5,0.5,1
2886,11,0.5,0
2887,1,0.25,1
2887,11,0.25,0
2887,14,0.25,0
2887,16,0.25,0
2888,2,0.25,1
2888,5,0.25,0
2888,11,0.25,0
2888,19,0.25,0
2889,11,0.5,1
2889,19,0.5,0
2890,2,0.333333,1
2890,11,0.333333,0
2890,14,0.333333,0
2891,5,0.333333,1
2891,11,0.333333,0
2891,18,0.333333,0
2892,2,0.5,1
2892,11,0.5,0
2893,1,0.166667,1
2893,5,0.166667,0
2893,11,0.166667,0
2893,16,0.166667,0
2893,18,0.166667,0
2893,19,0.166667,0
2894,11,0.5,1
2894,16,0.5,0
2895,1,0.25,1
2895,5,0.25,0
2895,14,0.25,0
2895,19,0.25,0
2896,2,0.333333,1
2896,5,0.333333,0
2896,11,0.333333,0
2897,2,0.25,1
2897,11,0.25,0
2897,14,0.25,0
2897,19,0.25,0
2898,1,0.142857,1
2898,2,0.142857,0
2898,5,0.142857,0
2898,11,0.142857,0
2898,15,0.142857,0
2898,14,0.142857,0
2898,16,0.142857,0
2899,5,0.333333,1
2899,11,0.333333,0
2899,18,0.333333,0
2900,2,0.333333,1
2900,11,0.333333,0
2900,19,0.333333,0
2901,11,0.5,1
2901,16,0.5,0
2902,11,0.25,1
2902,14,0.25,0
2902,16,0.25,0
2902,19,0.25,0
2903,1,0.5,1
2903,11,0.5,0
2904,11,0.333333,1
2904,16,0.333333,0
2904,19,0.333333,0
2905,11,0.5,1
2905,19,0.5,0
2906,1,0.333333,1
2906,5,0.333333,0
2906,18,0.333333,0
2907,11,0.5,1
2907,19,0.5,0
2908,2,0.333333,1
2908,11,0.333333,0
2908,14,0.333333,0
2909,14,0.5,1
2909,19,0.5,0
2910,5,0.5,1
2910,11,0.5,0
2911,19,1.0,1
2912,18,1.0,1
2913,1,0.333333,1
2913,2,0.333333,0
2913,11,0.333333,0
2914,11,0.333333,1
2914,16,0.333333,0
2914,19,0.333333,0
2915,1,1.0,1
2916,5,1.0,1
2917,5,0.25,1
2917,11,0.25,0
2917,16,0.25,0
2917,7,0.25,0
2918,1,0.5,1
2918,11,0.5,0
2919,5,0.25,1
2919,16,0.25,0
2919,3,0.25,0
2919,4,0.25,0
2920,2,0.5,1
2920,11,0.5,0
2921,11,0.5,1
2921,14,0.5,0
2922,11,0.333333,1
2922,14,0.333333,0
2922,19,0.333333,0
2923,2,0.25,1
2923,11,0.25,0
2923,14,0.25,0
2923,19,0.25,0
2924,2,0.5,1
2924,11,0.5,0
2925,1,0.333333,1
2925,11,0.333333,0
2925,14,0.333333,0
2926,16,0.5,1
2926,19,0.5,0
2927,2,0.25,1
2927,5,0.25,0
2927,11,0.25,0
2927,15,0.25,0
2928,1,0.5,1
2928,11,0.5,0
2929,2,0.5,1
2929,5,0.5,0
2930,1,0.25,1
2930,11,0.25,0
2930,16,0.25,0
2930,7,0.25,0
2931,2,0.5,1
2931,11,0.5,0
2932,5,0.333333,1
2932,11,0.333333,0
2932,16,0.333333,0
2933,1,0.5,1
2933,2,0.5,0
2934,2,0.333333,1
2934,5,0.333333,0
2934,11,0.333333,0
2935,5,0.25,1
2935,11,0.25,0
2935,16,0.25,0
2935,19,0.25,0
2936,5,0.333333,1
2936,11,0.333333,0
2936,19,0.333333,0
2937,1,0.5,1
2937,2,0.5,0
2938,5,1.0,1
2939,2,1.0,1
2940,1,0.25,1
2940,5,0.25,0
2940,11,0.25,0
2940,15,0.25,0
2941,1,1.0,1
2942,2,0.2,1
2942,5,0.2,0
2942,11,0.2,0
2942,16,0.2,0
2942,18,0.2,0
2943,1,0.333333,1
2943,2,0.333333,0
2943,11,0.333333,0
2944,1,0.333333,1
2944,2,0.333333,0
2944,11,0.333333,0
2945,1,1.0,1
2946,11,0.5,1
2946,14,0.5,0
2947,1,0.5,1
2947,11,0.5,0
2948,5,0.5,1
2948,11,0.5,0
2949,2,0.5,1
2949,11,0.5,0
2950,1,0.5,1
2950,11,0.5,0
2951,5,0.333333,1
2951,11,0.333333,0
2951,9,0.333333,0
2952,11,0.5,1
2952,14,0.5,0
2953,1,0.166667,1
2953,5,0.166667,0
2953,11,0.166667,0
2953,15,0.166667,0
2953,16,0.166667,0
2953,18,0.166667,0
2954,11,0.5,1
2954,19,0.5,0
2955,5,0.333333,1
2955,11,0.333333,0
2955,16,0.333333,0
2956,2,0.25,1
2956,5,0.25,0
2956,11,0.25,0
2956,16,0.25,0
2957,2,0.333333,1
2957,5,0.333333,0
2957,11,0.333333,0
2958,1,0.333333,1
2958,14,0.333333,0
2958,7,0.333333,0
2959,1,0.2,1
2959,5,0.2,0
2959,11,0.2,0
2959,16,0.2,0
2959,19,0.2,0
2960,5,0.333333,1
2960,11,0.333333,0
2960,9,0.333333,0
2961,2,0.5,1
2961,5,0.5,0
2962,2,0.2,1
2962,5,0.2,0
2962,15,0.2,0
2962,14,0.2,0
2962,18,0.2,0
2963,16,0.5,1
2963,19,0.5,0
2964,1,0.5,1
2964,2,0.5,0
2965,14,1.0,1
2966,1,0.166667,1
2966,2,0.166667,0
2966,11,0.166667,0
2966,14,0.166667,0
2966,16,0.166667,0
2966,7,0.166667,0
2967,2,0.333333,1
2967,14,0.333333,0
2967,16,0.333333,0
2968,1,0.333333,1
2968,2,0.333333,0
2968,11,0.333333,0
2969,1,0.2,1
2969,5,0.2,0
2969,16,0.2,0
2969,18,0.2,0
2969,7,0.2,0
2970,5,1.0,1
2971,1,0.5,1
2971,11,0.5,0
2972,2,0.25,1
2972,5,0.25,0
2972,11,0.25,0
2972,14,0.25,0
2973,1,0.333333,1
2973,16,0.333333,0
2973,19,0.333333,0
2974,1,0.2,1
2974,2,0.2,0
2974,5,0.2,0
2974,11,0.2,0
2974,14,0.2,0
2975,5,0.5,1
2975,11,0.5,0
2976,1,0.2,1
2976,2,0.2,0
2976,5,0.2,0
2976,11,0.2,0
2976,19,0.2,0
2977,5,0.5,1
2977,11,0.5,0
2978,5,1.0,1
2979,5,0.5,1
2979,11,0.5,0
2980,1,0.5,1
2980,11,0.5,0
2981,1,0.5,1
2981,11,0.5,0
2982,16,0.5,1
2982,19,0.5,0
2983,2,1.0,1
2984,1,0.5,1
2984,11,0.5,0
2985,1,0.333333,1
2985,2,0.333333,0
2985,14,0.333333,0
2986,1,0.25,1
2986,2,0.25,0
2986,5,0.25,0
2986,11,0.25,0
2987,11,0.25,1
2987,14,0.25,0
2987,16,0.25,0
2987,19,0.25,0
2988,2,0.5,1
2988,11,0.5,0
2989,1,0.2,1
2989,2,0.2,0
2989,11,0.2,0
2989,14,0.2,0
2989,7,0.2,0
2990,1,0.2,1
2990,2,0.2,0
2990,11,0.2,0
2990,14,0.2,0
2990,19,0.2,0
2991,20,0.5,1
2991,7,0.5,0
2992,2,0.2,1
2992,5,0.2,0
2992,11,0.2,0
2992,16,0.2,0
2992,19,0.2,0
2993,6,0.5,1
2993,21,0.5,0
2994,5,0.333333,1
2994,11,0.333333,0
2994,14,0.333333,0
2995,2,0.5,1
2995,14,0.5,0
2996,1,0.333333,1
2996,2,0.333333,0
2996,11,0.333333,0
2997,2,0.5,1
2997,11,0.5,0
2998,5,0.5,1
2998,16,0.5,0
2999,1,0.25,1
2999,11,0.25,0
2999,16,0.25,0
2999,7,0.25,0
3000,1,1.0,1
3001,11,0.5,1
3001,16,0.5,0
3002,5,0.333333,1
3002,11,0.333333,0
3002,19,0.333333,0
3003,16,1.0,1
3004,1,0.333333,1
3004,11,0.333333,0
3004,15,0.333333,0
3005,11,0.5,1
3005,14,0.5,0
3006,9,0.25,1
3006,16,0.25,0
3006,18,0.25,0
3006,19,0.25,0
3007,1,0.25,1
3007,2,0.25,0
3007,11,0.25,0
3007,14,0.25,0
3008,16,0.5,1
3008,19,0.5,0
3009,1,0.5,1
3009,11,0.5,0
3010,1,0.2,1
3010,2,0.2,0
3010,11,0.2,0
3010,15,0.2,0
3010,16,0.2,0
3011,1,0.333333,1
3011,11,0.333333,0
3011,14,0.333333,0
3012,1,0.5,1
3012,11,0.5,0
3013,1,0.166667,1
3013,5,0.166667,0
3013,11,0.166667,0
3013,15,0.166667,0
3013,16,0.166667,0
3013,9,0.166667,0
3014,2,0.5,1
3014,11,0.5,0
3015,5,0.5,1
3015,11,0.5,0
3016,2,0.5,1
3016,11,0.5,0
3017,1,1.0,1
3018,1,0.25,1
3018,2,0.25,0
3018,5,0.25,0
3018,11,0.25,0
3019,1,0.2,1
3019,11,0.2,0
3019,12,0.2,0
3019,15,0.2,0
3019,16,0.2,0
3020,1,0.25,1
3020,2,0.25,0
3020,5,0.25,0
3020,18,0.25,0
3021,19,1.0,1
3022,1,0.333333,1
3022,2,0.333333,0
3022,11,0.333333,0
3023,2,1.0,1
3024,2,0.5,1
3024,7,0.5,0
3025,1,0.142857,1
3025,2,0.142857,0
3025,5,0.142857,0
3025,11,0.142857,0
3025,14,0.142857,0
3025,18,0.142857,0
3025,19,0.142857,0
3026,14,1.0,1
3027,2,0.2,1
3027,5,0.2,0
3027,11,0.2,0
3027,16,0.2,0
3027,19,0.2,0
3028,1,0.5,1
3028,11,0.5,0
3029,2,1.0,1
3030,5,0.333333,1
3030,11,0.333333,0
3030,14,0.333333,0
3031,14,1.0,1
3032,1,0.25,1
3032,2,0.25,0
3032,11,0.25,0
3032,16,0.25,0
3033,1,0.333333,1
3033,2,0.333333,0
3033,11,0.333333,0
3034,1,0.5,1
3034,11,0.5,0
3035,1,0.5,1
3035,11,0.5,0
3036,1,0.2,1
3036,11,0.2,0
3036,16,0.2,0
3036,19,0.2,0
3036,7,0.2,0
3037,5,0.333333,1
3037,11,0.333333,0
3037,16,0.333333,0
3038,1,0.25,1
3038,15,0.25,0
3038,16,0.25,0
3038,18,0.25,0
3039,5,0.333333,1
3039,11,0.333333,0
3039,16,0.333333,0
3040,5,0.5,1
3040,11,0.5,0
3041,1,0.5,1
3041,11,0.5,0
3042,1,0.333333,1
3042,2,0.333333,0
3042,11,0.333333,0
3043,2,0.5,1
3043,11,0.5,0
3044,2,0.5,1
3044,11,0.5,0
3045,1,0.5,1
3045,11,0.5,0
3046,5,0.25,1
3046,11,0.25,0
3046,16,0.25,0
3046,19,0.25,0
3047,5,0.333333,1
3047,11,0.333333,0
3047,18,0.333333,0
3048,2,1.0,1
3049,1,0.2,1
3049,2,0.2,0
3049,5,0.2,0
3049,11,0.2,0
3049,14,0.2,0
3050,1,0.5,1
3050,11,0.5,0
3051,2,0.333333,1
3051,11,0.333333,0
3051,14,0.333333,0
3052,2,0.333333,1
3052,5,0.333333,0
3052,11,0.333333,0
3053,14,1.0,1
3054,2,0.5,1
3054,11,0.5,0
3055,1,0.142857,1
3055,2,0.142857,0
3055,11,0.142857,0
3055,12,0.142857,0
3055,16,0.142857,0
3055,19,0.142857,0
3055,7,0.142857,0
3056,5,0.2,1
3056,11,0.2,0
3056,15,0.2,0
3056,18,0.2,0
3056,9,0.2,0
3057,5,0.333333,1
3057,11,0.333333,0
3057,19,0.333333,0
3058,2,0.333333,1
3058,5,0.333333,0
3058,11,0.333333,0
3059,11,0.5,1
3059,19,0.5,0
3060,5,1.0,1
3061,1,0.5,1
3061,11,0.5,0
3062,11,0.5,1
3062,19,0.5,0
3063,11,0.333333,1
3063,16,0.333333,0
3063,19,0.333333,0
3064,5,0.5,1
3064,11,0.5,0
3065,5,0.333333,1
3065,11,0.333333,0
3065,16,0.333333,0
3066,16,0.5,1
3066,19,0.5,0
3067,1,0.166667,1
3067,2,0.166667,0
3067,11,0.166667,0
3067,12,0.166667,0
3067,14,0.166667,0
3067,7,0.166667,0
3068,11,0.333333,1
3068,16,0.333333,0
3068,19,0.333333,0
3069,2,0.333333,1
3069,11,0.333333,0
3069,14,0.333333,0
3070,1,0.5,1
3070,2,0.5,0
3071,5,0.166667,1
3071,11,0.166667,0
3071,15,0.166667,0
3071,16,0.166667,0
3071,18,0.166667,0
3071,19,0.166667,0
3072,5,0.25,1
3072,11,0.25,0
3072,14,0.25,0
3072,16,0.25,0
3073,5,0.333333,1
3073,11,0.333333,0
3073,19,0.333333,0
3074,1,0.333333,1
3074,2,0.333333,0
3074,11,0.333333,0
3075,5,0.5,1
3075,11,0.5,0
3076,1,0.5,1
3076,11,0.5,0
3077,1,0.2,1
3077,11,0.2,0
3077,14,0.2,0
3077,16,0.2,0
3077,19,0.2,0
3078,11,0.333333,1
3078,16,0.333333,0
3078,19,0.333333,0
3079,2,0.333333,1
3079,5,0.333333,0
3079,11,0.333333,0
3080,2,0.5,1
3080,14,0.5,0
3081,1,0.333333,1
3081,2,0.333333,0
3081,11,0.333333,0
3082,15,1.0,1
3083,11,0.5,1
3083,14,0.5,0
3084,1,0.5,1
3084,2,0.5,0
3085,5,0.25,1
3085,11,0.25,0
3085,16,0.25,0
3085,19,0.25,0
3086,1,0.333333,1
3086,11,0.333333,0
3086,18,0.333333,0
3087,15,1.0,1
3088,1,0.25,1
3088,2,0.25,0
3088,11,0.25,0
3088,14,0.25,0
3089,12,0.25,1
3089,15,0.25,0
3089,16,0.25,0
3089,18,0.25,0
3090,5,0.333333,1
3090,11,0.333333,0
3090,19,0.333333,0
3091,16,1.0,1
3092,1,0.25,1
3092,2,0.25,0
3092,11,0.25,0
3092,14,0.25,0
3093,2,0.5,1
3093,11,0.5,0
3094,1,0.25,1
3094,2,0.25,0
3094,5,0.25,0
3094,11,0.25,0
3095,11,0.5,1
3095,19,0.5,0
3096,14,0.5,1
3096,19,0.5,0
3097,5,0.333333,1
3097,11,0.333333,0
3097,16,0.333333,0
3098,2,0.2,1
3098,5,0.2,0
3098,11,0.2,0
3098,16,0.2,0
3098,7,0.2,0
3099,1,0.333333,1
3099,11,0.333333,0
3099,16,0.333333,0
3100,1,0.5,1
3100,11,0.5,0
3101,2,0.5,1
3101,5,0.5,0
3102,1,0.5,1
3102,11,0.5,0
3103,2,0.5,1
3103,11,0.5,0
3104,2,0.5,1
3104,11,0.5,0
3105,5,0.5,1
3105,16,0.5,0
3106,11,0.5,1
3106,19,0.5,0
3107,5,0.25,1
3107,11,0.25,0
3107,14,0.25,0
3107,16,0.25,0
3108,2,0.25,1
3108,5,0.25,0
3108,11,0.25,0
3108,19,0.25,0
3109,2,0.333333,1
3109,5,0.333333,0
3109,11,0.333333,0
3110,1,0.166667,1
3110,2,0.166667,0
3110,5,0.166667,0
3110,11,0.166667,0
3110,16,0.166667,0
3110,18,0.166667,0
3111,1,0.2,1
3111,5,0.2,0
3111,11,0.2,0
3111,16,0.2,0
3111,19,0.2,0
3112,1,0.166667,1
3112,2,0.166667,0
3112,5,0.166667,0
3112,11,0.166667,0
3112,16,0.166667,0
3112,19,0.166667,0
3113,2,0.5,1
3113,11,0.5,0
3114,1,0.333333,1
3114,2,0.333333,0
3114,5,0.333333,0
3115,2,0.5,1
3115,11,0.5,0
3116,5,0.333333,1
3116,16,0.333333,0
3116,19,0.333333,0
3117,2,0.333333,1
3117,5,0.333333,0
3117,16,0.333333,0
3118,2,0.333333,1
3118,5,0.333333,0
3118,11,0.333333,0
3119,5,0.25,1
3119,11,0.25,0
3119,19,0.25,0
3119,7,0.25,0
3120,1,0.333333,1
3120,2,0.333333,0
3120,11,0.333333,0
3121,14,1.0,1
3122,1,0.5,1
3122,11,0.5,0
3123,16,1.0,1
3124,14,0.5,1
3124,16,0.5,0
3125,11,0.333333,1
3125,16,0.333333,0
3125,19,0.333333,0
3126,1,0.25,1
3126,2,0.25,0
3126,11,0.25,0
3126,14,0.25,0
3127,2,0.5,1
3127,11,0.5,0
3128,1,0.25,1
3128,2,0.25,0
3128,11,0.25,0
3128,14,0.25,0
3129,1,0.25,1
3129,2,0.25,0
3129,11,0.25,0
3129,14,0.25,0
3130,2,0.5,1
3130,11,0.5,0
3131,1,0.333333,1
3131,2,0.333333,0
3131,14,0.333333,0
3132,2,0.333333,1
3132,11,0.333333,0
3132,14,0.333333,0
3133,5,0.25,1
3133,11,0.25,0
3133,16,0.25,0
3133,19,0.25,0
3134,1,0.333333,1
3134,2,0.333333,0
3134,11,0.333333,0
3135,2,0.333333,1
3135,11,0.333333,0
3135,14,0.333333,0
3136,1,0.333333,1
3136,11,0.333333,0
3136,18,0.333333,0
3137,1,0.2,1
3137,5,0.2,0
3137,11,0.2,0
3137,19,0.2,0
3137,7,0.2,0
3138,5,1.0,1
3139,1,0.5,1
3139,11,0.5,0
3140,16,0.5,1
3140,7,0.5,0
3141,2,0.5,1
3141,11,0.5,0
3142,14,0.25,1
3142,16,0.25,0
3142,19,0.25,0
3142,7,0.25,0
3143,1,0.333333,1
3143,2,0.333333,0
3143,14,0.333333,0
3144,2,0.333333,1
3144,5,0.333333,0
3144,11,0.333333,0
3145,5,0.25,1
3145,11,0.25,0
3145,16,0.25,0
3145,19,0.25,0
3146,2,0.333333,1
3146,5,0.333333,0
3146,11,0.333333,0
3147,5,0.333333,1
3147,11,0.333333,0
3147,19,0.333333,0
3148,1,0.5,1
3148,11,0.5,0
3149,16,0.333333,1
3149,18,0.333333,0
3149,19,0.333333,0
3150,14,1.0,1
3151,1,0.2,1
3151,2,0.2,0
3151,11,0.2,0
3151,16,0.2,0
3151,19,0.2,0
3152,11,0.25,1
3152,16,0.25,0
3152,18,0.25,0
3152,19,0.25,0
3153,1,0.25,1
3153,2,0.25,0
3153,11,0.25,0
3153,14,0.25,0
3154,1,0.25,1
3154,2,0.25,0
3154,11,0.25,0
3154,14,0.25,0
3155,2,0.5,1
3155,11,0.5,0
3156,1,0.5,1
3156,7,0.5,0
3157,11,0.5,1
3157,14,0.5,0
3158,1,0.25,1
3158,2,0.25,0
3158,11,0.25,0
3158,15,0.25,0
3159,2,0.5,1
3159,11,0.5,0
3160,1,0.2,1
3160,2,0.2,0
3160,5,0.2,0
3160,11,0.2,0
3160,16,0.2,0
3161,2,0.333333,1
3161,5,0.333333,0
3161,11,0.333333,0
3162,11,0.5,1
3162,15,0.5,0
3163,1,0.5,1
3163,11,0.5,0
3164,2,0.25,1
3164,5,0.25,0
3164,11,0.25,0
3164,14,0.25,0
3165,1,0.5,1
3165,11,0.5,0
3166,1,0.333333,1
3166,5,0.333333,0
3166,11,0.333333,0
3167,2,0.5,1
3167,5,0.5,0
3168,16,0.2,1
3168,6,0.2,0
3168,8,0.2,0
3168,17,0.2,0
3168,20,0.2,0
3169,2,0.5,1
3169,11,0.5,0
3170,1,0.25,1
3170,2,0.25,0
3170,5,0.25,0
3170,11,0.25,0
3171,1,0.333333,1
3171,2,0.333333,0
3171,11,0.333333,0
3172,1,0.333333,1
3172,2,0.333333,0
3172,11,0.333333,0
3173,1,0.25,1
3173,2,0.25,0
3173,5,0.25,0
3173,11,0.25,0
3174,11,0.333333,1
3174,16,0.333333,0
3174,19,0.333333,0
3175,11,0.5,1
3175,14,0.5,0
3176,1,0.2,1
3176,2,0.2,0
3176,11,0.2,0
3176,14,0.2,0
3176,18,0.2,0
3177,16,0.5,1
3177,19,0.5,0
3178,1,0.333333,1
3178,16,0.333333,0
3178,18,0.333333,0
3179,5,0.333333,1
3179,11,0.333333,0
3179,9,0.333333,0
3180,2,0.5,1
3180,11,0.5,0
3181,16,0.5,1
3181,19,0.5,0
3182,2,0.333333,1
3182,11,0.333333,0
3182,14,0.333333,0
3183,2,0.25,1
3183,14,0.25,0
3183,16,0.25,0
3183,19,0.25,0
3184,5,0.5,1
3184,11,0.5,0
3185,1,0.333333,1
3185,2,0.333333,0
3185,5,0.333333,0
3186,1,1.0,1
3187,16,0.5,1
3187,18,0.5,0
3188,19,1.0,1
3189,5,0.2,1
3189,11,0.2,0
3189,16,0.2,0
3189,18,0.2,0
3189,19,0.2,0
3190,1,1.0,1
3191,5,0.25,1
3191,11,0.25,0
3191,19,0.25,0
3191,7,0.25,0
3192,1,0.5,1
3192,2,0.5,0
3193,1,0.25,1
3193,2,0.25,0
3193,11,0.25,0
3193,7,0.25,0
3194,1,0.5,1
3194,11,0.5,0
3195,19,1.0,1
3196,16,1.0,1
3197,1,0.333333,1
3197,11,0.333333,0
3197,14,0.333333,0
3198,5,0.5,1
3198,11,0.5,0
3199,1,0.25,1
3199,2,0.25,0
3199,11,0.25,0
3199,16,0.25,0
3200,2,0.333333,1
3200,11,0.333333,0
3200,14,0.333333,0
3201,2,0.333333,1
3201,5,0.333333,0
3201,11,0.333333,0
3202,1,0.166667,1
3202,2,0.166667,0
3202,11,0.166667,0
3202,14,0.166667,0
3202,16,0.166667,0
3202,9,0.166667,0
3203,14,0.333333,1
3203,16,0.333333,0
3203,19,0.333333,0
3204,1,0.166667,1
3204,2,0.166667,0
3204,11,0.166667,0
3204,12,0.166667,0
3204,16,0.166667,0
3204,7,0.166667,0
3205,5,0.5,1
3205,15,0.5,0
3206,1,0.2,1
3206,2,0.2,0
3206,5,0.2,0
3206,11,0.2,0
3206,19,0.2,0
3207,1,0.5,1
3207,11,0.5,0
3208,1,0.2,1
3208,2,0.2,0
3208,11,0.2,0
3208,14,0.2,0
3208,16,0.2,0
3209,5,0.333333,1
3209,11,0.333333,0
3209,16,0.333333,0
3210,5,0.25,1
3210,11,0.25,0
3210,14,0.25,0
3210,16,0.25,0
3211,1,0.25,1
3211,16,0.25,0
3211,18,0.25,0
3211,7,0.25,0
3212,1,0.166667,1
3212,2,0.166667,0
3212,5,0.166667,0
3212,11,0.166667,0
3212,14,0.166667,0
3212,16,0.166667,0
3213,1,0.25,1
3213,2,0.25,0
3213,5,0.25,0
3213,11,0.25,0
3214,5,0.333333,1
3214,11,0.333333,0
3214,14,0.333333,0
3215,5,0.333333,1
3215,11,0.333333,0
3215,14,0.333333,0
3216,1,0.25,1
3216,11,0.25,0
3216,16,0.25,0
3216,19,0.25,0
3217,2,0.25,1
3217,11,0.25,0
3217,19,0.25,0
3217,7,0.25,0
3218,1,0.5,1
3218,5,0.5,0
3219,1,0.5,1
3219,7,0.5,0
3220,1,1.0,1
3221,1,0.5,1
3221,11,0.5,0
3222,1,0.25,1
3222,2,0.25,0
3222,11,0.25,0
3222,16,0.25,0
3223,1,0.5,1
3223,11,0.5,0
3224,2,0.5,1
3224,11,0.5,0
3225,11,0.333333,1
3225,16,0.333333,0
3225,19,0.333333,0
3226,1,0.2,1
3226,2,0.2,0
3226,5,0.2,0
3226,11,0.2,0
3226,16,0.2,0
3227,5,1.0,1
3228,5,0.25,1
3228,11,0.25,0
3228,14,0.25,0
3228,19,0.25,0
3229,1,0.5,1
3229,11,0.5,0
3230,2,0.5,1
3230,5,0.5,0
3231,2,0.5,1
3231,5,0.5,0
3232,1,0.2,1
3232,5,0.2,0
3232,11,0.2,0
3232,16,0.2,0
3232,18,0.2,0
3233,1,0.333333,1
3233,2,0.333333,0
3233,16,0.333333,0
3234,1,0.25,1
3234,2,0.25,0
3234,5,0.25,0
3234,11,0.25,0
3235,5,1.0,1
3236,1,0.5,1
3236,11,0.5,0
3237,1,0.25,1
3237,2,0.25,0
3237,5,0.25,0
3237,11,0.25,0
3238,1,0.25,1
3238,2,0.25,0
3238,5,0.25,0
3238,11,0.25,0
3239,1,0.333333,1
3239,2,0.333333,0
3239,11,0.333333,0
3240,2,0.333333,1
3240,11,0.333333,0
3240,14,0.333333,0
3241,2,0.25,1
3241,5,0.25,0
3241,11,0.25,0
3241,19,0.25,0
3242,2,0.5,1
3242,11,0.5,0
3243,5,0.5,1
3243,11,0.5,0
3244,2,0.5,1
3244,11,0.5,0
3245,2,0.333333,1
3245,11,0.333333,0
3245,14,0.333333,0
3246,2,0.333333,1
3246,5,0.333333,0
3246,11,0.333333,0
3247,19,1.0,1
3248,2,0.25,1
3248,5,0.25,0
3248,11,0.25,0
3248,14,0.25,0
3249,1,0.5,1
3249,11,0.5,0
3250,11,0.333333,1
3250,16,0.333333,0
3250,19,0.333333,0
3251,5,0.333333,1
3251,11,0.333333,0
3251,18,0.333333,0
3252,11,0.333333,1
3252,14,0.333333,0
3252,19,0.333333,0
3253,11,0.25,1
3253,16,0.25,0
3253,18,0.25,0
3253,19,0.25,0
3254,1,0.5,1
3254,19,0.5,0
3255,1,0.5,1
3255,11,0.5,0
3256,2,0.5,1
3256,16,0.5,0
3257,5,0.25,1
3257,11,0.25,0
3257,16,0.25,0
3257,9,0.25,0
3258,5,0.5,1
3258,18,0.5,0
3259,2,0.333333,1
3259,5,0.333333,0
3259,11,0.333333,0
3260,1,0.333333,1
3260,11,0.333333,0
3260,19,0.333333,0
3261,1,0.2,1
3261,2,0.2,0
3261,11,0.2,0
3261,14,0.2,0
3261,7,0.2,0
3262,5,1.0,1
3263,1,0.5,1
3263,2,0.5,0
3264,1,0.25,1
3264,2,0.25,0
3264,11,0.25,0
3264,14,0.25,0
3265,2,1.0,1
3266,5,0.25,1
3266,11,0.25,0
3266,16,0.25,0
3266,19,0.25,0
3267,1,1.0,1
3268,1,0.5,1
3268,2,0.5,0
3269,1,0.25,1
3269,2,0.25,0
3269,5,0.25,0
3269,11,0.25,0
3270,5,0.333333,1
3270,11,0.333333,0
3270,14,0.333333,0
3271,11,0.333333,1
3271,16,0.333333,0
3271,19,0.333333,0
3272,1,0.333333,1
3272,2,0.333333,0
3272,11,0.333333,0
3273,11,0.5,1
3273,16,0.5,0
3274,1,0.333333,1
3274,2,0.333333,0
3274,11,0.333333,0
3275,15,0.25,1
3275,16,0.25,0
3275,18,0.25,0
3275,7,0.25,0
3276,1,0.333333,1
3276,2,0.333333,0
3276,11,0.333333,0
3277,1,0.25,1
3277,5,0.25,0
3277,11,0.25,0
3277,18,0.25,0
3278,5,0.333333,1
3278,11,0.333333,0
3278,16,0.333333,0
3279,16,0.5,1
3279,18,0.5,0
3280,3,0.166667,1
3280,6,0.166667,0
3280,8,0.166667,0
3280,17,0.166667,0
3280,20,0.166667,0
3280,10,0.166667,0
3281,2,0.333333,1
3281,5,0.333333,0
3281,11,0.333333,0
3282,1,0.333333,1
3282,2,0.333333,0
3282,11,0.333333,0
3283,1,0.2,1
3283,2,0.2,0
3283,5,0.2,0
3283,11,0.2,0
3283,7,0.2,0
3284,1,0.333333,1
3284,2,0.333333,0
3284,11,0.333333,0
3285,5,0.5,1
3285,11,0.5,0
3286,2,0.333333,1
3286,11,0.333333,0
3286,14,0.333333,0
3287,5,0.25,1
3287,11,0.25,0
3287,14,0.25,0
3287,19,0.25,0
3288,5,0.25,1
3288,14,0.25,0
3288,16,0.25,0
3288,19,0.25,0
3289,2,0.5,1
3289,11,0.5,0
3290,15,1.0,1
3291,1,0.25,1
3291,2,0.25,0
3291,15,0.25,0
3291,18,0.25,0
3292,2,0.25,1
3292,5,0.25,0
3292,11,0.25,0
3292,16,0.25,0
3293,16,0.5,1
3293,7,0.5,0
3294,1,0.25,1
3294,11,0.25,0
3294,14,0.25,0
3294,7,0.25,0
3295,2,0.5,1
3295,5,0.5,0
3296,1,0.333333,1
3296,5,0.333333,0
3296,16,0.333333,0
3297,5,0.5,1
3297,16,0.5,0
3298,2,1.0,1
3299,1,0.5,1
3299,2,0.5,0
3300,5,0.333333,1
3300,11,0.333333,0
3300,15,0.333333,0
3301,2,0.5,1
3301,14,0.5,0
3302,14,1.0,1
3303,1,1.0,1
3304,5,0.25,1
3304,11,0.25,0
3304,9,0.25,0
3304,7,0.25,0
3305,1,0.5,1
3305,11,0.5,0
3306,1,0.333333,1
3306,5,0.333333,0
3306,11,0.333333,0
3307,16,1.0,1
3308,1,0.333333,1
3308,11,0.333333,0
3308,7,0.333333,0
3309,5,0.333333,1
3309,11,0.333333,0
3309,16,0.333333,0
3310,5,0.5,1
3310,11,0.5,0
3311,1,0.25,1
3311,2,0.25,0
3311,11,0.25,0
3311,14,0.25,0
3312,2,0.333333,1
3312,11,0.333333,0
3312,14,0.333333,0
3313,5,0.5,1
3313,16,0.5,0
3314,2,0.333333,1
3314,11,0.333333,0
3314,14,0.333333,0
3315,18,1.0,1
3316,2,0.5,1
3316,11,0.5,0
3317,11,0.5,1
3317,19,0.5,0
3318,2,0.5,1
3318,11,0.5,0
3319,11,0.5,1
3319,14,0.5,0
3320,1,0.333333,1
3320,2,0.333333,0
3320,11,0.333333,0
3321,1,0.2,1
3321,2,0.2,0
3321,11,0.2,0
3321,16,0.2,0
3321,19,0.2,0
3322,11,0.5,1
3322,16,0.5,0
3323,5,0.333333,1
3323,11,0.333333,0
3323,19,0.333333,0
3324,2,0.333333,1
3324,5,0.333333,0
3324,11,0.333333,0
3325,1,0.5,1
3325,2,0.5,0
3326,2,0.5,1
3326,5,0.5,0
3327,19,1.0,1
3328,18,0.5,1
3328,7,0.5,0
3329,5,0.25,1
3329,11,0.25,0
3329,16,0.25,0
3329,7,0.25,0
3330,1,0.25,1
3330,2,0.25,0
3330,5,0.25,0
3330,11,0.25,0
3331,2,0.25,1
3331,5,0.25,0
3331,11,0.25,0
3331,14,0.25,0
3332,2,0.333333,1
3332,5,0.333333,0
3332,11,0.333333,0
3333,1,0.25,1
3333,2,0.25,0
3333,11,0.25,0
3333,14,0.25,0
3334,2,0.333333,1
3334,11,0.333333,0
3334,14,0.333333,0
3335,2,0.25,1
3335,5,0.25,0
3335,11,0.25,0
3335,16,0.25,0
3336,2,0.333333,1
3336,11,0.333333,0
3336,14,0.333333,0
3337,5,1.0,1
3338,1,0.25,1
3338,2,0.25,0
3338,5,0.25,0
3338,11,0.25,0
3339,5,0.5,1
3339,11,0.5,0
3340,14,0.5,1
3340,19,0.5,0
3341,16,0.5,1
3341,19,0.5,0
3342,2,0.333333,1
3342,5,0.333333,0
3342,11,0.333333,0
3343,5,0.25,1
3343,11,0.25,0
3343,16,0.25,0
3343,19,0.25,0
3344,11,0.5,1
3344,19,0.5,0
3345,1,0.333333,1
3345,2,0.333333,0
3345,11,0.333333,0
3346,1,0.333333,1
3346,5,0.333333,0
3346,11,0.333333,0
3347,1,0.5,1
3347,11,0.5,0
3348,1,1.0,1
3349,1,0.333333,1
3349,2,0.333333,0
3349,14,0.333333,0
3350,1,0.333333,1
3350,2,0.333333,0
3350,16,0.333333,0
3351,2,0.25,1
3351,5,0.25,0
3351,11,0.25,0
3351,14,0.25,0
3352,1,0.5,1
3352,11,0.5,0
3353,2,1.0,1
3354,2,0.5,1
3354,5,0.5,0
3355,1,0.333333,1
3355,11,0.333333,0
3355,19,0.333333,0
3356,2,0.25,1
3356,11,0.25,0
3356,14,0.25,0
3356,16,0.25,0
3357,11,0.5,1
3357,19,0.5,0
3358,1,0.2,1
3358,5,0.2,0
3358,11,0.2,0
3358,16,0.2,0
3358,18,0.2,0
3359,11,1.0,1
3360,1,0.2,1
3360,2,0.2,0
3360,11,0.2,0
3360,14,0.2,0
3360,16,0.2,0
3361,1,1.0,1
3362,1,0.333333,1
3362,5,0.333333,0
3362,11,0.333333,0
3363,14,0.333333,1
3363,19,0.333333,0
3363,7,0.333333,0
3364,5,0.25,1
3364,11,0.25,0
3364,16,0.25,0
3364,19,0.25,0
3365,1,0.5,1
3365,2,0.5,0
3366,11,0.5,1
3366,14,0.5,0
3367,1,0.333333,1
3367,2,0.333333,0
3367,11,0.333333,0
3368,1,0.5,1
3368,11,0.5,0
3369,1,0.2,1
3369,5,0.2,0
3369,11,0.2,0
3369,19,0.2,0
3369,7,0.2,0
3370,1,0.333333,1
3370,2,0.333333,0
3370,11,0.333333,0
3371,1,0.333333,1
3371,2,0.333333,0
3371,5,0.333333,0
3372,1,0.5,1
3372,11,0.5,0
3373,2,0.25,1
3373,5,0.25,0
3373,11,0.25,0
3373,16,0.25,0
3374,2,0.25,1
3374,5,0.25,0
3374,16,0.25,0
3374,19,0.25,0
3375,5,0.25,1
3375,11,0.25,0
3375,15,0.25,0
3375,18,0.25,0
3376,1,0.5,1
3376,11,0.5,0
3377,11,0.5,1
3377,16,0.5,0
3378,11,0.333333,1
3378,15,0.333333,0
3378,18,0.333333,0
3379,5,0.5,1
3379,11,0.5,0
3380,1,0.5,1
3380,11,0.5,0
3381,11,0.333333,1
3381,14,0.333333,0
3381,19,0.333333,0
3382,2,0.25,1
3382,11,0.25,0
3382,14,0.25,0
3382,19,0.25,0
3383,16,1.0,1
3384,1,0.5,1
3384,11,0.5,0
3385,1,1.0,1
3386,1,0.2,1
3386,11,0.2,0
3386,15,0.2,0
3386,16,0.2,0
3386,18,0.2,0
3387,1,0.333333,1
3387,2,0.333333,0
3387,11,0.333333,0
3388,16,0.5,1
3388,19,0.5,0
3389,1,0.2,1
3389,2,0.2,0
3389,5,0.2,0
3389,11,0.2,0
3389,14,0.2,0
3390,1,0.2,1
3390,2,0.2,0
3390,11,0.2,0
3390,16,0.2,0
3390,7,0.2,0
3391,5,0.5,1
3391,16,0.5,0
3392,2,1.0,1
3393,2,0.5,1
3393,11,0.5,0
3394,5,0.5,1
3394,11,0.5,0
3395,16,1.0,1
3396,11,0.333333,1
3396,16,0.333333,0
3396,19,0.333333,0
3397,14,0.5,1
3397,19,0.5,0
3398,2,0.5,1
3398,5,0.5,0
3399,2,0.5,1
3399,11,0.5,0
3400,1,0.25,1
3400,2,0.25,0
3400,5,0.25,0
3400,11,0.25,0
3401,14,0.5,1
3401,19,0.5,0
3402,14,1.0,1
3403,14,0.5,1
3403,19,0.5,0
3404,1,0.5,1
3404,2,0.5,0
3405,2,0.333333,1
3405,11,0.333333,0
3405,14,0.333333,0
3406,2,0.166667,1
3406,5,0.166667,0
3406,11,0.166667,0
3406,14,0.166667,0
3406,16,0.166667,0
3406,7,0.166667,0
3407,11,0.333333,1
3407,14,0.333333,0
3407,16,0.333333,0
3408,1,0.333333,1
3408,2,0.333333,0
3408,5,0.333333,0
3409,11,0.5,1
3409,19,0.5,0
3410,2,0.5,1
3410,11,0.5,0
3411,2,0.25,1
3411,14,0.25,0
3411,16,0.25,0
3411,19,0.25,0
3412,5,0.333333,1
3412,14,0.333333,0
3412,16,0.333333,0
3413,11,0.5,1
3413,14,0.5,0
3414,16,1.0,1
3415,2,0.2,1
3415,5,0.2,0
3415,11,0.2,0
3415,14,0.2,0
3415,19,0.2,0
3416,5,0.5,1
3416,11,0.5,0
3417,2,0.25,1
3417,5,0.25,0
3417,11,0.25,0
3417,14,0.25,0
3418,2,0.333333,1
3418,11,0.333333,0
3418,16,0.333333,0
3419,3,0.25,1
3419,20,0.25,0
3419,21,0.25,0
3419,7,0.25,0
3420,11,0.333333,1
3420,14,0.333333,0
3420,7,0.333333,0
3421,5,0.25,1
3421,11,0.25,0
3421,16,0.25,0
3421,19,0.25,0
3422,1,0.2,1
3422,11,0.2,0
3422,15,0.2,0
3422,16,0.2,0
3422,18,0.2,0
3423,1,0.25,1
3423,5,0.25,0
3423,11,0.25,0
3423,7,0.25,0
3424,1,0.333333,1
3424,11,0.333333,0
3424,14,0.333333,0
3425,1,0.142857,1
3425,2,0.142857,0
3425,11,0.142857,0
3425,14,0.142857,0
3425,16,0.142857,0
3425,19,0.142857,0
3425,7,0.142857,0
3426,2,0.333333,1
3426,5,0.333333,0
3426,11,0.333333,0
3427,1,0.5,1
3427,11,0.5,0
3428,2,0.333333,1
3428,5,0.333333,0
3428,11,0.333333,0
3429,5,0.5,1
3429,11,0.5,0
3430,1,0.142857,1
3430,2,0.142857,0
3430,5,0.142857,0
3430,11,0.142857,0
3430,14,0.142857,0
3430,16,0.142857,0
3430,7,0.142857,0
3431,1,0.333333,1
3431,2,0.333333,0
3431,11,0.333333,0
3432,2,0.5,1
3432,11,0.5,0
3433,1,0.333333,1
3433,2,0.333333,0
3433,11,0.333333,0
3434,5,0.5,1
3434,11,0.5,0
3435,11,1.0,1
3436,16,0.5,1
3436,19,0.5,0
3437,5,0.5,1
3437,11,0.5,0
3438,1,0.5,1
3438,2,0.5,0
3439,1,0.2,1
3439,11,0.2,0
3439,15,0.2,0
3439,18,0.2,0
3439,7,0.2,0
3440,5,0.333333,1
3440,11,0.333333,0
3440,19,0.333333,0
3441,2,0.5,1
3441,5,0.5,0
3442,5,0.333333,1
3442,11,0.333333,0
3442,16,0.333333,0
3443,1,0.333333,1
3443,11,0.333333,0
3443,14,0.333333,0
3444,2,0.25,1
3444,5,0.25,0
3444,11,0.25,0
3444,16,0.25,0
3445,1,0.333333,1
3445,2,0.333333,0
3445,11,0.333333,0
3446,1,0.5,1
3446,14,0.5,0
3447,5,0.333333,1
3447,11,0.333333,0
3447,19,0.333333,0
3448,2,0.5,1
3448,11,0.5,0
3449,5,0.142857,1
3449,11,0.142857,0
3449,12,0.142857,0
3449,15,0.142857,0
3449,16,0.142857,0
3449,18,0.142857,0
3449,7,0.142857,0
3450,1,0.5,1
3450,14,0.5,0
3451,11,0.5,1
3451,19,0.5,0
3452,11,1.0,1
3453,2,0.333333,1
3453,5,0.333333,0
3453,11,0.333333,0
3454,1,0.5,1
3454,11,0.5,0
3455,1,0.333333,1
3455,2,0.333333,0
3455,11,0.333333,0
3456,5,0.333333,1
3456,16,0.333333,0
3456,7,0.333333,0
3457,5,0.333333,1
3457,11,0.333333,0
3457,19,0.333333,0
3458,5,1.0,1
3459,1,0.2,1
3459,11,0.2,0
3459,15,0.2,0
3459,16,0.2,0
3459,18,0.2,0
3460,1,0.333333,1
3460,2,0.333333,0
3460,11,0.333333,0
3461,5,0.333333,1
3461,11,0.333333,0
3461,4,0.333333,0
3462,1,0.5,1
3462,11,0.5,0
3463,1,0.25,1
3463,2,0.25,0
3463,11,0.25,0
3463,14,0.25,0
3464,2,0.25,1
3464,11,0.25,0
3464,16,0.25,0
3464,19,0.25,0
3465,1,0.166667,1
3465,2,0.166667,0
3465,5,0.166667,0
3465,11,0.166667,0
3465,14,0.166667,0
3465,7,0.166667,0
3466,1,0.5,1
3466,11,0.5,0
3467,1,0.25,1
3467,2,0.25,0
3467,11,0.25,0
3467,16,0.25,0
3468,2,0.5,1
3468,5,0.5,0
3469,2,0.5,1
3469,5,0.5,0
3470,11,0.333333,1
3470,16,0.333333,0
3470,19,0.333333,0
3471,2,0.333333,1
3471,5,0.333333,0
3471,11,0.333333,0
3472,5,0.25,1
3472,11,0.25,0
3472,16,0.25,0
3472,19,0.25,0
3473,1,0.333333,1
3473,2,0.333333,0
3473,11,0.333333,0
3474,1,0.25,1
3474,2,0.25,0
3474,11,0.25,0
3474,16,0.25,0
3475,5,0.333333,1
3475,11,0.333333,0
3475,15,0.333333,0
3476,1,0.5,1
3476,11,0.5,0
3477,14,0.5,1
3477,19,0.5,0
3478,5,0.333333,1
3478,11,0.333333,0
3478,16,0.333333,0
3479,2,0.5,1
3479,11,0.5,0
3480,1,0.333333,1
3480,2,0.333333,0
3480,11,0.333333,0
3481,5,0.5,1
3481,7,0.5,0
3482,11,1.0,1
3483,5,0.2,1
3483,11,0.2,0
3483,16,0.2,0
3483,18,0.2,0
3483,19,0.2,0
3484,2,0.5,1
3484,5,0.5,0
3485,1,0.5,1
3485,11,0.5,0
3486,16,0.5,1
3486,19,0.5,0
3487,1,0.25,1
3487,2,0.25,0
3487,5,0.25,0
3487,14,0.25,0
3488,5,0.5,1
3488,9,0.5,0
3489,1,0.2,1
3489,2,0.2,0
3489,5,0.2,0
3489,14,0.2,0
3489,9,0.2,0
3490,1,0.333333,1
3490,11,0.333333,0
3490,14,0.333333,0
3491,1,0.5,1
3491,2,0.5,0
3492,1,1.0,1
3493,19,1.0,1
3494,11,0.333333,1
3494,16,0.333333,0
3494,19,0.333333,0
3495,1,0.333333,1
3495,2,0.333333,0
3495,11,0.333333,0
3496,2,0.333333,1
3496,5,0.333333,0
3496,11,0.333333,0
3497,1,0.5,1
3497,2,0.5,0
3498,2,0.5,1
3498,11,0.5,0
3499,11,1.0,1
3500,16,1.0,1
3501,1,0.166667,1
3501,2,0.166667,0
3501,5,0.166667,0
3501,11,0.166667,0
3501,14,0.166667,0
3501,16,0.166667,0
3502,1,0.166667,1
3502,2,0.166667,0
3502,5,0.166667,0
3502,11,0.166667,0
3502,16,0.166667,0
3502,19,0.166667,0
3503,4,1.0,1
3504,1,0.333333,1
3504,2,0.333333,0
3504,11,0.333333,0
3505,11,0.5,1
3505,19,0.5,0
3506,2,0.166667,1
3506,5,0.166667,0
3506,11,0.166667,0
3506,14,0.166667,0
3506,16,0.166667,0
3506,19,0.166667,0
3507,2,0.5,1
3507,14,0.5,0
3508,5,0.25,1
3508,11,0.25,0
3508,14,0.25,0
3508,19,0.25,0
3509,5,0.25,1
3509,16,0.25,0
3509,18,0.25,0
3509,19,0.25,0
3510,5,0.333333,1
3510,11,0.333333,0
3510,19,0.333333,0
3511,14,0.5,1
3511,7,0.5,0
3512,1,0.333333,1
3512,2,0.333333,0
3512,11,0.333333,0
3513,11,0.333333,1
3513,16,0.333333,0
3513,19,0.333333,0
3514,18,1.0,1
3515,11,1.0,1
3516,5,0.5,1
3516,11,0.5,0
3517,1,1.0,1
3518,1,0.2,1
3518,5,0.2,0
3518,11,0.2,0
3518,16,0.2,0
3518,7,0.2,0
3519,19,1.0,1
3520,14,1.0,1
3521,1,0.25,1
3521,5,0.25,0
3521,9,0.25,0
3521,14,0.25,0
3522,1,0.333333,1
3522,2,0.333333,0
3522,11,0.333333,0
3523,1,0.333333,1
3523,11,0.333333,0
3523,16,0.333333,0
3524,5,0.5,1
3524,11,0.5,0
3525,5,0.5,1
3525,19,0.5,0
3526,1,0.25,1
3526,2,0.25,0
3526,11,0.25,0
3526,14,0.25,0
3527,1,0.2,1
3527,2,0.2,0
3527,5,0.2,0
3527,11,0.2,0
3527,16,0.2,0
3528,16,0.333333,1
3528,18,0.333333,0
3528,19,0.333333,0
3529,2,0.5,1
3529,11,0.5,0
3530,1,0.166667,1
3530,2,0.166667,0
3530,5,0.166667,0
3530,11,0.166667,0
3530,14,0.166667,0
3530,16,0.166667,0
3531,11,0.333333,1
3531,14,0.333333,0
3531,19,0.333333,0
3532,1,0.25,1
3532,2,0.25,0
3532,11,0.25,0
3532,16,0.25,0
3533,1,0.166667,1
3533,2,0.166667,0
3533,5,0.166667,0
3533,11,0.166667,0
3533,14,0.166667,0
3533,16,0.166667,0
3534,1,0.25,1
3534,2,0.25,0
3534,14,0.25,0
3534,16,0.25,0
3535,14,1.0,1
3536,2,0.2,1
3536,11,0.2,0
3536,14,0.2,0
3536,16,0.2,0
3536,19,0.2,0
3537,11,0.25,1
3537,16,0.25,0
3537,18,0.25,0
3537,19,0.25,0
3538,1,1.0,1
3539,1,0.25,1
3539,2,0.25,0
3539,11,0.25,0
3539,16,0.25,0
3540,2,0.333333,1
3540,5,0.333333,0
3540,11,0.333333,0
3541,2,0.5,1
3541,11,0.5,0
3542,1,0.333333,1
3542,2,0.333333,0
3542,11,0.333333,0
3543,1,0.333333,1
3543,11,0.333333,0
3543,19,0.333333,0
3544,1,0.333333,1
3544,5,0.333333,0
3544,11,0.333333,0
3545,5,0.333333,1
3545,11,0.333333,0
3545,19,0.333333,0
3546,2,0.333333,1
3546,11,0.333333,0
3546,14,0.333333,0
3547,2,0.5,1
3547,11,0.5,0
3548,1,0.333333,1
3548,5,0.333333,0
3548,11,0.333333,0
3549,1,0.25,1
3549,11,0.25,0
3549,19,0.25,0
3549,7,0.25,0
3550,2,0.333333,1
3550,11,0.333333,0
3550,14,0.333333,0
3551,1,0.333333,1
3551,2,0.333333,0
3551,11,0.333333,0
3552,5,0.5,1
3552,16,0.5,0
3553,2,0.333333,1
3553,5,0.333333,0
3553,11,0.333333,0
3554,11,0.333333,1
3554,15,0.333333,0
3554,16,0.333333,0
3555,1,0.25,1
3555,2,0.25,0
3555,5,0.25,0
3555,11,0.25,0
3556,5,0.5,1
3556,11,0.5,0
3557,1,0.333333,1
3557,11,0.333333,0
3557,18,0.333333,0
3558,1,0.5,1
3558,2,0.5,0
3559,6,0.5,1
3559,20,0.5,0
3560,1,0.5,1
3560,2,0.5,0
3561,1,0.25,1
3561,2,0.25,0
3561,9,0.25,0
3561,7,0.25,0
3562,5,1.0,1
3563,16,0.5,1
3563,19,0.5,0
3564,1,0.2,1
3564,11,0.2,0
3564,16,0.2,0
3564,18,0.2,0
3564,7,0.2,0
3565,2,0.5,1
3565,16,0.5,0
3566,1,0.25,1
3566,2,0.25,0
3566,11,0.25,0
3566,19,0.25,0
3567,1,0.25,1
3567,14,0.25,0
3567,16,0.25,0
3567,7,0.25,0
3568,1,0.166667,1
3568,2,0.166667,0
3568,11,0.166667,0
3568,14,0.166667,0
3568,16,0.166667,0
3568,19,0.166667,0
3569,1,0.25,1
3569,2,0.25,0
3569,11,0.25,0
3569,16,0.25,0
3570,1,0.333333,1
3570,2,0.333333,0
3570,11,0.333333,0
3571,1,0.2,1
3571,2,0.2,0
3571,5,0.2,0
3571,11,0.2,0
3571,14,0.2,0
3572,11,0.333333,1
3572,16,0.333333,0
3572,19,0.333333,0
3573,1,0.333333,1
3573,11,0.333333,0
3573,15,0.333333,0
3574,1,0.333333,1
3574,16,0.333333,0
3574,19,0.333333,0
3575,5,0.25,1
3575,11,0.25,0
3575,16,0.25,0
3575,19,0.25,0
3576,1,0.333333,1
3576,11,0.333333,0
3576,14,0.333333,0
3577,1,0.25,1
3577,2,0.25,0
3577,11,0.25,0
3577,14,0.25,0
3578,1,0.5,1
3578,2,0.5,0
3579,1,0.2,1
3579,2,0.2,0
3579,11,0.2,0
3579,14,0.2,0
3579,19,0.2,0
3580,11,1.0,1
3581,1,0.5,1
3581,19,0.5,0
3582,1,0.25,1
3582,2,0.25,0
3582,11,0.25,0
3582,14,0.25,0
3583,2,1.0,1
3584,2,0.333333,1
3584,14,0.333333,0
3584,9,0.333333,0
3585,5,1.0,1
3586,14,0.5,1
3586,19,0.5,0
3587,11,0.25,1
3587,15,0.25,0
3587,16,0.25,0
3587,18,0.25,0
3588,14,0.5,1
3588,19,0.5,0
3589,2,0.25,1
3589,5,0.25,0
3589,11,0.25,0
3589,19,0.25,0
3590,1,0.333333,1
3590,11,0.333333,0
3590,16,0.333333,0
3591,16,0.5,1
3591,18,0.5,0
3592,11,0.333333,1
3592,14,0.333333,0
3592,19,0.333333,0
3593,1,0.25,1
3593,5,0.25,0
3593,11,0.25,0
3593,19,0.25,0
3594,1,0.5,1
3594,11,0.5,0
3595,1,0.333333,1
3595,11,0.333333,0
3595,16,0.333333,0
3596,11,0.5,1
3596,19,0.5,0
3597,1,0.25,1
3597,2,0.25,0
3597,5,0.25,0
3597,11,0.25,0
3598,1,0.5,1
3598,5,0.5,0
3599,5,0.5,1
3599,11,0.5,0
3600,2,0.25,1
3600,5,0.25,0
3600,11,0.25,0
3600,19,0.25,0
3601,2,0.333333,1
3601,11,0.333333,0
3601,14,0.333333,0
3602,5,0.333333,1
3602,11,0.333333,0
3602,16,0.333333,0
3603,2,1.0,1
3604,11,0.333333,1
3604,16,0.333333,0
3604,19,0.333333,0
3605,1,0.333333,1
3605,5,0.333333,0
3605,11,0.333333,0
3606,6,0.25,1
3606,8,0.25,0
3606,10,0.25,0
3606,7,0.25,0
3607,5,0.333333,1
3607,11,0.333333,0
3607,19,0.333333,0
3608,16,1.0,1
3609,5,0.25,1
3609,11,0.25,0
3609,14,0.25,0
3609,19,0.25,0
3610,1,0.333333,1
3610,5,0.333333,0
3610,16,0.333333,0
3611,1,0.5,1
3611,12,0.5,0
3612,1,0.166667,1
3612,11,0.166667,0
3612,15,0.166667,0
3612,14,0.166667,0
3612,16,0.166667,0
3612,18,0.166667,0
3613,1,0.333333,1
3613,11,0.333333,0
3613,14,0.333333,0
3614,1,0.333333,1
3614,2,0.333333,0
3614,11,0.333333,0
3615,1,0.25,1
3615,2,0.25,0
3615,5,0.25,0
3615,11,0.25,0
3616,1,0.25,1
3616,2,0.25,0
3616,11,0.25,0
3616,14,0.25,0
3617,2,0.5,1
3617,11,0.5,0
3618,2,0.5,1
3618,11,0.5,0
3619,2,1.0,1
3620,2,1.0,1
3621,14,0.5,1
3621,19,0.5,0
3622,11,0.333333,1
3622,14,0.333333,0
3622,19,0.333333,0
3623,1,0.2,1
3623,2,0.2,0
3623,5,0.2,0
3623,11,0.2,0
3623,14,0.2,0
3624,5,0.5,1
3624,11,0.5,0
3625,2,0.333333,1
3625,5,0.333333,0
3625,11,0.333333,0
3626,5,1.0,1
3627,1,0.5,1
3627,11,0.5,0
3628,1,0.5,1
3628,11,0.5,0
3629,11,0.25,1
3629,16,0.25,0
3629,19,0.25,0
3629,7,0.25,0
3630,5,0.5,1
3630,11,0.5,0
3631,14,0.5,1
3631,19,0.5,0
3632,2,0.333333,1
3632,5,0.333333,0
3632,11,0.333333,0
3633,5,0.5,1
3633,11,0.5,0
3634,2,0.333333,1
3634,5,0.333333,0
3634,11,0.333333,0
3635,1,0.333333,1
3635,2,0.333333,0
3635,15,0.333333,0
3636,2,0.5,1
3636,5,0.5,0
3637,5,0.333333,1
3637,11,0.333333,0
3637,16,0.333333,0
3638,11,0.333333,1
3638,16,0.333333,0
3638,7,0.333333,0
3639,2,0.333333,1
3639,5,0.333333,0
3639,11,0.333333,0
3640,2,0.333333,1
3640,11,0.333333,0
3640,14,0.333333,0
3641,5,0.5,1
3641,11,0.5,0
3642,1,0.125,1
3642,2,0.125,0
3642,5,0.125,0
3642,11,0.125,0
3642,14,0.125,0
3642,16,0.125,0
3642,19,0.125,0
3642,7,0.125,0
3643,5,0.5,1
3643,11,0.5,0
3644,2,0.333333,1
3644,5,0.333333,0
3644,11,0.333333,0
3645,5,0.333333,1
3645,11,0.333333,0
3645,14,0.333333,0
3646,2,0.333333,1
3646,5,0.333333,0
3646,11,0.333333,0
3647,1,0.25,1
3647,11,0.25,0
3647,12,0.25,0
3647,7,0.25,0
3648,1,0.333333,1
3648,2,0.333333,0
3648,11,0.333333,0
3649,1,0.333333,1
3649,2,0.333333,0
3649,11,0.333333,0
3650,5,0.25,1
3650,11,0.25,0
3650,15,0.25,0
3650,16,0.25,0
3651,2,0.25,1
3651,5,0.25,0
3651,11,0.25,0
3651,19,0.25,0
3652,11,0.25,1
3652,14,0.25,0
3652,16,0.25,0
3652,19,0.25,0
3653,2,0.5,1
3653,11,0.5,0
3654,5,1.0,1
3655,2,0.5,1
3655,11,0.5,0
3656,2,0.25,1
3656,11,0.25,0
3656,14,0.25,0
3656,19,0.25,0
3657,16,0.5,1
3657,19,0.5,0
3658,11,0.333333,1
3658,16,0.333333,0
3658,19,0.333333,0
3659,14,0.5,1
3659,16,0.5,0
3660,1,1.0,1
3661,1,0.25,1
3661,2,0.25,0
3661,11,0.25,0
3661,15,0.25,0
3662,11,0.5,1
3662,19,0.5,0
3663,1,0.333333,1
3663,2,0.333333,0
3663,19,0.333333,0
3664,2,0.333333,1
3664,5,0.333333,0
3664,11,0.333333,0
3665,5,0.5,1
3665,11,0.5,0
3666,9,0.25,1
3666,12,0.25,0
3666,14,0.25,0
3666,19,0.25,0
3667,2,0.25,1
3667,5,0.25,0
3667,14,0.25,0
3667,16,0.25,0
3668,2,0.5,1
3668,11,0.5,0
3669,1,0.2,1
3669,5,0.2,0
3669,9,0.2,0
3669,11,0.2,0
3669,15,0.2,0
3670,1,0.25,1
3670,2,0.25,0
3670,5,0.25,0
3670,11,0.25,0
3671,1,0.5,1
3671,11,0.5,0
3672,2,0.2,1
3672,5,0.2,0
3672,11,0.2,0
3672,14,0.2,0
3672,16,0.2,0
3673,1,0.5,1
3673,11,0.5,0
3674,2,0.333333,1
3674,11,0.333333,0
3674,7,0.333333,0
3675,2,0.5,1
3675,11,0.5,0
3676,1,0.166667,1
3676,2,0.166667,0
3676,11,0.166667,0
3676,14,0.166667,0
3676,16,0.166667,0
3676,19,0.166667,0
3677,1,0.25,1
3677,11,0.25,0
3677,15,0.25,0
3677,16,0.25,0
3678,5,0.5,1
3678,11,0.5,0
3679,1,0.25,1
3679,2,0.25,0
3679,11,0.25,0
3679,14,0.25,0
3680,1,0.5,1
3680,19,0.5,0
3681,18,0.5,1
3681,7,0.5,0
3682,5,0.5,1
3682,11,0.5,0
3683,11,0.333333,1
3683,14,0.333333,0
3683,19,0.333333,0
3684,11,0.5,1
3684,19,0.5,0
3685,1,0.25,1
3685,2,0.25,0
3685,11,0.25,0
3685,14,0.25,0
3686,1,0.5,1
3686,11,0.5,0
3687,1,0.333333,1
3687,2,0.333333,0
3687,11,0.333333,0
3688,11,0.5,1
3688,14,0.5,0
3689,5,0.333333,1
3689,16,0.333333,0
3689,18,0.333333,0
3690,11,1.0,1
3691,1,0.25,1
3691,2,0.25,0
3691,11,0.25,0
3691,16,0.25,0
3692,1,0.5,1
3692,2,0.5,0
3693,1,0.166667,1
3693,2,0.166667,0
3693,5,0.166667,0
3693,11,0.166667,0
3693,16,0.166667,0
3693,19,0.166667,0
3694,1,0.2,1
3694,2,0.2,0
3694,5,0.2,0
3694,11,0.2,0
3694,19,0.2,0
3695,1,0.5,1
3695,11,0.5,0
3696,2,0.5,1
3696,5,0.5,0
3697,1,0.333333,1
3697,5,0.333333,0
3697,11,0.333333,0
3698,1,0.333333,1
3698,5,0.333333,0
3698,11,0.333333,0
3699,2,0.333333,1
3699,5,0.333333,0
3699,16,0.333333,0
3700,2,0.5,1
3700,5,0.5,0
3701,11,0.333333,1
3701,16,0.333333,0
3701,7,0.333333,0
3702,5,0.2,1
3702,11,0.2,0
3702,14,0.2,0
3702,16,0.2,0
3702,19,0.2,0
3703,1,0.5,1
3703,2,0.5,0
3704,11,0.25,1
3704,16,0.25,0
3704,19,0.25,0
3704,7,0.25,0
3705,1,0.2,1
3705,5,0.2,0
3705,11,0.2,0
3705,14,0.2,0
3705,19,0.2,0
3706,2,0.5,1
3706,11,0.5,0
3707,2,0.25,1
3707,11,0.25,0
3707,14,0.25,0
3707,19,0.25,0
3708,11,0.333333,1
3708,16,0.333333,0
3708,19,0.333333,0
3709,16,0.5,1
3709,7,0.5,0
3710,1,0.25,1
3710,2,0.25,0
3710,5,0.25,0
3710,11,0.25,0
3711,5,0.5,1
3711,11,0.5,0
3712,11,0.333333,1
3712,16,0.333333,0
3712,7,0.333333,0
3713,16,0.333333,1
3713,18,0.333333,0
3713,19,0.333333,0
3714,1,0.25,1
3714,2,0.25,0
3714,5,0.25,0
3714,11,0.25,0
3715,1,0.333333,1
3715,2,0.333333,0
3715,11,0.333333,0
3716,2,0.2,1
3716,5,0.2,0
3716,11,0.2,0
3716,16,0.2,0
3716,19,0.2,0
3717,1,0.166667,1
3717,5,0.166667,0
3717,11,0.166667,0
3717,12,0.166667,0
3717,15,0.166667,0
3717,18,0.166667,0
3718,2,0.25,1
3718,11,0.25,0
3718,14,0.25,0
3718,19,0.25,0
3719,2,1.0,1
3720,2,0.333333,1
3720,5,0.333333,0
3720,11,0.333333,0
3721,11,0.5,1
3721,14,0.5,0
3722,5,0.333333,1
3722,11,0.333333,0
3722,7,0.333333,0
3723,11,0.333333,1
3723,16,0.333333,0
3723,19,0.333333,0
3724,1,0.333333,1
3724,2,0.333333,0
3724,11,0.333333,0
3725,2,0.5,1
3725,11,0.5,0
3726,2,0.333333,1
3726,5,0.333333,0
3726,11,0.333333,0
3727,2,0.25,1
3727,5,0.25,0
3727,11,0.25,0
3727,14,0.25,0
3728,1,0.333333,1
3728,2,0.333333,0
3728,11,0.333333,0
3729,1,0.333333,1
3729,2,0.333333,0
3729,14,0.333333,0
3730,11,0.5,1
3730,16,0.5,0
3731,5,0.2,1
3731,11,0.2,0
3731,16,0.2,0
3731,19,0.2,0
3731,7,0.2,0
3732,11,1.0,1
3733,2,0.333333,1
3733,11,0.333333,0
3733,14,0.333333,0
3734,11,1.0,1
3735,5,0.25,1
3735,14,0.25,0
3735,16,0.25,0
3735,19,0.25,0
3736,1,0.5,1
3736,11,0.5,0
3737,11,0.333333,1
3737,16,0.333333,0
3737,19,0.333333,0
3738,11,0.333333,1
3738,14,0.333333,0
3738,19,0.333333,0
3739,1,0.2,1
3739,11,0.2,0
3739,16,0.2,0
3739,18,0.2,0
3739,7,0.2,0
3740,11,0.333333,1
3740,16,0.333333,0
3740,19,0.333333,0
3741,14,1.0,1
3742,1,0.166667,1
3742,2,0.166667,0
3742,5,0.166667,0
3742,11,0.166667,0
3742,15,0.166667,0
3742,16,0.166667,0
3743,1,0.5,1
3743,11,0.5,0
3744,14,1.0,1
3745,1,0.2,1
3745,2,0.2,0
3745,14,0.2,0
3745,19,0.2,0
3745,7,0.2,0
3746,1,0.333333,1
3746,5,0.333333,0
3746,11,0.333333,0
3747,5,0.333333,1
3747,11,0.333333,0
3747,18,0.333333,0
3748,1,0.2,1
3748,2,0.2,0
3748,11,0.2,0
3748,14,0.2,0
3748,19,0.2,0
3749,11,1.0,1
3750,1,0.333333,1
3750,2,0.333333,0
3750,11,0.333333,0
3751,2,0.25,1
3751,11,0.25,0
3751,14,0.25,0
3751,19,0.25,0
3752,5,0.5,1
3752,16,0.5,0
3753,1,0.333333,1
3753,2,0.333333,0
3753,11,0.333333,0
3754,5,0.333333,1
3754,11,0.333333,0
3754,19,0.333333,0
3755,1,0.2,1
3755,2,0.2,0
3755,5,0.2,0
3755,11,0.2,0
3755,7,0.2,0
3756,2,0.333333,1
3756,5,0.333333,0
3756,11,0.333333,0
3757,2,0.5,1
3757,14,0.5,0
3758,1,0.333333,1
3758,5,0.333333,0
3758,15,0.333333,0
3759,1,0.5,1
3759,2,0.5,0
3760,1,0.333333,1
3760,2,0.333333,0
3760,11,0.333333,0
3761,1,0.25,1
3761,2,0.25,0
3761,11,0.25,0
3761,14,0.25,0
3762,1,0.333333,1
3762,2,0.333333,0
3762,11,0.333333,0
3763,1,0.333333,1
3763,2,0.333333,0
3763,11,0.333333,0
3764,2,0.333333,1
3764,5,0.333333,0
3764,11,0.333333,0
3765,2,0.5,1
3765,11,0.5,0
3766,5,0.25,1
3766,15,0.25,0
3766,18,0.25,0
3766,19,0.25,0
3767,11,1.0,1
3768,2,0.333333,1
3768,11,0.333333,0
3768,14,0.333333,0
3769,5,0.2,1
3769,11,0.2,0
3769,14,0.2,0
3769,16,0.2,0
3769,18,0.2,0
3770,2,0.5,1
3770,5,0.5,0
3771,1,0.5,1
3771,11,0.5,0
3772,5,1.0,1
3773,11,1.0,1
3774,19,1.0,1
3775,11,0.5,1
3775,19,0.5,0
3776,1,0.5,1
3776,11,0.5,0
3777,1,0.25,1
3777,2,0.25,0
3777,11,0.25,0
3777,14,0.25,0
3778,1,0.5,1
3778,11,0.5,0
3779,19,1.0,1
3780,1,0.25,1
3780,2,0.25,0
3780,11,0.25,0
3780,16,0.25,0
3781,5,0.333333,1
3781,9,0.333333,0
3781,11,0.333333,0
3782,2,1.0,1
3783,11,1.0,1
3784,2,0.333333,1
3784,11,0.333333,0
3784,16,0.333333,0
3785,1,0.5,1
3785,11,0.5,0
3786,2,0.5,1
3786,11,0.5,0
3787,1,0.166667,1
3787,5,0.166667,0
3787,11,0.166667,0
3787,15,0.166667,0
3787,16,0.166667,0
3787,18,0.166667,0
3788,11,0.333333,1
3788,16,0.333333,0
3788,7,0.333333,0
3789,16,0.5,1
3789,19,0.5,0
3790,2,0.333333,1
3790,14,0.333333,0
3790,16,0.333333,0
3791,11,0.5,1
3791,16,0.5,0
3792,1,0.333333,1
3792,2,0.333333,0
3792,9,0.333333,0
3793,2,0.333333,1
3793,14,0.333333,0
3793,19,0.333333,0
3794,2,0.333333,1
3794,12,0.333333,0
3794,7,0.333333,0
3795,11,0.333333,1
3795,16,0.333333,0
3795,19,0.333333,0
3796,1,1.0,1
3797,16,1.0,1
3798,19,1.0,1
3799,1,0.25,1
3799,2,0.25,0
3799,11,0.25,0
3799,16,0.25,0
3800,2,0.333333,1
3800,11,0.333333,0
3800,16,0.333333,0
3801,1,0.333333,1
3801,5,0.333333,0
3801,11,0.333333,0
3802,1,0.25,1
3802,2,0.25,0
3802,11,0.25,0
3802,16,0.25,0
3803,1,0.333333,1
3803,14,0.333333,0
3803,19,0.333333,0
3804,1,0.5,1
3804,11,0.5,0
3805,1,0.5,1
3805,14,0.5,0
3806,1,0.5,1
3806,11,0.5,0
3807,2,0.333333,1
3807,5,0.333333,0
3807,11,0.333333,0
3808,11,0.333333,1
3808,16,0.333333,0
3808,19,0.333333,0
3809,1,0.5,1
3809,11,0.5,0
3810,2,0.333333,1
3810,14,0.333333,0
3810,16,0.333333,0
3811,2,0.333333,1
3811,11,0.333333,0
3811,14,0.333333,0
3812,11,1.0,1
3813,5,0.25,1
3813,9,0.25,0
3813,11,0.25,0
3813,14,0.25,0
3814,11,0.333333,1
3814,15,0.333333,0
3814,16,0.333333,0
3815,2,0.333333,1
3815,11,0.333333,0
3815,16,0.333333,0
3816,2,0.5,1
3816,5,0.5,0
3817,5,0.5,1
3817,11,0.5,0
3818,1,0.333333,1
3818,2,0.333333,0
3818,11,0.333333,0
3819,5,1.0,1
3820,11,1.0,1
3821,11,0.5,1
3821,16,0.5,0
3822,1,0.5,1
3822,11,0.5,0
3823,2,0.333333,1
3823,11,0.333333,0
3823,14,0.333333,0
3824,1,0.25,1
3824,5,0.25,0
3824,11,0.25,0
3824,16,0.25,0
3825,1,0.333333,1
3825,2,0.333333,0
3825,11,0.333333,0
3826,1,0.25,1
3826,11,0.25,0
3826,15,0.25,0
3826,9,0.25,0
3827,5,0.5,1
3827,11,0.5,0
3828,5,0.25,1
3828,11,0.25,0
3828,16,0.25,0
3828,19,0.25,0
3829,11,0.5,1
3829,19,0.5,0
3830,19,1.0,1
3831,5,1.0,1
3832,1,0.5,1
3832,11,0.5,0
3833,1,0.333333,1
3833,11,0.333333,0
3833,9,0.333333,0
3834,3,0.5,1
3834,20,0.5,0
3835,2,0.5,1
3835,11,0.5,0
3836,2,0.2,1
3836,5,0.2,0
3836,11,0.2,0
3836,16,0.2,0
3836,19,0.2,0
3837,11,0.5,1
3837,19,0.5,0
3838,1,0.25,1
3838,5,0.25,0
3838,11,0.25,0
3838,14,0.25,0
3839,1,0.333333,1
3839,5,0.333333,0
3839,11,0.333333,0
3840,2,0.5,1
3840,11,0.5,0
3841,15,0.333333,1
3841,16,0.333333,0
3841,18,0.333333,0
3842,1,0.333333,1
3842,2,0.333333,0
3842,11,0.333333,0
3843,1,0.333333,1
3843,11,0.333333,0
3843,19,0.333333,0
3844,11,0.5,1
3844,19,0.5,0
3845,1,1.0,1
3846,1,0.25,1
3846,2,0.25,0
3846,16,0.25,0
3846,19,0.25,0
3847,1,0.2,1
3847,11,0.2,0
3847,14,0.2,0
3847,16,0.2,0
3847,19,0.2,0
3848,1,0.5,1
3848,19,0.5,0
3849,5,0.2,1
3849,11,0.2,0
3849,14,0.2,0
3849,16,0.2,0
3849,7,0.2,0
3850,5,0.5,1
3850,11,0.5,0
3851,11,0.333333,1
3851,16,0.333333,0
3851,19,0.333333,0
3852,1,0.5,1
3852,2,0.5,0
3853,1,0.25,1
3853,2,0.25,0
3853,15,0.25,0
3853,16,0.25,0
3854,2,0.333333,1
3854,11,0.333333,0
3854,14,0.333333,0
3855,2,0.5,1
3855,11,0.5,0
3856,1,0.333333,1
3856,11,0.333333,0
3856,14,0.333333,0
3857,2,0.333333,1
3857,5,0.333333,0
3857,11,0.333333,0
3858,1,0.166667,1
3858,5,0.166667,0
3858,11,0.166667,0
3858,16,0.166667,0
3858,18,0.166667,0
3858,7,0.166667,0
3859,5,1.0,1
3860,1,0.333333,1
3860,18,0.333333,0
3860,19,0.333333,0
3861,1,0.142857,1
3861,2,0.142857,0
3861,5,0.142857,0
3861,11,0.142857,0
3861,14,0.142857,0
3861,19,0.142857,0
3861,7,0.142857,0
3862,11,0.5,1
3862,19,0.5,0
3863,5,0.333333,1
3863,11,0.333333,0
3863,19,0.333333,0
3864,1,0.25,1
3864,2,0.25,0
3864,11,0.25,0
3864,14,0.25,0
3865,14,0.5,1
3865,19,0.5,0
3866,1,0.25,1
3866,2,0.25,0
3866,11,0.25,0
3866,14,0.25,0
3867,2,0.333333,1
3867,11,0.333333,0
3867,16,0.333333,0
3868,1,0.2,1
3868,2,0.2,0
3868,11,0.2,0
3868,14,0.2,0
3868,7,0.2,0
3869,1,0.333333,1
3869,2,0.333333,0
3869,11,0.333333,0
3870,1,0.5,1
3870,11,0.5,0
3871,11,0.5,1
3871,14,0.5,0
3872,1,0.166667,1
3872,11,0.166667,0
3872,14,0.166667,0
3872,16,0.166667,0
3872,19,0.166667,0
3872,7,0.166667,0
3873,11,0.333333,1
3873,16,0.333333,0
3873,19,0.333333,0
3874,19,1.0,1
3875,16,1.0,1
3876,2,0.166667,1
3876,5,0.166667,0
3876,11,0.166667,0
3876,14,0.166667,0
3876,16,0.166667,0
3876,19,0.166667,0
3877,2,0.333333,1
3877,5,0.333333,0
3877,11,0.333333,0
3878,11,0.25,1
3878,16,0.25,0
3878,19,0.25,0
3878,7,0.25,0
3879,2,0.25,1
3879,11,0.25,0
3879,14,0.25,0
3879,16,0.25,0
3880,2,0.333333,1
3880,11,0.333333,0
3880,19,0.333333,0
3881,14,0.333333,1
3881,16,0.333333,0
3881,19,0.333333,0
3882,11,0.5,1
3882,19,0.5,0
3883,5,0.5,1
3883,11,0.5,0
3884,1,0.25,1
3884,2,0.25,0
3884,5,0.25,0
3884,11,0.25,0
3885,1,0.125,1
3885,5,0.125,0
3885,11,0.125,0
3885,12,0.125,0
3885,16,0.125,0
3885,18,0.125,0
3885,19,0.125,0
3885,9,0.125,0
3886,1,0.2,1
3886,2,0.2,0
3886,5,0.2,0
3886,11,0.2,0
3886,7,0.2,0
3887,11,0.5,1
3887,7,0.5,0
3888,1,0.5,1
3888,11,0.5,0
3889,19,1.0,1
3890,1,0.25,1
3890,2,0.25,0
3890,5,0.25,0
3890,11,0.25,0
3891,1,1.0,1
3892,2,0.5,1
3892,11,0.5,0
3893,2,0.5,1
3893,11,0.5,0
3894,1,0.25,1
3894,11,0.25,0
3894,12,0.25,0
3894,19,0.25,0
3895,1,0.5,1
3895,19,0.5,0
3896,5,0.333333,1
3896,14,0.333333,0
3896,16,0.333333,0
3897,14,1.0,1
3898,14,1.0,1
3899,5,0.333333,1
3899,11,0.333333,0
3899,14,0.333333,0
3900,1,0.5,1
3900,7,0.5,0
3901,1,0.25,1
3901,2,0.25,0
3901,11,0.25,0
3901,12,0.25,0
3902,1,0.333333,1
3902,11,0.333333,0
3902,7,0.333333,0
3903,2,1.0,1
3904,5,1.0,1
3905,2,0.5,1
3905,5,0.5,0
3906,1,0.5,1
3906,2,0.5,0
3907,5,0.5,1
3907,19,0.5,0
3908,2,0.5,1
3908,11,0.5,0
3909,1,0.142857,1
3909,2,0.142857,0
3909,5,0.142857,0
3909,11,0.142857,0
3909,14,0.142857,0
3909,16,0.142857,0
3909,19,0.142857,0
3910,1,0.5,1
3910,5,0.5,0
3911,1,0.333333,1
3911,11,0.333333,0
3911,16,0.333333,0
3912,1,0.333333,1
3912,2,0.333333,0
3912,11,0.333333,0
3913,1,0.333333,1
3913,2,0.333333,0
3913,16,0.333333,0
3914,5,1.0,1
3915,2,0.25,1
3915,11,0.25,0
3915,14,0.25,0
3915,19,0.25,0
3916,14,1.0,1
3917,1,0.2,1
3917,2,0.2,0
3917,11,0.2,0
3917,12,0.2,0
3917,16,0.2,0
3918,16,0.333333,1
3918,19,0.333333,0
3918,7,0.333333,0
3919,1,0.25,1
3919,2,0.25,0
3919,12,0.25,0
3919,9,0.25,0
3920,2,0.333333,1
3920,5,0.333333,0
3920,11,0.333333,0
3921,5,0.333333,1
3921,11,0.333333,0
3921,16,0.333333,0
3922,1,0.2,1
3922,2,0.2,0
3922,5,0.2,0
3922,11,0.2,0
3922,16,0.2,0
3923,1,0.333333,1
3923,2,0.333333,0
3923,11,0.333333,0
3924,2,0.25,1
3924,5,0.25,0
3924,14,0.25,0
3924,16,0.25,0
3925,1,0.25,1
3925,2,0.25,0
3925,11,0.25,0
3925,14,0.25,0
3926,5,0.25,1
3926,11,0.25,0
3926,14,0.25,0
3926,19,0.25,0
3927,1,0.333333,1
3927,5,0.333333,0
3927,11,0.333333,0
3928,1,1.0,1
3929,1,0.333333,1
3929,2,0.333333,0
3929,11,0.333333,0
3930,1,0.333333,1
3930,2,0.333333,0
3930,14,0.333333,0
3931,5,0.333333,1
3931,11,0.333333,0
3931,16,0.333333,0
3932,11,1.0,1
3933,1,0.333333,1
3933,11,0.333333,0
3933,7,0.333333,0
3934,5,0.333333,1
3934,11,0.333333,0
3934,19,0.333333,0
3935,2,0.5,1
3935,11,0.5,0
3936,2,1.0,1
3937,2,0.2,1
3937,5,0.2,0
3937,11,0.2,0
3937,14,0.2,0
3937,16,0.2,0
3938,11,0.25,1
3938,14,0.25,0
3938,16,0.25,0
3938,7,0.25,0
3939,11,1.0,1
3940,2,0.5,1
3940,14,0.5,0
3941,1,0.25,1
3941,14,0.25,0
3941,16,0.25,0
3941,19,0.25,0
3942,1,0.2,1
3942,2,0.2,0
3942,5,0.2,0
3942,14,0.2,0
3942,19,0.2,0
3943,2,1.0,1
3944,1,0.5,1
3944,2,0.5,0
3945,11,1.0,1
3946,2,0.333333,1
3946,14,0.333333,0
3946,19,0.333333,0
3947,14,0.333333,1
3947,16,0.333333,0
3947,19,0.333333,0
3948,11,0.25,1
3948,12,0.25,0
3948,14,0.25,0
3948,7,0.25,0
3949,11,0.333333,1
3949,14,0.333333,0
3949,19,0.333333,0
3950,1,0.333333,1
3950,2,0.333333,0
3950,11,0.333333,0
3951,2,0.333333,1
3951,5,0.333333,0
3951,11,0.333333,0
3952,16,1.0,1
3953,1,0.25,1
3953,2,0.25,0
3953,5,0.25,0
3953,11,0.25,0
3954,2,1.0,1
3955,5,0.5,1
3955,11,0.5,0
3956,5,0.25,1
3956,11,0.25,0
3956,16,0.25,0
3956,19,0.25,0
3957,1,0.25,1
3957,5,0.25,0
3957,11,0.25,0
3957,18,0.25,0
3958,5,0.333333,1
3958,11,0.333333,0
3958,16,0.333333,0
3959,5,0.333333,1
3959,11,0.333333,0
3959,16,0.333333,0
3960,5,0.2,1
3960,11,0.2,0
3960,16,0.2,0
3960,19,0.2,0
3960,9,0.2,0
3961,5,0.25,1
3961,11,0.25,0
3961,16,0.25,0
3961,19,0.25,0
3962,1,0.333333,1
3962,2,0.333333,0
3962,11,0.333333,0
3963,1,0.333333,1
3963,11,0.333333,0
3963,19,0.333333,0
3964,1,0.333333,1
3964,2,0.333333,0
3964,11,0.333333,0
3965,1,0.333333,1
3965,11,0.333333,0
3965,14,0.333333,0
3966,1,0.25,1
3966,2,0.25,0
3966,11,0.25,0
3966,12,0.25,0
3967,11,0.333333,1
3967,16,0.333333,0
3967,19,0.333333,0
3968,2,0.5,1
3968,11,0.5,0
3969,18,1.0,1
3970,2,0.5,1
3970,11,0.5,0
3971,5,0.2,1
3971,11,0.2,0
3971,16,0.2,0
3971,18,0.2,0
3971,19,0.2,0
3972,1,0.333333,1
3972,5,0.333333,0
3972,11,0.333333,0
3973,1,0.166667,1
3973,11,0.166667,0
3973,12,0.166667,0
3973,14,0.166667,0
3973,16,0.166667,0
3973,19,0.166667,0
3974,1,1.0,1
3975,1,0.333333,1
3975,2,0.333333,0
3975,11,0.333333,0
3976,1,0.333333,1
3976,2,0.333333,0
3976,14,0.333333,0
3977,2,0.2,1
3977,5,0.2,0
3977,11,0.2,0
3977,14,0.2,0
3977,16,0.2,0
3978,5,0.333333,1
3978,11,0.333333,0
3978,9,0.333333,0
3979,2,1.0,1
3980,1,0.333333,1
3980,2,0.333333,0
3980,16,0.333333,0
3981,1,0.333333,1
3981,2,0.333333,0
3981,11,0.333333,0
3982,1,0.25,1
3982,2,0.25,0
3982,11,0.25,0
3982,16,0.25,0
3983,5,0.333333,1
3983,11,0.333333,0
3983,16,0.333333,0
3984,1,0.333333,1
3984,5,0.333333,0
3984,11,0.333333,0
3985,2,0.333333,1
3985,5,0.333333,0
3985,11,0.333333,0
3986,1,0.25,1
3986,11,0.25,0
3986,12,0.25,0
3986,19,0.25,0
3987,1,0.142857,1
3987,2,0.142857,0
3987,5,0.142857,0
3987,11,0.142857,0
3987,14,0.142857,0
3987,16,0.142857,0
3987,19,0.142857,0
3988,1,0.166667,1
3988,2,0.166667,0
3988,5,0.166667,0
3988,11,0.166667,0
3988,14,0.166667,0
3988,7,0.166667,0
3989,2,0.333333,1
3989,11,0.333333,0
3989,14,0.333333,0
3990,1,0.333333,1
3990,2,0.333333,0
3990,11,0.333333,0
3991,2,0.333333,1
3991,11,0.333333,0
3991,19,0.333333,0
3992,1,0.5,1
3992,11,0.5,0
3993,1,0.333333,1
3993,2,0.333333,0
3993,11,0.333333,0
3994,1,0.5,1
3994,11,0.5,0
3995,16,1.0,1
3996,2,0.333333,1
3996,11,0.333333,0
3996,14,0.333333,0
3997,1,0.333333,1
3997,11,0.333333,0
3997,19,0.333333,0
3998,1,0.5,1
3998,11,0.5,0
3999,16,0.5,1
3999,19,0.5,0
4000,5,0.5,1
4000,11,0.5,0
4001,5,0.333333,1
4001,18,0.333333,0
4001,19,0.333333,0
4002,1,0.2,1
4002,2,0.2,0
4002,11,0.2,0
4002,15,0.2,0
4002,18,0.2,0
4003,14,0.333333,1
4003,19,0.333333,0
4003,9,0.333333,0
4004,1,0.25,1
4004,2,0.25,0
4004,11,0.25,0
4004,16,0.25,0
4005,1,0.25,1
4005,2,0.25,0
4005,11,0.25,0
4005,19,0.25,0
4006,2,0.333333,1
4006,11,0.333333,0
4006,14,0.333333,0
4007,1,0.25,1
4007,2,0.25,0
4007,5,0.25,0
4007,11,0.25,0
4008,1,0.5,1
4008,5,0.5,0
4009,1,0.25,1
4009,2,0.25,0
4009,11,0.25,0
4009,14,0.25,0
4010,5,0.5,1
4010,11,0.5,0
4011,1,0.2,1
4011,2,0.2,0
4011,11,0.2,0
4011,16,0.2,0
4011,7,0.2,0
4012,2,0.5,1
4012,11,0.5,0
4013,1,1.0,1
4014,5,0.5,1
4014,11,0.5,0
4015,5,0.333333,1
4015,11,0.333333,0
4015,19,0.333333,0
4016,5,0.25,1
4016,11,0.25,0
4016,16,0.25,0
4016,19,0.25,0
4017,1,0.333333,1
4017,2,0.333333,0
4017,7,0.333333,0
4018,1,0.333333,1
4018,5,0.333333,0
4018,11,0.333333,0
4019,2,0.333333,1
4019,11,0.333333,0
4019,14,0.333333,0
4020,1,0.333333,1
4020,5,0.333333,0
4020,11,0.333333,0
4021,1,0.111111,1
4021,2,0.111111,0
4021,5,0.111111,0
4021,11,0.111111,0
4021,15,0.111111,0
4021,14,0.111111,0
4021,16,0.111111,0
4021,18,0.111111,0
4021,19,0.111111,0
4022,1,0.333333,1
4022,5,0.333333,0
4022,11,0.333333,0
4023,19,1.0,1
4024,11,0.5,1
4024,16,0.5,0
4025,2,0.5,1
4025,11,0.5,0
4026,1,0.25,1
4026,5,0.25,0
4026,11,0.25,0
4026,16,0.25,0
4027,5,0.333333,1
4027,11,0.333333,0
4027,16,0.333333,0
4028,19,1.0,1
4029,2,0.166667,1
4029,5,0.166667,0
4029,15,0.166667,0
4029,16,0.166667,0
4029,18,0.166667,0
4029,9,0.166667,0
4030,2,0.5,1
4030,16,0.5,0
4031,11,0.333333,1
4031,15,0.333333,0
4031,16,0.333333,0
4032,5,0.25,1
4032,11,0.25,0
4032,16,0.25,0
4032,19,0.25,0
4033,5,1.0,1
4034,1,0.25,1
4034,11,0.25,0
4034,14,0.25,0
4034,7,0.25,0
4035,16,0.5,1
4035,19,0.5,0
4036,1,0.333333,1
4036,11,0.333333,0
4036,14,0.333333,0
4037,14,1.0,1
4038,11,0.25,1
4038,14,0.25,0
4038,16,0.25,0
4038,19,0.25,0
4039,5,0.5,1
4039,11,0.5,0
4040,2,0.25,1
4040,5,0.25,0
4040,11,0.25,0
4040,19,0.25,0
4041,11,0.5,1
4041,16,0.5,0
4042,1,0.2,1
4042,5,0.2,0
4042,11,0.2,0
4042,19,0.2,0
4042,7,0.2,0
4043,2,0.2,1
4043,11,0.2,0
4043,14,0.2,0
4043,19,0.2,0
4043,7,0.2,0
4044,1,0.5,1
4044,2,0.5,0
4045,5,0.5,1
4045,11,0.5,0
4046,2,0.5,1
4046,11,0.5,0
4047,19,1.0,1
4048,5,0.333333,1
4048,11,0.333333,0
4048,16,0.333333,0
4049,2,0.5,1
4049,11,0.5,0
4050,2,0.125,1
4050,5,0.125,0
4050,11,0.125,0
4050,12,0.125,0
4050,14,0.125,0
4050,16,0.125,0
4050,19,0.125,0
4050,9,0.125,0
4051,1,0.25,1
4051,2,0.25,0
4051,5,0.25,0
4051,11,0.25,0
4052,5,0.333333,1
4052,14,0.333333,0
4052,16,0.333333,0
4053,5,0.5,1
4053,11,0.5,0
4054,5,0.5,1
4054,11,0.5,0
4055,1,0.166667,1
4055,5,0.166667,0
4055,11,0.166667,0
4055,15,0.166667,0
4055,16,0.166667,0
4055,18,0.166667,0
4056,1,0.25,1
4056,2,0.25,0
4056,11,0.25,0
4056,14,0.25,0
4057,11,0.333333,1
4057,14,0.333333,0
4057,16,0.333333,0
4058,14,0.333333,1
4058,16,0.333333,0
4058,19,0.333333,0
4059,1,0.5,1
4059,11,0.5,0
4060,16,1.0,1
4061,1,0.25,1
4061,5,0.25,0
4061,16,0.25,0
4061,18,0.25,0
4062,1,0.2,1
4062,2,0.2,0
4062,11,0.2,0
4062,14,0.2,0
4062,16,0.2,0
4063,1,0.5,1
4063,2,0.5,0
4064,1,0.25,1
4064,2,0.25,0
4064,11,0.25,0
4064,14,0.25,0
4065,15,0.333333,1
4065,16,0.333333,0
4065,18,0.333333,0
4066,14,1.0,1
4067,1,0.25,1
4067,5,0.25,0
4067,14,0.25,0
4067,19,0.25,0
4068,1,0.5,1
4068,2,0.5,0
4069,1,1.0,1
4070,2,0.333333,1
4070,5,0.333333,0
4070,11,0.333333,0
4071,2,0.5,1
4071,11,0.5,0
4072,14,0.333333,1
4072,19,0.333333,0
4072,9,0.333333,0
4073,2,0.333333,1
4073,11,0.333333,0
4073,14,0.333333,0
4074,1,0.333333,1
4074,2,0.333333,0
4074,11,0.333333,0
4075,5,0.25,1
4075,11,0.25,0
4075,16,0.25,0
4075,19,0.25,0
4076,5,0.5,1
4076,11,0.5,0
4077,1,0.333333,1
4077,2,0.333333,0
4077,11,0.333333,0
4078,1,0.5,1
4078,11,0.5,0
4079,3,0.5,1
4079,6,0.5,0
4080,2,0.333333,1
4080,5,0.333333,0
4080,11,0.333333,0
4081,16,0.5,1
4081,19,0.5,0
4082,1,0.333333,1
4082,11,0.333333,0
4082,7,0.333333,0
4083,12,0.333333,1
4083,14,0.333333,0
4083,9,0.333333,0
4084,1,0.333333,1
4084,2,0.333333,0
4084,14,0.333333,0
4085,1,0.25,1
4085,2,0.25,0
4085,11,0.25,0
4085,19,0.25,0
4086,2,0.333333,1
4086,14,0.333333,0
4086,16,0.333333,0
4087,16,0.5,1
4087,19,0.5,0
4088,1,0.25,1
4088,2,0.25,0
4088,11,0.25,0
4088,16,0.25,0
4089,1,0.166667,1
4089,5,0.166667,0
4089,11,0.166667,0
4089,16,0.166667,0
4089,18,0.166667,0
4089,7,0.166667,0
4090,1,0.5,1
4090,11,0.5,0
4091,5,0.25,1
4091,11,0.25,0
4091,19,0.25,0
4091,9,0.25,0
4092,2,0.25,1
4092,5,0.25,0
4092,16,0.25,0
4092,19,0.25,0
4093,11,0.5,1
4093,19,0.5,0
4094,2,0.5,1
4094,11,0.5,0
4095,5,0.5,1
4095,11,0.5,0
4096,1,0.2,1
4096,2,0.2,0
4096,11,0.2,0
4096,14,0.2,0
4096,16,0.2,0
4097,1,0.2,1
4097,11,0.2,0
4097,12,0.2,0
4097,16,0.2,0
4097,19,0.2,0
4098,1,0.5,1
4098,11,0.5,0
4099,11,0.333333,1
4099,16,0.333333,0
4099,19,0.333333,0
4100,1,1.0,1
4101,16,0.5,1
4101,19,0.5,0
4102,2,0.333333,1
4102,14,0.333333,0
4102,19,0.333333,0
4103,2,0.5,1
4103,11,0.5,0
4104,16,1.0,1
4105,1,0.5,1
4105,2,0.5,0
4106,19,1.0,1
4107,5,0.25,1
4107,11,0.25,0
4107,14,0.25,0
4107,16,0.25,0
4108,11,0.5,1
4108,19,0.5,0
4109,11,0.25,1
4109,14,0.25,0
4109,16,0.25,0
4109,19,0.25,0
4110,2,0.333333,1
4110,11,0.333333,0
4110,16,0.333333,0
4111,16,0.5,1
4111,19,0.5,0
4112,5,0.2,1
4112,11,0.2,0
4112,15,0.2,0
4112,16,0.2,0
4112,18,0.2,0
4113,1,0.333333,1
4113,2,0.333333,0
4113,11,0.333333,0
4114,2,0.333333,1
4114,11,0.333333,0
4114,12,0.333333,0
4115,2,0.333333,1
4115,11,0.333333,0
4115,14,0.333333,0
4116,11,0.5,1
4116,16,0.5,0
4117,2,0.333333,1
4117,11,0.333333,0
4117,14,0.333333,0
4118,2,0.333333,1
4118,5,0.333333,0
4118,11,0.333333,0
4119,5,0.5,1
4119,11,0.5,0
4120,5,1.0,1
4121,2,0.5,1
4121,5,0.5,0
4122,1,0.333333,1
4122,2,0.333333,0
4122,11,0.333333,0
4123,5,1.0,1
4124,2,0.333333,1
4124,14,0.333333,0
4124,19,0.333333,0
4125,5,0.5,1
4125,14,0.5,0
4126,11,1.0,1
4127,2,0.5,1
4127,14,0.5,0
4128,1,0.5,1
4128,2,0.5,0
4129,5,0.333333,1
4129,11,0.333333,0
4129,15,0.333333,0
4130,16,1.0,1
4131,1,0.25,1
4131,2,0.25,0
4131,11,0.25,0
4131,14,0.25,0
4132,1,0.2,1
4132,11,0.2,0
4132,14,0.2,0
4132,16,0.2,0
4132,19,0.2,0
4133,1,0.333333,1
4133,11,0.333333,0
4133,18,0.333333,0
4134,16,1.0,1
4135,1,0.333333,1
4135,2,0.333333,0
4135,11,0.333333,0
4136,1,0.5,1
4136,2,0.5,0
4137,1,0.25,1
4137,2,0.25,0
4137,11,0.25,0
4137,14,0.25,0
4138,2,0.5,1
4138,11,0.5,0
4139,1,0.5,1
4139,2,0.5,0
4140,1,0.25,1
4140,2,0.25,0
4140,11,0.25,0
4140,19,0.25,0
4141,1,0.333333,1
4141,2,0.333333,0
4141,11,0.333333,0
4142,5,0.5,1
4142,11,0.5,0
4143,1,0.166667,1
4143,5,0.166667,0
4143,11,0.166667,0
4143,15,0.166667,0
4143,16,0.166667,0
4143,18,0.166667,0
4144,2,0.5,1
4144,5,0.5,0
4145,1,0.333333,1
4145,11,0.333333,0
4145,19,0.333333,0
4146,1,1.0,1
4147,1,0.5,1
4147,7,0.5,0
4148,5,0.333333,1
4148,11,0.333333,0
4148,15,0.333333,0
4149,1,0.5,1
4149,2,0.5,0
4150,2,0.25,1
4150,5,0.25,0
4150,14,0.25,0
4150,16,0.25,0
4151,2,0.5,1
4151,11,0.5,0
4152,5,0.5,1
4152,11,0.5,0
4153,11,0.333333,1
4153,14,0.333333,0
4153,19,0.333333,0
4154,1,0.25,1
4154,2,0.25,0
4154,11,0.25,0
4154,7,0.25,0
4155,1,0.5,1
4155,14,0.5,0
4156,1,0.333333,1
4156,2,0.333333,0
4156,11,0.333333,0
4157,2,0.25,1
4157,11,0.25,0
4157,14,0.25,0
4157,16,0.25,0
4158,1,0.333333,1
4158,11,0.333333,0
4158,19,0.333333,0
4159,1,0.333333,1
4159,2,0.333333,0
4159,11,0.333333,0
4160,5,1.0,1
4161,2,0.333333,1
4161,5,0.333333,0
4161,11,0.333333,0
4162,11,0.333333,1
4162,14,0.333333,0
4162,16,0.333333,0
4163,2,1.0,1
4164,2,0.5,1
4164,14,0.5,0
4165,5,0.5,1
4165,11,0.5,0
4166,1,0.2,1
4166,5,0.2,0
4166,11,0.2,0
4166,16,0.2,0
4166,19,0.2,0
4167,2,0.333333,1
4167,5,0.333333,0
4167,11,0.333333,0
4168,2,0.333333,1
4168,11,0.333333,0
4168,14,0.333333,0
4169,2,1.0,1
4170,2,1.0,1
4171,1,0.333333,1
4171,2,0.333333,0
4171,5,0.333333,0
4172,11,0.333333,1
4172,14,0.333333,0
4172,16,0.333333,0
4173,2,0.5,1
4173,11,0.5,0
4174,2,0.2,1
4174,5,0.2,0
4174,11,0.2,0
4174,14,0.2,0
4174,16,0.2,0
4175,1,0.333333,1
4175,11,0.333333,0
4175,14,0.333333,0
4176,2,0.25,1
4176,5,0.25,0
4176,11,0.25,0
4176,16,0.25,0
4177,11,0.333333,1
4177,16,0.333333,0
4177,19,0.333333,0
4178,1,0.5,1
4178,19,0.5,0
4179,2,0.5,1
4179,11,0.5,0
4180,16,0.5,1
4180,7,0.5,0
4181,1,0.5,1
4181,2,0.5,0
4182,11,1.0,1
4183,2,1.0,1
4184,1,0.333333,1
4184,5,0.333333,0
4184,11,0.333333,0
4185,2,0.166667,1
4185,5,0.166667,0
4185,9,0.166667,0
4185,12,0.166667,0
4185,14,0.166667,0
4185,19,0.166667,0
4186,5,1.0,1
4187,2,1.0,1
4188,1,0.5,1
4188,11,0.5,0
4189,16,1.0,1
4190,2,0.25,1
4190,11,0.25,0
4190,14,0.25,0
4190,19,0.25,0
4191,5,0.5,1
4191,11,0.5,0
4192,5,1.0,1
4193,11,0.5,1
4193,19,0.5,0
4194,14,1.0,1
4195,2,0.5,1
4195,11,0.5,0
4196,1,0.333333,1
4196,12,0.333333,0
4196,9,0.333333,0
4197,14,1.0,1
4198,1,0.2,1
4198,11,0.2,0
4198,12,0.2,0
4198,14,0.2,0
4198,19,0.2,0
4199,1,0.333333,1
4199,16,0.333333,0
4199,18,0.333333,0
4200,1,0.5,1
4200,11,0.5,0
4201,1,0.5,1
4201,11,0.5,0
4202,1,0.25,1
4202,2,0.25,0
4202,11,0.25,0
4202,14,0.25,0
4203,2,0.5,1
4203,11,0.5,0
4204,1,0.5,1
4204,2,0.5,0
4205,2,0.5,1
4205,11,0.5,0
4206,1,0.25,1
4206,2,0.25,0
4206,11,0.25,0
4206,14,0.25,0
4207,1,0.5,1
4207,11,0.5,0
4208,1,0.333333,1
4208,5,0.333333,0
4208,15,0.333333,0
4209,2,0.2,1
4209,5,0.2,0
4209,11,0.2,0
4209,16,0.2,0
4209,19,0.2,0
4210,2,0.25,1
4210,5,0.25,0
4210,11,0.25,0
4210,16,0.25,0
4211,1,0.25,1
4211,11,0.25,0
4211,16,0.25,0
4211,19,0.25,0
4212,1,0.333333,1
4212,5,0.333333,0
4212,11,0.333333,0
4213,15,0.333333,1
4213,16,0.333333,0
4213,18,0.333333,0
4214,2,0.333333,1
4214,5,0.333333,0
4214,11,0.333333,0
4215,1,0.2,1
4215,2,0.2,0
4215,5,0.2,0
4215,11,0.2,0
4215,19,0.2,0
4216,2,0.5,1
4216,11,0.5,0
4217,11,0.25,1
4217,14,0.25,0
4217,16,0.25,0
4217,19,0.25,0
4218,2,0.25,1
4218,14,0.25,0
4218,16,0.25,0
4218,19,0.25,0
4219,2,1.0,1
4220,14,1.0,1
4221,2,1.0,1
4222,2,0.25,1
4222,5,0.25,0
4222,11,0.25,0
4222,16,0.25,0
4223,1,0.333333,1
4223,2,0.333333,0
4223,11,0.333333,0
4224,2,0.5,1
4224,11,0.5,0
4225,14,1.0,1
4226,5,1.0,1
4227,2,0.5,1
4227,11,0.5,0
4228,2,1.0,1
4229,14,0.5,1
4229,19,0.5,0
4230,5,0.333333,1
4230,11,0.333333,0
4230,16,0.333333,0
4231,1,0.2,1
4231,11,0.2,0
4231,16,0.2,0
4231,19,0.2,0
4231,7,0.2,0
4232,5,0.5,1
4232,11,0.5,0
4233,2,0.25,1
4233,5,0.25,0
4233,11,0.25,0
4233,16,0.25,0
4234,2,0.25,1
4234,5,0.25,0
4234,14,0.25,0
4234,16,0.25,0
4235,2,0.25,1
4235,11,0.25,0
4235,14,0.25,0
4235,19,0.25,0
4236,19,1.0,1
4237,5,0.2,1
4237,11,0.2,0
4237,16,0.2,0
4237,19,0.2,0
4237,9,0.2,0
4238,1,0.5,1
4238,11,0.5,0
4239,1,0.333333,1
4239,11,0.333333,0
4239,15,0.333333,0
4240,1,0.5,1
4240,11,0.5,0
4241,1,0.5,1
4241,11,0.5,0
4242,1,0.5,1
4242,2,0.5,0
4243,15,0.333333,1
4243,16,0.333333,0
4243,18,0.333333,0
4244,2,0.25,1
4244,5,0.25,0
4244,11,0.25,0
4244,14,0.25,0
4245,1,0.5,1
4245,5,0.5,0
4246,1,0.166667,1
4246,2,0.166667,0
4246,5,0.166667,0
4246,11,0.166667,0
4246,16,0.166667,0
4246,7,0.166667,0
4247,1,1.0,1
4248,5,0.5,1
4248,14,0.5,0
4249,2,0.5,1
4249,11,0.5,0
4250,5,0.2,1
4250,11,0.2,0
4250,15,0.2,0
4250,14,0.2,0
4250,18,0.2,0
4251,1,0.333333,1
4251,2,0.333333,0
4251,11,0.333333,0
4252,11,0.5,1
4252,16,0.5,0
4253,1,0.2,1
4253,2,0.2,0
4253,14,0.2,0
4253,16,0.2,0
4253,19,0.2,0
4254,1,0.333333,1
4254,11,0.333333,0
4254,14,0.333333,0
4255,1,0.2,1
4255,5,0.2,0
4255,11,0.2,0
4255,16,0.2,0
4255,18,0.2,0
4256,1,0.25,1
4256,2,0.25,0
4256,5,0.25,0
4256,16,0.25,0
4257,1,0.333333,1
4257,5,0.333333,0
4257,18,0.333333,0
4258,1,0.333333,1
4258,2,0.333333,0
4258,14,0.333333,0
4259,2,0.333333,1
4259,5,0.333333,0
4259,11,0.333333,0
4260,1,0.2,1
4260,2,0.2,0
4260,5,0.2,0
4260,14,0.2,0
4260,16,0.2,0
4261,5,0.333333,1
4261,11,0.333333,0
4261,19,0.333333,0
4262,20,1.0,1
4263,5,0.5,1
4263,11,0.5,0
4264,1,0.333333,1
4264,5,0.333333,0
4264,11,0.333333,0
4265,1,0.5,1
4265,2,0.5,0
4266,2,1.0,1
4267,1,1.0,1
4268,2,0.333333,1
4268,11,0.333333,0
4268,16,0.333333,0
4269,5,0.25,1
4269,11,0.25,0
4269,16,0.25,0
4269,7,0.25,0
4270,2,0.333333,1
4270,5,0.333333,0
4270,11,0.333333,0
4271,5,0.333333,1
4271,11,0.333333,0
4271,16,0.333333,0
4272,11,0.333333,1
4272,19,0.333333,0
4272,7,0.333333,0
4273,2,0.25,1
4273,5,0.25,0
4273,11,0.25,0
4273,14,0.25,0
4274,5,0.5,1
4274,11,0.5,0
4275,1,0.5,1
4275,7,0.5,0
4276,11,0.333333,1
4276,14,0.333333,0
4276,16,0.333333,0
4277,19,1.0,1
4278,2,0.5,1
4278,5,0.5,0
4279,1,0.25,1
4279,11,0.25,0
4279,14,0.25,0
4279,7,0.25,0
4280,2,0.5,1
4280,5,0.5,0
4281,11,0.333333,1
4281,16,0.333333,0
4281,19,0.333333,0
4282,16,1.0,1
4283,1,0.333333,1
4283,5,0.333333,0
4283,11,0.333333,0
4284,1,0.5,1
4284,2,0.5,0
4285,1,0.5,1
4285,11,0.5,0
4286,2,0.25,1
4286,5,0.25,0
4286,11,0.25,0
4286,14,0.25,0
4287,11,0.5,1
4287,19,0.5,0
4288,5,0.5,1
4288,11,0.5,0
4289,14,0.5,1
4289,16,0.5,0
4290,2,0.5,1
4290,5,0.5,0
4291,2,0.333333,1
4291,5,0.333333,0
4291,11,0.333333,0
4292,11,0.333333,1
4292,16,0.333333,0
4292,19,0.333333,0
4293,1,0.5,1
4293,5,0.5,0
4294,2,0.25,1
4294,5,0.25,0
4294,11,0.25,0
4294,9,0.25,0
4295,1,0.25,1
4295,2,0.25,0
4295,11,0.25,0
4295,14,0.25,0
4296,16,0.5,1
4296,18,0.5,0
4297,11,0.5,1
4297,16,0.5,0
4298,1,0.2,1
4298,2,0.2,0
4298,11,0.2,0
4298,19,0.2,0
4298,9,0.2,0
4299,2,0.5,1
4299,11,0.5,0
4300,2,0.25,1
4300,5,0.25,0
4300,11,0.25,0
4300,16,0.25,0
4301,14,1.0,1
4302,11,0.5,1
4302,16,0.5,0
4303,1,0.25,1
4303,11,0.25,0
4303,16,0.25,0
4303,18,0.25,0
4304,1,0.2,1
4304,2,0.2,0
4304,5,0.2,0
4304,11,0.2,0
4304,14,0.2,0
4305,5,0.25,1
4305,11,0.25,0
4305,16,0.25,0
4305,19,0.25,0
4306,11,1.0,1
4307,5,0.25,1
4307,11,0.25,0
4307,16,0.25,0
4307,19,0.25,0
4308,2,0.333333,1
4308,5,0.333333,0
4308,11,0.333333,0
4309,2,0.5,1
4309,11,0.5,0
4310,5,1.0,1
4311,2,0.5,1
4311,5,0.5,0
4312,2,1.0,1
4313,1,0.25,1
4313,11,0.25,0
4313,14,0.25,0
4313,19,0.25,0
4314,1,0.5,1
4314,2,0.5,0
4315,1,0.25,1
4315,12,0.25,0
4315,16,0.25,0
4315,9,0.25,0
4316,1,0.5,1
4316,11,0.5,0
4317,1,0.333333,1
4317,11,0.333333,0
4317,19,0.333333,0
4318,1,0.2,1
4318,5,0.2,0
4318,11,0.2,0
4318,14,0.2,0
4318,19,0.2,0
4319,1,0.5,1
4319,2,0.5,0
4320,1,0.333333,1
4320,16,0.333333,0
4320,19,0.333333,0
4321,1,0.333333,1
4321,14,0.333333,0
4321,16,0.333333,0
4322,1,0.333333,1
4322,2,0.333333,0
4322,11,0.333333,0
4323,1,0.333333,1
4323,2,0.333333,0
4323,11,0.333333,0
4324,2,0.5,1
4324,5,0.5,0
4325,1,0.5,1
4325,11,0.5,0
4326,2,0.5,1
4326,11,0.5,0
4327,1,0.333333,1
4327,16,0.333333,0
4327,7,0.333333,0
4328,1,0.5,1
4328,11,0.5,0
4329,2,0.25,1
4329,11,0.25,0
4329,16,0.25,0
4329,19,0.25,0
4330,5,0.2,1
4330,15,0.2,0
4330,16,0.2,0
4330,18,0.2,0
4330,19,0.2,0
4331,14,1.0,1
4332,1,1.0,1
4333,1,1.0,1
4334,1,0.2,1
4334,5,0.2,0
4334,11,0.2,0
4334,16,0.2,0
4334,19,0.2,0
4335,1,0.2,1
4335,2,0.2,0
4335,11,0.2,0
4335,14,0.2,0
4335,19,0.2,0
4336,1,0.5,1
4336,11,0.5,0
4337,11,1.0,1
4338,11,0.25,1
4338,16,0.25,0
4338,19,0.25,0
4338,7,0.25,0
4339,2,0.333333,1
4339,5,0.333333,0
4339,11,0.333333,0
4340,5,0.5,1
4340,11,0.5,0
4341,2,0.5,1
4341,5,0.5,0
4342,1,0.333333,1
4342,11,0.333333,0
4342,14,0.333333,0
4343,1,0.25,1
4343,2,0.25,0
4343,5,0.25,0
4343,11,0.25,0
4344,5,0.333333,1
4344,16,0.333333,0
4344,18,0.333333,0
4345,1,0.2,1
4345,2,0.2,0
4345,11,0.2,0
4345,14,0.2,0
4345,7,0.2,0
4346,1,0.333333,1
4346,18,0.333333,0
4346,7,0.333333,0
4347,1,0.333333,1
4347,2,0.333333,0
4347,14,0.333333,0
4348,5,0.5,1
4348,16,0.5,0
4349,11,0.25,1
4349,14,0.25,0
4349,19,0.25,0
4349,7,0.25,0
4350,16,1.0,1
4351,1,0.333333,1
4351,2,0.333333,0
4351,11,0.333333,0
4352,1,0.333333,1
4352,11,0.333333,0
4352,7,0.333333,0
4353,1,0.5,1
4353,11,0.5,0
4354,1,0.333333,1
4354,2,0.333333,0
4354,11,0.333333,0
4355,2,0.2,1
4355,5,0.2,0
4355,11,0.2,0
4355,16,0.2,0
4355,20,0.2,0
4356,1,0.5,1
4356,11,0.5,0
4357,1,0.2,1
4357,5,0.2,0
4357,11,0.2,0
4357,16,0.2,0
4357,18,0.2,0
4358,5,0.5,1
4358,11,0.5,0
4359,1,1.0,1
4360,1,0.333333,1
4360,2,0.333333,0
4360,11,0.333333,0
4361,5,0.25,1
4361,11,0.25,0
4361,16,0.25,0
4361,19,0.25,0
4362,6,0.333333,1
4362,10,0.333333,0
4362,7,0.333333,0
4363,2,0.5,1
4363,11,0.5,0
4364,2,0.25,1
4364,5,0.25,0
4364,14,0.25,0
4364,16,0.25,0
4365,1,0.333333,1
4365,11,0.333333,0
4365,7,0.333333,0
4366,16,0.5,1
4366,19,0.5,0
4367,11,0.333333,1
4367,16,0.333333,0
4367,18,0.333333,0
4368,2,0.5,1
4368,11,0.5,0
4369,16,1.0,1
4370,1,0.25,1
4370,11,0.25,0
4370,14,0.25,0
4370,16,0.25,0
4371,1,0.5,1
4371,14,0.5,0
4372,1,0.25,1
4372,2,0.25,0
4372,5,0.25,0
4372,11,0.25,0
4373,1,0.5,1
4373,11,0.5,0
4374,1,1.0,1
4375,2,0.5,1
4375,11,0.5,0
4376,5,0.2,1
4376,11,0.2,0
4376,14,0.2,0
4376,16,0.2,0
4376,19,0.2,0
4377,2,0.5,1
4377,11,0.5,0
4378,2,1.0,1
4379,2,0.25,1
4379,5,0.25,0
4379,16,0.25,0
4379,18,0.25,0
4380,1,0.5,1
4380,19,0.5,0
4381,1,0.333333,1
4381,2,0.333333,0
4381,14,0.333333,0
4382,1,0.25,1
4382,11,0.25,0
4382,16,0.25,0
4382,19,0.25,0
4383,2,0.166667,1
4383,11,0.166667,0
4383,14,0.166667,0
4383,16,0.166667,0
4383,18,0.166667,0
4383,19,0.166667,0
4384,2,1.0,1
4385,1,0.333333,1
4385,16,0.333333,0
4385,19,0.333333,0
4386,1,0.25,1
4386,2,0.25,0
4386,5,0.25,0
4386,11,0.25,0
4387,2,0.5,1
4387,11,0.5,0
4388,1,0.25,1
4388,2,0.25,0
4388,11,0.25,0
4388,14,0.25,0
4389,2,0.5,1
4389,11,0.5,0
4390,1,0.5,1
4390,2,0.5,0
4391,2,0.333333,1
4391,11,0.333333,0
4391,19,0.333333,0
4392,1,0.333333,1
4392,2,0.333333,0
4392,11,0.333333,0
4393,1,0.333333,1
4393,5,0.333333,0
4393,7,0.333333,0
4394,15,1.0,1
4395,1,0.25,1
4395,2,0.25,0
4395,11,0.25,0
4395,16,0.25,0
4396,2,0.5,1
4396,11,0.5,0
4397,1,0.5,1
4397,2,0.5,0
4398,2,0.25,1
4398,5,0.25,0
4398,11,0.25,0
4398,14,0.25,0
4399,1,0.333333,1
4399,2,0.333333,0
4399,14,0.333333,0
4400,2,0.5,1
4400,5,0.5,0
4401,1,0.166667,1
4401,5,0.166667,0
4401,11,0.166667,0
4401,14,0.166667,0
4401,16,0.166667,0
4401,19,0.166667,0
4402,1,0.333333,1
4402,11,0.333333,0
4402,7,0.333333,0
4403,8,0.5,1
4403,17,0.5,0
4404,1,0.25,1
4404,2,0.25,0
4404,5,0.25,0
4404,11,0.25,0
4405,1,0.333333,1
4405,5,0.333333,0
4405,19,0.333333,0
4406,2,0.25,1
4406,5,0.25,0
4406,11,0.25,0
4406,14,0.25,0
4407,2,0.333333,1
4407,5,0.333333,0
4407,11,0.333333,0
4408,5,0.25,1
4408,11,0.25,0
4408,15,0.25,0
4408,18,0.25,0
4409,15,1.0,1
4410,1,0.333333,1
4410,2,0.333333,0
4410,11,0.333333,0
4411,5,0.5,1
4411,16,0.5,0
4412,1,0.333333,1
4412,2,0.333333,0
4412,11,0.333333,0
4413,2,0.333333,1
4413,11,0.333333,0
4413,16,0.333333,0
4414,1,0.5,1
4414,11,0.5,0
4415,2,0.5,1
4415,11,0.5,0
4416,16,0.5,1
4416,19,0.5,0
4417,14,1.0,1
4418,1,0.5,1
4418,7,0.5,0
4419,11,0.333333,1
4419,16,0.333333,0
4419,19,0.333333,0
4420,11,0.25,1
4420,14,0.25,0
4420,16,0.25,0
4420,19,0.25,0
4421,2,0.5,1
4421,5,0.5,0
4422,5,0.5,1
4422,14,0.5,0
4423,1,0.333333,1
4423,2,0.333333,0
4423,11,0.333333,0
4424,5,0.333333,1
4424,11,0.333333,0
4424,19,0.333333,0
4425,2,0.333333,1
4425,5,0.333333,0
4425,14,0.333333,0
4426,1,0.25,1
4426,5,0.25,0
4426,11,0.25,0
4426,16,0.25,0
4427,1,0.333333,1
4427,11,0.333333,0
4427,14,0.333333,0
4428,1,0.5,1
4428,2,0.5,0
4429,1,0.333333,1
4429,2,0.333333,0
4429,11,0.333333,0
4430,1,0.2,1
4430,2,0.2,0
4430,5,0.2,0
4430,11,0.2,0
4430,16,0.2,0
4431,2,0.5,1
4431,5,0.5,0
4432,1,0.333333,1
4432,11,0.333333,0
4432,16,0.333333,0
4433,2,0.5,1
4433,11,0.5,0
4434,1,0.25,1
4434,2,0.25,0
4434,11,0.25,0
4434,14,0.25,0
4435,2,0.5,1
4435,11,0.5,0
4436,11,0.333333,1
4436,16,0.333333,0
4436,18,0.333333,0
4437,1,0.333333,1
4437,2,0.333333,0
4437,11,0.333333,0
4438,2,0.333333,1
4438,11,0.333333,0
4438,12,0.333333,0
4439,5,0.25,1
4439,11,0.25,0
4439,16,0.25,0
4439,19,0.25,0
4440,11,0.5,1
4440,14,0.5,0
4441,2,1.0,1
4442,1,0.333333,1
4442,2,0.333333,0
4442,11,0.333333,0
4443,5,0.2,1
4443,11,0.2,0
4443,14,0.2,0
4443,16,0.2,0
4443,19,0.2,0
4444,5,0.5,1
4444,19,0.5,0
4445,1,0.142857,1
4445,2,0.142857,0
4445,11,0.142857,0
4445,14,0.142857,0
4445,16,0.142857,0
4445,19,0.142857,0
4445,7,0.142857,0
4446,11,0.333333,1
4446,16,0.333333,0
4446,19,0.333333,0
4447,1,0.5,1
4447,11,0.5,0
4448,1,0.25,1
4448,12,0.25,0
4448,14,0.25,0
4448,9,0.25,0
4449,1,0.5,1
4449,11,0.5,0
4450,5,0.333333,1
4450,11,0.333333,0
4450,16,0.333333,0
4451,2,0.333333,1
4451,16,0.333333,0
4451,18,0.333333,0
4452,1,0.333333,1
4452,5,0.333333,0
4452,11,0.333333,0
4453,11,0.5,1
4453,19,0.5,0
4454,16,0.5,1
4454,19,0.5,0
4455,5,0.5,1
4455,11,0.5,0
4456,1,0.5,1
4456,18,0.5,0
4457,14,0.5,1
4457,19,0.5,0
4458,1,0.25,1
4458,5,0.25,0
4458,11,0.25,0
4458,12,0.25,0
4459,11,0.333333,1
4459,16,0.333333,0
4459,19,0.333333,0
4460,5,0.333333,1
4460,11,0.333333,0
4460,19,0.333333,0
4461,15,0.5,1
4461,18,0.5,0
4462,2,0.333333,1
4462,5,0.333333,0
4462,11,0.333333,0
4463,11,0.5,1
4463,19,0.5,0
4464,2,0.5,1
4464,11,0.5,0
4465,5,0.333333,1
4465,11,0.333333,0
4465,16,0.333333,0
4466,11,0.5,1
4466,19,0.5,0
4467,1,0.333333,1
4467,2,0.333333,0
4467,11,0.333333,0
4468,16,0.5,1
4468,19,0.5,0
4469,14,0.5,1
4469,7,0.5,0
4470,1,0.333333,1
4470,2,0.333333,0
4470,11,0.333333,0
4471,1,0.333333,1
4471,2,0.333333,0
4471,11,0.333333,0
4472,1,0.333333,1
4472,2,0.333333,0
4472,11,0.333333,0
4473,5,0.333333,1
4473,11,0.333333,0
4473,19,0.333333,0
4474,1,0.333333,1
4474,2,0.333333,0
4474,11,0.333333,0
4475,1,0.25,1
4475,2,0.25,0
4475,11,0.25,0
4475,7,0.25,0
4476,1,0.333333,1
4476,2,0.333333,0
4476,14,0.333333,0
4477,16,0.333333,1
4477,19,0.333333,0
4477,7,0.333333,0
4478,16,1.0,1
4479,1,0.333333,1
4479,2,0.333333,0
4479,5,0.333333,0
4480,1,0.5,1
4480,14,0.5,0
4481,15,0.5,1
4481,16,0.5,0
4482,1,0.333333,1
4482,5,0.333333,0
4482,11,0.333333,0
4483,1,1.0,1
4484,1,0.333333,1
4484,2,0.333333,0
4484,11,0.333333,0
4485,2,0.5,1
4485,11,0.5,0
4486,5,0.333333,1
4486,11,0.333333,0
4486,19,0.333333,0
4487,1,0.5,1
4487,2,0.5,0
4488,1,0.5,1
4488,7,0.5,0
4489,1,0.2,1
4489,2,0.2,0
4489,5,0.2,0
4489,11,0.2,0
4489,16,0.2,0
4490,1,1.0,1
4491,1,0.333333,1
4491,2,0.333333,0
4491,9,0.333333,0
4492,1,0.5,1
4492,2,0.5,0
4493,1,0.2,1
4493,2,0.2,0
4493,11,0.2,0
4493,14,0.2,0
4493,16,0.2,0
4494,1,0.5,1
4494,2,0.5,0
4495,1,0.333333,1
4495,2,0.333333,0
4495,14,0.333333,0
4496,1,0.333333,1
4496,2,0.333333,0
4496,11,0.333333,0
4497,11,1.0,1
4498,2,0.333333,1
4498,5,0.333333,0
4498,11,0.333333,0
4499,16,1.0,1
4500,11,0.333333,1
4500,16,0.333333,0
4500,19,0.333333,0
4501,1,0.25,1
4501,2,0.25,0
4501,9,0.25,0
4501,11,0.25,0
4502,1,0.25,1
4502,5,0.25,0
4502,11,0.25,0
4502,7,0.25,0
4503,1,0.25,1
4503,2,0.25,0
4503,11,0.25,0
4503,16,0.25,0
4504,1,0.2,1
4504,2,0.2,0
4504,5,0.2,0
4504,11,0.2,0
4504,14,0.2,0
4505,2,1.0,1
4506,1,0.25,1
4506,11,0.25,0
4506,14,0.25,0
4506,16,0.25,0
4507,1,1.0,1
4508,5,0.25,1
4508,11,0.25,0
4508,16,0.25,0
4508,7,0.25,0
4509,2,0.25,1
4509,11,0.25,0
4509,16,0.25,0
4509,18,0.25,0
4510,1,0.5,1
4510,11,0.5,0
4511,1,0.5,1
4511,11,0.5,0
4512,1,0.333333,1
4512,5,0.333333,0
4512,11,0.333333,0
4513,1,0.25,1
4513,2,0.25,0
4513,11,0.25,0
4513,14,0.25,0
4514,1,0.333333,1
4514,5,0.333333,0
4514,11,0.333333,0
4515,5,0.333333,1
4515,11,0.333333,0
4515,19,0.333333,0
4516,1,0.25,1
4516,2,0.25,0
4516,11,0.25,0
4516,14,0.25,0
4517,1,0.333333,1
4517,11,0.333333,0
4517,7,0.333333,0
4518,1,0.5,1
4518,14,0.5,0
4519,2,0.25,1
4519,11,0.25,0
4519,14,0.25,0
4519,19,0.25,0
4520,2,0.5,1
4520,11,0.5,0
4521,5,0.333333,1
4521,11,0.333333,0
4521,18,0.333333,0
4522,1,0.5,1
4522,2,0.5,0
4523,16,1.0,1
4524,2,0.25,1
4524,5,0.25,0
4524,11,0.25,0
4524,16,0.25,0
4525,5,0.25,1
4525,11,0.25,0
4525,16,0.25,0
4525,19,0.25,0
4526,5,0.166667,1
4526,11,0.166667,0
4526,15,0.166667,0
4526,16,0.166667,0
4526,18,0.166667,0
4526,19,0.166667,0
4527,1,0.5,1
4527,11,0.5,0
4528,1,0.2,1
4528,2,0.2,0
4528,5,0.2,0
4528,11,0.2,0
4528,19,0.2,0
4529,1,0.333333,1
4529,16,0.333333,0
4529,19,0.333333,0
4530,11,0.5,1
4530,19,0.5,0
4531,2,1.0,1
4532,5,0.5,1
4532,16,0.5,0
4533,11,1.0,1
4534,11,0.25,1
4534,16,0.25,0
4534,19,0.25,0
4534,7,0.25,0
4535,11,0.5,1
4535,16,0.5,0
4536,1,0.25,1
4536,2,0.25,0
4536,11,0.25,0
4536,16,0.25,0
4537,1,0.333333,1
4537,2,0.333333,0
4537,14,0.333333,0
4538,2,0.333333,1
4538,14,0.333333,0
4538,7,0.333333,0
4539,1,0.25,1
4539,2,0.25,0
4539,11,0.25,0
4539,14,0.25,0
4540,1,0.166667,1
4540,5,0.166667,0
4540,11,0.166667,0
4540,12,0.166667,0
4540,15,0.166667,0
4540,9,0.166667,0
4541,1,0.5,1
4541,2,0.5,0
4542,1,1.0,1
4543,16,1.0,1
4544,1,1.0,1
4545,19,1.0,1
4546,5,0.5,1
4546,11,0.5,0
4547,2,0.333333,1
4547,5,0.333333,0
4547,11,0.333333,0
4548,5,0.333333,1
4548,11,0.333333,0
4548,19,0.333333,0
4549,1,0.333333,1
4549,5,0.333333,0
4549,11,0.333333,0
4550,1,0.5,1
4550,2,0.5,0
4551,11,0.333333,1
4551,16,0.333333,0
4551,19,0.333333,0
4552,2,0.2,1
4552,5,0.2,0
4552,11,0.2,0
4552,14,0.2,0
4552,16,0.2,0
4553,1,0.333333,1
4553,5,0.333333,0
4553,11,0.333333,0
4554,2,0.333333,1
4554,5,0.333333,0
4554,11,0.333333,0
4555,11,0.5,1
4555,16,0.5,0
4556,1,0.333333,1
4556,11,0.333333,0
4556,7,0.333333,0
4557,1,0.333333,1
4557,2,0.333333,0
4557,11,0.333333,0
4558,2,0.25,1
4558,5,0.25,0
4558,11,0.25,0
4558,19,0.25,0
4559,2,0.25,1
4559,5,0.25,0
4559,11,0.25,0
4559,9,0.25,0
4560,5,0.5,1
4560,11,0.5,0
4561,1,0.25,1
4561,2,0.25,0
4561,11,0.25,0
4561,14,0.25,0
4562,11,1.0,1
4563,5,0.5,1
4563,16,0.5,0
4564,1,0.25,1
4564,2,0.25,0
4564,5,0.25,0
4564,11,0.25,0
4565,18,1.0,1
4566,2,0.25,1
4566,11,0.25,0
4566,14,0.25,0
4566,19,0.25,0
4567,1,0.2,1
4567,5,0.2,0
4567,11,0.2,0
4567,16,0.2,0
4567,19,0.2,0
4568,1,0.2,1
4568,2,0.2,0
4568,5,0.2,0
4568,11,0.2,0
4568,7,0.2,0
4569,2,0.5,1
4569,11,0.5,0
4570,2,0.5,1
4570,5,0.5,0
4571,11,0.2,1
4571,4,0.2,0
4571,8,0.2,0
4571,21,0.2,0
4571,7,0.2,0
4572,5,0.5,1
4572,11,0.5,0
4573,1,0.5,1
4573,2,0.5,0
4574,1,0.5,1
4574,14,0.5,0
4575,1,0.333333,1
4575,2,0.333333,0
4575,11,0.333333,0
4576,16,0.5,1
4576,19,0.5,0
4577,2,0.333333,1
4577,16,0.333333,0
4577,19,0.333333,0
4578,1,0.5,1
4578,11,0.5,0
4579,1,0.25,1
4579,5,0.25,0
4579,9,0.25,0
4579,11,0.25,0
4580,1,0.25,1
4580,11,0.25,0
4580,12,0.25,0
4580,14,0.25,0
4581,16,0.5,1
4581,18,0.5,0
4582,1,0.2,1
4582,2,0.2,0
4582,5,0.2,0
4582,11,0.2,0
4582,7,0.2,0
4583,1,0.333333,1
4583,2,0.333333,0
4583,11,0.333333,0
4584,2,0.25,1
4584,5,0.25,0
4584,11,0.25,0
4584,14,0.25,0
4585,16,0.5,1
4585,19,0.5,0
4586,1,0.333333,1
4586,2,0.333333,0
4586,11,0.333333,0
4587,2,0.333333,1
4587,11,0.333333,0
4587,14,0.333333,0
4588,5,0.5,1
4588,11,0.5,0
4589,1,0.5,1
4589,11,0.5,0
4590,2,1.0,1
4591,1,0.25,1
4591,2,0.25,0
4591,11,0.25,0
4591,16,0.25,0
4592,5,0.5,1
4592,18,0.5,0
4593,1,0.5,1
4593,11,0.5,0
4594,2,0.25,1
4594,5,0.25,0
4594,11,0.25,0
4594,14,0.25,0
4595,1,0.25,1
4595,2,0.25,0
4595,5,0.25,0
4595,14,0.25,0
4596,1,0.5,1
4596,19,0.5,0
4597,1,0.333333,1
4597,2,0.333333,0
4597,11,0.333333,0
4598,2,0.5,1
4598,5,0.5,0
4599,1,0.25,1
4599,2,0.25,0
4599,11,0.25,0
4599,16,0.25,0
4600,14,0.5,1
4600,16,0.5,0
4601,2,0.5,1
4601,11,0.5,0
4602,1,0.25,1
4602,2,0.25,0
4602,11,0.25,0
4602,14,0.25,0
4603,1,0.25,1
4603,2,0.25,0
4603,11,0.25,0
4603,14,0.25,0
4604,2,0.25,1
4604,5,0.25,0
4604,11,0.25,0
4604,14,0.25,0
4605,2,0.5,1
4605,5,0.5,0
4606,2,0.5,1
4606,11,0.5,0
4607,2,0.25,1
4607,5,0.25,0
4607,11,0.25,0
4607,14,0.25,0
4608,1,0.5,1
4608,11,0.5,0
4609,1,0.5,1
4609,2,0.5,0
4610,1,0.333333,1
4610,2,0.333333,0
4610,11,0.333333,0
4611,5,0.25,1
4611,11,0.25,0
4611,16,0.25,0
4611,18,0.25,0
4612,2,1.0,1
4613,2,0.25,1
4613,14,0.25,0
4613,16,0.25,0
4613,19,0.25,0
4614,1,0.333333,1
4614,11,0.333333,0
4614,15,0.333333,0
4615,11,0.25,1
4615,14,0.25,0
4615,16,0.25,0
4615,19,0.25,0
4616,2,1.0,1
4617,11,1.0,1
4618,14,1.0,1
4619,16,1.0,1
4620,11,0.333333,1
4620,16,0.333333,0
4620,19,0.333333,0
4621,5,0.5,1
4621,16,0.5,0
4622,5,1.0,1
4623,1,0.5,1
4623,11,0.5,0
4624,14,0.333333,1
4624,19,0.333333,0
4624,7,0.333333,0
4625,2,0.333333,1
4625,14,0.333333,0
4625,19,0.333333,0
4626,11,0.333333,1
4626,14,0.333333,0
4626,19,0.333333,0
4627,1,1.0,1
4628,1,1.0,1
4629,5,0.333333,1
4629,11,0.333333,0
4629,16,0.333333,0
4630,1,0.25,1
4630,2,0.25,0
4630,5,0.25,0
4630,11,0.25,0
4631,11,0.5,1
4631,16,0.5,0
4632,2,0.2,1
4632,11,0.2,0
4632,14,0.2,0
4632,16,0.2,0
4632,9,0.2,0
4633,1,0.5,1
4633,11,0.5,0
4634,1,0.333333,1
4634,5,0.333333,0
4634,11,0.333333,0
4635,5,0.333333,1
4635,11,0.333333,0
4635,19,0.333333,0
4636,5,1.0,1
4637,1,0.333333,1
4637,2,0.333333,0
4637,11,0.333333,0
4638,5,0.5,1
4638,11,0.5,0
4639,2,0.333333,1
4639,11,0.333333,0
4639,14,0.333333,0
4640,14,0.333333,1
4640,16,0.333333,0
4640,19,0.333333,0
4641,1,0.25,1
4641,2,0.25,0
4641,11,0.25,0
4641,14,0.25,0
4642,2,1.0,1
4643,1,0.5,1
4643,11,0.5,0
4644,1,0.142857,1
4644,2,0.142857,0
4644,5,0.142857,0
4644,11,0.142857,0
4644,14,0.142857,0
4644,16,0.142857,0
4644,19,0.142857,0
4645,5,0.5,1
4645,11,0.5,0
4646,2,0.333333,1
4646,11,0.333333,0
4646,16,0.333333,0
4647,1,0.333333,1
4647,2,0.333333,0
4647,14,0.333333,0
4648,2,0.5,1
4648,11,0.5,0
4649,14,0.5,1
4649,19,0.5,0
4650,2,0.333333,1
4650,11,0.333333,0
4650,14,0.333333,0
4651,1,0.25,1
4651,2,0.25,0
4651,5,0.25,0
4651,11,0.25,0
4652,1,0.5,1
4652,2,0.5,0
4653,1,0.333333,1
4653,2,0.333333,0
4653,14,0.333333,0
4654,2,0.333333,1
4654,5,0.333333,0
4654,11,0.333333,0
4655,1,0.333333,1
4655,11,0.333333,0
4655,16,0.333333,0
4656,1,0.5,1
4656,11,0.5,0
4657,1,0.5,1
4657,11,0.5,0
4658,1,0.333333,1
4658,2,0.333333,0
4658,11,0.333333,0
4659,5,0.333333,1
4659,11,0.333333,0
4659,19,0.333333,0
4660,11,0.5,1
4660,19,0.5,0
4661,1,0.2,1
4661,2,0.2,0
4661,5,0.2,0
4661,11,0.2,0
4661,14,0.2,0
4662,2,0.333333,1
4662,5,0.333333,0
4662,11,0.333333,0
4663,2,0.25,1
4663,5,0.25,0
4663,11,0.25,0
4663,16,0.25,0
4664,2,0.333333,1
4664,5,0.333333,0
4664,11,0.333333,0
4665,5,0.25,1
4665,11,0.25,0
4665,16,0.25,0
4665,19,0.25,0
4666,1,1.0,1
4667,1,0.2,1
4667,2,0.2,0
4667,5,0.2,0
4667,11,0.2,0
4667,18,0.2,0
4668,1,0.333333,1
4668,11,0.333333,0
4668,7,0.333333,0
4669,16,1.0,1
4670,1,0.333333,1
4670,2,0.333333,0
4670,16,0.333333,0
4671,1,0.333333,1
4671,16,0.333333,0
4671,19,0.333333,0
4672,11,0.5,1
4672,14,0.5,0
4673,1,0.25,1
4673,11,0.25,0
4673,16,0.25,0
4673,18,0.25,0
4674,11,1.0,1
4675,2,0.333333,1
4675,11,0.333333,0
4675,14,0.333333,0
4676,1,0.166667,1
4676,11,0.166667,0
4676,16,0.166667,0
4676,18,0.166667,0
4676,19,0.166667,0
4676,7,0.166667,0
4677,1,0.333333,1
4677,11,0.333333,0
4677,14,0.333333,0
4678,11,0.333333,1
4678,16,0.333333,0
4678,19,0.333333,0
4679,2,0.2,1
4679,5,0.2,0
4679,11,0.2,0
4679,14,0.2,0
4679,16,0.2,0
4680,2,0.333333,1
4680,15,0.333333,0
4680,16,0.333333,0
4681,1,1.0,1
4682,1,1.0,1
4683,5,0.5,1
4683,11,0.5,0
4684,1,0.333333,1
4684,11,0.333333,0
4684,7,0.333333,0
4685,1,0.333333,1
4685,2,0.333333,0
4685,11,0.333333,0
4686,2,0.333333,1
4686,5,0.333333,0
4686,14,0.333333,0
4687,5,1.0,1
4688,5,0.333333,1
4688,11,0.333333,0
4688,16,0.333333,0
4689,1,0.333333,1
4689,2,0.333333,0
4689,11,0.333333,0
4690,1,0.333333,1
4690,2,0.333333,0
4690,11,0.333333,0
4691,1,0.333333,1
4691,5,0.333333,0
4691,11,0.333333,0
4692,1,0.2,1
4692,5,0.2,0
4692,11,0.2,0
4692,14,0.2,0
4692,19,0.2,0
4693,5,0.333333,1
4693,11,0.333333,0
4693,19,0.333333,0
4694,16,0.5,1
4694,7,0.5,0
4695,5,0.333333,1
4695,11,0.333333,0
4695,16,0.333333,0
4696,5,0.5,1
4696,11,0.5,0
4697,1,0.5,1
4697,11,0.5,0
4698,1,0.2,1
4698,2,0.2,0
4698,14,0.2,0
4698,16,0.2,0
4698,18,0.2,0
4699,1,0.5,1
4699,2,0.5,0
4700,5,1.0,1
4701,1,0.25,1
4701,11,0.25,0
4701,14,0.25,0
4701,7,0.25,0
4702,1,0.333333,1
4702,2,0.333333,0
4702,11,0.333333,0
4703,2,0.166667,1
4703,5,0.166667,0
4703,11,0.166667,0
4703,12,0.166667,0
4703,14,0.166667,0
4703,16,0.166667,0
4704,1,0.333333,1
4704,5,0.333333,0
4704,11,0.333333,0
4705,11,0.333333,1
4705,19,0.333333,0
4705,7,0.333333,0
4706,5,0.25,1
4706,11,0.25,0
4706,19,0.25,0
4706,9,0.25,0
4707,1,0.5,1
4707,2,0.5,0
4708,14,0.5,1
4708,19,0.5,0
4709,5,0.25,1
4709,9,0.25,0
4709,11,0.25,0
4709,19,0.25,0
4710,2,0.333333,1
4710,11,0.333333,0
4710,16,0.333333,0
4711,2,0.5,1
4711,11,0.5,0
4712,1,0.166667,1
4712,2,0.166667,0
4712,5,0.166667,0
4712,11,0.166667,0
4712,16,0.166667,0
4712,19,0.166667,0
4713,1,0.5,1
4713,11,0.5,0
4714,1,0.5,1
4714,11,0.5,0
4715,1,0.5,1
4715,11,0.5,0
4716,2,0.2,1
4716,11,0.2,0
4716,14,0.2,0
4716,16,0.2,0
4716,19,0.2,0
4717,2,0.5,1
4717,15,0.5,0
4718,1,0.2,1
4718,2,0.2,0
4718,11,0.2,0
4718,16,0.2,0
4718,7,0.2,0
4719,5,0.333333,1
4719,11,0.333333,0
4719,19,0.333333,0
4720,1,0.25,1
4720,11,0.25,0
4720,14,0.25,0
4720,16,0.25,0
4721,1,1.0,1
4722,5,0.333333,1
4722,11,0.333333,0
4722,16,0.333333,0
4723,1,0.333333,1
4723,11,0.333333,0
4723,14,0.333333,0
4724,1,1.0,1
4725,5,0.333333,1
4725,11,0.333333,0
4725,16,0.333333,0
4726,2,1.0,1
4727,2,0.25,1
4727,5,0.25,0
4727,11,0.25,0
4727,14,0.25,0
4728,1,0.333333,1
4728,2,0.333333,0
4728,11,0.333333,0
4729,1,0.333333,1
4729,5,0.333333,0
4729,11,0.333333,0
4730,5,0.5,1
4730,11,0.5,0
4731,5,0.5,1
4731,11,0.5,0
4732,11,0.5,1
4732,18,0.5,0
4733,11,0.5,1
4733,14,0.5,0
4734,1,0.5,1
4734,2,0.5,0
4735,5,0.333333,1
4735,16,0.333333,0
4735,9,0.333333,0
4736,2,0.333333,1
4736,11,0.333333,0
4736,16,0.333333,0
4737,1,1.0,1
4738,11,0.5,1
4738,16,0.5,0
4739,5,0.25,1
4739,11,0.25,0
4739,19,0.25,0
4739,7,0.25,0
4740,11,0.5,1
4740,16,0.5,0
4741,2,0.2,1
4741,5,0.2,0
4741,11,0.2,0
4741,12,0.2,0
4741,14,0.2,0
4742,5,0.333333,1
4742,11,0.333333,0
4742,14,0.333333,0
4743,14,1.0,1
4744,11,0.333333,1
4744,14,0.333333,0
4744,16,0.333333,0
4745,5,0.5,1
4745,11,0.5,0
4746,11,0.333333,1
4746,16,0.333333,0
4746,19,0.333333,0
4747,11,1.0,1
4748,1,0.2,1
4748,11,0.2,0
4748,12,0.2,0
4748,19,0.2,0
4748,7,0.2,0
4749,1,0.333333,1
4749,16,0.333333,0
4749,9,0.333333,0
4750,1,0.5,1
4750,9,0.5,0
4751,2,0.333333,1
4751,11,0.333333,0
4751,14,0.333333,0
4752,1,1.0,1
4753,1,1.0,1
4754,1,0.5,1
4754,2,0.5,0
4755,2,0.333333,1
4755,5,0.333333,0
4755,11,0.333333,0
4756,2,0.166667,1
4756,5,0.166667,0
4756,11,0.166667,0
4756,14,0.166667,0
4756,16,0.166667,0
4756,7,0.166667,0
4757,16,1.0,1
4758,2,0.333333,1
4758,11,0.333333,0
4758,14,0.333333,0
4759,1,0.5,1
4759,11,0.5,0
4760,11,0.5,1
4760,19,0.5,0
4761,1,0.166667,1
4761,2,0.166667,0
4761,5,0.166667,0
4761,11,0.166667,0
4761,16,0.166667,0
4761,19,0.166667,0
4762,11,0.5,1
4762,19,0.5,0
4763,1,0.25,1
4763,2,0.25,0
4763,11,0.25,0
4763,14,0.25,0
4764,11,0.5,1
4764,16,0.5,0
4765,2,0.333333,1
4765,5,0.333333,0
4765,11,0.333333,0
4766,1,0.5,1
4766,11,0.5,0
4767,1,0.25,1
4767,11,0.25,0
4767,14,0.25,0
4767,19,0.25,0
4768,2,0.333333,1
4768,11,0.333333,0
4768,16,0.333333,0
4769,1,1.0,1
4770,5,1.0,1
4771,1,0.5,1
4771,11,0.5,0
4772,5,0.5,1
4772,11,0.5,0
4773,2,0.333333,1
4773,11,0.333333,0
4773,16,0.333333,0
4774,5,0.5,1
4774,19,0.5,0
4775,1,0.5,1
4775,2,0.5,0
4776,1,0.333333,1
4776,2,0.333333,0
4776,11,0.333333,0
4777,11,0.5,1
4777,18,0.5,0
4778,1,0.333333,1
4778,5,0.333333,0
4778,11,0.333333,0
4779,16,1.0,1
4780,2,0.5,1
4780,11,0.5,0
4781,15,0.5,1
4781,16,0.5,0
4782,1,0.333333,1
4782,12,0.333333,0
4782,7,0.333333,0
4783,1,0.25,1
4783,11,0.25,0
4783,16,0.25,0
4783,19,0.25,0
4784,1,0.333333,1
4784,11,0.333333,0
4784,19,0.333333,0
4785,1,1.0,1
4786,1,0.333333,1
4786,2,0.333333,0
4786,14,0.333333,0
4787,2,0.5,1
4787,11,0.5,0
4788,1,0.2,1
4788,2,0.2,0
4788,5,0.2,0
4788,14,0.2,0
4788,16,0.2,0
4789,1,0.333333,1
4789,11,0.333333,0
4789,7,0.333333,0
4790,1,0.25,1
4790,2,0.25,0
4790,11,0.25,0
4790,16,0.25,0
4791,2,0.5,1
4791,11,0.5,0
4792,1,0.25,1
4792,5,0.25,0
4792,11,0.25,0
4792,14,0.25,0
4793,1,0.5,1
4793,2,0.5,0
4794,1,0.333333,1
4794,2,0.333333,0
4794,12,0.333333,0
4795,1,0.25,1
4795,2,0.25,0
4795,5,0.25,0
4795,11,0.25,0
4796,11,0.333333,1
4796,16,0.333333,0
4796,19,0.333333,0
4797,14,0.5,1
4797,19,0.5,0
4798,1,0.5,1
4798,7,0.5,0
4799,5,0.333333,1
4799,16,0.333333,0
4799,19,0.333333,0
4800,5,0.5,1
4800,11,0.5,0
4801,2,0.333333,1
4801,5,0.333333,0
4801,11,0.333333,0
4802,2,0.333333,1
4802,5,0.333333,0
4802,11,0.333333,0
4803,1,0.333333,1
4803,5,0.333333,0
4803,11,0.333333,0
4804,2,0.5,1
4804,11,0.5,0
4805,11,0.5,1
4805,19,0.5,0
4806,1,0.25,1
4806,2,0.25,0
4806,11,0.25,0
4806,14,0.25,0
4807,16,0.5,1
4807,19,0.5,0
4808,1,0.25,1
4808,2,0.25,0
4808,11,0.25,0
4808,7,0.25,0
4809,11,0.333333,1
4809,14,0.333333,0
4809,19,0.333333,0
4810,2,0.333333,1
4810,5,0.333333,0
4810,11,0.333333,0
4811,2,0.5,1
4811,5,0.5,0
4812,5,1.0,1
4813,1,0.5,1
4813,11,0.5,0
4814,11,1.0,1
4815,2,0.2,1
4815,5,0.2,0
4815,11,0.2,0
4815,14,0.2,0
4815,16,0.2,0
4816,2,0.333333,1
4816,5,0.333333,0
4816,11,0.333333,0
4817,11,0.333333,1
4817,14,0.333333,0
4817,16,0.333333,0
4818,1,0.5,1
4818,14,0.5,0
4819,2,0.25,1
4819,11,0.25,0
4819,14,0.25,0
4819,16,0.25,0
4820,11,0.5,1
4820,16,0.5,0
4821,1,0.333333,1
4821,2,0.333333,0
4821,11,0.333333,0
4822,1,0.25,1
4822,5,0.25,0
4822,11,0.25,0
4822,19,0.25,0
4823,2,0.166667,1
4823,5,0.166667,0
4823,11,0.166667,0
4823,14,0.166667,0
4823,16,0.166667,0
4823,19,0.166667,0
4824,5,0.5,1
4824,16,0.5,0
4825,1,0.2,1
4825,11,0.2,0
4825,14,0.2,0
4825,16,0.2,0
4825,19,0.2,0
4826,1,0.25,1
4826,15,0.25,0
4826,16,0.25,0
4826,18,0.25,0
4827,1,0.5,1
4827,2,0.5,0
4828,1,0.333333,1
4828,2,0.333333,0
4828,14,0.333333,0
4829,1,0.333333,1
4829,2,0.333333,0
4829,11,0.333333,0
4830,1,0.333333,1
4830,2,0.333333,0
4830,11,0.333333,0
4831,1,0.2,1
4831,2,0.2,0
4831,5,0.2,0
4831,11,0.2,0
4831,7,0.2,0
4832,1,0.333333,1
4832,2,0.333333,0
4832,14,0.333333,0
4833,1,0.333333,1
4833,2,0.333333,0
4833,11,0.333333,0
4834,1,0.5,1
4834,16,0.5,0
4835,1,0.333333,1
4835,2,0.333333,0
4835,11,0.333333,0
4836,2,0.5,1
4836,11,0.5,0
4837,1,0.25,1
4837,2,0.25,0
4837,11,0.25,0
4837,14,0.25,0
4838,1,0.142857,1
4838,2,0.142857,0
4838,5,0.142857,0
4838,9,0.142857,0
4838,11,0.142857,0
4838,14,0.142857,0
4838,16,0.142857,0
4839,11,0.333333,1
4839,14,0.333333,0
4839,16,0.333333,0
4840,2,0.5,1
4840,11,0.5,0
4841,1,0.2,1
4841,2,0.2,0
4841,11,0.2,0
4841,14,0.2,0
4841,9,0.2,0
4842,2,0.25,1
4842,11,0.25,0
4842,14,0.25,0
4842,19,0.25,0
4843,1,0.25,1
4843,5,0.25,0
4843,11,0.25,0
4843,14,0.25,0
4844,2,0.25,1
4844,5,0.25,0
4844,14,0.25,0
4844,19,0.25,0
4845,2,0.25,1
4845,5,0.25,0
4845,11,0.25,0
4845,14,0.25,0
4846,1,0.333333,1
4846,2,0.333333,0
4846,14,0.333333,0
4847,11,0.333333,1
4847,16,0.333333,0
4847,19,0.333333,0
4848,2,0.5,1
4848,16,0.5,0
4849,1,0.25,1
4849,14,0.25,0
4849,16,0.25,0
4849,19,0.25,0
4850,1,0.333333,1
4850,2,0.333333,0
4850,11,0.333333,0
4851,5,0.2,1
4851,11,0.2,0
4851,14,0.2,0
4851,16,0.2,0
4851,19,0.2,0
4852,4,1.0,1
4853,1,0.5,1
4853,11,0.5,0
4854,1,0.333333,1
4854,2,0.333333,0
4854,11,0.333333,0
4855,1,0.25,1
4855,2,0.25,0
4855,11,0.25,0
4855,7,0.25,0
4856,1,0.333333,1
4856,2,0.333333,0
4856,11,0.333333,0
4857,2,1.0,1
4858,1,0.5,1
4858,2,0.5,0
4859,1,0.25,1
4859,11,0.25,0
4859,15,0.25,0
4859,18,0.25,0
4860,1,0.5,1
4860,11,0.5,0
4861,16,0.5,1
4861,7,0.5,0
4862,2,0.333333,1
4862,5,0.333333,0
4862,11,0.333333,0
4863,2,0.5,1
4863,11,0.5,0
4864,2,1.0,1
4865,5,0.333333,1
4865,11,0.333333,0
4865,19,0.333333,0
4866,1,0.166667,1
4866,2,0.166667,0
4866,5,0.166667,0
4866,11,0.166667,0
4866,14,0.166667,0
4866,19,0.166667,0
4867,1,0.2,1
4867,2,0.2,0
4867,5,0.2,0
4867,11,0.2,0
4867,14,0.2,0
4868,2,0.25,1
4868,11,0.25,0
4868,14,0.25,0
4868,19,0.25,0
4869,1,0.333333,1
4869,2,0.333333,0
4869,11,0.333333,0
4870,5,0.5,1
4870,11,0.5,0
4871,1,0.333333,1
4871,11,0.333333,0
4871,14,0.333333,0
4872,1,0.166667,1
4872,11,0.166667,0
4872,12,0.166667,0
4872,14,0.166667,0
4872,16,0.166667,0
4872,7,0.166667,0
4873,5,0.5,1
4873,16,0.5,0
4874,2,0.333333,1
4874,5,0.333333,0
4874,11,0.333333,0
4875,5,0.5,1
4875,16,0.5,0
4876,5,0.25,1
4876,11,0.25,0
4876,16,0.25,0
4876,19,0.25,0
4877,2,1.0,1
4878,11,0.5,1
4878,19,0.5,0
4879,11,0.333333,1
4879,14,0.333333,0
4879,19,0.333333,0
4880,2,0.5,1
4880,11,0.5,0
4881,1,0.25,1
4881,2,0.25,0
4881,11,0.25,0
4881,19,0.25,0
4882,11,0.5,1
4882,19,0.5,0
4883,5,0.333333,1
4883,11,0.333333,0
4883,19,0.333333,0
4884,11,0.2,1
4884,15,0.2,0
4884,16,0.2,0
4884,18,0.2,0
4884,7,0.2,0
4885,1,0.25,1
4885,2,0.25,0
4885,11,0.25,0
4885,14,0.25,0
4886,2,0.166667,1
4886,11,0.166667,0
4886,14,0.166667,0
4886,16,0.166667,0
4886,19,0.166667,0
4886,7,0.166667,0
4887,1,0.5,1
4887,2,0.5,0
4888,1,0.2,1
4888,11,0.2,0
4888,16,0.2,0
4888,18,0.2,0
4888,19,0.2,0
4889,1,0.333333,1
4889,11,0.333333,0
4889,16,0.333333,0
4890,5,1.0,1
4891,1,0.2,1
4891,2,0.2,0
4891,5,0.2,0
4891,11,0.2,0
4891,14,0.2,0
4892,1,0.333333,1
4892,2,0.333333,0
4892,11,0.333333,0
4893,1,1.0,1
4894,1,0.25,1
4894,2,0.25,0
4894,11,0.25,0
4894,14,0.25,0
4895,2,0.333333,1
4895,11,0.333333,0
4895,16,0.333333,0
4896,2,0.2,1
4896,5,0.2,0
4896,11,0.2,0
4896,16,0.2,0
4896,19,0.2,0
4897,2,0.5,1
4897,11,0.5,0
4898,1,0.333333,1
4898,5,0.333333,0
4898,18,0.333333,0
4899,1,0.5,1
4899,11,0.5,0
4900,5,0.25,1
4900,16,0.25,0
4900,18,0.25,0
4900,19,0.25,0
4901,5,0.5,1
4901,14,0.5,0
4902,2,0.333333,1
4902,11,0.333333,0
4902,14,0.333333,0
4903,2,0.333333,1
4903,11,0.333333,0
4903,14,0.333333,0
4904,5,0.2,1
4904,11,0.2,0
4904,14,0.2,0
4904,16,0.2,0
4904,19,0.2,0
4905,15,0.333333,1
4905,16,0.333333,0
4905,18,0.333333,0
4906,1,0.333333,1
4906,2,0.333333,0
4906,11,0.333333,0
4907,2,0.5,1
4907,11,0.5,0
4908,2,0.5,1
4908,5,0.5,0
4909,1,0.333333,1
4909,2,0.333333,0
4909,11,0.333333,0
4910,2,0.5,1
4910,11,0.5,0
4911,1,0.333333,1
4911,2,0.333333,0
4911,11,0.333333,0
4912,1,0.25,1
4912,2,0.25,0
4912,11,0.25,0
4912,14,0.25,0
4913,2,0.2,1
4913,5,0.2,0
4913,11,0.2,0
4913,14,0.2,0
4913,16,0.2,0
4914,1,0.333333,1
4914,2,0.333333,0
4914,11,0.333333,0
4915,1,0.333333,1
4915,2,0.333333,0
4915,14,0.333333,0
4916,2,0.5,1
4916,11,0.5,0
4917,11,0.25,1
4917,16,0.25,0
4917,19,0.25,0
4917,7,0.25,0
4918,1,0.5,1
4918,2,0.5,0
4919,5,0.5,1
4919,16,0.5,0
4920,1,0.25,1
4920,2,0.25,0
4920,11,0.25,0
4920,14,0.25,0
4921,1,0.5,1
4921,16,0.5,0
4922,2,0.2,1
4922,5,0.2,0
4922,11,0.2,0
4922,14,0.2,0
4922,16,0.2,0
4923,2,0.5,1
4923,11,0.5,0
4924,5,0.5,1
4924,19,0.5,0
4925,2,0.5,1
4925,11,0.5,0
4926,16,0.5,1
4926,18,0.5,0
4927,1,0.25,1
4927,2,0.25,0
4927,5,0.25,0
4927,11,0.25,0
4928,2,0.333333,1
4928,5,0.333333,0
4928,11,0.333333,0
4929,1,0.5,1
4929,18,0.5,0
4930,1,0.25,1
4930,2,0.25,0
4930,11,0.25,0
4930,14,0.25,0
4931,5,0.25,1
4931,11,0.25,0
4931,15,0.25,0
4931,16,0.25,0
4932,5,0.333333,1
4932,11,0.333333,0
4932,16,0.333333,0
4933,5,0.5,1
4933,11,0.5,0
4934,1,0.5,1
4934,11,0.5,0
4935,1,0.5,1
4935,2,0.5,0
4936,1,0.5,1
4936,16,0.5,0
4937,14,0.5,1
4937,16,0.5,0
4938,11,0.25,1
4938,16,0.25,0
4938,19,0.25,0
4938,7,0.25,0
4939,1,0.25,1
4939,5,0.25,0
4939,14,0.25,0
4939,9,0.25,0
4940,1,1.0,1
4941,1,0.333333,1
4941,2,0.333333,0
4941,14,0.333333,0
4942,1,0.5,1
4942,9,0.5,0
4943,1,0.5,1
4943,12,0.5,0
4944,1,0.25,1
4944,2,0.25,0
4944,11,0.25,0
4944,14,0.25,0
4945,14,0.5,1
4945,19,0.5,0
4946,1,0.333333,1
4946,11,0.333333,0
4946,14,0.333333,0
4947,1,0.5,1
4947,15,0.5,0
4948,1,0.25,1
4948,2,0.25,0
4948,11,0.25,0
4948,14,0.25,0
4949,12,0.333333,1
4949,14,0.333333,0
4949,9,0.333333,0
4950,2,0.333333,1
4950,5,0.333333,0
4950,11,0.333333,0
4951,1,0.333333,1
4951,11,0.333333,0
4951,15,0.333333,0
4952,2,1.0,1
4953,1,0.25,1
4953,2,0.25,0
4953,11,0.25,0
4953,14,0.25,0
4954,11,0.25,1
4954,14,0.25,0
4954,16,0.25,0
4954,19,0.25,0
4955,1,0.333333,1
4955,5,0.333333,0
4955,15,0.333333,0
4956,1,0.333333,1
4956,11,0.333333,0
4956,7,0.333333,0
4957,2,1.0,1
4958,1,0.333333,1
4958,2,0.333333,0
4958,14,0.333333,0
4959,2,0.5,1
4959,11,0.5,0
4960,16,1.0,1
4961,5,0.25,1
4961,11,0.25,0
4961,16,0.25,0
4961,19,0.25,0
4962,11,0.5,1
4962,19,0.5,0
4963,1,0.333333,1
4963,16,0.333333,0
4963,18,0.333333,0
4964,5,0.333333,1
4964,11,0.333333,0
4964,14,0.333333,0
4965,5,0.333333,1
4965,14,0.333333,0
4965,16,0.333333,0
4966,1,0.5,1
4966,11,0.5,0
4967,2,0.333333,1
4967,5,0.333333,0
4967,11,0.333333,0
4968,1,0.333333,1
4968,2,0.333333,0
4968,11,0.333333,0
4969,5,0.333333,1
4969,11,0.333333,0
4969,16,0.333333,0
4970,1,0.5,1
4970,2,0.5,0
4971,1,0.2,1
4971,2,0.2,0
4971,15,0.2,0
4971,16,0.2,0
4971,18,0.2,0
4972,1,0.333333,1
4972,2,0.333333,0
4972,11,0.333333,0
4973,1,0.25,1
4973,2,0.25,0
4973,11,0.25,0
4973,14,0.25,0
4974,1,0.25,1
4974,11,0.25,0
4974,15,0.25,0
4974,18,0.25,0
4975,1,0.5,1
4975,14,0.5,0
4976,1,0.333333,1
4976,11,0.333333,0
4976,19,0.333333,0
4977,1,1.0,1
4978,2,0.333333,1
4978,5,0.333333,0
4978,11,0.333333,0
4979,2,1.0,1
4980,1,0.5,1
4980,11,0.5,0
4981,1,0.2,1
4981,2,0.2,0
4981,11,0.2,0
4981,14,0.2,0
4981,9,0.2,0
4982,11,1.0,1
4983,1,0.5,1
4983,11,0.5,0
4984,5,1.0,1
4985,2,0.333333,1
4985,5,0.333333,0
4985,11,0.333333,0
4986,5,0.2,1
4986,11,0.2,0
4986,12,0.2,0
4986,16,0.2,0
4986,7,0.2,0
4987,1,0.333333,1
4987,2,0.333333,0
4987,11,0.333333,0
4988,1,1.0,1
4989,2,0.5,1
4989,11,0.5,0
4990,14,1.0,1
4991,11,0.333333,1
4991,14,0.333333,0
4991,16,0.333333,0
4992,2,0.5,1
4992,11,0.5,0
4993,5,0.25,1
4993,11,0.25,0
4993,14,0.25,0
4993,19,0.25,0
4994,5,0.25,1
4994,11,0.25,0
4994,16,0.25,0
4994,19,0.25,0
4995,5,0.5,1
4995,11,0.5,0
4996,1,0.333333,1
4996,2,0.333333,0
4996,11,0.333333,0
4997,11,0.5,1
4997,18,0.5,0
4998,1,0.166667,1
4998,2,0.166667,0
4998,11,0.166667,0
4998,16,0.166667,0
4998,19,0.166667,0
4998,7,0.166667,0
4999,1,0.25,1
4999,2,0.25,0
4999,11,0.25,0
4999,18,0.25,0
5000,2,0.5,1
5000,5,0.5,0
5001,11,0.333333,1
5001,16,0.333333,0
5001,19,0.333333,0
5002,11,0.25,1
5002,14,0.25,0
5002,16,0.25,0
5002,7,0.25,0
5003,1,0.333333,1
5003,2,0.333333,0
5003,11,0.333333,0
5004,1,0.25,1
5004,2,0.25,0
5004,16,0.25,0
5004,18,0.25,0
5005,2,0.5,1
5005,11,0.5,0
5006,2,0.25,1
5006,11,0.25,0
5006,14,0.25,0
5006,16,0.25,0
5007,2,0.333333,1
5007,5,0.333333,0
5007,11,0.333333,0
5008,5,0.25,1
5008,11,0.25,0
5008,16,0.25,0
5008,19,0.25,0
5009,11,0.5,1
5009,14,0.5,0
5010,2,0.25,1
5010,5,0.25,0
5010,11,0.25,0
5010,19,0.25,0
5011,1,1.0,1
5012,11,0.5,1
5012,14,0.5,0
5013,2,0.5,1
5013,11,0.5,0
5014,1,0.333333,1
5014,5,0.333333,0
5014,11,0.333333,0
5015,1,0.2,1
5015,11,0.2,0
5015,14,0.2,0
5015,16,0.2,0
5015,19,0.2,0
5016,2,0.5,1
5016,5,0.5,0
5017,2,0.333333,1
5017,5,0.333333,0
5017,16,0.333333,0
5018,19,1.0,1
5019,2,0.5,1
5019,5,0.5,0
5020,2,0.333333,1
5020,5,0.333333,0
5020,11,0.333333,0
5021,2,0.5,1
5021,11,0.5,0
5022,5,0.5,1
5022,11,0.5,0
5023,5,0.5,1
5023,11,0.5,0
5024,1,0.333333,1
5024,5,0.333333,0
5024,19,0.333333,0
5025,1,0.333333,1
5025,2,0.333333,0
5025,11,0.333333,0
5026,2,0.333333,1
5026,5,0.333333,0
5026,11,0.333333,0
5027,1,0.2,1
5027,2,0.2,0
5027,11,0.2,0
5027,14,0.2,0
5027,7,0.2,0
5028,1,1.0,1
5029,1,0.5,1
5029,2,0.5,0
5030,1,0.25,1
5030,5,0.25,0
5030,19,0.25,0
5030,9,0.25,0
5031,11,0.5,1
5031,19,0.5,0
5032,2,0.5,1
5032,11,0.5,0
5033,1,1.0,1
5034,2,1.0,1
5035,2,0.5,1
5035,11,0.5,0
5036,2,0.25,1
5036,11,0.25,0
5036,16,0.25,0
5036,19,0.25,0
5037,2,0.5,1
5037,11,0.5,0
5038,2,0.333333,1
5038,11,0.333333,0
5038,19,0.333333,0
5039,1,0.5,1
5039,5,0.5,0
5040,2,0.5,1
5040,5,0.5,0
5041,2,0.25,1
5041,5,0.25,0
5041,11,0.25,0
5041,16,0.25,0
5042,11,1.0,1
5043,1,1.0,1
5044,5,0.5,1
5044,11,0.5,0
5045,5,0.5,1
5045,14,0.5,0
5046,12,1.0,1
5047,2,0.5,1
5047,5,0.5,0
5048,1,0.5,1
5048,11,0.5,0
5049,1,0.25,1
5049,5,0.25,0
5049,16,0.25,0
5049,19,0.25,0
5050,1,0.25,1
5050,2,0.25,0
5050,11,0.25,0
5050,14,0.25,0
5051,2,0.5,1
5051,11,0.5,0
5052,1,0.25,1
5052,5,0.25,0
5052,11,0.25,0
5052,7,0.25,0
5053,5,1.0,1
5054,5,0.5,1
5054,11,0.5,0
5055,2,0.25,1
5055,11,0.25,0
5055,14,0.25,0
5055,7,0.25,0
5056,11,0.5,1
5056,14,0.5,0
5057,11,0.333333,1
5057,16,0.333333,0
5057,19,0.333333,0
5058,2,0.25,1
5058,5,0.25,0
5058,11,0.25,0
5058,16,0.25,0
5059,1,0.25,1
5059,5,0.25,0
5059,11,0.25,0
5059,16,0.25,0
5060,1,0.142857,1
5060,2,0.142857,0
5060,5,0.142857,0
5060,11,0.142857,0
5060,14,0.142857,0
5060,16,0.142857,0
5060,7,0.142857,0
5061,1,0.333333,1
5061,11,0.333333,0
5061,19,0.333333,0
5062,1,0.2,1
5062,5,0.2,0
5062,12,0.2,0
5062,16,0.2,0
5062,9,0.2,0
5063,19,1.0,1
5064,2,0.5,1
5064,11,0.5,0
5065,2,0.333333,1
5065,11,0.333333,0
5065,14,0.333333,0
5066,1,0.25,1
5066,5,0.25,0
5066,11,0.25,0
5066,18,0.25,0
5067,1,1.0,1
5068,1,0.333333,1
5068,5,0.333333,0
5068,11,0.333333,0
5069,11,0.5,1
5069,14,0.5,0
5070,2,0.25,1
5070,5,0.25,0
5070,11,0.25,0
5070,16,0.25,0
5071,1,0.5,1
5071,11,0.5,0
5072,16,1.0,1
5073,1,0.25,1
5073,2,0.25,0
5073,11,0.25,0
5073,19,0.25,0
5074,1,0.333333,1
5074,2,0.333333,0
5074,11,0.333333,0
5075,1,0.142857,1
5075,2,0.142857,0
5075,5,0.142857,0
5075,11,0.142857,0
5075,14,0.142857,0
5075,16,0.142857,0
5075,7,0.142857,0
5076,1,0.25,1
5076,2,0.25,0
5076,5,0.25,0
5076,11,0.25,0
5077,1,0.333333,1
5077,16,0.333333,0
5077,7,0.333333,0
5078,1,0.25,1
5078,5,0.25,0
5078,11,0.25,0
5078,12,0.25,0
5079,1,0.333333,1
5079,2,0.333333,0
5079,11,0.333333,0
5080,15,0.333333,1
5080,16,0.333333,0
5080,18,0.333333,0
5081,2,0.5,1
5081,11,0.5,0
5082,2,0.333333,1
5082,11,0.333333,0
5082,16,0.333333,0
5083,2,0.333333,1
5083,5,0.333333,0
5083,19,0.333333,0
5084,5,1.0,1
5085,1,0.5,1
5085,11,0.5,0
5086,2,0.333333,1
5086,5,0.333333,0
5086,11,0.333333,0
5087,2,0.25,1
5087,5,0.25,0
5087,11,0.25,0
5087,14,0.25,0
5088,2,0.5,1
5088,5,0.5,0
5089,1,0.333333,1
5089,5,0.333333,0
5089,11,0.333333,0
5090,2,0.25,1
5090,11,0.25,0
5090,16,0.25,0
5090,19,0.25,0
5091,1,1.0,1
5092,1,0.166667,1
5092,2,0.166667,0
5092,11,0.166667,0
5092,12,0.166667,0
5092,14,0.166667,0
5092,7,0.166667,0
5093,1,0.25,1
5093,2,0.25,0
5093,5,0.25,0
5093,11,0.25,0
5094,5,0.25,1
5094,11,0.25,0
5094,16,0.25,0
5094,19,0.25,0
5095,1,0.5,1
5095,2,0.5,0
5096,1,0.333333,1
5096,2,0.333333,0
5096,11,0.333333,0
5097,2,0.333333,1
5097,11,0.333333,0
5097,14,0.333333,0
5098,1,1.0,1
5099,1,0.333333,1
5099,2,0.333333,0
5099,14,0.333333,0
5100,5,0.333333,1
5100,11,0.333333,0
5100,16,0.333333,0
5101,1,0.5,1
5101,11,0.5,0
5102,11,1.0,1
5103,11,0.5,1
5103,9,0.5,0
5104,5,0.5,1
5104,16,0.5,0
5105,11,1.0,1
5106,2,0.5,1
5106,11,0.5,0
5107,2,0.25,1
5107,11,0.25,0
5107,14,0.25,0
5107,19,0.25,0
5108,1,0.25,1
5108,5,0.25,0
5108,11,0.25,0
5108,16,0.25,0
5109,2,0.2,1
5109,5,0.2,0
5109,11,0.2,0
5109,14,0.2,0
5109,16,0.2,0
5110,1,0.5,1
5110,2,0.5,0
5111,1,0.25,1
5111,2,0.25,0
5111,11,0.25,0
5111,19,0.25,0
5112,5,0.5,1
5112,16,0.5,0
5113,2,0.333333,1
5113,5,0.333333,0
5113,11,0.333333,0
5114,11,1.0,1
5115,5,0.25,1
5115,11,0.25,0
5115,16,0.25,0
5115,19,0.25,0
5116,2,0.333333,1
5116,11,0.333333,0
5116,14,0.333333,0
5117,1,1.0,1
5118,1,0.333333,1
5118,11,0.333333,0
5118,14,0.333333,0
5119,1,1.0,1
5120,11,0.25,1
5120,16,0.25,0
5120,19,0.25,0
5120,7,0.25,0
5121,14,1.0,1
5122,11,0.333333,1
5122,14,0.333333,0
5122,19,0.333333,0
5123,2,0.5,1
5123,5,0.5,0
5124,1,0.2,1
5124,5,0.2,0
5124,11,0.2,0
5124,16,0.2,0
5124,19,0.2,0
5125,5,0.333333,1
5125,11,0.333333,0
5125,19,0.333333,0
5126,1,1.0,1
5127,1,0.25,1
5127,11,0.25,0
5127,16,0.25,0
5127,19,0.25,0
5128,1,0.5,1
5128,11,0.5,0
5129,19,1.0,1
5130,1,0.333333,1
5130,2,0.333333,0
5130,11,0.333333,0
5131,1,0.333333,1
5131,11,0.333333,0
5131,14,0.333333,0
5132,11,0.333333,1
5132,16,0.333333,0
5132,19,0.333333,0
5133,1,0.25,1
5133,11,0.25,0
5133,15,0.25,0
5133,18,0.25,0
5134,11,0.333333,1
5134,16,0.333333,0
5134,19,0.333333,0
5135,2,0.5,1
5135,11,0.5,0
5136,11,0.333333,1
5136,14,0.333333,0
5136,19,0.333333,0
5137,2,0.2,1
5137,5,0.2,0
5137,11,0.2,0
5137,16,0.2,0
5137,19,0.2,0
5138,5,0.25,1
5138,11,0.25,0
5138,16,0.25,0
5138,7,0.25,0
5139,1,0.25,1
5139,5,0.25,0
5139,11,0.25,0
5139,9,0.25,0
5140,11,1.0,1
5141,2,0.5,1
5141,11,0.5,0
5142,1,0.25,1
5142,5,0.25,0
5142,11,0.25,0
5142,16,0.25,0
5143,1,0.25,1
5143,2,0.25,0
5143,11,0.25,0
5143,7,0.25,0
5144,2,0.25,1
5144,11,0.25,0
5144,14,0.25,0
5144,19,0.25,0
5145,2,0.333333,1
5145,5,0.333333,0
5145,11,0.333333,0
5146,1,0.333333,1
5146,2,0.333333,0
5146,11,0.333333,0
5147,2,0.333333,1
5147,11,0.333333,0
5147,14,0.333333,0
5148,11,1.0,1
5149,1,0.2,1
5149,2,0.2,0
5149,11,0.2,0
5149,16,0.2,0
5149,7,0.2,0
5150,1,1.0,1
5151,1,0.5,1
5151,11,0.5,0
5152,5,0.25,1
5152,11,0.25,0
5152,16,0.25,0
5152,9,0.25,0
5153,1,0.5,1
5153,14,0.5,0
5154,2,0.25,1
5154,5,0.25,0
5154,11,0.25,0
5154,14,0.25,0
5155,1,0.333333,1
5155,11,0.333333,0
5155,19,0.333333,0
5156,1,0.333333,1
5156,2,0.333333,0
5156,5,0.333333,0
5157,2,0.25,1
5157,11,0.25,0
5157,16,0.25,0
5157,19,0.25,0
5158,1,0.25,1
5158,2,0.25,0
5158,11,0.25,0
5158,14,0.25,0
5159,1,0.25,1
5159,2,0.25,0
5159,11,0.25,0
5159,16,0.25,0
5160,5,0.333333,1
5160,11,0.333333,0
5160,16,0.333333,0
5161,1,0.166667,1
5161,2,0.166667,0
5161,11,0.166667,0
5161,14,0.166667,0
5161,16,0.166667,0
5161,19,0.166667,0
5162,11,0.5,1
5162,19,0.5,0
5163,1,0.333333,1
5163,2,0.333333,0
5163,11,0.333333,0
5164,5,0.25,1
5164,11,0.25,0
5164,16,0.25,0
5164,19,0.25,0
5165,1,0.5,1
5165,2,0.5,0
5166,1,1.0,1
5167,11,0.333333,1
5167,14,0.333333,0
5167,16,0.333333,0
5168,1,0.5,1
5168,11,0.5,0
5169,2,0.25,1
5169,5,0.25,0
5169,11,0.25,0
5169,14,0.25,0
5170,1,0.333333,1
5170,2,0.333333,0
5170,11,0.333333,0
5171,5,0.5,1
5171,11,0.5,0
5172,2,0.25,1
5172,5,0.25,0
5172,11,0.25,0
5172,16,0.25,0
5173,2,0.5,1
5173,11,0.5,0
5174,11,0.25,1
5174,16,0.25,0
5174,19,0.25,0
5174,7,0.25,0
5175,11,0.25,1
5175,14,0.25,0
5175,19,0.25,0
5175,7,0.25,0
5176,2,0.333333,1
5176,11,0.333333,0
5176,14,0.333333,0
5177,2,0.5,1
5177,11,0.5,0
5178,1,1.0,1
5179,2,0.333333,1
5179,5,0.333333,0
5179,16,0.333333,0
5180,1,0.25,1
5180,2,0.25,0
5180,11,0.25,0
5180,14,0.25,0
5181,1,0.5,1
5181,2,0.5,0
5182,5,0.333333,1
5182,11,0.333333,0
5182,18,0.333333,0
5183,18,1.0,1
5184,2,0.5,1
5184,11,0.5,0
5185,5,0.25,1
5185,11,0.25,0
5185,14,0.25,0
5185,16,0.25,0
5186,14,0.333333,1
5186,19,0.333333,0
5186,7,0.333333,0
5187,5,1.0,1
5188,1,0.166667,1
5188,2,0.166667,0
5188,5,0.166667,0
5188,11,0.166667,0
5188,16,0.166667,0
5188,18,0.166667,0
5189,1,0.333333,1
5189,11,0.333333,0
5189,16,0.333333,0
5190,2,0.333333,1
5190,14,0.333333,0
5190,16,0.333333,0
5191,1,0.25,1
5191,2,0.25,0
5191,11,0.25,0
5191,14,0.25,0
5192,2,0.5,1
5192,11,0.5,0
5193,2,0.5,1
5193,11,0.5,0
5194,2,0.333333,1
5194,11,0.333333,0
5194,14,0.333333,0
5195,2,0.25,1
5195,11,0.25,0
5195,12,0.25,0
5195,16,0.25,0
5196,2,0.333333,1
5196,5,0.333333,0
5196,11,0.333333,0
5197,5,0.333333,1
5197,11,0.333333,0
5197,19,0.333333,0
5198,1,0.25,1
5198,2,0.25,0
5198,11,0.25,0
5198,14,0.25,0
5199,1,0.333333,1
5199,11,0.333333,0
5199,16,0.333333,0
5200,1,0.25,1
5200,2,0.25,0
5200,5,0.25,0
5200,11,0.25,0
5201,2,0.2,1
5201,11,0.2,0
5201,14,0.2,0
5201,16,0.2,0
5201,19,0.2,0
5202,5,0.25,1
5202,11,0.25,0
5202,14,0.25,0
5202,16,0.25,0
5203,1,0.5,1
5203,11,0.5,0
5204,1,0.333333,1
5204,2,0.333333,0
5204,11,0.333333,0
5205,2,0.333333,1
5205,11,0.333333,0
5205,14,0.333333,0
5206,2,0.333333,1
5206,11,0.333333,0
5206,14,0.333333,0
5207,1,0.5,1
5207,2,0.5,0
5208,1,0.25,1
5208,2,0.25,0
5208,11,0.25,0
5208,7,0.25,0
5209,1,0.5,1
5209,11,0.5,0
5210,1,0.333333,1
5210,2,0.333333,0
5210,11,0.333333,0
5211,2,0.333333,1
5211,5,0.333333,0
5211,11,0.333333,0
5212,1,0.333333,1
5212,2,0.333333,0
5212,11,0.333333,0
5213,2,0.25,1
5213,11,0.25,0
5213,15,0.25,0
5213,16,0.25,0
5214,11,0.5,1
5214,19,0.5,0
5215,1,0.333333,1
5215,2,0.333333,0
5215,11,0.333333,0
5216,1,0.5,1
5216,11,0.5,0
5217,1,0.5,1
5217,14,0.5,0
5218,1,0.25,1
5218,2,0.25,0
5218,5,0.25,0
5218,11,0.25,0
5219,2,0.5,1
5219,11,0.5,0
5220,1,0.333333,1
5220,5,0.333333,0
5220,11,0.333333,0
5221,1,0.2,1
5221,2,0.2,0
5221,5,0.2,0
5221,11,0.2,0
5221,15,0.2,0
5222,2,0.333333,1
5222,11,0.333333,0
5222,16,0.333333,0
5223,2,0.25,1
5223,5,0.25,0
5223,11,0.25,0
5223,16,0.25,0
5224,11,0.333333,1
5224,14,0.333333,0
5224,19,0.333333,0
5225,5,0.333333,1
5225,11,0.333333,0
5225,14,0.333333,0
5226,5,0.333333,1
5226,11,0.333333,0
5226,16,0.333333,0
5227,2,0.333333,1
5227,5,0.333333,0
5227,11,0.333333,0
5228,2,0.25,1
5228,11,0.25,0
5228,14,0.25,0
5228,16,0.25,0
5229,2,0.5,1
5229,11,0.5,0
5230,1,0.333333,1
5230,11,0.333333,0
5230,16,0.333333,0
5231,11,0.5,1
5231,14,0.5,0
5232,1,0.333333,1
5232,16,0.333333,0
5232,19,0.333333,0
5233,2,0.25,1
5233,11,0.25,0
5233,14,0.25,0
5233,19,0.25,0
5234,19,0.5,1
5234,7,0.5,0
5235,1,0.333333,1
5235,11,0.333333,0
5235,16,0.333333,0
5236,1,0.25,1
5236,2,0.25,0
5236,11,0.25,0
5236,7,0.25,0
5237,1,1.0,1
5238,1,0.333333,1
5238,5,0.333333,0
5238,16,0.333333,0
5239,16,1.0,1
5240,2,0.5,1
5240,11,0.5,0
5241,14,1.0,1
5242,2,0.5,1
5242,14,0.5,0
5243,2,0.5,1
5243,11,0.5,0
5244,11,0.5,1
5244,14,0.5,0
5245,2,0.25,1
5245,5,0.25,0
5245,11,0.25,0
5245,19,0.25,0
5246,5,0.25,1
5246,11,0.25,0
5246,15,0.25,0
5246,16,0.25,0
5247,1,0.25,1
5247,11,0.25,0
5247,14,0.25,0
5247,7,0.25,0
5248,5,0.25,1
5248,11,0.25,0
5248,16,0.25,0
5248,19,0.25,0
5249,1,0.25,1
5249,11,0.25,0
5249,12,0.25,0
5249,16,0.25,0
5250,2,0.333333,1
5250,14,0.333333,0
5250,7,0.333333,0
5251,1,0.333333,1
5251,2,0.333333,0
5251,14,0.333333,0
5252,16,0.5,1
5252,19,0.5,0
5253,2,0.5,1
5253,11,0.5,0
5254,1,0.333333,1
5254,2,0.333333,0
5254,14,0.333333,0
5255,2,0.333333,1
5255,16,0.333333,0
5255,19,0.333333,0
5256,19,1.0,1
5257,11,0.333333,1
5257,16,0.333333,0
5257,19,0.333333,0
5258,1,0.2,1
5258,2,0.2,0
5258,11,0.2,0
5258,14,0.2,0
5258,16,0.2,0
5259,5,0.5,1
5259,11,0.5,0
5260,5,0.5,1
5260,11,0.5,0
5261,1,0.5,1
5261,11,0.5,0
5262,14,1.0,1
5263,1,0.333333,1
5263,2,0.333333,0
5263,11,0.333333,0
5264,2,0.333333,1
5264,5,0.333333,0
5264,11,0.333333,0
5265,11,0.5,1
5265,16,0.5,0
5266,5,0.25,1
5266,11,0.25,0
5266,14,0.25,0
5266,16,0.25,0
5267,1,0.25,1
5267,11,0.25,0
5267,14,0.25,0
5267,9,0.25,0
5268,5,0.5,1
5268,11,0.5,0
5269,2,0.25,1
5269,5,0.25,0
5269,11,0.25,0
5269,14,0.25,0
5270,5,0.25,1
5270,11,0.25,0
5270,16,0.25,0
5270,19,0.25,0
5271,1,0.333333,1
5271,2,0.333333,0
5271,11,0.333333,0
5272,1,0.333333,1
5272,5,0.333333,0
5272,11,0.333333,0
5273,2,0.5,1
5273,11,0.5,0
5274,11,0.333333,1
5274,18,0.333333,0
5274,19,0.333333,0
5275,11,0.333333,1
5275,16,0.333333,0
5275,19,0.333333,0
5276,1,1.0,1
5277,20,1.0,1
5278,1,0.333333,1
5278,2,0.333333,0
5278,11,0.333333,0
5279,2,0.2,1
5279,11,0.2,0
5279,14,0.2,0
5279,16,0.2,0
5279,19,0.2,0
5280,5,0.333333,1
5280,11,0.333333,0
5280,16,0.333333,0
5281,2,0.2,1
5281,5,0.2,0
5281,11,0.2,0
5281,16,0.2,0
5281,19,0.2,0
5282,1,0.166667,1
5282,2,0.166667,0
5282,5,0.166667,0
5282,11,0.166667,0
5282,14,0.166667,0
5282,19,0.166667,0
5283,1,0.5,1
5283,19,0.5,0
5284,16,0.5,1
5284,19,0.5,0
5285,2,0.25,1
5285,14,0.25,0
5285,16,0.25,0
5285,19,0.25,0
5286,11,1.0,1
5287,1,0.333333,1
5287,2,0.333333,0
5287,14,0.333333,0
5288,1,0.2,1
5288,5,0.2,0
5288,11,0.2,0
5288,16,0.2,0
5288,19,0.2,0
5289,2,0.5,1
5289,11,0.5,0
5290,1,0.2,1
5290,2,0.2,0
5290,5,0.2,0
5290,11,0.2,0
5290,19,0.2,0
5291,1,0.166667,1
5291,2,0.166667,0
5291,11,0.166667,0
5291,14,0.166667,0
5291,16,0.166667,0
5291,19,0.166667,0
5292,2,0.166667,1
5292,5,0.166667,0
5292,11,0.166667,0
5292,14,0.166667,0
5292,19,0.166667,0
5292,7,0.166667,0
5293,2,1.0,1
5294,5,1.0,1
5295,1,0.25,1
5295,5,0.25,0
5295,11,0.25,0
5295,18,0.25,0
5296,1,0.5,1
5296,11,0.5,0
5297,19,1.0,1
5298,1,0.333333,1
5298,2,0.333333,0
5298,11,0.333333,0
5299,14,1.0,1
5300,2,0.2,1
5300,11,0.2,0
5300,14,0.2,0
5300,16,0.2,0
5300,19,0.2,0
5301,2,1.0,1
5302,11,1.0,1
5303,1,0.5,1
5303,14,0.5,0
5304,1,0.333333,1
5304,2,0.333333,0
5304,11,0.333333,0
5305,5,0.333333,1
5305,11,0.333333,0
5305,16,0.333333,0
5306,5,0.333333,1
5306,11,0.333333,0
5306,16,0.333333,0
5307,1,0.2,1
5307,2,0.2,0
5307,5,0.2,0
5307,11,0.2,0
5307,14,0.2,0
5308,5,0.166667,1
5308,11,0.166667,0
5308,16,0.166667,0
5308,18,0.166667,0
5308,19,0.166667,0
5308,7,0.166667,0
5309,1,0.25,1
5309,2,0.25,0
5309,5,0.25,0
5309,11,0.25,0
5310,2,0.5,1
5310,11,0.5,0
5311,2,0.333333,1
5311,11,0.333333,0
5311,14,0.333333,0
5312,2,0.333333,1
5312,5,0.333333,0
5312,11,0.333333,0
5313,1,0.333333,1
5313,2,0.333333,0
5313,11,0.333333,0
5314,1,0.5,1
5314,11,0.5,0
5315,11,1.0,1
5316,1,0.25,1
5316,2,0.25,0
5316,11,0.25,0
5316,7,0.25,0
5317,1,0.333333,1
5317,2,0.333333,0
5317,19,0.333333,0
5318,2,0.333333,1
5318,5,0.333333,0
5318,11,0.333333,0
5319,11,0.5,1
5319,16,0.5,0
5320,2,1.0,1
5321,5,0.25,1
5321,11,0.25,0
5321,14,0.25,0
5321,16,0.25,0
5322,5,0.5,1
5322,11,0.5,0
5323,11,0.333333,1
5323,14,0.333333,0
5323,19,0.333333,0
5324,5,1.0,1
5325,19,1.0,1
5326,1,0.333333,1
5326,5,0.333333,0
5326,11,0.333333,0
5327,5,0.5,1
5327,11,0.5,0
5328,2,0.5,1
5328,5,0.5,0
5329,2,0.25,1
5329,11,0.25,0
5329,16,0.25,0
5329,7,0.25,0
5330,1,1.0,1
5331,2,0.25,1
5331,5,0.25,0
5331,11,0.25,0
5331,16,0.25,0
5332,2,1.0,1
5333,1,0.333333,1
5333,5,0.333333,0
5333,11,0.333333,0
5334,1,0.5,1
5334,14,0.5,0
5335,5,0.333333,1
5335,11,0.333333,0
5335,16,0.333333,0
5336,5,0.333333,1
5336,11,0.333333,0
5336,16,0.333333,0
5337,1,0.2,1
5337,5,0.2,0
5337,11,0.2,0
5337,16,0.2,0
5337,19,0.2,0
5338,5,0.5,1
5338,19,0.5,0
5339,2,0.333333,1
5339,11,0.333333,0
5339,14,0.333333,0
5340,5,0.5,1
5340,11,0.5,0
5341,1,0.333333,1
5341,2,0.333333,0
5341,11,0.333333,0
5342,2,0.333333,1
5342,5,0.333333,0
5342,11,0.333333,0
5343,1,0.5,1
5343,16,0.5,0
5344,1,0.166667,1
5344,2,0.166667,0
5344,11,0.166667,0
5344,16,0.166667,0
5344,19,0.166667,0
5344,7,0.166667,0
5345,1,0.25,1
5345,2,0.25,0
5345,11,0.25,0
5345,16,0.25,0
5346,1,0.5,1
5346,2,0.5,0
5347,11,0.25,1
5347,16,0.25,0
5347,19,0.25,0
5347,7,0.25,0
5348,1,0.25,1
5348,2,0.25,0
5348,11,0.25,0
5348,14,0.25,0
5349,1,1.0,1
5350,11,0.333333,1
5350,16,0.333333,0
5350,19,0.333333,0
5351,11,0.333333,1
5351,16,0.333333,0
5351,19,0.333333,0
5352,2,0.5,1
5352,11,0.5,0
5353,11,0.25,1
5353,15,0.25,0
5353,16,0.25,0
5353,19,0.25,0
5354,11,0.333333,1
5354,12,0.333333,0
5354,14,0.333333,0
5355,5,0.333333,1
5355,11,0.333333,0
5355,19,0.333333,0
5356,5,0.25,1
5356,11,0.25,0
5356,14,0.25,0
5356,7,0.25,0
5357,2,0.2,1
5357,5,0.2,0
5357,11,0.2,0
5357,14,0.2,0
5357,16,0.2,0
5358,1,0.25,1
5358,2,0.25,0
5358,11,0.25,0
5358,14,0.25,0
5359,5,0.25,1
5359,11,0.25,0
5359,16,0.25,0
5359,18,0.25,0
5360,1,0.5,1
5360,5,0.5,0
5361,1,0.333333,1
5361,2,0.333333,0
5361,11,0.333333,0
5362,1,0.25,1
5362,2,0.25,0
5362,14,0.25,0
5362,19,0.25,0
5363,2,0.2,1
5363,5,0.2,0
5363,11,0.2,0
5363,14,0.2,0
5363,16,0.2,0
5364,2,0.333333,1
5364,5,0.333333,0
5364,16,0.333333,0
5365,1,0.5,1
5365,19,0.5,0
5366,2,0.2,1
5366,5,0.2,0
5366,11,0.2,0
5366,14,0.2,0
5366,16,0.2,0
5367,1,0.25,1
5367,2,0.25,0
5367,5,0.25,0
5367,16,0.25,0
5368,2,0.333333,1
5368,11,0.333333,0
5368,14,0.333333,0
5369,2,0.333333,1
5369,11,0.333333,0
5369,14,0.333333,0
5370,11,1.0,1
5371,1,0.333333,1
5371,2,0.333333,0
5371,11,0.333333,0
5372,2,0.5,1
5372,11,0.5,0
5373,16,0.5,1
5373,19,0.5,0
5374,5,0.333333,1
5374,11,0.333333,0
5374,16,0.333333,0
5375,2,0.2,1
5375,11,0.2,0
5375,14,0.2,0
5375,16,0.2,0
5375,19,0.2,0
5376,2,0.25,1
5376,5,0.25,0
5376,11,0.25,0
5376,14,0.25,0
5377,5,0.5,1
5377,11,0.5,0
5378,2,0.25,1
5378,11,0.25,0
5378,14,0.25,0
5378,19,0.25,0
5379,1,0.25,1
5379,2,0.25,0
5379,5,0.25,0
5379,11,0.25,0
5380,18,1.0,1
5381,15,1.0,1
5382,1,0.2,1
5382,2,0.2,0
5382,5,0.2,0
5382,11,0.2,0
5382,19,0.2,0
5383,1,1.0,1
5384,1,0.2,1
5384,2,0.2,0
5384,5,0.2,0
5384,15,0.2,0
5384,16,0.2,0
5385,1,0.333333,1
5385,2,0.333333,0
5385,11,0.333333,0
5386,1,0.333333,1
5386,2,0.333333,0
5386,11,0.333333,0
5387,1,0.333333,1
5387,2,0.333333,0
5387,11,0.333333,0
5388,2,0.25,1
5388,5,0.25,0
5388,11,0.25,0
5388,14,0.25,0
5389,1,1.0,1
5390,1,0.2,1
5390,2,0.2,0
5390,5,0.2,0
5390,12,0.2,0
5390,14,0.2,0
5391,1,0.25,1
5391,11,0.25,0
5391,16,0.25,0
5391,7,0.25,0
5392,2,0.2,1
5392,11,0.2,0
5392,14,0.2,0
5392,16,0.2,0
5392,19,0.2,0
5393,1,0.333333,1
5393,16,0.333333,0
5393,19,0.333333,0
5394,1,0.25,1
5394,11,0.25,0
5394,14,0.25,0
5394,19,0.25,0
5395,1,0.5,1
5395,2,0.5,0
5396,2,0.333333,1
5396,16,0.333333,0
5396,19,0.333333,0
5397,2,0.5,1
5397,11,0.5,0
5398,1,0.333333,1
5398,2,0.333333,0
5398,11,0.333333,0
5399,5,0.333333,1
5399,11,0.333333,0
5399,9,0.333333,0
5400,2,0.5,1
5400,11,0.5,0
5401,2,1.0,1
5402,1,0.5,1
5402,11,0.5,0
5403,1,0.333333,1
5403,2,0.333333,0
5403,11,0.333333,0
5404,1,0.166667,1
5404,5,0.166667,0
5404,11,0.166667,0
5404,15,0.166667,0
5404,16,0.166667,0
5404,18,0.166667,0
5405,5,0.333333,1
5405,11,0.333333,0
5405,19,0.333333,0
5406,2,0.5,1
5406,11,0.5,0
5407,1,0.5,1
5407,18,0.5,0
5408,1,0.333333,1
5408,2,0.333333,0
5408,11,0.333333,0
5409,2,0.333333,1
5409,5,0.333333,0
5409,11,0.333333,0
5410,1,0.333333,1
5410,2,0.333333,0
5410,11,0.333333,0
5411,5,0.25,1
5411,11,0.25,0
5411,16,0.25,0
5411,19,0.25,0
5412,5,0.333333,1
5412,11,0.333333,0
5412,16,0.333333,0
5413,1,0.2,1
5413,2,0.2,0
5413,5,0.2,0
5413,11,0.2,0
5413,14,0.2,0
5414,2,0.5,1
5414,11,0.5,0
5415,15,1.0,1
5416,5,0.5,1
5416,11,0.5,0
5417,2,0.333333,1
5417,5,0.333333,0
5417,11,0.333333,0
5418,5,0.333333,1
5418,11,0.333333,0
5418,16,0.333333,0
5419,5,0.5,1
5419,16,0.5,0
5420,2,1.0,1
5421,2,0.25,1
5421,5,0.25,0
5421,11,0.25,0
5421,16,0.25,0
5422,3,0.2,1
5422,6,0.2,0
5422,13,0.2,0
5422,20,0.2,0
5422,21,0.2,0
5423,2,0.333333,1
5423,11,0.333333,0
5423,14,0.333333,0
5424,5,0.333333,1
5424,11,0.333333,0
5424,16,0.333333,0
5425,19,1.0,1
5426,2,0.333333,1
5426,11,0.333333,0
5426,14,0.333333,0
5427,2,0.333333,1
5427,5,0.333333,0
5427,11,0.333333,0
5428,20,0.5,1
5428,7,0.5,0
5429,11,0.333333,1
5429,16,0.333333,0
5429,19,0.333333,0
5430,11,0.333333,1
5430,14,0.333333,0
5430,16,0.333333,0
5431,1,0.5,1
5431,2,0.5,0
5432,1,0.25,1
5432,2,0.25,0
5432,5,0.25,0
5432,11,0.25,0
5433,1,0.25,1
5433,5,0.25,0
5433,11,0.25,0
5433,19,0.25,0
5434,16,1.0,1
5435,5,0.333333,1
5435,11,0.333333,0
5435,16,0.333333,0
5436,2,0.25,1
5436,11,0.25,0
5436,14,0.25,0
5436,16,0.25,0
5437,1,0.2,1
5437,2,0.2,0
5437,5,0.2,0
5437,11,0.2,0
5437,16,0.2,0
5438,1,0.5,1
5438,2,0.5,0
5439,1,0.5,1
5439,19,0.5,0
5440,2,0.333333,1
5440,5,0.333333,0
5440,11,0.333333,0
5441,5,0.333333,1
5441,11,0.333333,0
5441,19,0.333333,0
5442,11,0.333333,1
5442,14,0.333333,0
5442,16,0.333333,0
5443,2,0.333333,1
5443,11,0.333333,0
5443,16,0.333333,0
5444,1,0.166667,1
5444,2,0.166667,0
5444,5,0.166667,0
5444,11,0.166667,0
5444,14,0.166667,0
5444,7,0.166667,0
5445,2,0.2,1
5445,11,0.2,0
5445,14,0.2,0
5445,19,0.2,0
5445,7,0.2,0
5446,1,0.2,1
5446,5,0.2,0
5446,11,0.2,0
5446,19,0.2,0
5446,7,0.2,0
5447,2,0.333333,1
5447,11,0.333333,0
5447,14,0.333333,0
5448,1,0.5,1
5448,11,0.5,0
5449,2,0.25,1
5449,5,0.25,0
5449,11,0.25,0
5449,14,0.25,0
5450,2,0.25,1
5450,5,0.25,0
5450,11,0.25,0
5450,14,0.25,0
5451,1,0.25,1
5451,2,0.25,0
5451,11,0.25,0
5451,9,0.25,0
5452,2,0.25,1
5452,5,0.25,0
5452,11,0.25,0
5452,16,0.25,0
5453,2,0.333333,1
5453,11,0.333333,0
5453,16,0.333333,0
5454,2,0.5,1
5454,11,0.5,0
5455,1,0.25,1
5455,2,0.25,0
5455,11,0.25,0
5455,12,0.25,0
5456,5,0.333333,1
5456,9,0.333333,0
5456,11,0.333333,0
5457,1,0.5,1
5457,11,0.5,0
5458,11,0.5,1
5458,19,0.5,0
5459,2,0.5,1
5459,11,0.5,0
5460,14,1.0,1
5461,5,0.25,1
5461,11,0.25,0
5461,16,0.25,0
5461,18,0.25,0
5462,1,0.2,1
5462,2,0.2,0
5462,11,0.2,0
5462,16,0.2,0
5462,7,0.2,0
5463,1,0.333333,1
5463,2,0.333333,0
5463,11,0.333333,0
5464,2,0.5,1
5464,14,0.5,0
5465,1,0.5,1
5465,16,0.5,0
5466,1,0.5,1
5466,11,0.5,0
5467,19,1.0,1
5468,1,0.25,1
5468,2,0.25,0
5468,5,0.25,0
5468,11,0.25,0
5469,2,0.333333,1
5469,11,0.333333,0
5469,14,0.333333,0
5470,2,0.5,1
5470,14,0.5,0
5471,1,0.25,1
5471,2,0.25,0
5471,11,0.25,0
5471,7,0.25,0
5472,1,1.0,1
5473,5,0.333333,1
5473,11,0.333333,0
5473,16,0.333333,0
5474,14,1.0,1
5475,2,0.5,1
5475,11,0.5,0
5476,2,0.166667,1
5476,11,0.166667,0
5476,14,0.166667,0
5476,19,0.166667,0
5476,9,0.166667,0
5476,7,0.166667,0
5477,5,0.25,1
5477,11,0.25,0
5477,16,0.25,0
5477,19,0.25,0
5478,16,1.0,1
5479,5,0.25,1
5479,11,0.25,0
5479,16,0.25,0
5479,9,0.25,0
5480,1,0.2,1
5480,2,0.2,0
5480,11,0.2,0
5480,15,0.2,0
5480,14,0.2,0
5481,1,0.2,1
5481,2,0.2,0
5481,11,0.2,0
5481,14,0.2,0
5481,16,0.2,0
5482,2,0.333333,1
5482,5,0.333333,0
5482,11,0.333333,0
5483,11,0.5,1
5483,4,0.5,0
5484,11,0.333333,1
5484,14,0.333333,0
5484,19,0.333333,0
5485,5,0.333333,1
5485,11,0.333333,0
5485,7,0.333333,0
5486,2,0.333333,1
5486,5,0.333333,0
5486,11,0.333333,0
5487,5,1.0,1
5488,2,1.0,1
5489,1,0.5,1
5489,11,0.5,0
5490,5,1.0,1
5491,5,0.333333,1
5491,11,0.333333,0
5491,16,0.333333,0
5492,2,0.2,1
5492,5,0.2,0
5492,11,0.2,0
5492,14,0.2,0
5492,18,0.2,0
5493,2,1.0,1
5494,5,0.2,1
5494,11,0.2,0
5494,15,0.2,0
5494,16,0.2,0
5494,7,0.2,0
5495,5,0.333333,1
5495,11,0.333333,0
5495,18,0.333333,0
5496,11,0.333333,1
5496,14,0.333333,0
5496,19,0.333333,0
5497,5,0.333333,1
5497,11,0.333333,0
5497,19,0.333333,0
5498,1,0.5,1
5498,2,0.5,0
5499,11,0.333333,1
5499,14,0.333333,0
5499,19,0.333333,0
5500,1,0.2,1
5500,5,0.2,0
5500,11,0.2,0
5500,16,0.2,0
5500,19,0.2,0
5501,16,0.5,1
5501,19,0.5,0
5502,2,1.0,1
5503,1,0.2,1
5503,2,0.2,0
5503,11,0.2,0
5503,14,0.2,0
5503,19,0.2,0
5504,1,0.333333,1
5504,2,0.333333,0
5504,11,0.333333,0
5505,2,1.0,1
5506,5,0.333333,1
5506,11,0.333333,0
5506,16,0.333333,0
5507,2,0.25,1
5507,5,0.25,0
5507,11,0.25,0
5507,14,0.25,0
5508,1,0.333333,1
5508,2,0.333333,0
5508,11,0.333333,0
5509,2,1.0,1
5510,1,0.25,1
5510,2,0.25,0
5510,11,0.25,0
5510,16,0.25,0
5511,2,0.5,1
5511,11,0.5,0
5512,2,0.25,1
5512,11,0.25,0
5512,14,0.25,0
5512,19,0.25,0
5513,5,0.5,1
5513,11,0.5,0
5514,1,0.333333,1
5514,2,0.333333,0
5514,11,0.333333,0
5515,16,1.0,1
5516,14,1.0,1
5517,5,0.333333,1
5517,11,0.333333,0
5517,19,0.333333,0
5518,2,0.333333,1
5518,5,0.333333,0
5518,11,0.333333,0
5519,2,1.0,1
5520,2,0.333333,1
5520,11,0.333333,0
5520,14,0.333333,0
5521,11,0.5,1
5521,19,0.5,0
5522,1,0.5,1
5522,14,0.5,0
5523,1,0.333333,1
5523,2,0.333333,0
5523,11,0.333333,0
5524,16,0.333333,1
5524,18,0.333333,0
5524,19,0.333333,0
5525,2,0.333333,1
5525,5,0.333333,0
5525,11,0.333333,0
5526,5,0.333333,1
5526,16,0.333333,0
5526,7,0.333333,0
5527,5,0.5,1
5527,11,0.5,0
5528,1,0.333333,1
5528,5,0.333333,0
5528,11,0.333333,0
5529,2,0.5,1
5529,11,0.5,0
5530,1,0.25,1
5530,5,0.25,0
5530,11,0.25,0
5530,14,0.25,0
5531,11,0.333333,1
5531,14,0.333333,0
5531,19,0.333333,0
5532,1,0.5,1
5532,11,0.5,0
5533,1,0.25,1
5533,2,0.25,0
5533,11,0.25,0
5533,14,0.25,0
5534,5,0.5,1
5534,16,0.5,0
5535,1,0.5,1
5535,2,0.5,0
5536,1,0.25,1
5536,11,0.25,0
5536,14,0.25,0
5536,7,0.25,0
5537,5,0.333333,1
5537,11,0.333333,0
5537,16,0.333333,0
5538,1,0.2,1
5538,11,0.2,0
5538,16,0.2,0
5538,19,0.2,0
5538,7,0.2,0
5539,2,0.2,1
5539,5,0.2,0
5539,11,0.2,0
5539,14,0.2,0
5539,16,0.2,0
5540,1,0.333333,1
5540,11,0.333333,0
5540,16,0.333333,0
5541,1,0.333333,1
5541,2,0.333333,0
5541,11,0.333333,0
5542,2,1.0,1
5543,1,1.0,1
5544,1,0.333333,1
5544,5,0.333333,0
5544,11,0.333333,0
5545,5,0.333333,1
5545,11,0.333333,0
5545,16,0.333333,0
5546,1,0.333333,1
5546,11,0.333333,0
5546,14,0.333333,0
5547,1,0.142857,1
5547,5,0.142857,0
5547,11,0.142857,0
5547,15,0.142857,0
5547,16,0.142857,0
5547,18,0.142857,0
5547,7,0.142857,0
5548,2,0.25,1
5548,5,0.25,0
5548,11,0.25,0
5548,16,0.25,0
5549,1,0.5,1
5549,11,0.5,0
5550,2,0.5,1
5550,11,0.5,0
5551,2,0.5,1
5551,5,0.5,0
5552,1,0.25,1
5552,2,0.25,0
5552,11,0.25,0
5552,14,0.25,0
5553,1,0.25,1
5553,2,0.25,0
5553,11,0.25,0
5553,16,0.25,0
5554,2,0.5,1
5554,11,0.5,0
5555,5,0.333333,1
5555,11,0.333333,0
5555,16,0.333333,0
5556,2,0.5,1
5556,11,0.5,0
5557,1,0.5,1
5557,2,0.5,0
5558,2,0.333333,1
5558,5,0.333333,0
5558,11,0.333333,0
5559,5,0.5,1
5559,11,0.5,0
5560,2,0.5,1
5560,14,0.5,0
5561,1,0.25,1
5561,2,0.25,0
5561,11,0.25,0
5561,19,0.25,0
5562,1,0.5,1
5562,11,0.5,0
5563,2,0.25,1
5563,5,0.25,0
5563,11,0.25,0
5563,19,0.25,0
5564,2,0.25,1
5564,11,0.25,0
5564,14,0.25,0
5564,19,0.25,0
5565,2,0.2,1
5565,5,0.2,0
5565,11,0.2,0
5565,14,0.2,0
5565,16,0.2,0
5566,1,0.5,1
5566,2,0.5,0
5567,1,0.25,1
5567,9,0.25,0
5567,12,0.25,0
5567,19,0.25,0
5568,5,0.25,1
5568,11,0.25,0
5568,16,0.25,0
5568,19,0.25,0
5569,1,0.25,1
5569,2,0.25,0
5569,11,0.25,0
5569,14,0.25,0
5570,2,0.5,1
5570,11,0.5,0
5571,14,1.0,1
5572,11,1.0,1
5573,5,0.25,1
5573,16,0.25,0
5573,18,0.25,0
5573,19,0.25,0
5574,11,0.5,1
5574,14,0.5,0
5575,1,1.0,1
5576,1,0.333333,1
5576,2,0.333333,0
5576,11,0.333333,0
5577,1,0.142857,1
5577,2,0.142857,0
5577,5,0.142857,0
5577,11,0.142857,0
5577,14,0.142857,0
5577,16,0.142857,0
5577,7,0.142857,0
5578,5,0.5,1
5578,19,0.5,0
5579,1,0.333333,1
5579,5,0.333333,0
5579,16,0.333333,0
5580,5,0.333333,1
5580,11,0.333333,0
5580,16,0.333333,0
5581,16,1.0,1
5582,5,0.333333,1
5582,16,0.333333,0
5582,19,0.333333,0
5583,14,0.5,1
5583,9,0.5,0
5584,1,0.333333,1
5584,2,0.333333,0
5584,14,0.333333,0
5585,5,0.5,1
5585,19,0.5,0
5586,1,0.333333,1
5586,11,0.333333,0
5586,12,0.333333,0
5587,11,1.0,1
5588,5,0.25,1
5588,11,0.25,0
5588,16,0.25,0
5588,19,0.25,0
5589,1,0.5,1
5589,2,0.5,0
5590,11,0.333333,1
5590,16,0.333333,0
5590,7,0.333333,0
5591,2,0.2,1
5591,5,0.2,0
5591,11,0.2,0
5591,14,0.2,0
5591,19,0.2,0
5592,1,0.25,1
5592,16,0.25,0
5592,19,0.25,0
5592,7,0.25,0
5593,14,1.0,1
5594,1,0.5,1
5594,11,0.5,0
5595,2,0.5,1
5595,11,0.5,0
5596,1,0.333333,1
5596,2,0.333333,0
5596,11,0.333333,0
5597,5,0.333333,1
5597,11,0.333333,0
5597,16,0.333333,0
5598,2,0.5,1
5598,5,0.5,0
5599,1,0.2,1
5599,2,0.2,0
5599,11,0.2,0
5599,14,0.2,0
5599,16,0.2,0
5600,1,1.0,1
5601,1,0.2,1
5601,2,0.2,0
5601,11,0.2,0
5601,14,0.2,0
5601,7,0.2,0
5602,1,0.111111,1
5602,2,0.111111,0
5602,5,0.111111,0
5602,11,0.111111,0
5602,15,0.111111,0
5602,14,0.111111,0
5602,16,0.111111,0
5602,18,0.111111,0
5602,19,0.111111,0
5603,1,0.333333,1
5603,2,0.333333,0
5603,11,0.333333,0
5604,1,0.5,1
5604,14,0.5,0
5605,11,0.5,1
5605,15,0.5,0
5606,2,0.333333,1
5606,11,0.333333,0
5606,14,0.333333,0
5607,1,0.2,1
5607,2,0.2,0
5607,5,0.2,0
5607,11,0.2,0
5607,16,0.2,0
5608,11,0.5,1
5608,16,0.5,0
5609,2,0.5,1
5609,5,0.5,0
5610,1,0.25,1
5610,2,0.25,0
5610,5,0.25,0
5610,11,0.25,0
5611,18,0.5,1
5611,7,0.5,0
5612,2,0.5,1
5612,11,0.5,0
5613,1,0.5,1
5613,11,0.5,0
5614,1,0.2,1
5614,5,0.2,0
5614,11,0.2,0
5614,16,0.2,0
5614,18,0.2,0
5615,11,0.333333,1
5615,20,0.333333,0
5615,7,0.333333,0
5616,5,1.0,1
5617,2,0.5,1
5617,11,0.5,0
5618,1,0.5,1
5618,19,0.5,0
5619,14,1.0,1
5620,5,0.333333,1
5620,11,0.333333,0
5620,19,0.333333,0
5621,5,0.25,1
5621,11,0.25,0
5621,16,0.25,0
5621,19,0.25,0
5622,1,0.333333,1
5622,2,0.333333,0
5622,11,0.333333,0
5623,2,0.5,1
5623,14,0.5,0
5624,1,0.25,1
5624,2,0.25,0
5624,5,0.25,0
5624,11,0.25,0
5625,5,0.333333,1
5625,11,0.333333,0
5625,19,0.333333,0
5626,11,0.333333,1
5626,19,0.333333,0
5626,9,0.333333,0
5627,16,1.0,1
5628,1,0.25,1
5628,2,0.25,0
5628,11,0.25,0
5628,14,0.25,0
5629,11,0.5,1
5629,19,0.5,0
5630,1,0.25,1
5630,2,0.25,0
5630,11,0.25,0
5630,19,0.25,0
5631,1,0.25,1
5631,11,0.25,0
5631,12,0.25,0
5631,16,0.25,0
5632,11,0.5,1
5632,19,0.5,0
5633,1,0.166667,1
5633,2,0.166667,0
5633,5,0.166667,0
5633,11,0.166667,0
5633,15,0.166667,0
5633,16,0.166667,0
5634,2,0.333333,1
5634,5,0.333333,0
5634,11,0.333333,0
5635,1,0.5,1
5635,11,0.5,0
5636,1,0.333333,1
5636,2,0.333333,0
5636,11,0.333333,0
5637,2,0.5,1
5637,11,0.5,0
5638,1,0.2,1
5638,2,0.2,0
5638,11,0.2,0
5638,14,0.2,0
5638,19,0.2,0
5639,2,0.5,1
5639,11,0.5,0
5640,1,0.25,1
5640,2,0.25,0
5640,11,0.25,0
5640,14,0.25,0
5641,1,0.25,1
5641,2,0.25,0
5641,5,0.25,0
5641,11,0.25,0
5642,1,0.2,1
5642,2,0.2,0
5642,5,0.2,0
5642,11,0.2,0
5642,16,0.2,0
5643,2,1.0,1
5644,11,0.333333,1
5644,16,0.333333,0
5644,19,0.333333,0
5645,1,0.25,1
5645,2,0.25,0
5645,5,0.25,0
5645,11,0.25,0
5646,16,1.0,1
5647,14,1.0,1
5648,1,0.25,1
5648,5,0.25,0
5648,14,0.25,0
5648,18,0.25,0
5649,16,1.0,1
5650,2,0.333333,1
5650,11,0.333333,0
5650,14,0.333333,0
5651,14,1.0,1
5652,5,0.25,1
5652,11,0.25,0
5652,14,0.25,0
5652,16,0.25,0
5653,1,0.333333,1
5653,11,0.333333,0
5653,12,0.333333,0
5654,1,0.5,1
5654,11,0.5,0
5655,16,0.333333,1
5655,18,0.333333,0
5655,19,0.333333,0
5656,1,1.0,1
5657,16,1.0,1
5658,1,0.5,1
5658,11,0.5,0
5659,2,0.333333,1
5659,5,0.333333,0
5659,11,0.333333,0
5660,1,1.0,1
5661,11,1.0,1
5662,1,0.166667,1
5662,2,0.166667,0
5662,5,0.166667,0
5662,11,0.166667,0
5662,14,0.166667,0
5662,7,0.166667,0
5663,2,0.2,1
5663,5,0.2,0
5663,11,0.2,0
5663,16,0.2,0
5663,19,0.2,0
5664,2,0.333333,1
5664,5,0.333333,0
5664,11,0.333333,0
5665,1,0.333333,1
5665,5,0.333333,0
5665,11,0.333333,0
5666,1,0.333333,1
5666,2,0.333333,0
5666,11,0.333333,0
5667,1,0.333333,1
5667,2,0.333333,0
5667,11,0.333333,0
5668,2,0.2,1
5668,5,0.2,0
5668,11,0.2,0
5668,16,0.2,0
5668,19,0.2,0
5669,1,0.333333,1
5669,2,0.333333,0
5669,11,0.333333,0
5670,1,0.25,1
5670,2,0.25,0
5670,11,0.25,0
5670,14,0.25,0
5671,1,0.333333,1
5671,14,0.333333,0
5671,19,0.333333,0
5672,1,0.333333,1
5672,2,0.333333,0
5672,11,0.333333,0
5673,1,1.0,1
5674,1,0.25,1
5674,2,0.25,0
5674,11,0.25,0
5674,14,0.25,0
5675,5,0.5,1
5675,11,0.5,0
5676,1,0.5,1
5676,11,0.5,0
5677,5,0.5,1
5677,11,0.5,0
5678,1,0.25,1
5678,2,0.25,0
5678,5,0.25,0
5678,16,0.25,0
5679,11,0.25,1
5679,16,0.25,0
5679,19,0.25,0
5679,7,0.25,0
5680,19,1.0,1
5681,11,0.333333,1
5681,14,0.333333,0
5681,19,0.333333,0
5682,5,0.333333,1
5682,11,0.333333,0
5682,16,0.333333,0
5683,1,0.25,1
5683,2,0.25,0
5683,11,0.25,0
5683,14,0.25,0
5684,2,0.25,1
5684,5,0.25,0
5684,11,0.25,0
5684,14,0.25,0
5685,2,0.333333,1
5685,5,0.333333,0
5685,11,0.333333,0
5686,5,1.0,1
5687,2,1.0,1
5688,1,0.5,1
5688,11,0.5,0
5689,1,0.166667,1
5689,11,0.166667,0
5689,12,0.166667,0
5689,14,0.166667,0
5689,16,0.166667,0
5689,19,0.166667,0
5690,1,0.2,1
5690,2,0.2,0
5690,11,0.2,0
5690,14,0.2,0
5690,19,0.2,0
5691,2,0.333333,1
5691,5,0.333333,0
5691,11,0.333333,0
5692,5,0.5,1
5692,11,0.5,0
5693,1,0.25,1
5693,14,0.25,0
5693,16,0.25,0
5693,19,0.25,0
5694,11,0.5,1
5694,14,0.5,0
5695,1,0.5,1
5695,11,0.5,0
5696,1,0.25,1
5696,2,0.25,0
5696,11,0.25,0
5696,14,0.25,0
5697,2,1.0,1
5698,1,0.333333,1
5698,2,0.333333,0
5698,11,0.333333,0
5699,1,0.333333,1
5699,2,0.333333,0
5699,11,0.333333,0
5700,2,0.333333,1
5700,11,0.333333,0
5700,14,0.333333,0
5701,2,0.142857,1
5701,5,0.142857,0
5701,11,0.142857,0
5701,15,0.142857,0
5701,14,0.142857,0
5701,16,0.142857,0
5701,7,0.142857,0
5702,1,0.166667,1
5702,2,0.166667,0
5702,5,0.166667,0
5702,11,0.166667,0
5702,16,0.166667,0
5702,19,0.166667,0
5703,2,0.2,1
5703,11,0.2,0
5703,14,0.2,0
5703,16,0.2,0
5703,19,0.2,0
5704,16,0.5,1
5704,7,0.5,0
5705,11,0.5,1
5705,14,0.5,0
5706,1,1.0,1
5707,2,0.5,1
5707,11,0.5,0
5708,2,0.333333,1
5708,5,0.333333,0
5708,11,0.333333,0
5709,5,0.5,1
5709,11,0.5,0
5710,5,0.25,1
5710,11,0.25,0
5710,16,0.25,0
5710,19,0.25,0
5711,2,0.25,1
5711,5,0.25,0
5711,11,0.25,0
5711,19,0.25,0
5712,2,1.0,1
5713,5,0.5,1
5713,11,0.5,0
5714,11,0.25,1
5714,14,0.25,0
5714,16,0.25,0
5714,19,0.25,0
5715,1,0.333333,1
5715,2,0.333333,0
5715,11,0.333333,0
5716,19,1.0,1
5717,1,0.2,1
5717,2,0.2,0
5717,5,0.2,0
5717,11,0.2,0
5717,14,0.2,0
5718,16,1.0,1
5719,11,0.333333,1
5719,16,0.333333,0
5719,19,0.333333,0
5720,2,0.333333,1
5720,11,0.333333,0
5720,16,0.333333,0
5721,1,0.5,1
5721,2,0.5,0
5722,19,1.0,1
5723,1,0.333333,1
5723,2,0.333333,0
5723,11,0.333333,0
5724,2,0.5,1
5724,11,0.5,0
5725,2,0.333333,1
5725,11,0.333333,0
5725,14,0.333333,0
5726,1,0.5,1
5726,2,0.5,0
5727,1,0.333333,1
5727,5,0.333333,0
5727,19,0.333333,0
5728,16,1.0,1
5729,11,0.333333,1
5729,15,0.333333,0
5729,18,0.333333,0
5730,5,0.333333,1
5730,11,0.333333,0
5730,14,0.333333,0
5731,2,0.25,1
5731,5,0.25,0
5731,11,0.25,0
5731,19,0.25,0
5732,11,0.25,1
5732,16,0.25,0
5732,18,0.25,0
5732,19,0.25,0
5733,11,0.25,1
5733,16,0.25,0
5733,18,0.25,0
5733,19,0.25,0
5734,2,0.333333,1
5734,11,0.333333,0
5734,19,0.333333,0
5735,1,0.5,1
5735,11,0.5,0
5736,1,0.25,1
5736,11,0.25,0
5736,15,0.25,0
5736,18,0.25,0
5737,11,0.333333,1
5737,15,0.333333,0
5737,16,0.333333,0
5738,2,0.333333,1
5738,5,0.333333,0
5738,11,0.333333,0
5739,19,1.0,1
5740,11,1.0,1
5741,5,0.5,1
5741,16,0.5,0
5742,2,0.333333,1
5742,11,0.333333,0
5742,14,0.333333,0
5743,2,0.25,1
5743,11,0.25,0
5743,16,0.25,0
5743,19,0.25,0
5744,1,0.333333,1
5744,2,0.333333,0
5744,11,0.333333,0
5745,2,0.25,1
5745,11,0.25,0
5745,14,0.25,0
5745,19,0.25,0
5746,1,0.25,1
5746,2,0.25,0
5746,11,0.25,0
5746,16,0.25,0
5747,1,0.333333,1
5747,2,0.333333,0
5747,11,0.333333,0
5748,1,0.5,1
5748,11,0.5,0
5749,5,0.5,1
5749,11,0.5,0
5750,2,0.333333,1
5750,5,0.333333,0
5750,16,0.333333,0
5751,11,0.5,1
5751,19,0.5,0
5752,1,1.0,1
5753,5,0.333333,1
5753,11,0.333333,0
5753,19,0.333333,0
5754,2,0.25,1
5754,11,0.25,0
5754,14,0.25,0
5754,19,0.25,0
5755,5,0.5,1
5755,11,0.5,0
5756,1,0.25,1
5756,2,0.25,0
5756,11,0.25,0
5756,16,0.25,0
5757,2,0.5,1
5757,11,0.5,0
5758,1,0.2,1
5758,2,0.2,0
5758,11,0.2,0
5758,14,0.2,0
5758,19,0.2,0
5759,2,0.333333,1
5759,11,0.333333,0
5759,16,0.333333,0
5760,1,0.5,1
5760,11,0.5,0
5761,1,0.25,1
5761,11,0.25,0
5761,12,0.25,0
5761,18,0.25,0
5762,2,0.2,1
5762,11,0.2,0
5762,14,0.2,0
5762,16,0.2,0
5762,19,0.2,0
5763,2,0.333333,1
5763,11,0.333333,0
5763,19,0.333333,0
5764,2,1.0,1
5765,11,0.5,1
5765,14,0.5,0
5766,2,0.5,1
5766,11,0.5,0
5767,1,0.333333,1
5767,2,0.333333,0
5767,11,0.333333,0
5768,2,0.333333,1
5768,5,0.333333,0
5768,11,0.333333,0
5769,11,0.25,1
5769,14,0.25,0
5769,16,0.25,0
5769,18,0.25,0
5770,1,0.25,1
5770,2,0.25,0
5770,11,0.25,0
5770,16,0.25,0
5771,20,0.5,1
5771,10,0.5,0
5772,1,0.333333,1
5772,11,0.333333,0
5772,7,0.333333,0
5773,1,0.333333,1
5773,2,0.333333,0
5773,5,0.333333,0
5774,2,0.5,1
5774,11,0.5,0
5775,2,0.5,1
5775,11,0.5,0
5776,1,0.5,1
5776,11,0.5,0
5777,1,0.5,1
5777,11,0.5,0
5778,1,0.5,1
5778,9,0.5,0
5779,1,0.333333,1
5779,5,0.333333,0
5779,11,0.333333,0
5780,5,0.5,1
5780,11,0.5,0
5781,14,1.0,1
5782,2,0.5,1
5782,11,0.5,0
5783,1,0.333333,1
5783,2,0.333333,0
5783,11,0.333333,0
5784,5,0.25,1
5784,11,0.25,0
5784,16,0.25,0
5784,19,0.25,0
5785,2,0.142857,1
5785,5,0.142857,0
5785,11,0.142857,0
5785,14,0.142857,0
5785,16,0.142857,0
5785,19,0.142857,0
5785,9,0.142857,0
5786,1,0.5,1
5786,11,0.5,0
5787,2,0.25,1
5787,5,0.25,0
5787,11,0.25,0
5787,16,0.25,0
5788,14,0.333333,1
5788,16,0.333333,0
5788,19,0.333333,0
5789,2,0.333333,1
5789,5,0.333333,0
5789,11,0.333333,0
5790,2,0.333333,1
5790,5,0.333333,0
5790,11,0.333333,0
5791,11,0.333333,1
5791,12,0.333333,0
5791,14,0.333333,0
5792,5,0.5,1
5792,11,0.5,0
5793,5,1.0,1
5794,1,0.5,1
5794,5,0.5,0
5795,5,0.25,1
5795,11,0.25,0
5795,16,0.25,0
5795,19,0.25,0
5796,2,0.333333,1
5796,5,0.333333,0
5796,11,0.333333,0
5797,1,0.25,1
5797,5,0.25,0
5797,11,0.25,0
5797,16,0.25,0
5798,5,0.333333,1
5798,11,0.333333,0
5798,16,0.333333,0
5799,14,0.5,1
5799,19,0.5,0
5800,2,1.0,1
5801,1,0.125,1
5801,2,0.125,0
5801,5,0.125,0
5801,11,0.125,0
5801,12,0.125,0
5801,14,0.125,0
5801,18,0.125,0
5801,7,0.125,0
5802,5,0.5,1
5802,19,0.5,0
5803,5,0.5,1
5803,11,0.5,0
5804,2,0.333333,1
5804,5,0.333333,0
5804,16,0.333333,0
5805,2,0.333333,1
5805,11,0.333333,0
5805,16,0.333333,0
5806,1,0.5,1
5806,2,0.5,0
5807,2,0.5,1
5807,11,0.5,0
5808,11,1.0,1
5809,1,0.333333,1
5809,2,0.333333,0
5809,11,0.333333,0
5810,2,0.333333,1
5810,5,0.333333,0
5810,11,0.333333,0
5811,1,0.25,1
5811,2,0.25,0
5811,11,0.25,0
5811,16,0.25,0
5812,1,0.2,1
5812,5,0.2,0
5812,11,0.2,0
5812,16,0.2,0
5812,19,0.2,0
5813,1,0.333333,1
5813,2,0.333333,0
5813,11,0.333333,0
5814,1,0.2,1
5814,2,0.2,0
5814,11,0.2,0
5814,16,0.2,0
5814,7,0.2,0
5815,1,0.5,1
5815,11,0.5,0
5816,1,0.333333,1
5816,2,0.333333,0
5816,11,0.333333,0
5817,11,0.5,1
5817,19,0.5,0
5818,2,0.25,1
5818,5,0.25,0
5818,11,0.25,0
5818,14,0.25,0
5819,2,0.25,1
5819,5,0.25,0
5819,11,0.25,0
5819,14,0.25,0
5820,5,0.25,1
5820,11,0.25,0
5820,16,0.25,0
5820,18,0.25,0
5821,5,0.5,1
5821,11,0.5,0
5822,11,1.0,1
5823,9,0.25,1
5823,11,0.25,0
5823,12,0.25,0
5823,18,0.25,0
5824,1,0.25,1
5824,2,0.25,0
5824,11,0.25,0
5824,16,0.25,0
5825,1,0.166667,1
5825,2,0.166667,0
5825,5,0.166667,0
5825,11,0.166667,0
5825,14,0.166667,0
5825,16,0.166667,0
5826,5,0.25,1
5826,14,0.25,0
5826,19,0.25,0
5826,9,0.25,0
5827,1,0.333333,1
5827,11,0.333333,0
5827,14,0.333333,0
5828,2,0.2,1
5828,5,0.2,0
5828,11,0.2,0
5828,14,0.2,0
5828,16,0.2,0
5829,2,0.2,1
5829,5,0.2,0
5829,11,0.2,0
5829,16,0.2,0
5829,19,0.2,0
5830,11,1.0,1
5831,2,1.0,1
5832,11,1.0,1
5833,2,1.0,1
5834,1,0.333333,1
5834,5,0.333333,0
5834,11,0.333333,0
5835,1,0.25,1
5835,2,0.25,0
5835,5,0.25,0
5835,11,0.25,0
5836,11,0.25,1
5836,16,0.25,0
5836,19,0.25,0
5836,7,0.25,0
5837,2,0.333333,1
5837,5,0.333333,0
5837,11,0.333333,0
5838,11,0.25,1
5838,16,0.25,0
5838,19,0.25,0
5838,7,0.25,0
5839,1,0.2,1
5839,2,0.2,0
5839,12,0.2,0
5839,14,0.2,0
5839,16,0.2,0
5840,2,0.333333,1
5840,5,0.333333,0
5840,16,0.333333,0
5841,5,1.0,1
5842,11,0.333333,1
5842,16,0.333333,0
5842,18,0.333333,0
5843,1,0.333333,1
5843,2,0.333333,0
5843,11,0.333333,0
5844,1,0.5,1
5844,7,0.5,0
5845,1,0.5,1
5845,9,0.5,0
5846,1,0.333333,1
5846,5,0.333333,0
5846,11,0.333333,0
5847,1,0.333333,1
5847,11,0.333333,0
5847,15,0.333333,0
5848,1,0.5,1
5848,2,0.5,0
5849,2,0.25,1
5849,11,0.25,0
5849,14,0.25,0
5849,19,0.25,0
5850,2,0.25,1
5850,11,0.25,0
5850,14,0.25,0
5850,19,0.25,0
5851,1,0.333333,1
5851,11,0.333333,0
5851,18,0.333333,0
5852,1,0.166667,1
5852,2,0.166667,0
5852,5,0.166667,0
5852,11,0.166667,0
5852,16,0.166667,0
5852,18,0.166667,0
5853,2,0.5,1
5853,9,0.5,0
5854,1,0.333333,1
5854,11,0.333333,0
5854,19,0.333333,0
5855,1,0.333333,1
5855,2,0.333333,0
5855,11,0.333333,0
5856,1,0.333333,1
5856,2,0.333333,0
5856,9,0.333333,0
5857,16,1.0,1
5858,2,0.333333,1
5858,11,0.333333,0
5858,18,0.333333,0
5859,1,0.5,1
5859,11,0.5,0
5860,11,1.0,1
5861,2,1.0,1
5862,1,0.5,1
5862,11,0.5,0
5863,1,1.0,1
5864,2,0.5,1
5864,11,0.5,0
5865,5,0.333333,1
5865,11,0.333333,0
5865,19,0.333333,0
5866,2,1.0,1
5867,1,0.25,1
5867,2,0.25,0
5867,14,0.25,0
5867,9,0.25,0
5868,1,0.333333,1
5868,2,0.333333,0
5868,11,0.333333,0
5869,2,0.5,1
5869,5,0.5,0
5870,1,1.0,1
5871,11,0.333333,1
5871,19,0.333333,0
5871,7,0.333333,0
5872,5,1.0,1
5873,11,0.25,1
5873,15,0.25,0
5873,16,0.25,0
5873,18,0.25,0
5874,1,0.333333,1
5874,2,0.333333,0
5874,11,0.333333,0
5875,16,0.333333,1
5875,18,0.333333,0
5875,19,0.333333,0
5876,11,0.5,1
5876,19,0.5,0
5877,1,0.2,1
5877,2,0.2,0
5877,11,0.2,0
5877,14,0.2,0
5877,19,0.2,0
5878,14,1.0,1
5879,16,0.5,1
5879,18,0.5,0
5880,1,0.1,1
5880,2,0.1,0
5880,5,0.1,0
5880,11,0.1,0
5880,14,0.1,0
5880,16,0.1,0
5880,9,0.1,0
5880,17,0.1,0
5880,20,0.1,0
5880,10,0.1,0
5881,2,0.333333,1
5881,5,0.333333,0
5881,11,0.333333,0
5882,2,0.5,1
5882,11,0.5,0
5883,1,0.333333,1
5883,11,0.333333,0
5883,16,0.333333,0
5884,1,0.25,1
5884,2,0.25,0
5884,11,0.25,0
5884,14,0.25,0
5885,2,1.0,1
5886,11,0.5,1
5886,14,0.5,0
5887,11,0.333333,1
5887,16,0.333333,0
5887,19,0.333333,0
5888,14,1.0,1
5889,5,0.333333,1
5889,11,0.333333,0
5889,19,0.333333,0
5890,2,0.333333,1
5890,5,0.333333,0
5890,11,0.333333,0
5891,1,0.166667,1
5891,2,0.166667,0
5891,5,0.166667,0
5891,11,0.166667,0
5891,14,0.166667,0
5891,19,0.166667,0
5892,1,0.142857,1
5892,2,0.142857,0
5892,5,0.142857,0
5892,11,0.142857,0
5892,14,0.142857,0
5892,16,0.142857,0
5892,7,0.142857,0
5893,5,0.333333,1
5893,11,0.333333,0
5893,19,0.333333,0
5894,2,0.333333,1
5894,11,0.333333,0
5894,19,0.333333,0
5895,2,0.2,1
5895,5,0.2,0
5895,11,0.2,0
5895,14,0.2,0
5895,18,0.2,0
5896,2,0.5,1
5896,11,0.5,0
5897,1,0.25,1
5897,2,0.25,0
5897,5,0.25,0
5897,16,0.25,0
5898,1,0.5,1
5898,11,0.5,0
5899,1,0.5,1
5899,11,0.5,0
5900,1,0.5,1
5900,2,0.5,0
5901,16,1.0,1
5902,11,0.25,1
5902,14,0.25,0
5902,16,0.25,0
5902,19,0.25,0
5903,1,0.2,1
5903,2,0.2,0
5903,11,0.2,0
5903,14,0.2,0
5903,16,0.2,0
5904,1,0.333333,1
5904,5,0.333333,0
5904,11,0.333333,0
5905,5,1.0,1
5906,1,0.5,1
5906,11,0.5,0
5907,16,1.0,1
5908,2,1.0,1
5909,2,0.5,1
5909,11,0.5,0
5910,2,0.25,1
5910,11,0.25,0
5910,14,0.25,0
5910,19,0.25,0
5911,1,0.5,1
5911,11,0.5,0
5912,16,0.25,1
5912,18,0.25,0
5912,9,0.25,0
5912,7,0.25,0
5913,1,0.2,1
5913,2,0.2,0
5913,5,0.2,0
5913,11,0.2,0
5913,19,0.2,0
5914,1,0.5,1
5914,11,0.5,0
5915,11,0.5,1
5915,19,0.5,0
5916,1,0.333333,1
5916,2,0.333333,0
5916,11,0.333333,0
5917,1,0.25,1
5917,11,0.25,0
5917,16,0.25,0
5917,7,0.25,0
5918,1,0.333333,1
5918,2,0.333333,0
5918,11,0.333333,0
5919,1,0.2,1
5919,2,0.2,0
5919,11,0.2,0
5919,14,0.2,0
5919,16,0.2,0
5920,11,0.5,1
5920,16,0.5,0
5921,11,0.25,1
5921,14,0.25,0
5921,16,0.25,0
5921,19,0.25,0
5922,2,0.166667,1
5922,5,0.166667,0
5922,11,0.166667,0
5922,14,0.166667,0
5922,16,0.166667,0
5922,19,0.166667,0
5923,5,0.5,1
5923,14,0.5,0
5924,1,0.333333,1
5924,2,0.333333,0
5924,14,0.333333,0
5925,5,0.25,1
5925,11,0.25,0
5925,16,0.25,0
5925,19,0.25,0
5926,1,0.5,1
5926,14,0.5,0
5927,1,0.333333,1
5927,2,0.333333,0
5927,11,0.333333,0
5928,5,0.5,1
5928,16,0.5,0
5929,2,0.333333,1
5929,5,0.333333,0
5929,11,0.333333,0
5930,1,0.166667,1
5930,11,0.166667,0
5930,14,0.166667,0
5930,16,0.166667,0
5930,19,0.166667,0
5930,7,0.166667,0
5931,5,0.5,1
5931,11,0.5,0
5932,5,0.25,1
5932,11,0.25,0
5932,16,0.25,0
5932,19,0.25,0
5933,5,1.0,1
5934,2,1.0,1
5935,5,0.333333,1
5935,11,0.333333,0
5935,16,0.333333,0
5936,1,0.333333,1
5936,11,0.333333,0
5936,16,0.333333,0
5937,5,0.333333,1
5937,11,0.333333,0
5937,19,0.333333,0
5938,2,0.333333,1
5938,5,0.333333,0
5938,11,0.333333,0
5939,2,0.333333,1
5939,5,0.333333,0
5939,16,0.333333,0
5940,1,0.5,1
5940,16,0.5,0
5941,1,0.25,1
5941,2,0.25,0
5941,11,0.25,0
5941,14,0.25,0
5942,2,0.333333,1
5942,11,0.333333,0
5942,16,0.333333,0
5943,2,0.333333,1
5943,5,0.333333,0
5943,11,0.333333,0
5944,5,0.5,1
5944,19,0.5,0
5945,1,0.2,1
5945,2,0.2,0
5945,11,0.2,0
5945,16,0.2,0
5945,7,0.2,0
5946,1,0.333333,1
5946,5,0.333333,0
5946,11,0.333333,0
5947,16,0.5,1
5947,19,0.5,0
5948,2,1.0,1
5949,1,0.166667,1
5949,2,0.166667,0
5949,11,0.166667,0
5949,14,0.166667,0
5949,19,0.166667,0
5949,7,0.166667,0
5950,11,0.5,1
5950,16,0.5,0
5951,1,0.25,1
5951,2,0.25,0
5951,5,0.25,0
5951,11,0.25,0
5952,1,1.0,1
5953,1,0.5,1
5953,11,0.5,0
5954,1,0.333333,1
5954,2,0.333333,0
5954,11,0.333333,0
5955,1,0.333333,1
5955,2,0.333333,0
5955,11,0.333333,0
5956,1,0.25,1
5956,2,0.25,0
5956,11,0.25,0
5956,14,0.25,0
5957,1,0.25,1
5957,5,0.25,0
5957,11,0.25,0
5957,15,0.25,0
5958,2,0.25,1
5958,5,0.25,0
5958,11,0.25,0
5958,16,0.25,0
5959,5,1.0,1
5960,5,1.0,1
5961,1,0.5,1
5961,19,0.5,0
5962,1,0.25,1
5962,2,0.25,0
5962,11,0.25,0
5962,14,0.25,0
5963,1,0.25,1
5963,5,0.25,0
5963,11,0.25,0
5963,16,0.25,0
5964,1,0.25,1
5964,2,0.25,0
5964,11,0.25,0
5964,14,0.25,0
5965,1,0.166667,1
5965,2,0.166667,0
5965,5,0.166667,0
5965,11,0.166667,0
5965,16,0.166667,0
5965,18,0.166667,0
5966,5,0.5,1
5966,11,0.5,0
5967,1,0.2,1
5967,2,0.2,0
5967,11,0.2,0
5967,14,0.2,0
5967,7,0.2,0
5968,1,1.0,1
5969,1,0.333333,1
5969,5,0.333333,0
5969,11,0.333333,0
5970,14,0.5,1
5970,16,0.5,0
5971,5,0.5,1
5971,11,0.5,0
5972,2,0.5,1
5972,11,0.5,0
5973,1,0.333333,1
5973,11,0.333333,0
5973,16,0.333333,0
5974,11,0.333333,1
5974,16,0.333333,0
5974,19,0.333333,0
5975,19,1.0,1
5976,2,0.25,1
5976,11,0.25,0
5976,14,0.25,0
5976,16,0.25,0
5977,5,0.5,1
5977,11,0.5,0
5978,5,0.333333,1
5978,11,0.333333,0
5978,16,0.333333,0
5979,2,0.333333,1
5979,5,0.333333,0
5979,11,0.333333,0
5980,1,0.5,1
5980,2,0.5,0
5981,2,0.333333,1
5981,5,0.333333,0
5981,16,0.333333,0
5982,11,0.5,1
5982,14,0.5,0
5983,2,0.5,1
5983,11,0.5,0
5984,1,0.25,1
5984,2,0.25,0
5984,11,0.25,0
5984,12,0.25,0
5985,2,0.5,1
5985,5,0.5,0
5986,11,0.25,1
5986,14,0.25,0
5986,19,0.25,0
5986,7,0.25,0
5987,5,0.333333,1
5987,11,0.333333,0
5987,19,0.333333,0
5988,5,0.333333,1
5988,14,0.333333,0
5988,16,0.333333,0
5989,1,0.5,1
5989,2,0.5,0
5990,2,1.0,1
5991,2,1.0,1
5992,11,0.5,1
5992,19,0.5,0
5993,1,0.333333,1
5993,2,0.333333,0
5993,11,0.333333,0
5994,11,1.0,1
5995,1,1.0,1
5996,1,0.333333,1
5996,15,0.333333,0
5996,16,0.333333,0
5997,5,0.5,1
5997,11,0.5,0
5998,2,0.5,1
5998,11,0.5,0
5999,1,0.333333,1
5999,11,0.333333,0
5999,18,0.333333,0
6000,1,0.25,1
6000,5,0.25,0
6000,11,0.25,0
6000,18,0.25,0
6001,5,0.333333,1
6001,16,0.333333,0
6001,19,0.333333,0
6002,1,0.2,1
6002,2,0.2,0
6002,5,0.2,0
6002,15,0.2,0
6002,7,0.2,0
6003,2,0.333333,1
6003,11,0.333333,0
6003,14,0.333333,0
6004,2,0.333333,1
6004,16,0.333333,0
6004,19,0.333333,0
6005,1,0.333333,1
6005,2,0.333333,0
6005,11,0.333333,0
6006,5,0.5,1
6006,11,0.5,0
6007,1,0.2,1
6007,2,0.2,0
6007,5,0.2,0
6007,11,0.2,0
6007,14,0.2,0
6008,1,0.5,1
6008,11,0.5,0
6009,1,1.0,1
6010,5,0.25,1
6010,11,0.25,0
6010,16,0.25,0
6010,18,0.25,0
6011,11,0.5,1
6011,19,0.5,0
6012,1,0.25,1
6012,5,0.25,0
6012,11,0.25,0
6012,16,0.25,0
6013,2,0.5,1
6013,14,0.5,0
6014,5,0.333333,1
6014,16,0.333333,0
6014,7,0.333333,0
6015,1,0.333333,1
6015,5,0.333333,0
6015,11,0.333333,0
6016,1,0.2,1
6016,2,0.2,0
6016,5,0.2,0
6016,11,0.2,0
6016,16,0.2,0
6017,1,0.333333,1
6017,2,0.333333,0
6017,11,0.333333,0
6018,2,0.25,1
6018,5,0.25,0
6018,11,0.25,0
6018,14,0.25,0
6019,2,0.5,1
6019,11,0.5,0
6020,1,0.5,1
6020,11,0.5,0
6021,1,0.333333,1
6021,2,0.333333,0
6021,11,0.333333,0
6022,11,0.5,1
6022,19,0.5,0
6023,2,0.333333,1
6023,11,0.333333,0
6023,14,0.333333,0
6024,2,0.333333,1
6024,11,0.333333,0
6024,16,0.333333,0
6025,1,0.333333,1
6025,2,0.333333,0
6025,11,0.333333,0
6026,1,0.25,1
6026,2,0.25,0
6026,5,0.25,0
6026,11,0.25,0
6027,1,0.5,1
6027,2,0.5,0
6028,2,0.2,1
6028,11,0.2,0
6028,14,0.2,0
6028,16,0.2,0
6028,19,0.2,0
6029,11,0.5,1
6029,14,0.5,0
6030,5,0.333333,1
6030,11,0.333333,0
6030,19,0.333333,0
6031,1,0.333333,1
6031,5,0.333333,0
6031,11,0.333333,0
6032,11,0.333333,1
6032,14,0.333333,0
6032,19,0.333333,0
6033,19,0.5,1
6033,7,0.5,0
6034,11,1.0,1
6035,1,0.5,1
6035,11,0.5,0
6036,2,0.25,1
6036,5,0.25,0
6036,11,0.25,0
6036,19,0.25,0
6037,16,1.0,1
6038,11,0.5,1
6038,19,0.5,0
6039,1,0.333333,1
6039,2,0.333333,0
6039,11,0.333333,0
6040,5,0.333333,1
6040,11,0.333333,0
6040,16,0.333333,0
6041,1,0.333333,1
6041,5,0.333333,0
6041,11,0.333333,0
6042,11,0.333333,1
6042,14,0.333333,0
6042,19,0.333333,0
6043,11,0.5,1
6043,19,0.5,0
6044,1,0.25,1
6044,5,0.25,0
6044,11,0.25,0
6044,16,0.25,0
6045,2,0.333333,1
6045,5,0.333333,0
6045,11,0.333333,0
6046,11,0.25,1
6046,14,0.25,0
6046,16,0.25,0
6046,19,0.25,0
6047,1,0.25,1
6047,11,0.25,0
6047,16,0.25,0
6047,18,0.25,0
6048,5,0.25,1
6048,11,0.25,0
6048,14,0.25,0
6048,16,0.25,0
6049,1,0.25,1
6049,2,0.25,0
6049,5,0.25,0
6049,11,0.25,0
6050,2,0.333333,1
6050,5,0.333333,0
6050,11,0.333333,0
6051,11,0.25,1
6051,15,0.25,0
6051,16,0.25,0
6051,7,0.25,0
6052,2,0.333333,1
6052,11,0.333333,0
6052,16,0.333333,0
6053,1,0.25,1
6053,2,0.25,0
6053,5,0.25,0
6053,11,0.25,0
6054,5,0.333333,1
6054,11,0.333333,0
6054,19,0.333333,0
6055,1,0.333333,1
6055,2,0.333333,0
6055,11,0.333333,0
6056,5,0.5,1
6056,16,0.5,0
6057,1,0.25,1
6057,2,0.25,0
6057,5,0.25,0
6057,16,0.25,0
6058,5,0.333333,1
6058,16,0.333333,0
6058,7,0.333333,0
6059,1,0.25,1
6059,2,0.25,0
6059,11,0.25,0
6059,14,0.25,0
6060,1,0.2,1
6060,5,0.2,0
6060,11,0.2,0
6060,16,0.2,0
6060,7,0.2,0
6061,5,0.25,1
6061,11,0.25,0
6061,16,0.25,0
6061,19,0.25,0
6062,1,0.5,1
6062,11,0.5,0
6063,5,0.5,1
6063,11,0.5,0
6064,1,0.25,1
6064,2,0.25,0
6064,11,0.25,0
6064,9,0.25,0
6065,1,0.333333,1
6065,2,0.333333,0
6065,5,0.333333,0
6066,5,0.5,1
6066,11,0.5,0
6067,1,0.25,1
6067,2,0.25,0
6067,11,0.25,0
6067,14,0.25,0
6068,1,0.5,1
6068,2,0.5,0
6069,14,1.0,1
6070,11,1.0,1
6071,15,0.333333,1
6071,16,0.333333,0
6071,18,0.333333,0
6072,2,1.0,1
6073,1,0.333333,1
6073,2,0.333333,0
6073,5,0.333333,0
6074,5,0.333333,1
6074,11,0.333333,0
6074,16,0.333333,0
6075,5,0.25,1
6075,11,0.25,0
6075,16,0.25,0
6075,18,0.25,0
6076,2,0.333333,1
6076,11,0.333333,0
6076,14,0.333333,0
6077,1,0.5,1
6077,11,0.5,0
6078,14,1.0,1
6079,1,0.2,1
6079,2,0.2,0
6079,5,0.2,0
6079,9,0.2,0
6079,11,0.2,0
6080,5,0.5,1
6080,11,0.5,0
6081,1,0.5,1
6081,11,0.5,0
6082,11,0.5,1
6082,16,0.5,0
6083,1,1.0,1
6084,15,0.333333,1
6084,16,0.333333,0
6084,18,0.333333,0
6085,2,0.5,1
6085,5,0.5,0
6086,1,0.333333,1
6086,2,0.333333,0
6086,11,0.333333,0
6087,1,0.5,1
6087,5,0.5,0
6088,2,0.5,1
6088,5,0.5,0
6089,5,0.5,1
6089,19,0.5,0
6090,1,0.333333,1
6090,2,0.333333,0
6090,11,0.333333,0
6091,5,0.25,1
6091,11,0.25,0
6091,14,0.25,0
6091,19,0.25,0
6092,2,0.5,1
6092,11,0.5,0
6093,1,0.333333,1
6093,19,0.333333,0
6093,7,0.333333,0
6094,1,0.333333,1
6094,14,0.333333,0
6094,16,0.333333,0
6095,2,0.333333,1
6095,5,0.333333,0
6095,11,0.333333,0
6096,2,0.5,1
6096,11,0.5,0
6097,14,1.0,1
6098,1,0.5,1
6098,11,0.5,0
6099,5,0.25,1
6099,11,0.25,0
6099,16,0.25,0
6099,19,0.25,0
6100,5,0.25,1
6100,11,0.25,0
6100,15,0.25,0
6100,16,0.25,0
6101,1,0.25,1
6101,2,0.25,0
6101,11,0.25,0
6101,14,0.25,0
6102,1,0.333333,1
6102,11,0.333333,0
6102,14,0.333333,0
6103,1,0.333333,1
6103,2,0.333333,0
6103,11,0.333333,0
6104,2,0.5,1
6104,11,0.5,0
6105,5,0.5,1
6105,9,0.5,0
6106,2,0.333333,1
6106,5,0.333333,0
6106,11,0.333333,0
6107,1,0.5,1
6107,14,0.5,0
6108,2,0.5,1
6108,5,0.5,0
6109,11,0.333333,1
6109,16,0.333333,0
6109,19,0.333333,0
6110,1,0.5,1
6110,11,0.5,0
6111,11,0.5,1
6111,14,0.5,0
6112,1,0.333333,1
6112,5,0.333333,0
6112,19,0.333333,0
6113,3,0.5,1
6113,21,0.5,0
6114,1,0.5,1
6114,2,0.5,0
6115,2,1.0,1
6116,2,0.333333,1
6116,11,0.333333,0
6116,14,0.333333,0
6117,2,0.5,1
6117,5,0.5,0
6118,2,0.5,1
6118,14,0.5,0
6119,1,0.142857,1
6119,2,0.142857,0
6119,5,0.142857,0
6119,11,0.142857,0
6119,14,0.142857,0
6119,16,0.142857,0
6119,19,0.142857,0
6120,1,0.25,1
6120,2,0.25,0
6120,11,0.25,0
6120,14,0.25,0
6121,5,0.25,1
6121,16,0.25,0
6121,18,0.25,0
6121,7,0.25,0
6122,2,0.333333,1
6122,5,0.333333,0
6122,16,0.333333,0
6123,5,0.5,1
6123,11,0.5,0
6124,1,0.25,1
6124,2,0.25,0
6124,11,0.25,0
6124,14,0.25,0
6125,2,0.333333,1
6125,5,0.333333,0
6125,11,0.333333,0
6126,1,0.25,1
6126,11,0.25,0
6126,16,0.25,0
6126,7,0.25,0
6127,5,1.0,1
6128,1,0.25,1
6128,2,0.25,0
6128,11,0.25,0
6128,7,0.25,0
6129,11,0.5,1
6129,14,0.5,0
6130,5,0.333333,1
6130,11,0.333333,0
6130,15,0.333333,0
6131,5,1.0,1
6132,5,0.5,1
6132,11,0.5,0
6133,1,0.142857,1
6133,5,0.142857,0
6133,11,0.142857,0
6133,12,0.142857,0
6133,18,0.142857,0
6133,19,0.142857,0
6133,9,0.142857,0
6134,11,0.333333,1
6134,16,0.333333,0
6134,19,0.333333,0
6135,11,0.333333,1
6135,16,0.333333,0
6135,19,0.333333,0
6136,1,0.25,1
6136,2,0.25,0
6136,11,0.25,0
6136,14,0.25,0
6137,11,0.25,1
6137,14,0.25,0
6137,18,0.25,0
6137,19,0.25,0
6138,1,0.333333,1
6138,2,0.333333,0
6138,11,0.333333,0
6139,2,0.333333,1
6139,11,0.333333,0
6139,14,0.333333,0
6140,2,0.333333,1
6140,5,0.333333,0
6140,11,0.333333,0
6141,2,0.5,1
6141,11,0.5,0
6142,2,0.333333,1
6142,11,0.333333,0
6142,16,0.333333,0
6143,2,0.25,1
6143,11,0.25,0
6143,14,0.25,0
6143,19,0.25,0
6144,1,0.5,1
6144,2,0.5,0
6145,1,0.2,1
6145,2,0.2,0
6145,5,0.2,0
6145,11,0.2,0
6145,14,0.2,0
6146,5,0.5,1
6146,11,0.5,0
6147,2,1.0,1
6148,1,0.333333,1
6148,2,0.333333,0
6148,11,0.333333,0
6149,2,0.333333,1
6149,5,0.333333,0
6149,11,0.333333,0
6150,11,0.333333,1
6150,14,0.333333,0
6150,19,0.333333,0
6151,1,1.0,1
6152,5,0.25,1
6152,11,0.25,0
6152,14,0.25,0
6152,19,0.25,0
6153,5,1.0,1
6154,11,0.5,1
6154,14,0.5,0
6155,16,1.0,1
6156,2,1.0,1
6157,1,0.5,1
6157,14,0.5,0
6158,1,0.2,1
6158,5,0.2,0
6158,11,0.2,0
6158,15,0.2,0
6158,19,0.2,0
6159,1,0.5,1
6159,11,0.5,0
6160,1,0.333333,1
6160,5,0.333333,0
6160,11,0.333333,0
6161,2,0.333333,1
6161,11,0.333333,0
6161,14,0.333333,0
6162,1,0.333333,1
6162,2,0.333333,0
6162,18,0.333333,0
6163,1,0.333333,1
6163,2,0.333333,0
6163,11,0.333333,0
6164,11,0.5,1
6164,16,0.5,0
6165,2,0.333333,1
6165,5,0.333333,0
6165,11,0.333333,0
6166,1,0.5,1
6166,2,0.5,0
6167,1,0.25,1
6167,11,0.25,0
6167,15,0.25,0
6167,7,0.25,0
6168,2,0.5,1
6168,11,0.5,0
6169,2,0.333333,1
6169,5,0.333333,0
6169,11,0.333333,0
6170,1,1.0,1
6171,2,0.5,1
6171,5,0.5,0
6172,1,0.5,1
6172,11,0.5,0
6173,5,0.25,1
6173,11,0.25,0
6173,16,0.25,0
6173,19,0.25,0
6174,1,0.25,1
6174,2,0.25,0
6174,11,0.25,0
6174,14,0.25,0
6175,1,0.166667,1
6175,2,0.166667,0
6175,11,0.166667,0
6175,14,0.166667,0
6175,16,0.166667,0
6175,19,0.166667,0
6176,1,0.333333,1
6176,2,0.333333,0
6176,11,0.333333,0
6177,11,0.5,1
6177,14,0.5,0
6178,1,0.333333,1
6178,16,0.333333,0
6178,18,0.333333,0
6179,2,0.5,1
6179,11,0.5,0
6180,1,0.25,1
6180,2,0.25,0
6180,11,0.25,0
6180,14,0.25,0
6181,11,0.333333,1
6181,14,0.333333,0
6181,7,0.333333,0
6182,1,0.5,1
6182,16,0.5,0
6183,2,0.2,1
6183,5,0.2,0
6183,11,0.2,0
6183,15,0.2,0
6183,16,0.2,0
6184,1,1.0,1
6185,1,0.333333,1
6185,5,0.333333,0
6185,11,0.333333,0
6186,1,0.333333,1
6186,2,0.333333,0
6186,14,0.333333,0
6187,1,0.333333,1
6187,2,0.333333,0
6187,11,0.333333,0
6188,1,0.333333,1
6188,15,0.333333,0
6188,16,0.333333,0
6189,1,0.333333,1
6189,11,0.333333,0
6189,16,0.333333,0
6190,1,1.0,1
6191,2,0.333333,1
6191,11,0.333333,0
6191,14,0.333333,0
6192,1,1.0,1
6193,5,0.5,1
6193,11,0.5,0
6194,5,0.5,1
6194,11,0.5,0
6195,14,1.0,1
6196,2,0.5,1
6196,11,0.5,0
6197,1,0.5,1
6197,2,0.5,0
6198,5,0.333333,1
6198,11,0.333333,0
6198,15,0.333333,0
6199,1,1.0,1
6200,1,0.25,1
6200,2,0.25,0
6200,11,0.25,0
6200,14,0.25,0
6201,11,0.25,1
6201,14,0.25,0
6201,16,0.25,0
6201,19,0.25,0
6202,5,0.5,1
6202,11,0.5,0
6203,15,0.333333,1
6203,16,0.333333,0
6203,18,0.333333,0
6204,1,0.5,1
6204,2,0.5,0
6205,1,0.25,1
6205,2,0.25,0
6205,14,0.25,0
6205,16,0.25,0
6206,1,0.333333,1
6206,11,0.333333,0
6206,9,0.333333,0
6207,1,0.25,1
6207,2,0.25,0
6207,11,0.25,0
6207,14,0.25,0
6208,2,0.5,1
6208,11,0.5,0
6209,2,0.333333,1
6209,16,0.333333,0
6209,19,0.333333,0
6210,11,0.25,1
6210,14,0.25,0
6210,16,0.25,0
6210,19,0.25,0
6211,1,0.333333,1
6211,2,0.333333,0
6211,15,0.333333,0
6212,5,1.0,1
6213,2,0.5,1
6213,19,0.5,0
6214,2,0.5,1
6214,11,0.5,0
6215,1,0.333333,1
6215,2,0.333333,0
6215,12,0.333333,0
6216,1,0.333333,1
6216,2,0.333333,0
6216,11,0.333333,0
6217,2,0.333333,1
6217,5,0.333333,0
6217,11,0.333333,0
6218,5,0.5,1
6218,11,0.5,0
6219,1,0.333333,1
6219,15,0.333333,0
6219,18,0.333333,0
6220,1,0.333333,1
6220,2,0.333333,0
6220,16,0.333333,0
6221,2,0.333333,1
6221,5,0.333333,0
6221,11,0.333333,0
6222,11,1.0,1
6223,2,0.5,1
6223,11,0.5,0
6224,2,0.333333,1
6224,5,0.333333,0
6224,14,0.333333,0
6225,5,0.5,1
6225,16,0.5,0
6226,1,0.333333,1
6226,5,0.333333,0
6226,11,0.333333,0
6227,11,0.25,1
6227,15,0.25,0
6227,16,0.25,0
6227,18,0.25,0
6228,11,0.25,1
6228,16,0.25,0
6228,19,0.25,0
6228,7,0.25,0
6229,1,0.25,1
6229,2,0.25,0
6229,11,0.25,0
6229,16,0.25,0
6230,2,0.333333,1
6230,5,0.333333,0
6230,11,0.333333,0
6231,11,0.5,1
6231,14,0.5,0
6232,2,1.0,1
6233,1,0.25,1
6233,5,0.25,0
6233,11,0.25,0
6233,16,0.25,0
6234,1,0.2,1
6234,2,0.2,0
6234,11,0.2,0
6234,16,0.2,0
6234,19,0.2,0
6235,2,0.5,1
6235,11,0.5,0
6236,11,0.5,1
6236,14,0.5,0
6237,2,0.333333,1
6237,5,0.333333,0
6237,11,0.333333,0
6238,1,0.333333,1
6238,2,0.333333,0
6238,11,0.333333,0
6239,5,0.333333,1
6239,11,0.333333,0
6239,14,0.333333,0
6240,11,0.5,1
6240,14,0.5,0
6241,2,0.333333,1
6241,5,0.333333,0
6241,11,0.333333,0
6242,5,0.5,1
6242,11,0.5,0
6243,5,0.2,1
6243,9,0.2,0
6243,11,0.2,0
6243,16,0.2,0
6243,19,0.2,0
6244,1,0.25,1
6244,2,0.25,0
6244,5,0.25,0
6244,11,0.25,0
6245,1,0.333333,1
6245,2,0.333333,0
6245,11,0.333333,0
6246,5,0.333333,1
6246,16,0.333333,0
6246,19,0.333333,0
6247,5,0.5,1
6247,11,0.5,0
6248,5,0.333333,1
6248,11,0.333333,0
6248,19,0.333333,0
6249,1,0.333333,1
6249,2,0.333333,0
6249,11,0.333333,0
6250,5,0.5,1
6250,11,0.5,0
6251,1,0.25,1
6251,11,0.25,0
6251,16,0.25,0
6251,19,0.25,0
6252,14,1.0,1
6253,5,0.333333,1
6253,11,0.333333,0
6253,14,0.333333,0
6254,1,0.333333,1
6254,2,0.333333,0
6254,11,0.333333,0
6255,1,0.333333,1
6255,2,0.333333,0
6255,11,0.333333,0
6256,2,0.5,1
6256,11,0.5,0
6257,11,0.5,1
6257,16,0.5,0
6258,2,0.25,1
6258,5,0.25,0
6258,11,0.25,0
6258,16,0.25,0
6259,2,0.5,1
6259,11,0.5,0
6260,20,1.0,1
6261,19,1.0,1
6262,1,0.25,1
6262,5,0.25,0
6262,11,0.25,0
6262,16,0.25,0
6263,5,0.333333,1
6263,11,0.333333,0
6263,16,0.333333,0
6264,1,0.5,1
6264,2,0.5,0
6265,5,0.5,1
6265,19,0.5,0
6266,5,0.5,1
6266,11,0.5,0
6267,1,0.25,1
6267,5,0.25,0
6267,11,0.25,0
6267,16,0.25,0
6268,2,0.25,1
6268,5,0.25,0
6268,11,0.25,0
6268,16,0.25,0
6269,1,0.333333,1
6269,2,0.333333,0
6269,5,0.333333,0
6270,5,0.333333,1
6270,11,0.333333,0
6270,19,0.333333,0
6271,1,0.333333,1
6271,11,0.333333,0
6271,14,0.333333,0
6272,11,0.333333,1
6272,14,0.333333,0
6272,19,0.333333,0
6273,1,0.333333,1
6273,11,0.333333,0
6273,14,0.333333,0
6274,2,0.5,1
6274,11,0.5,0
6275,1,0.5,1
6275,11,0.5,0
6276,2,0.333333,1
6276,5,0.333333,0
6276,11,0.333333,0
6277,1,0.5,1
6277,11,0.5,0
6278,2,0.5,1
6278,11,0.5,0
6279,1,0.25,1
6279,5,0.25,0
6279,11,0.25,0
6279,19,0.25,0
6280,1,0.5,1
6280,11,0.5,0
6281,2,0.333333,1
6281,11,0.333333,0
6281,14,0.333333,0
6282,1,0.5,1
6282,7,0.5,0
6283,1,0.25,1
6283,2,0.25,0
6283,11,0.25,0
6283,16,0.25,0
6284,2,0.25,1
6284,11,0.25,0
6284,14,0.25,0
6284,19,0.25,0
6285,2,0.5,1
6285,11,0.5,0
6286,1,0.2,1
6286,11,0.2,0
6286,15,0.2,0
6286,16,0.2,0
6286,18,0.2,0
6287,1,0.25,1
6287,2,0.25,0
6287,11,0.25,0
6287,14,0.25,0
6288,1,0.2,1
6288,5,0.2,0
6288,11,0.2,0
6288,14,0.2,0
6288,19,0.2,0
6289,1,0.5,1
6289,7,0.5,0
6290,11,0.5,1
6290,16,0.5,0
6291,19,1.0,1
6292,1,0.333333,1
6292,11,0.333333,0
6292,14,0.333333,0
6293,1,0.333333,1
6293,2,0.333333,0
6293,14,0.333333,0
6294,5,0.333333,1
6294,11,0.333333,0
6294,16,0.333333,0
6295,1,0.25,1
6295,11,0.25,0
6295,12,0.25,0
6295,14,0.25,0
6296,1,0.25,1
6296,2,0.25,0
6296,11,0.25,0
6296,14,0.25,0
6297,1,0.166667,1
6297,2,0.166667,0
6297,5,0.166667,0
6297,11,0.166667,0
6297,15,0.166667,0
6297,16,0.166667,0
6298,1,0.333333,1
6298,2,0.333333,0
6298,11,0.333333,0
6299,14,0.333333,1
6299,16,0.333333,0
6299,19,0.333333,0
6300,1,0.25,1
6300,11,0.25,0
6300,14,0.25,0
6300,9,0.25,0
6301,5,0.333333,1
6301,11,0.333333,0
6301,16,0.333333,0
6302,1,0.5,1
6302,2,0.5,0
6303,2,0.5,1
6303,11,0.5,0
6304,5,0.5,1
6304,11,0.5,0
6305,1,0.333333,1
6305,11,0.333333,0
6305,7,0.333333,0
6306,1,0.2,1
6306,5,0.2,0
6306,11,0.2,0
6306,14,0.2,0
6306,7,0.2,0
6307,5,0.25,1
6307,11,0.25,0
6307,16,0.25,0
6307,19,0.25,0
6308,16,0.5,1
6308,19,0.5,0
6309,1,0.333333,1
6309,11,0.333333,0
6309,9,0.333333,0
6310,1,0.5,1
6310,11,0.5,0
6311,1,0.25,1
6311,2,0.25,0
6311,5,0.25,0
6311,11,0.25,0
6312,1,0.25,1
6312,2,0.25,0
6312,5,0.25,0
6312,11,0.25,0
6313,1,0.333333,1
6313,2,0.333333,0
6313,11,0.333333,0
6314,1,0.25,1
6314,11,0.25,0
6314,14,0.25,0
6314,19,0.25,0
6315,5,0.333333,1
6315,11,0.333333,0
6315,16,0.333333,0
6316,11,1.0,1
6317,1,0.333333,1
6317,5,0.333333,0
6317,11,0.333333,0
6318,3,0.25,1
6318,6,0.25,0
6318,20,0.25,0
6318,7,0.25,0
6319,2,0.25,1
6319,5,0.25,0
6319,11,0.25,0
6319,14,0.25,0
6320,11,0.333333,1
6320,16,0.333333,0
6320,19,0.333333,0
6321,1,0.25,1
6321,2,0.25,0
6321,11,0.25,0
6321,14,0.25,0
6322,2,0.5,1
6322,11,0.5,0
6323,1,0.333333,1
6323,2,0.333333,0
6323,11,0.333333,0
6324,1,0.111111,1
6324,2,0.111111,0
6324,5,0.111111,0
6324,11,0.111111,0
6324,15,0.111111,0
6324,14,0.111111,0
6324,16,0.111111,0
6324,9,0.111111,0
6324,7,0.111111,0
6325,1,0.333333,1
6325,2,0.333333,0
6325,7,0.333333,0
6326,1,0.5,1
6326,11,0.5,0
6327,1,0.5,1
6327,11,0.5,0
6328,1,0.2,1
6328,2,0.2,0
6328,5,0.2,0
6328,11,0.2,0
6328,19,0.2,0
6329,1,0.25,1
6329,2,0.25,0
6329,11,0.25,0
6329,16,0.25,0
6330,5,1.0,1
6331,1,0.25,1
6331,2,0.25,0
6331,5,0.25,0
6331,11,0.25,0
6332,5,0.25,1
6332,9,0.25,0
6332,12,0.25,0
6332,14,0.25,0
6333,2,0.25,1
6333,5,0.25,0
6333,9,0.25,0
6333,11,0.25,0
6334,1,0.142857,1
6334,11,0.142857,0
6334,12,0.142857,0
6334,15,0.142857,0
6334,16,0.142857,0
6334,18,0.142857,0
6334,7,0.142857,0
6335,2,0.25,1
6335,5,0.25,0
6335,11,0.25,0
6335,16,0.25,0
6336,11,1.0,1
6337,1,0.2,1
6337,2,0.2,0
6337,5,0.2,0
6337,12,0.2,0
6337,7,0.2,0
6338,1,0.333333,1
6338,2,0.333333,0
6338,11,0.333333,0
6339,2,0.333333,1
6339,5,0.333333,0
6339,11,0.333333,0
6340,5,0.5,1
6340,19,0.5,0
6341,1,0.25,1
6341,2,0.25,0
6341,5,0.25,0
6341,11,0.25,0
6342,2,0.5,1
6342,14,0.5,0
6343,1,0.2,1
6343,2,0.2,0
6343,5,0.2,0
6343,11,0.2,0
6343,18,0.2,0
6344,2,0.333333,1
6344,11,0.333333,0
6344,14,0.333333,0
6345,1,0.25,1
6345,2,0.25,0
6345,5,0.25,0
6345,11,0.25,0
6346,11,0.333333,1
6346,14,0.333333,0
6346,19,0.333333,0
6347,5,1.0,1
6348,5,0.333333,1
6348,11,0.333333,0
6348,19,0.333333,0
6349,1,0.25,1
6349,2,0.25,0
6349,5,0.25,0
6349,11,0.25,0
6350,14,1.0,1
6351,2,0.2,1
6351,5,0.2,0
6351,11,0.2,0
6351,16,0.2,0
6351,19,0.2,0
6352,1,0.333333,1
6352,2,0.333333,0
6352,14,0.333333,0
6353,2,0.25,1
6353,5,0.25,0
6353,11,0.25,0
6353,7,0.25,0
6354,1,0.333333,1
6354,5,0.333333,0
6354,11,0.333333,0
6355,1,0.166667,1
6355,2,0.166667,0
6355,5,0.166667,0
6355,11,0.166667,0
6355,14,0.166667,0
6355,16,0.166667,0
6356,5,0.5,1
6356,11,0.5,0
6357,14,1.0,1
6358,1,0.2,1
6358,5,0.2,0
6358,11,0.2,0
6358,15,0.2,0
6358,18,0.2,0
6359,1,0.25,1
6359,5,0.25,0
6359,11,0.25,0
6359,7,0.25,0
6360,1,0.333333,1
6360,5,0.333333,0
6360,11,0.333333,0
6361,2,0.25,1
6361,5,0.25,0
6361,11,0.25,0
6361,16,0.25,0
6362,2,0.25,1
6362,11,0.25,0
6362,14,0.25,0
6362,19,0.25,0
6363,5,0.5,1
6363,11,0.5,0
6364,11,1.0,1
6365,1,0.142857,1
6365,2,0.142857,0
6365,5,0.142857,0
6365,11,0.142857,0
6365,12,0.142857,0
6365,14,0.142857,0
6365,7,0.142857,0
6366,5,0.2,1
6366,9,0.2,0
6366,14,0.2,0
6366,16,0.2,0
6366,7,0.2,0
6367,1,0.333333,1
6367,14,0.333333,0
6367,7,0.333333,0
6368,2,0.333333,1
6368,9,0.333333,0
6368,11,0.333333,0
6369,1,0.2,1
6369,2,0.2,0
6369,9,0.2,0
6369,12,0.2,0
6369,14,0.2,0
6370,1,0.142857,1
6370,5,0.142857,0
6370,11,0.142857,0
6370,12,0.142857,0
6370,15,0.142857,0
6370,18,0.142857,0
6370,7,0.142857,0
6371,2,0.25,1
6371,5,0.25,0
6371,11,0.25,0
6371,16,0.25,0
6372,11,1.0,1
6373,2,0.25,1
6373,5,0.25,0
6373,15,0.25,0
6373,18,0.25,0
6374,5,0.333333,1
6374,9,0.333333,0
6374,11,0.333333,0
6375,1,0.25,1
6375,11,0.25,0
6375,15,0.25,0
6375,7,0.25,0
6376,2,0.25,1
6376,5,0.25,0
6376,11,0.25,0
6376,14,0.25,0
6377,1,0.2,1
6377,2,0.2,0
6377,11,0.2,0
6377,14,0.2,0
6377,7,0.2,0
6378,1,0.333333,1
6378,11,0.333333,0
6378,19,0.333333,0
6379,5,0.333333,1
6379,11,0.333333,0
6379,19,0.333333,0
6380,1,0.25,1
6380,2,0.25,0
6380,5,0.25,0
6380,11,0.25,0
6381,5,0.5,1
6381,18,0.5,0
6382,1,0.25,1
6382,2,0.25,0
6382,11,0.25,0
6382,14,0.25,0
6383,18,1.0,1
6384,1,0.25,1
6384,2,0.25,0
6384,5,0.25,0
6384,11,0.25,0
6385,11,0.333333,1
6385,15,0.333333,0
6385,16,0.333333,0
6386,2,0.2,1
6386,5,0.2,0
6386,11,0.2,0
6386,14,0.2,0
6386,19,0.2,0
6387,5,0.5,1
6387,11,0.5,0
6388,2,0.333333,1
6388,5,0.333333,0
6388,11,0.333333,0
6389,1,0.333333,1
6389,11,0.333333,0
6389,14,0.333333,0
6390,11,0.333333,1
6390,16,0.333333,0
6390,19,0.333333,0
6391,1,0.2,1
6391,2,0.2,0
6391,5,0.2,0
6391,11,0.2,0
6391,16,0.2,0
6392,2,0.5,1
6392,11,0.5,0
6393,5,0.5,1
6393,19,0.5,0
6394,2,0.5,1
6394,11,0.5,0
6395,5,0.333333,1
6395,16,0.333333,0
6395,19,0.333333,0
6396,1,1.0,1
6397,1,0.25,1
6397,2,0.25,0
6397,5,0.25,0
6397,11,0.25,0
6398,1,0.25,1
6398,5,0.25,0
6398,11,0.25,0
6398,16,0.25,0
6399,2,0.25,1
6399,11,0.25,0
6399,14,0.25,0
6399,16,0.25,0
6400,1,0.333333,1
6400,5,0.333333,0
6400,11,0.333333,0
6401,2,0.25,1
6401,5,0.25,0
6401,11,0.25,0
6401,7,0.25,0
6402,1,0.25,1
6402,2,0.25,0
6402,11,0.25,0
6402,7,0.25,0
6403,1,0.333333,1
6403,11,0.333333,0
6403,16,0.333333,0
6404,5,0.5,1
6404,11,0.5,0
6405,11,0.5,1
6405,16,0.5,0
6406,1,0.333333,1
6406,2,0.333333,0
6406,11,0.333333,0
6407,11,0.5,1
6407,16,0.5,0
6408,8,1.0,1
6409,1,0.25,1
6409,2,0.25,0
6409,5,0.25,0
6409,11,0.25,0
6410,1,0.166667,1
6410,2,0.166667,0
6410,5,0.166667,0
6410,11,0.166667,0
6410,12,0.166667,0
6410,7,0.166667,0
6411,1,0.333333,1
6411,2,0.333333,0
6411,11,0.333333,0
6412,5,0.333333,1
6412,11,0.333333,0
6412,16,0.333333,0
6413,5,1.0,1
6414,1,0.5,1
6414,11,0.5,0
6415,5,1.0,1
6416,2,0.25,1
6416,11,0.25,0
6416,16,0.25,0
6416,7,0.25,0
6417,5,0.5,1
6417,11,0.5,0
6418,1,0.333333,1
6418,9,0.333333,0
6418,11,0.333333,0
6419,1,0.333333,1
6419,11,0.333333,0
6419,12,0.333333,0
6420,5,0.5,1
6420,19,0.5,0
6421,2,0.25,1
6421,11,0.25,0
6421,14,0.25,0
6421,16,0.25,0
6422,1,0.142857,1
6422,2,0.142857,0
6422,5,0.142857,0
6422,11,0.142857,0
6422,14,0.142857,0
6422,16,0.142857,0
6422,19,0.142857,0
6423,1,0.333333,1
6423,5,0.333333,0
6423,11,0.333333,0
6424,1,0.166667,1
6424,2,0.166667,0
6424,11,0.166667,0
6424,16,0.166667,0
6424,19,0.166667,0
6424,7,0.166667,0
6425,11,1.0,1
6426,1,0.25,1
6426,2,0.25,0
6426,11,0.25,0
6426,9,0.25,0
6427,1,0.2,1
6427,2,0.2,0
6427,11,0.2,0
6427,14,0.2,0
6427,19,0.2,0
6428,1,0.166667,1
6428,2,0.166667,0
6428,11,0.166667,0
6428,16,0.166667,0
6428,19,0.166667,0
6428,7,0.166667,0
6429,1,1.0,1
6430,1,0.2,1
6430,2,0.2,0
6430,11,0.2,0
6430,14,0.2,0
6430,7,0.2,0
6431,2,0.333333,1
6431,11,0.333333,0
6431,14,0.333333,0
6432,1,0.333333,1
6432,5,0.333333,0
6432,11,0.333333,0
6433,1,0.5,1
6433,11,0.5,0
6434,5,0.333333,1
6434,11,0.333333,0
6434,16,0.333333,0
6435,2,0.25,1
6435,5,0.25,0
6435,11,0.25,0
6435,19,0.25,0
6436,1,0.2,1
6436,9,0.2,0
6436,11,0.2,0
6436,12,0.2,0
6436,7,0.2,0
6437,1,0.333333,1
6437,5,0.333333,0
6437,7,0.333333,0
6438,2,0.5,1
6438,11,0.5,0
6439,11,1.0,1
6440,9,0.5,1
6440,14,0.5,0
6441,5,0.333333,1
6441,9,0.333333,0
6441,7,0.333333,0
6442,2,0.333333,1
6442,5,0.333333,0
6442,11,0.333333,0
6443,1,0.333333,1
6443,2,0.333333,0
6443,11,0.333333,0
6444,5,0.333333,1
6444,9,0.333333,0
6444,11,0.333333,0
6445,1,0.25,1
6445,11,0.25,0
6445,15,0.25,0
6445,18,0.25,0
6446,11,0.5,1
6446,19,0.5,0
6447,2,0.25,1
6447,5,0.25,0
6447,11,0.25,0
6447,16,0.25,0
6448,1,0.25,1
6448,5,0.25,0
6448,11,0.25,0
6448,12,0.25,0
6449,2,0.5,1
6449,11,0.5,0
6450,1,0.25,1
6450,2,0.25,0
6450,11,0.25,0
6450,14,0.25,0
6451,5,0.5,1
6451,11,0.5,0
6452,5,0.5,1
6452,11,0.5,0
6453,5,0.333333,1
6453,11,0.333333,0
6453,14,0.333333,0
6454,1,0.25,1
6454,2,0.25,0
6454,5,0.25,0
6454,19,0.25,0
6455,1,0.333333,1
6455,2,0.333333,0
6455,11,0.333333,0
6456,1,0.25,1
6456,2,0.25,0
6456,5,0.25,0
6456,11,0.25,0
6457,1,0.5,1
6457,11,0.5,0
6458,2,0.333333,1
6458,5,0.333333,0
6458,11,0.333333,0
6459,1,0.166667,1
6459,2,0.166667,0
6459,5,0.166667,0
6459,11,0.166667,0
6459,16,0.166667,0
6459,7,0.166667,0
6460,1,0.333333,1
6460,11,0.333333,0
6460,16,0.333333,0
6461,9,0.25,1
6461,11,0.25,0
6461,12,0.25,0
6461,19,0.25,0
6462,2,0.25,1
6462,11,0.25,0
6462,14,0.25,0
6462,16,0.25,0
6463,1,0.2,1
6463,5,0.2,0
6463,11,0.2,0
6463,16,0.2,0
6463,19,0.2,0
6464,11,1.0,1
6465,2,0.5,1
6465,5,0.5,0
6466,2,0.25,1
6466,11,0.25,0
6466,14,0.25,0
6466,19,0.25,0
6467,1,0.2,1
6467,2,0.2,0
6467,5,0.2,0
6467,11,0.2,0
6467,19,0.2,0
6468,1,1.0,1
6469,1,0.2,1
6469,5,0.2,0
6469,11,0.2,0
6469,16,0.2,0
6469,18,0.2,0
6470,1,0.333333,1
6470,11,0.333333,0
6470,14,0.333333,0
6471,1,0.142857,1
6471,2,0.142857,0
6471,5,0.142857,0
6471,11,0.142857,0
6471,15,0.142857,0
6471,16,0.142857,0
6471,7,0.142857,0
6472,1,0.333333,1
6472,2,0.333333,0
6472,11,0.333333,0
6473,2,0.333333,1
6473,5,0.333333,0
6473,9,0.333333,0
6474,2,1.0,1
6475,1,0.333333,1
6475,2,0.333333,0
6475,11,0.333333,0
6476,5,0.5,1
6476,11,0.5,0
6477,5,0.333333,1
6477,11,0.333333,0
6477,19,0.333333,0
6478,11,0.333333,1
6478,16,0.333333,0
6478,18,0.333333,0
6479,1,0.2,1
6479,2,0.2,0
6479,5,0.2,0
6479,11,0.2,0
6479,16,0.2,0
6480,1,0.5,1
6480,2,0.5,0
6481,2,0.25,1
6481,9,0.25,0
6481,11,0.25,0
6481,14,0.25,0
6482,9,1.0,1
6483,11,1.0,1
6484,2,1.0,1
6485,1,0.333333,1
6485,9,0.333333,0
6485,11,0.333333,0
6486,5,0.5,1
6486,11,0.5,0
6487,1,0.5,1
6487,11,0.5,0
6488,1,0.25,1
6488,2,0.25,0
6488,5,0.25,0
6488,11,0.25,0
6489,9,0.5,1
6489,19,0.5,0
6490,1,0.125,1
6490,2,0.125,0
6490,5,0.125,0
6490,9,0.125,0
6490,11,0.125,0
6490,15,0.125,0
6490,14,0.125,0
6490,19,0.125,0
6491,5,0.333333,1
6491,11,0.333333,0
6491,16,0.333333,0
6492,5,0.333333,1
6492,11,0.333333,0
6492,19,0.333333,0
6493,11,0.5,1
6493,16,0.5,0
6494,11,1.0,1
6495,2,0.25,1
6495,5,0.25,0
6495,11,0.25,0
6495,14,0.25,0
6496,11,1.0,1
6497,5,0.25,1
6497,9,0.25,0
6497,12,0.25,0
6497,14,0.25,0
6498,2,0.25,1
6498,5,0.25,0
6498,11,0.25,0
6498,14,0.25,0
6499,2,0.166667,1
6499,5,0.166667,0
6499,11,0.166667,0
6499,14,0.166667,0
6499,16,0.166667,0
6499,19,0.166667,0
6500,1,0.333333,1
6500,2,0.333333,0
6500,9,0.333333,0
6501,5,0.5,1
6501,11,0.5,0
6502,5,0.25,1
6502,11,0.25,0
6502,15,0.25,0
6502,16,0.25,0
6503,5,0.333333,1
6503,11,0.333333,0
6503,16,0.333333,0
6504,1,0.5,1
6504,2,0.5,0
6505,2,0.333333,1
6505,5,0.333333,0
6505,11,0.333333,0
6506,1,0.25,1
6506,5,0.25,0
6506,11,0.25,0
6506,15,0.25,0
6507,11,0.333333,1
6507,16,0.333333,0
6507,18,0.333333,0
6508,1,0.333333,1
6508,2,0.333333,0
6508,11,0.333333,0
6509,2,0.5,1
6509,11,0.5,0
6510,5,0.333333,1
6510,11,0.333333,0
6510,10,0.333333,0
6511,11,0.5,1
6511,16,0.5,0
6512,5,1.0,1
6513,1,0.333333,1
6513,2,0.333333,0
6513,11,0.333333,0
6514,5,0.5,1
6514,11,0.5,0
6515,5,0.5,1
6515,11,0.5,0
6516,2,0.333333,1
6516,5,0.333333,0
6516,11,0.333333,0
6517,1,0.5,1
6517,11,0.5,0
6518,11,0.5,1
6518,16,0.5,0
6519,19,1.0,1
6520,1,0.2,1
6520,2,0.2,0
6520,5,0.2,0
6520,14,0.2,0
6520,19,0.2,0
6521,11,1.0,1
6522,2,0.5,1
6522,11,0.5,0
6523,1,0.333333,1
6523,11,0.333333,0
6523,19,0.333333,0
6524,1,0.25,1
6524,2,0.25,0
6524,12,0.25,0
6524,14,0.25,0
6525,2,0.5,1
6525,11,0.5,0
6526,11,0.25,1
6526,12,0.25,0
6526,14,0.25,0
6526,16,0.25,0
6527,1,0.333333,1
6527,2,0.333333,0
6527,11,0.333333,0
6528,1,0.25,1
6528,2,0.25,0
6528,11,0.25,0
6528,16,0.25,0
6529,2,0.5,1
6529,11,0.5,0
6530,1,0.5,1
6530,11,0.5,0
6531,1,0.25,1
6531,2,0.25,0
6531,11,0.25,0
6531,7,0.25,0
6532,11,0.333333,1
6532,14,0.333333,0
6532,19,0.333333,0
6533,5,0.333333,1
6533,11,0.333333,0
6533,19,0.333333,0
6534,5,0.333333,1
6534,11,0.333333,0
6534,9,0.333333,0
6535,1,1.0,1
6536,5,0.25,1
6536,11,0.25,0
6536,16,0.25,0
6536,19,0.25,0
6537,5,0.25,1
6537,11,0.25,0
6537,16,0.25,0
6537,19,0.25,0
6538,1,0.2,1
6538,2,0.2,0
6538,11,0.2,0
6538,14,0.2,0
6538,19,0.2,0
6539,2,0.25,1
6539,5,0.25,0
6539,11,0.25,0
6539,9,0.25,0
6540,2,0.25,1
6540,11,0.25,0
6540,14,0.25,0
6540,19,0.25,0
6541,5,0.25,1
6541,11,0.25,0
6541,16,0.25,0
6541,19,0.25,0
6542,5,0.25,1
6542,9,0.25,0
6542,11,0.25,0
6542,16,0.25,0
6543,2,0.25,1
6543,5,0.25,0
6543,11,0.25,0
6543,19,0.25,0
6544,2,0.2,1
6544,5,0.2,0
6544,11,0.2,0
6544,19,0.2,0
6544,9,0.2,0
6545,1,0.25,1
6545,2,0.25,0
6545,11,0.25,0
6545,9,0.25,0
6546,16,0.5,1
6546,19,0.5,0
6547,1,0.25,1
6547,5,0.25,0
6547,11,0.25,0
6547,15,0.25,0
6548,2,0.333333,1
6548,5,0.333333,0
6548,11,0.333333,0
6549,2,0.333333,1
6549,5,0.333333,0
6549,11,0.333333,0
6550,5,0.333333,1
6550,11,0.333333,0
6550,16,0.333333,0
6551,1,0.25,1
6551,5,0.25,0
6551,9,0.25,0
6551,11,0.25,0
6552,1,0.333333,1
6552,2,0.333333,0
6552,11,0.333333,0
6553,14,1.0,1
6554,1,0.333333,1
6554,9,0.333333,0
6554,11,0.333333,0
6555,1,0.25,1
6555,2,0.25,0
6555,5,0.25,0
6555,11,0.25,0
6556,11,0.5,1
6556,16,0.5,0
6557,5,0.333333,1
6557,11,0.333333,0
6557,16,0.333333,0
6558,5,0.25,1
6558,9,0.25,0
6558,11,0.25,0
6558,16,0.25,0
6559,11,0.333333,1
6559,15,0.333333,0
6559,16,0.333333,0
6560,1,0.333333,1
6560,5,0.333333,0
6560,11,0.333333,0
6561,2,0.166667,1
6561,5,0.166667,0
6561,11,0.166667,0
6561,14,0.166667,0
6561,16,0.166667,0
6561,19,0.166667,0
6562,11,0.333333,1
6562,16,0.333333,0
6562,19,0.333333,0
6563,5,0.25,1
6563,11,0.25,0
6563,19,0.25,0
6563,9,0.25,0
6564,1,0.5,1
6564,11,0.5,0
6565,1,0.142857,1
6565,2,0.142857,0
6565,5,0.142857,0
6565,11,0.142857,0
6565,14,0.142857,0
6565,16,0.142857,0
6565,7,0.142857,0
6566,2,0.333333,1
6566,5,0.333333,0
6566,19,0.333333,0
6567,1,0.25,1
6567,2,0.25,0
6567,11,0.25,0
6567,16,0.25,0
6568,1,0.25,1
6568,5,0.25,0
6568,9,0.25,0
6568,11,0.25,0
6569,1,0.166667,1
6569,2,0.166667,0
6569,5,0.166667,0
6569,9,0.166667,0
6569,11,0.166667,0
6569,16,0.166667,0
6570,5,0.2,1
6570,11,0.2,0
6570,15,0.2,0
6570,16,0.2,0
6570,18,0.2,0
6571,2,0.333333,1
6571,9,0.333333,0
6571,11,0.333333,0
6572,16,1.0,1
6573,5,0.25,1
6573,11,0.25,0
6573,16,0.25,0
6573,19,0.25,0
6574,2,0.333333,1
6574,16,0.333333,0
6574,19,0.333333,0
6575,2,0.5,1
6575,11,0.5,0
6576,5,0.5,1
6576,19,0.5,0
6577,14,0.333333,1
6577,16,0.333333,0
6577,18,0.333333,0
6578,1,0.25,1
6578,2,0.25,0
6578,11,0.25,0
6578,16,0.25,0
6579,1,0.333333,1
6579,5,0.333333,0
6579,11,0.333333,0
6580,11,0.5,1
6580,19,0.5,0
6581,1,0.2,1
6581,2,0.2,0
6581,11,0.2,0
6581,14,0.2,0
6581,7,0.2,0
6582,1,0.2,1
6582,11,0.2,0
6582,19,0.2,0
6582,9,0.2,0
6582,7,0.2,0
6583,5,1.0,1
6584,1,0.333333,1
6584,5,0.333333,0
6584,11,0.333333,0
6585,1,0.5,1
6585,11,0.5,0
6586,5,0.5,1
6586,11,0.5,0
6587,1,0.333333,1
6587,2,0.333333,0
6587,11,0.333333,0
6588,2,1.0,1
6589,1,0.1,1
6589,2,0.1,0
6589,5,0.1,0
6589,11,0.1,0
6589,12,0.1,0
6589,15,0.1,0
6589,14,0.1,0
6589,16,0.1,0
6589,18,0.1,0
6589,19,0.1,0
6590,2,0.25,1
6590,5,0.25,0
6590,11,0.25,0
6590,9,0.25,0
6591,11,0.333333,1
6591,12,0.333333,0
6591,14,0.333333,0
6592,1,0.25,1
6592,5,0.25,0
6592,11,0.25,0
6592,7,0.25,0
6593,16,0.333333,1
6593,19,0.333333,0
6593,7,0.333333,0
6594,1,0.333333,1
6594,11,0.333333,0
6594,16,0.333333,0
6595,1,0.166667,1
6595,2,0.166667,0
6595,11,0.166667,0
6595,12,0.166667,0
6595,14,0.166667,0
6595,7,0.166667,0
6596,1,0.25,1
6596,2,0.25,0
6596,9,0.25,0
6596,11,0.25,0
6597,2,0.2,1
6597,5,0.2,0
6597,9,0.2,0
6597,11,0.2,0
6597,14,0.2,0
6598,19,1.0,1
6599,20,1.0,1
6600,2,0.5,1
6600,11,0.5,0
6601,1,0.333333,1
6601,2,0.333333,0
6601,11,0.333333,0
6602,5,0.5,1
6602,11,0.5,0
6603,1,0.333333,1
6603,2,0.333333,0
6603,14,0.333333,0
6604,5,0.5,1
6604,9,0.5,0
6605,1,0.25,1
6605,2,0.25,0
6605,5,0.25,0
6605,11,0.25,0
6606,1,0.333333,1
6606,11,0.333333,0
6606,19,0.333333,0
6607,1,0.25,1
6607,5,0.25,0
6607,9,0.25,0
6607,11,0.25,0
6608,11,0.5,1
6608,19,0.5,0
6609,1,0.5,1
6609,2,0.5,0
6610,2,0.333333,1
6610,14,0.333333,0
6610,19,0.333333,0
6611,5,0.5,1
6611,11,0.5,0
6612,2,1.0,1
6613,11,0.25,1
6613,16,0.25,0
6613,18,0.25,0
6613,19,0.25,0
6614,5,0.333333,1
6614,16,0.333333,0
6614,18,0.333333,0
6615,1,0.25,1
6615,2,0.25,0
6615,5,0.25,0
6615,11,0.25,0
6616,1,0.25,1
6616,2,0.25,0
6616,5,0.25,0
6616,11,0.25,0
6617,1,0.2,1
6617,2,0.2,0
6617,5,0.2,0
6617,11,0.2,0
6617,14,0.2,0
6618,11,1.0,1
6619,2,0.333333,1
6619,11,0.333333,0
6619,14,0.333333,0
6620,1,0.166667,1
6620,2,0.166667,0
6620,5,0.166667,0
6620,11,0.166667,0
6620,12,0.166667,0
6620,7,0.166667,0
6621,2,0.333333,1
6621,5,0.333333,0
6621,11,0.333333,0
6622,1,1.0,1
6623,1,0.2,1
6623,2,0.2,0
6623,5,0.2,0
6623,11,0.2,0
6623,15,0.2,0
6624,1,1.0,1
6625,1,0.5,1
6625,2,0.5,0
6626,2,0.2,1
6626,5,0.2,0
6626,9,0.2,0
6626,11,0.2,0
6626,16,0.2,0
6627,1,0.333333,1
6627,2,0.333333,0
6627,11,0.333333,0
6628,2,0.5,1
6628,11,0.5,0
6629,11,0.333333,1
6629,14,0.333333,0
6629,19,0.333333,0
6630,1,0.166667,1
6630,2,0.166667,0
6630,5,0.166667,0
6630,11,0.166667,0
6630,16,0.166667,0
6630,19,0.166667,0
6631,5,0.25,1
6631,14,0.25,0
6631,16,0.25,0
6631,18,0.25,0
6632,2,0.333333,1
6632,5,0.333333,0
6632,11,0.333333,0
6633,1,0.5,1
6633,11,0.5,0
6634,1,0.333333,1
6634,2,0.333333,0
6634,16,0.333333,0
6635,5,0.25,1
6635,9,0.25,0
6635,11,0.25,0
6635,19,0.25,0
6636,2,0.5,1
6636,11,0.5,0
6637,2,0.25,1
6637,11,0.25,0
6637,16,0.25,0
6637,19,0.25,0
6638,1,1.0,1
6639,2,0.333333,1
6639,11,0.333333,0
6639,9,0.333333,0
6640,1,0.2,1
6640,2,0.2,0
6640,11,0.2,0
6640,14,0.2,0
6640,16,0.2,0
6641,2,0.5,1
6641,11,0.5,0
6642,2,1.0,1
6643,2,0.333333,1
6643,5,0.333333,0
6643,16,0.333333,0
6644,12,0.333333,1
6644,14,0.333333,0
6644,19,0.333333,0
6645,5,1.0,1
6646,5,0.333333,1
6646,11,0.333333,0
6646,19,0.333333,0
6647,2,0.5,1
6647,5,0.5,0
6648,1,1.0,1
6649,1,0.166667,1
6649,2,0.166667,0
6649,5,0.166667,0
6649,11,0.166667,0
6649,14,0.166667,0
6649,16,0.166667,0
6650,5,0.333333,1
6650,16,0.333333,0
6650,19,0.333333,0
6651,5,0.333333,1
6651,11,0.333333,0
6651,16,0.333333,0
6652,1,0.5,1
6652,11,0.5,0
6653,2,1.0,1
6654,5,1.0,1
6655,5,0.333333,1
6655,11,0.333333,0
6655,14,0.333333,0
6656,11,1.0,1
6657,1,0.5,1
6657,11,0.5,0
6658,1,0.25,1
6658,2,0.25,0
6658,5,0.25,0
6658,16,0.25,0
6659,1,0.333333,1
6659,2,0.333333,0
6659,11,0.333333,0
6660,1,0.25,1
6660,2,0.25,0
6660,5,0.25,0
6660,11,0.25,0
6661,5,0.333333,1
6661,11,0.333333,0
6661,19,0.333333,0
6662,2,0.25,1
6662,5,0.25,0
6662,11,0.25,0
6662,16,0.25,0
6663,11,0.5,1
6663,21,0.5,0
6664,5,1.0,1
6665,1,0.333333,1
6665,2,0.333333,0
6665,5,0.333333,0
6666,5,1.0,1
6667,1,0.333333,1
6667,2,0.333333,0
6667,11,0.333333,0
6668,1,0.5,1
6668,11,0.5,0
6669,1,0.333333,1
6669,5,0.333333,0
6669,11,0.333333,0
6670,16,0.5,1
6670,19,0.5,0
6671,1,0.5,1
6671,14,0.5,0
6672,11,0.5,1
6672,16,0.5,0
6673,1,0.25,1
6673,2,0.25,0
6673,5,0.25,0
6673,11,0.25,0
6674,5,0.333333,1
6674,11,0.333333,0
6674,19,0.333333,0
6675,1,0.2,1
6675,2,0.2,0
6675,9,0.2,0
6675,11,0.2,0
6675,14,0.2,0
6676,1,0.2,1
6676,5,0.2,0
6676,11,0.2,0
6676,14,0.2,0
6676,16,0.2,0
6677,16,1.0,1
6678,16,0.5,1
6678,9,0.5,0
6679,1,0.5,1
6679,11,0.5,0
6680,2,0.25,1
6680,5,0.25,0
6680,11,0.25,0
6680,16,0.25,0
6681,1,0.333333,1
6681,5,0.333333,0
6681,11,0.333333,0
6682,16,1.0,1
6683,1,0.2,1
6683,2,0.2,0
6683,5,0.2,0
6683,11,0.2,0
6683,19,0.2,0
6684,1,0.25,1
6684,2,0.25,0
6684,5,0.25,0
6684,14,0.25,0
6685,2,0.333333,1
6685,5,0.333333,0
6685,11,0.333333,0
6686,1,0.2,1
6686,5,0.2,0
6686,11,0.2,0
6686,12,0.2,0
6686,9,0.2,0
6687,1,0.25,1
6687,2,0.25,0
6687,11,0.25,0
6687,19,0.25,0
6688,1,0.25,1
6688,2,0.25,0
6688,11,0.25,0
6688,9,0.25,0
6689,1,0.333333,1
6689,14,0.333333,0
6689,7,0.333333,0
6690,1,0.5,1
6690,11,0.5,0
6691,2,0.25,1
6691,11,0.25,0
6691,14,0.25,0
6691,19,0.25,0
6692,5,1.0,1
6693,1,0.111111,1
6693,2,0.111111,0
6693,5,0.111111,0
6693,11,0.111111,0
6693,12,0.111111,0
6693,15,0.111111,0
6693,16,0.111111,0
6693,18,0.111111,0
6693,19,0.111111,0
6694,11,0.333333,1
6694,14,0.333333,0
6694,16,0.333333,0
6695,2,0.333333,1
6695,11,0.333333,0
6695,14,0.333333,0
6696,1,0.25,1
6696,5,0.25,0
6696,19,0.25,0
6696,7,0.25,0
6697,1,0.5,1
6697,2,0.5,0
6698,1,0.5,1
6698,11,0.5,0
6699,11,0.333333,1
6699,16,0.333333,0
6699,19,0.333333,0
6700,5,0.25,1
6700,11,0.25,0
6700,16,0.25,0
6700,19,0.25,0
6701,19,1.0,1
6702,1,0.142857,1
6702,2,0.142857,0
6702,5,0.142857,0
6702,11,0.142857,0
6702,14,0.142857,0
6702,16,0.142857,0
6702,9,0.142857,0
6703,1,0.166667,1
6703,2,0.166667,0
6703,5,0.166667,0
6703,11,0.166667,0
6703,16,0.166667,0
6703,19,0.166667,0
6704,1,0.25,1
6704,2,0.25,0
6704,11,0.25,0
6704,9,0.25,0
6705,2,0.333333,1
6705,11,0.333333,0
6705,16,0.333333,0
6706,1,0.2,1
6706,2,0.2,0
6706,5,0.2,0
6706,11,0.2,0
6706,14,0.2,0
6707,1,0.125,1
6707,2,0.125,0
6707,5,0.125,0
6707,11,0.125,0
6707,12,0.125,0
6707,16,0.125,0
6707,18,0.125,0
6707,19,0.125,0
6708,1,0.5,1
6708,5,0.5,0
6709,1,0.166667,1
6709,2,0.166667,0
6709,5,0.166667,0
6709,11,0.166667,0
6709,16,0.166667,0
6709,19,0.166667,0
6710,2,0.25,1
6710,5,0.25,0
6710,11,0.25,0
6710,14,0.25,0
6711,2,0.333333,1
6711,5,0.333333,0
6711,11,0.333333,0
6712,1,0.333333,1
6712,2,0.333333,0
6712,11,0.333333,0
6713,5,0.5,1
6713,16,0.5,0
6714,5,0.5,1
6714,11,0.5,0
6715,2,0.25,1
6715,11,0.25,0
6715,16,0.25,0
6715,19,0.25,0
6716,2,0.5,1
6716,14,0.5,0
6717,5,1.0,1
6718,11,1.0,1
6719,1,0.333333,1
6719,5,0.333333,0
6719,11,0.333333,0
6720,5,0.333333,1
6720,11,0.333333,0
6720,15,0.333333,0
6721,5,0.5,1
6721,11,0.5,0
6722,1,0.5,1
6722,14,0.5,0
6723,2,0.5,1
6723,11,0.5,0
6724,1,0.5,1
6724,11,0.5,0
6725,11,0.25,1
6725,14,0.25,0
6725,16,0.25,0
6725,19,0.25,0
6726,5,0.5,1
6726,11,0.5,0
6727,5,0.333333,1
6727,16,0.333333,0
6727,7,0.333333,0
6728,2,0.333333,1
6728,11,0.333333,0
6728,14,0.333333,0
6729,1,0.333333,1
6729,2,0.333333,0
6729,11,0.333333,0
6730,2,0.2,1
6730,5,0.2,0
6730,11,0.2,0
6730,16,0.2,0
6730,9,0.2,0
6731,5,0.333333,1
6731,11,0.333333,0
6731,16,0.333333,0
6732,1,0.2,1
6732,2,0.2,0
6732,11,0.2,0
6732,14,0.2,0
6732,19,0.2,0
6733,1,0.2,1
6733,2,0.2,0
6733,5,0.2,0
6733,11,0.2,0
6733,14,0.2,0
6734,1,0.5,1
6734,2,0.5,0
6735,5,1.0,1
6736,2,0.333333,1
6736,11,0.333333,0
6736,7,0.333333,0
6737,11,0.2,1
6737,12,0.2,0
6737,14,0.2,0
6737,19,0.2,0
6737,9,0.2,0
6738,11,0.333333,1
6738,14,0.333333,0
6738,7,0.333333,0
6739,2,0.166667,1
6739,5,0.166667,0
6739,11,0.166667,0
6739,14,0.166667,0
6739,16,0.166667,0
6739,19,0.166667,0
6740,5,0.333333,1
6740,11,0.333333,0
6740,19,0.333333,0
6741,1,1.0,1
6742,2,0.25,1
6742,5,0.25,0
6742,11,0.25,0
6742,16,0.25,0
6743,11,0.333333,1
6743,19,0.333333,0
6743,7,0.333333,0
6744,2,1.0,1
6745,1,0.2,1
6745,5,0.2,0
6745,11,0.2,0
6745,16,0.2,0
6745,19,0.2,0
6746,5,0.333333,1
6746,14,0.333333,0
6746,19,0.333333,0
6747,1,0.333333,1
6747,9,0.333333,0
6747,11,0.333333,0
6748,5,0.5,1
6748,11,0.5,0
6749,16,1.0,1
6750,1,0.333333,1
6750,2,0.333333,0
6750,11,0.333333,0
6751,1,0.25,1
6751,2,0.25,0
6751,9,0.25,0
6751,11,0.25,0
6752,1,0.2,1
6752,2,0.2,0
6752,5,0.2,0
6752,11,0.2,0
6752,16,0.2,0
6753,1,0.2,1
6753,5,0.2,0
6753,11,0.2,0
6753,16,0.2,0
6753,19,0.2,0
6754,2,0.5,1
6754,11,0.5,0
6755,11,1.0,1
6756,1,0.333333,1
6756,2,0.333333,0
6756,11,0.333333,0
6757,1,0.2,1
6757,2,0.2,0
6757,5,0.2,0
6757,11,0.2,0
6757,14,0.2,0
6758,1,0.5,1
6758,2,0.5,0
6759,5,0.5,1
6759,11,0.5,0
6760,2,0.5,1
6760,11,0.5,0
6761,1,0.333333,1
6761,11,0.333333,0
6761,16,0.333333,0
6762,1,0.25,1
6762,2,0.25,0
6762,5,0.25,0
6762,11,0.25,0
6763,1,0.333333,1
6763,9,0.333333,0
6763,11,0.333333,0
6764,9,0.333333,1
6764,11,0.333333,0
6764,7,0.333333,0
6765,1,0.25,1
6765,2,0.25,0
6765,9,0.25,0
6765,11,0.25,0
6766,11,0.5,1
6766,16,0.5,0
6767,2,0.25,1
6767,5,0.25,0
6767,9,0.25,0
6767,11,0.25,0
6768,1,0.2,1
6768,2,0.2,0
6768,11,0.2,0
6768,16,0.2,0
6768,9,0.2,0
6769,1,0.333333,1
6769,2,0.333333,0
6769,11,0.333333,0
6770,1,0.25,1
6770,2,0.25,0
6770,5,0.25,0
6770,11,0.25,0
6771,1,0.2,1
6771,5,0.2,0
6771,11,0.2,0
6771,16,0.2,0
6771,18,0.2,0
6772,2,0.166667,1
6772,11,0.166667,0
6772,14,0.166667,0
6772,16,0.166667,0
6772,19,0.166667,0
6772,9,0.166667,0
6773,5,0.2,1
6773,15,0.2,0
6773,16,0.2,0
6773,18,0.2,0
6773,19,0.2,0
6774,1,0.5,1
6774,11,0.5,0
6775,1,0.5,1
6775,11,0.5,0
6776,1,0.166667,1
6776,5,0.166667,0
6776,11,0.166667,0
6776,15,0.166667,0
6776,16,0.166667,0
6776,18,0.166667,0
6777,1,0.333333,1
6777,2,0.333333,0
6777,11,0.333333,0
6778,5,1.0,1
6779,2,0.5,1
6779,19,0.5,0
6780,5,0.25,1
6780,9,0.25,0
6780,16,0.25,0
6780,19,0.25,0
6781,2,0.5,1
6781,11,0.5,0
6782,1,0.5,1
6782,12,0.5,0
6783,5,0.333333,1
6783,9,0.333333,0
6783,11,0.333333,0
6784,1,0.2,1
6784,2,0.2,0
6784,5,0.2,0
6784,11,0.2,0
6784,9,0.2,0
6785,1,0.333333,1
6785,2,0.333333,0
6785,16,0.333333,0
6786,1,0.2,1
6786,11,0.2,0
6786,16,0.2,0
6786,19,0.2,0
6786,7,0.2,0
6787,2,0.2,1
6787,5,0.2,0
6787,11,0.2,0
6787,14,0.2,0
6787,19,0.2,0
6788,1,0.333333,1
6788,11,0.333333,0
6788,7,0.333333,0
6789,1,0.5,1
6789,11,0.5,0
6790,1,0.25,1
6790,11,0.25,0
6790,14,0.25,0
6790,19,0.25,0
6791,1,0.333333,1
6791,11,0.333333,0
6791,19,0.333333,0
6792,2,0.5,1
6792,16,0.5,0
6793,1,0.333333,1
6793,11,0.333333,0
6793,14,0.333333,0
6794,1,0.2,1
6794,2,0.2,0
6794,14,0.2,0
6794,19,0.2,0
6794,7,0.2,0
6795,1,0.25,1
6795,2,0.25,0
6795,11,0.25,0
6795,16,0.25,0
6796,2,0.333333,1
6796,16,0.333333,0
6796,7,0.333333,0
6797,2,0.333333,1
6797,5,0.333333,0
6797,11,0.333333,0
6798,9,0.333333,1
6798,11,0.333333,0
6798,14,0.333333,0
6799,5,0.5,1
6799,11,0.5,0
6800,5,0.333333,1
6800,16,0.333333,0
6800,19,0.333333,0
6801,1,0.2,1
6801,5,0.2,0
6801,11,0.2,0
6801,16,0.2,0
6801,18,0.2,0
6802,2,0.5,1
6802,11,0.5,0
6803,1,0.5,1
6803,11,0.5,0
6804,1,0.5,1
6804,11,0.5,0
6805,2,0.333333,1
6805,5,0.333333,0
6805,11,0.333333,0
6806,11,1.0,1
6807,11,0.5,1
6807,19,0.5,0
6808,5,0.5,1
6808,11,0.5,0
6809,2,0.25,1
6809,5,0.25,0
6809,11,0.25,0
6809,16,0.25,0
6810,5,0.333333,1
6810,11,0.333333,0
6810,19,0.333333,0
6811,1,0.333333,1
6811,5,0.333333,0
6811,11,0.333333,0
6812,1,0.25,1
6812,2,0.25,0
6812,5,0.25,0
6812,11,0.25,0
6813,5,1.0,1
6814,1,0.5,1
6814,11,0.5,0
6815,1,0.25,1
6815,2,0.25,0
6815,5,0.25,0
6815,11,0.25,0
6816,11,1.0,1
6817,1,0.333333,1
6817,2,0.333333,0
6817,11,0.333333,0
6818,11,0.333333,1
6818,19,0.333333,0
6818,9,0.333333,0
6819,1,0.2,1
6819,2,0.2,0
6819,5,0.2,0
6819,11,0.2,0
6819,19,0.2,0
6820,11,1.0,1
6821,1,0.5,1
6821,11,0.5,0
6822,16,0.5,1
6822,19,0.5,0
6823,1,0.25,1
6823,2,0.25,0
6823,11,0.25,0
6823,9,0.25,0
6824,1,0.333333,1
6824,2,0.333333,0
6824,11,0.333333,0
6825,11,0.5,1
6825,15,0.5,0
6826,1,0.333333,1
6826,11,0.333333,0
6826,9,0.333333,0
6827,11,0.333333,1
6827,14,0.333333,0
6827,16,0.333333,0
6828,1,0.333333,1
6828,2,0.333333,0
6828,11,0.333333,0
6829,5,0.25,1
6829,11,0.25,0
6829,16,0.25,0
6829,19,0.25,0
6830,1,0.333333,1
6830,5,0.333333,0
6830,11,0.333333,0
6831,1,0.333333,1
6831,2,0.333333,0
6831,11,0.333333,0
6832,1,0.5,1
6832,2,0.5,0
6833,2,0.333333,1
6833,11,0.333333,0
6833,19,0.333333,0
6834,5,0.5,1
6834,15,0.5,0
6835,2,0.2,1
6835,5,0.2,0
6835,11,0.2,0
6835,14,0.2,0
6835,19,0.2,0
6836,5,0.333333,1
6836,9,0.333333,0
6836,12,0.333333,0
6837,2,0.5,1
6837,16,0.5,0
6838,11,0.333333,1
6838,16,0.333333,0
6838,7,0.333333,0
6839,5,1.0,1
6840,11,1.0,1
6841,5,0.333333,1
6841,11,0.333333,0
6841,16,0.333333,0
6842,5,0.333333,1
6842,11,0.333333,0
6842,19,0.333333,0
6843,1,0.333333,1
6843,11,0.333333,0
6843,15,0.333333,0
6844,1,0.25,1
6844,2,0.25,0
6844,11,0.25,0
6844,7,0.25,0
6845,1,0.25,1
6845,2,0.25,0
6845,11,0.25,0
6845,7,0.25,0
6846,1,0.166667,1
6846,5,0.166667,0
6846,11,0.166667,0
6846,15,0.166667,0
6846,18,0.166667,0
6846,7,0.166667,0
6847,1,0.166667,1
6847,2,0.166667,0
6847,11,0.166667,0
6847,14,0.166667,0
6847,16,0.166667,0
6847,19,0.166667,0
6848,2,0.2,1
6848,5,0.2,0
6848,11,0.2,0
6848,19,0.2,0
6848,9,0.2,0
6849,12,0.333333,1
6849,14,0.333333,0
6849,9,0.333333,0
6850,2,0.333333,1
6850,5,0.333333,0
6850,11,0.333333,0
6851,2,0.25,1
6851,5,0.25,0
6851,11,0.25,0
6851,9,0.25,0
6852,5,0.333333,1
6852,11,0.333333,0
6852,19,0.333333,0
6853,2,0.5,1
6853,11,0.5,0
6854,1,0.333333,1
6854,11,0.333333,0
6854,9,0.333333,0
6855,2,0.25,1
6855,5,0.25,0
6855,11,0.25,0
6855,9,0.25,0
6856,11,1.0,1
6857,1,0.2,1
6857,2,0.2,0
6857,5,0.2,0
6857,11,0.2,0
6857,9,0.2,0
6858,1,0.25,1
6858,2,0.25,0
6858,11,0.25,0
6858,9,0.25,0
6859,5,0.333333,1
6859,11,0.333333,0
6859,16,0.333333,0
6860,1,0.25,1
6860,2,0.25,0
6860,5,0.25,0
6860,11,0.25,0
6861,11,1.0,1
6862,1,0.25,1
6862,2,0.25,0
6862,5,0.25,0
6862,11,0.25,0
6863,11,1.0,1
6864,1,0.166667,1
6864,2,0.166667,0
6864,5,0.166667,0
6864,11,0.166667,0
6864,14,0.166667,0
6864,16,0.166667,0
6865,5,0.5,1
6865,11,0.5,0
6866,1,0.333333,1
6866,11,0.333333,0
6866,9,0.333333,0
6867,18,0.5,1
6867,19,0.5,0
6868,1,0.333333,1
6868,2,0.333333,0
6868,11,0.333333,0
6869,11,1.0,1
6870,1,0.25,1
6870,5,0.25,0
6870,11,0.25,0
6870,19,0.25,0
6871,1,0.25,1
6871,2,0.25,0
6871,5,0.25,0
6871,11,0.25,0
6872,2,0.5,1
6872,16,0.5,0
6873,2,0.2,1
6873,11,0.2,0
6873,14,0.2,0
6873,16,0.2,0
6873,19,0.2,0
6874,1,0.2,1
6874,2,0.2,0
6874,5,0.2,0
6874,11,0.2,0
6874,16,0.2,0
6875,1,0.333333,1
6875,15,0.333333,0
6875,16,0.333333,0
6876,5,0.5,1
6876,11,0.5,0
6877,1,0.5,1
6877,9,0.5,0
6878,1,0.25,1
6878,2,0.25,0
6878,11,0.25,0
6878,15,0.25,0
6879,1,0.2,1
6879,2,0.2,0
6879,5,0.2,0
6879,11,0.2,0
6879,16,0.2,0
6880,18,0.5,1
6880,7,0.5,0
6881,2,0.5,1
6881,5,0.5,0
6882,2,0.333333,1
6882,11,0.333333,0
6882,16,0.333333,0
6883,1,0.5,1
6883,5,0.5,0
6884,5,0.333333,1
6884,11,0.333333,0
6884,19,0.333333,0
6885,1,0.25,1
6885,2,0.25,0
6885,11,0.25,0
6885,9,0.25,0
6886,11,0.333333,1
6886,14,0.333333,0
6886,19,0.333333,0
6887,1,0.333333,1
6887,9,0.333333,0
6887,11,0.333333,0
6888,19,1.0,1
6889,1,0.333333,1
6889,2,0.333333,0
6889,5,0.333333,0
6890,2,0.5,1
6890,11,0.5,0
6891,5,0.333333,1
6891,11,0.333333,0
6891,16,0.333333,0
6892,2,0.5,1
6892,14,0.5,0
6893,2,0.25,1
6893,11,0.25,0
6893,14,0.25,0
6893,16,0.25,0
6894,2,0.25,1
6894,5,0.25,0
6894,11,0.25,0
6894,9,0.25,0
6895,5,1.0,1
6896,1,0.333333,1
6896,11,0.333333,0
6896,19,0.333333,0
6897,1,0.333333,1
6897,5,0.333333,0
6897,11,0.333333,0
6898,2,0.25,1
6898,5,0.25,0
6898,9,0.25,0
6898,11,0.25,0
6899,11,1.0,1
6900,1,0.2,1
6900,2,0.2,0
6900,5,0.2,0
6900,11,0.2,0
6900,16,0.2,0
6901,2,0.25,1
6901,11,0.25,0
6901,14,0.25,0
6901,19,0.25,0
6902,1,0.333333,1
6902,2,0.333333,0
6902,11,0.333333,0
6903,5,0.333333,1
6903,11,0.333333,0
6903,16,0.333333,0
6904,11,0.5,1
6904,14,0.5,0
6905,2,0.2,1
6905,11,0.2,0
6905,12,0.2,0
6905,14,0.2,0
6905,7,0.2,0
6906,1,0.5,1
6906,11,0.5,0
6907,2,0.5,1
6907,11,0.5,0
6908,5,0.333333,1
6908,11,0.333333,0
6908,16,0.333333,0
6909,1,0.25,1
6909,11,0.25,0
6909,14,0.25,0
6909,7,0.25,0
6910,11,1.0,1
6911,5,0.5,1
6911,11,0.5,0
6912,1,0.2,1
6912,2,0.2,0
6912,9,0.2,0
6912,11,0.2,0
6912,14,0.2,0
6913,1,0.333333,1
6913,2,0.333333,0
6913,11,0.333333,0
6914,1,0.5,1
6914,11,0.5,0
6915,5,0.25,1
6915,11,0.25,0
6915,12,0.25,0
6915,15,0.25,0
6916,1,0.25,1
6916,2,0.25,0
6916,5,0.25,0
6916,11,0.25,0
6917,5,0.5,1
6917,9,0.5,0
6918,2,0.25,1
6918,5,0.25,0
6918,9,0.25,0
6918,19,0.25,0
6919,1,0.166667,1
6919,2,0.166667,0
6919,5,0.166667,0
6919,11,0.166667,0
6919,16,0.166667,0
6919,18,0.166667,0
6920,5,0.5,1
6920,11,0.5,0
6921,1,0.25,1
6921,2,0.25,0
6921,11,0.25,0
6921,14,0.25,0
6922,1,0.2,1
6922,2,0.2,0
6922,11,0.2,0
6922,14,0.2,0
6922,16,0.2,0
6923,1,0.333333,1
6923,2,0.333333,0
6923,11,0.333333,0
6924,5,0.25,1
6924,11,0.25,0
6924,15,0.25,0
6924,16,0.25,0
6925,5,1.0,1
6926,5,0.333333,1
6926,11,0.333333,0
6926,16,0.333333,0
6927,2,0.333333,1
6927,11,0.333333,0
6927,7,0.333333,0
6928,5,0.333333,1
6928,11,0.333333,0
6928,16,0.333333,0
6929,1,0.333333,1
6929,2,0.333333,0
6929,11,0.333333,0
6930,5,0.5,1
6930,11,0.5,0
6931,1,0.333333,1
6931,2,0.333333,0
6931,11,0.333333,0
6932,1,0.333333,1
6932,11,0.333333,0
6932,7,0.333333,0
6933,2,0.2,1
6933,5,0.2,0
6933,11,0.2,0
6933,14,0.2,0
6933,19,0.2,0
6934,2,1.0,1
6935,1,0.5,1
6935,11,0.5,0
6936,2,0.333333,1
6936,11,0.333333,0
6936,16,0.333333,0
6937,2,0.25,1
6937,5,0.25,0
6937,9,0.25,0
6937,11,0.25,0
6938,11,1.0,1
6939,5,1.0,1
6940,1,0.5,1
6940,11,0.5,0
6941,2,0.333333,1
6941,5,0.333333,0
6941,19,0.333333,0
6942,1,0.2,1
6942,2,0.2,0
6942,5,0.2,0
6942,11,0.2,0
6942,16,0.2,0
6943,1,0.333333,1
6943,2,0.333333,0
6943,11,0.333333,0
6944,1,0.333333,1
6944,2,0.333333,0
6944,11,0.333333,0
6945,1,0.5,1
6945,11,0.5,0
6946,1,0.333333,1
6946,2,0.333333,0
6946,11,0.333333,0
6947,1,0.25,1
6947,2,0.25,0
6947,5,0.25,0
6947,11,0.25,0
6948,1,0.5,1
6948,9,0.5,0
6949,5,0.333333,1
6949,11,0.333333,0
6949,19,0.333333,0
6950,11,1.0,1
6951,1,0.333333,1
6951,2,0.333333,0
6951,11,0.333333,0
6952,1,0.5,1
6952,11,0.5,0
6953,11,0.333333,1
6953,16,0.333333,0
6953,19,0.333333,0
6954,5,1.0,1
6955,16,0.5,1
6955,19,0.5,0
6956,5,0.5,1
6956,11,0.5,0
6957,1,0.2,1
6957,5,0.2,0
6957,11,0.2,0
6957,16,0.2,0
6957,19,0.2,0
6958,1,0.25,1
6958,2,0.25,0
6958,5,0.25,0
6958,11,0.25,0
6959,2,0.25,1
6959,5,0.25,0
6959,11,0.25,0
6959,14,0.25,0
6960,2,0.333333,1
6960,5,0.333333,0
6960,11,0.333333,0
6961,1,0.25,1
6961,2,0.25,0
6961,11,0.25,0
6961,14,0.25,0
6962,5,0.333333,1
6962,11,0.333333,0
6962,16,0.333333,0
6963,1,0.25,1
6963,2,0.25,0
6963,5,0.25,0
6963,11,0.25,0
6964,2,0.333333,1
6964,9,0.333333,0
6964,11,0.333333,0
6965,11,0.25,1
6965,16,0.25,0
6965,19,0.25,0
6965,7,0.25,0
6966,1,0.5,1
6966,16,0.5,0
6967,2,0.5,1
6967,11,0.5,0
6968,1,1.0,1
6969,1,0.166667,1
6969,5,0.166667,0
6969,11,0.166667,0
6969,15,0.166667,0
6969,19,0.166667,0
6969,9,0.166667,0
6970,11,0.333333,1
6970,14,0.333333,0
6970,19,0.333333,0
6971,16,0.5,1
6971,18,0.5,0
6972,11,0.333333,1
6972,16,0.333333,0
6972,19,0.333333,0
6973,1,0.5,1
6973,11,0.5,0
6974,2,0.25,1
6974,5,0.25,0
6974,9,0.25,0
6974,11,0.25,0
6975,5,0.333333,1
6975,11,0.333333,0
6975,19,0.333333,0
6976,7,1.0,1
6977,16,0.5,1
6977,19,0.5,0
6978,1,0.2,1
6978,2,0.2,0
6978,5,0.2,0
6978,11,0.2,0
6978,15,0.2,0
6979,2,0.333333,1
6979,5,0.333333,0
6979,11,0.333333,0
6980,2,0.166667,1
6980,11,0.166667,0
6980,14,0.166667,0
6980,16,0.166667,0
6980,19,0.166667,0
6980,9,0.166667,0
6981,1,0.25,1
6981,5,0.25,0
6981,11,0.25,0
6981,19,0.25,0
6982,2,0.333333,1
6982,11,0.333333,0
6982,14,0.333333,0
6983,1,0.333333,1
6983,5,0.333333,0
6983,11,0.333333,0
6984,5,0.5,1
6984,11,0.5,0
6985,9,1.0,1
6986,1,0.333333,1
6986,11,0.333333,0
6986,14,0.333333,0
6987,1,0.25,1
6987,2,0.25,0
6987,5,0.25,0
6987,12,0.25,0
6988,1,0.25,1
6988,9,0.25,0
6988,14,0.25,0
6988,19,0.25,0
6989,5,0.5,1
6989,11,0.5,0
6990,2,0.5,1
6990,11,0.5,0
6991,5,0.5,1
6991,11,0.5,0
6992,5,0.5,1
6992,19,0.5,0
6993,2,0.333333,1
6993,5,0.333333,0
6993,11,0.333333,0
6994,1,1.0,1
6995,2,0.25,1
6995,11,0.25,0
6995,14,0.25,0
6995,19,0.25,0
6996,5,0.333333,1
6996,11,0.333333,0
6996,19,0.333333,0
6997,11,0.5,1
6997,14,0.5,0
6998,1,0.333333,1
6998,11,0.333333,0
6998,7,0.333333,0
6999,1,0.5,1
6999,11,0.5,0
7000,2,0.25,1
7000,5,0.25,0
7000,11,0.25,0
7000,16,0.25,0
7001,1,0.5,1
7001,11,0.5,0
7002,1,0.2,1
7002,2,0.2,0
7002,5,0.2,0
7002,11,0.2,0
7002,19,0.2,0
7003,1,0.125,1
7003,2,0.125,0
7003,5,0.125,0
7003,11,0.125,0
7003,12,0.125,0
7003,16,0.125,0
7003,18,0.125,0
7003,19,0.125,0
7004,1,0.333333,1
7004,11,0.333333,0
7004,16,0.333333,0
7005,11,1.0,1
7006,2,0.5,1
7006,11,0.5,0
7007,2,0.25,1
7007,5,0.25,0
7007,11,0.25,0
7007,14,0.25,0
7008,5,0.333333,1
7008,11,0.333333,0
7008,14,0.333333,0
7009,2,0.5,1
7009,11,0.5,0
7010,2,0.333333,1
7010,5,0.333333,0
7010,11,0.333333,0
7011,1,0.2,1
7011,2,0.2,0
7011,5,0.2,0
7011,11,0.2,0
7011,14,0.2,0
7012,1,0.166667,1
7012,2,0.166667,0
7012,5,0.166667,0
7012,11,0.166667,0
7012,14,0.166667,0
7012,18,0.166667,0
7013,2,0.5,1
7013,11,0.5,0
7014,1,0.166667,1
7014,11,0.166667,0
7014,15,0.166667,0
7014,16,0.166667,0
7014,18,0.166667,0
7014,9,0.166667,0
7015,1,0.2,1
7015,5,0.2,0
7015,11,0.2,0
7015,15,0.2,0
7015,9,0.2,0
7016,1,0.333333,1
7016,2,0.333333,0
7016,11,0.333333,0
7017,1,0.333333,1
7017,2,0.333333,0
7017,11,0.333333,0
7018,5,0.25,1
7018,11,0.25,0
7018,14,0.25,0
7018,16,0.25,0
7019,11,0.5,1
7019,18,0.5,0
7020,1,0.333333,1
7020,2,0.333333,0
7020,11,0.333333,0
7021,1,0.5,1
7021,11,0.5,0
7022,1,0.142857,1
7022,2,0.142857,0
7022,5,0.142857,0
7022,11,0.142857,0
7022,16,0.142857,0
7022,19,0.142857,0
7022,7,0.142857,0
7023,11,0.5,1
7023,19,0.5,0
7024,5,1.0,1
7025,1,0.166667,1
7025,2,0.166667,0
7025,5,0.166667,0
7025,11,0.166667,0
7025,14,0.166667,0
7025,16,0.166667,0
7026,5,0.333333,1
7026,11,0.333333,0
7026,19,0.333333,0
7027,1,0.333333,1
7027,5,0.333333,0
7027,19,0.333333,0
7028,1,0.25,1
7028,2,0.25,0
7028,5,0.25,0
7028,11,0.25,0
7029,1,0.5,1
7029,11,0.5,0
7030,1,0.25,1
7030,2,0.25,0
7030,11,0.25,0
7030,14,0.25,0
7031,1,0.142857,1
7031,2,0.142857,0
7031,5,0.142857,0
7031,11,0.142857,0
7031,15,0.142857,0
7031,16,0.142857,0
7031,18,0.142857,0
7032,2,0.333333,1
7032,9,0.333333,0
7032,11,0.333333,0
7033,1,0.333333,1
7033,2,0.333333,0
7033,11,0.333333,0
7034,1,0.333333,1
7034,19,0.333333,0
7034,7,0.333333,0
7035,5,0.25,1
7035,9,0.25,0
7035,11,0.25,0
7035,18,0.25,0
7036,2,0.333333,1
7036,5,0.333333,0
7036,11,0.333333,0
7037,11,0.333333,1
7037,16,0.333333,0
7037,19,0.333333,0
7038,2,0.333333,1
7038,5,0.333333,0
7038,11,0.333333,0
7039,1,0.333333,1
7039,2,0.333333,0
7039,5,0.333333,0
7040,5,0.333333,1
7040,11,0.333333,0
7040,19,0.333333,0
7041,5,0.25,1
7041,11,0.25,0
7041,15,0.25,0
7041,16,0.25,0
7042,2,0.333333,1
7042,11,0.333333,0
7042,19,0.333333,0
7043,1,0.2,1
7043,2,0.2,0
7043,11,0.2,0
7043,14,0.2,0
7043,16,0.2,0
7044,5,0.333333,1
7044,11,0.333333,0
7044,19,0.333333,0
7045,1,0.2,1
7045,2,0.2,0
7045,14,0.2,0
7045,16,0.2,0
7045,7,0.2,0
7046,2,0.5,1
7046,11,0.5,0
7047,1,0.25,1
7047,2,0.25,0
7047,11,0.25,0
7047,14,0.25,0
7048,2,0.333333,1
7048,11,0.333333,0
7048,14,0.333333,0
7049,1,0.2,1
7049,2,0.2,0
7049,11,0.2,0
7049,14,0.2,0
7049,7,0.2,0
7050,11,0.333333,1
7050,16,0.333333,0
7050,19,0.333333,0
7051,5,0.5,1
7051,11,0.5,0
7052,1,0.333333,1
7052,11,0.333333,0
7052,14,0.333333,0
7053,1,0.333333,1
7053,2,0.333333,0
7053,11,0.333333,0
7054,1,1.0,1
7055,5,0.25,1
7055,11,0.25,0
7055,16,0.25,0
7055,19,0.25,0
7056,1,0.166667,1
7056,2,0.166667,0
7056,5,0.166667,0
7056,11,0.166667,0
7056,16,0.166667,0
7056,19,0.166667,0
7057,1,0.25,1
7057,2,0.25,0
7057,11,0.25,0
7057,7,0.25,0
7058,11,0.333333,1
7058,16,0.333333,0
7058,19,0.333333,0
7059,5,0.5,1
7059,11,0.5,0
7060,2,0.333333,1
7060,5,0.333333,0
7060,11,0.333333,0
7061,1,0.25,1
7061,2,0.25,0
7061,11,0.25,0
7061,14,0.25,0
7062,1,0.166667,1
7062,11,0.166667,0
7062,12,0.166667,0
7062,16,0.166667,0
7062,19,0.166667,0
7062,7,0.166667,0
7063,5,0.5,1
7063,11,0.5,0
7064,5,0.25,1
7064,11,0.25,0
7064,14,0.25,0
7064,16,0.25,0
7065,2,0.5,1
7065,11,0.5,0
7066,2,0.25,1
7066,11,0.25,0
7066,14,0.25,0
7066,19,0.25,0
7067,2,0.5,1
7067,11,0.5,0
7068,5,0.333333,1
7068,11,0.333333,0
7068,19,0.333333,0
7069,5,0.5,1
7069,11,0.5,0
7070,1,0.25,1
7070,2,0.25,0
7070,11,0.25,0
7070,16,0.25,0
7071,11,0.5,1
7071,14,0.5,0
7072,2,0.25,1
7072,11,0.25,0
7072,14,0.25,0
7072,16,0.25,0
7073,2,0.333333,1
7073,5,0.333333,0
7073,11,0.333333,0
7074,1,0.5,1
7074,11,0.5,0
7075,11,0.5,1
7075,14,0.5,0
7076,1,0.333333,1
7076,11,0.333333,0
7076,14,0.333333,0
7077,2,0.333333,1
7077,5,0.333333,0
7077,11,0.333333,0
7078,1,0.166667,1
7078,11,0.166667,0
7078,14,0.166667,0
7078,16,0.166667,0
7078,19,0.166667,0
7078,7,0.166667,0
7079,5,0.5,1
7079,14,0.5,0
7080,1,0.5,1
7080,11,0.5,0
7081,5,1.0,1
7082,2,1.0,1
7083,2,1.0,1
7084,5,0.5,1
7084,11,0.5,0
7085,5,0.333333,1
7085,11,0.333333,0
7085,16,0.333333,0
7086,1,0.25,1
7086,2,0.25,0
7086,11,0.25,0
7086,7,0.25,0
7087,1,0.333333,1
7087,5,0.333333,0
7087,14,0.333333,0
7088,16,1.0,1
7089,1,0.5,1
7089,2,0.5,0
7090,11,0.5,1
7090,19,0.5,0
7091,1,0.333333,1
7091,2,0.333333,0
7091,11,0.333333,0
7092,1,0.333333,1
7092,5,0.333333,0
7092,11,0.333333,0
7093,1,0.5,1
7093,11,0.5,0
7094,14,1.0,1
7095,1,0.25,1
7095,15,0.25,0
7095,16,0.25,0
7095,7,0.25,0
7096,5,1.0,1
7097,5,0.25,1
7097,11,0.25,0
7097,16,0.25,0
7097,7,0.25,0
7098,1,0.333333,1
7098,2,0.333333,0
7098,11,0.333333,0
7099,1,0.125,1
7099,5,0.125,0
7099,11,0.125,0
7099,12,0.125,0
7099,15,0.125,0
7099,16,0.125,0
7099,18,0.125,0
7099,9,0.125,0
7100,1,0.2,1
7100,11,0.2,0
7100,14,0.2,0
7100,19,0.2,0
7100,7,0.2,0
7101,5,0.5,1
7101,11,0.5,0
7102,1,0.25,1
7102,5,0.25,0
7102,11,0.25,0
7102,9,0.25,0
7103,2,0.5,1
7103,11,0.5,0
7104,1,0.333333,1
7104,2,0.333333,0
7104,11,0.333333,0
7105,1,0.333333,1
7105,2,0.333333,0
7105,9,0.333333,0
7106,2,0.333333,1
7106,11,0.333333,0
7106,14,0.333333,0
7107,1,0.5,1
7107,11,0.5,0
7108,5,0.333333,1
7108,11,0.333333,0
7108,19,0.333333,0
7109,11,1.0,1
7110,1,0.333333,1
7110,2,0.333333,0
7110,11,0.333333,0
7111,1,0.2,1
7111,2,0.2,0
7111,11,0.2,0
7111,14,0.2,0
7111,16,0.2,0
7112,1,0.2,1
7112,2,0.2,0
7112,5,0.2,0
7112,11,0.2,0
7112,16,0.2,0
7113,1,0.5,1
7113,14,0.5,0
7114,1,0.333333,1
7114,5,0.333333,0
7114,11,0.333333,0
7115,1,0.5,1
7115,9,0.5,0
7116,2,0.333333,1
7116,5,0.333333,0
7116,11,0.333333,0
7117,1,0.333333,1
7117,5,0.333333,0
7117,11,0.333333,0
7118,5,0.5,1
7118,11,0.5,0
7119,2,0.333333,1
7119,5,0.333333,0
7119,11,0.333333,0
7120,1,0.333333,1
7120,2,0.333333,0
7120,11,0.333333,0
7121,2,0.2,1
7121,11,0.2,0
7121,14,0.2,0
7121,19,0.2,0
7121,7,0.2,0
7122,1,0.142857,1
7122,2,0.142857,0
7122,5,0.142857,0
7122,11,0.142857,0
7122,12,0.142857,0
7122,16,0.142857,0
7122,7,0.142857,0
7123,1,0.25,1
7123,2,0.25,0
7123,11,0.25,0
7123,14,0.25,0
7124,1,0.5,1
7124,11,0.5,0
7125,5,0.5,1
7125,11,0.5,0
7126,1,0.333333,1
7126,2,0.333333,0
7126,11,0.333333,0
7127,2,0.5,1
7127,11,0.5,0
7128,16,0.5,1
7128,7,0.5,0
7129,1,0.2,1
7129,2,0.2,0
7129,5,0.2,0
7129,11,0.2,0
7129,14,0.2,0
7130,2,0.2,1
7130,5,0.2,0
7130,9,0.2,0
7130,11,0.2,0
7130,19,0.2,0
7131,2,1.0,1
7132,1,0.25,1
7132,5,0.25,0
7132,9,0.25,0
7132,11,0.25,0
7133,5,0.25,1
7133,11,0.25,0
7133,15,0.25,0
7133,18,0.25,0
7134,2,1.0,1
7135,2,0.25,1
7135,11,0.25,0
7135,14,0.25,0
7135,7,0.25,0
7136,2,0.333333,1
7136,5,0.333333,0
7136,11,0.333333,0
7137,11,1.0,1
7138,1,0.333333,1
7138,5,0.333333,0
7138,11,0.333333,0
7139,1,0.333333,1
7139,11,0.333333,0
7139,14,0.333333,0
7140,2,0.333333,1
7140,5,0.333333,0
7140,11,0.333333,0
7141,2,0.333333,1
7141,11,0.333333,0
7141,14,0.333333,0
7142,2,0.25,1
7142,5,0.25,0
7142,11,0.25,0
7142,16,0.25,0
7143,1,1.0,1
7144,5,0.5,1
7144,11,0.5,0
7145,2,0.5,1
7145,14,0.5,0
7146,2,1.0,1
7147,1,0.2,1
7147,2,0.2,0
7147,11,0.2,0
7147,14,0.2,0
7147,7,0.2,0
7148,2,0.5,1
7148,11,0.5,0
7149,1,0.25,1
7149,2,0.25,0
7149,11,0.25,0
7149,7,0.25,0
7150,1,0.25,1
7150,11,0.25,0
7150,16,0.25,0
7150,19,0.25,0
7151,1,0.2,1
7151,2,0.2,0
7151,5,0.2,0
7151,9,0.2,0
7151,11,0.2,0
7152,5,0.5,1
7152,11,0.5,0
7153,1,0.2,1
7153,2,0.2,0
7153,5,0.2,0
7153,11,0.2,0
7153,16,0.2,0
7154,2,0.2,1
7154,5,0.2,0
7154,9,0.2,0
7154,11,0.2,0
7154,16,0.2,0
7155,2,0.333333,1
7155,5,0.333333,0
7155,11,0.333333,0
7156,5,0.25,1
7156,11,0.25,0
7156,16,0.25,0
7156,19,0.25,0
7157,1,0.25,1
7157,5,0.25,0
7157,11,0.25,0
7157,19,0.25,0
7158,1,0.5,1
7158,11,0.5,0
7159,1,1.0,1
7160,1,0.2,1
7160,9,0.2,0
7160,11,0.2,0
7160,14,0.2,0
7160,19,0.2,0
7161,5,0.25,1
7161,11,0.25,0
7161,19,0.25,0
7161,7,0.25,0
7162,1,0.5,1
7162,11,0.5,0
7163,1,0.25,1
7163,2,0.25,0
7163,11,0.25,0
7163,12,0.25,0
7164,1,0.25,1
7164,2,0.25,0
7164,5,0.25,0
7164,11,0.25,0
7165,16,0.5,1
7165,19,0.5,0
7166,5,0.333333,1
7166,18,0.333333,0
7166,19,0.333333,0
7167,5,0.2,1
7167,12,0.2,0
7167,14,0.2,0
7167,16,0.2,0
7167,18,0.2,0
7168,1,0.333333,1
7168,2,0.333333,0
7168,11,0.333333,0
7169,2,0.25,1
7169,5,0.25,0
7169,11,0.25,0
7169,19,0.25,0
7170,5,0.5,1
7170,11,0.5,0
7171,1,0.333333,1
7171,11,0.333333,0
7171,7,0.333333,0
7172,11,1.0,1
7173,1,0.333333,1
7173,2,0.333333,0
7173,11,0.333333,0
7174,1,0.333333,1
7174,11,0.333333,0
7174,9,0.333333,0
7175,5,0.333333,1
7175,11,0.333333,0
7175,16,0.333333,0
7176,5,0.5,1
7176,18,0.5,0
7177,2,0.166667,1
7177,5,0.166667,0
7177,9,0.166667,0
7177,11,0.166667,0
7177,16,0.166667,0
7177,19,0.166667,0
7178,1,0.111111,1
7178,2,0.111111,0
7178,5,0.111111,0
7178,11,0.111111,0
7178,15,0.111111,0
7178,14,0.111111,0
7178,16,0.111111,0
7178,18,0.111111,0
7178,19,0.111111,0
7179,1,0.2,1
7179,2,0.2,0
7179,5,0.2,0
7179,9,0.2,0
7179,11,0.2,0
7180,1,0.5,1
7180,14,0.5,0
7181,9,0.5,1
7181,18,0.5,0
7182,1,0.25,1
7182,2,0.25,0
7182,5,0.25,0
7182,9,0.25,0
7183,11,0.333333,1
7183,16,0.333333,0
7183,19,0.333333,0
7184,19,0.5,1
7184,7,0.5,0
7185,5,0.25,1
7185,11,0.25,0
7185,14,0.25,0
7185,16,0.25,0
7186,5,0.333333,1
7186,11,0.333333,0
7186,19,0.333333,0
7187,11,0.333333,1
7187,14,0.333333,0
7187,19,0.333333,0
7188,1,0.25,1
7188,2,0.25,0
7188,11,0.25,0
7188,15,0.25,0
7189,1,0.333333,1
7189,11,0.333333,0
7189,16,0.333333,0
7190,1,0.25,1
7190,9,0.25,0
7190,11,0.25,0
7190,14,0.25,0
7191,1,0.25,1
7191,11,0.25,0
7191,15,0.25,0
7191,18,0.25,0
7192,1,0.333333,1
7192,5,0.333333,0
7192,11,0.333333,0
7193,1,0.5,1
7193,11,0.5,0
7194,1,0.333333,1
7194,11,0.333333,0
7194,19,0.333333,0
7195,2,0.25,1
7195,11,0.25,0
7195,16,0.25,0
7195,9,0.25,0
7196,5,0.5,1
7196,9,0.5,0
7197,2,0.5,1
7197,9,0.5,0
7198,1,0.2,1
7198,2,0.2,0
7198,5,0.2,0
7198,11,0.2,0
7198,16,0.2,0
7199,11,0.333333,1
7199,16,0.333333,0
7199,19,0.333333,0
7200,11,0.333333,1
7200,14,0.333333,0
7200,19,0.333333,0
7201,2,0.5,1
7201,11,0.5,0
7202,11,0.25,1
7202,16,0.25,0
7202,18,0.25,0
7202,19,0.25,0
7203,5,1.0,1
7204,1,0.333333,1
7204,11,0.333333,0
7204,7,0.333333,0
7205,5,0.333333,1
7205,11,0.333333,0
7205,14,0.333333,0
7206,1,0.166667,1
7206,2,0.166667,0
7206,5,0.166667,0
7206,11,0.166667,0
7206,14,0.166667,0
7206,19,0.166667,0
7207,2,0.25,1
7207,9,0.25,0
7207,11,0.25,0
7207,16,0.25,0
7208,1,0.5,1
7208,11,0.5,0
7209,5,0.25,1
7209,11,0.25,0
7209,16,0.25,0
7209,19,0.25,0
7210,1,0.5,1
7210,11,0.5,0
7211,5,0.25,1
7211,11,0.25,0
7211,16,0.25,0
7211,19,0.25,0
7212,2,0.5,1
7212,11,0.5,0
7213,2,0.5,1
7213,5,0.5,0
7214,15,1.0,1
7215,1,0.25,1
7215,2,0.25,0
7215,5,0.25,0
7215,11,0.25,0
7216,2,0.333333,1
7216,5,0.333333,0
7216,11,0.333333,0
7217,1,0.166667,1
7217,2,0.166667,0
7217,5,0.166667,0
7217,11,0.166667,0
7217,14,0.166667,0
7217,16,0.166667,0
7218,1,0.25,1
7218,2,0.25,0
7218,11,0.25,0
7218,14,0.25,0
7219,1,0.25,1
7219,2,0.25,0
7219,11,0.25,0
7219,14,0.25,0
7220,5,0.333333,1
7220,11,0.333333,0
7220,16,0.333333,0
7221,2,0.2,1
7221,11,0.2,0
7221,14,0.2,0
7221,19,0.2,0
7221,7,0.2,0
7222,5,0.5,1
7222,11,0.5,0
7223,5,0.5,1
7223,11,0.5,0
7224,1,1.0,1
7225,1,0.5,1
7225,9,0.5,0
7226,1,0.333333,1
7226,2,0.333333,0
7226,11,0.333333,0
7227,15,1.0,1
7228,5,0.333333,1
7228,11,0.333333,0
7228,16,0.333333,0
7229,5,0.5,1
7229,11,0.5,0
7230,1,0.125,1
7230,2,0.125,0
7230,5,0.125,0
7230,11,0.125,0
7230,12,0.125,0
7230,16,0.125,0
7230,18,0.125,0
7230,19,0.125,0
7231,11,1.0,1
7232,1,0.2,1
7232,2,0.2,0
7232,5,0.2,0
7232,11,0.2,0
7232,14,0.2,0
7233,1,0.2,1
7233,2,0.2,0
7233,11,0.2,0
7233,14,0.2,0
7233,7,0.2,0
7234,1,0.2,1
7234,2,0.2,0
7234,11,0.2,0
7234,12,0.2,0
7234,14,0.2,0
7235,2,0.5,1
7235,9,0.5,0
7236,1,0.333333,1
7236,2,0.333333,0
7236,5,0.333333,0
7237,19,1.0,1
7238,1,0.25,1
7238,2,0.25,0
7238,11,0.25,0
7238,9,0.25,0
7239,5,0.25,1
7239,16,0.25,0
7239,18,0.25,0
7239,19,0.25,0
7240,2,0.333333,1
7240,11,0.333333,0
7240,16,0.333333,0
7241,1,0.25,1
7241,2,0.25,0
7241,5,0.25,0
7241,11,0.25,0
7242,1,0.142857,1
7242,2,0.142857,0
7242,5,0.142857,0
7242,11,0.142857,0
7242,14,0.142857,0
7242,16,0.142857,0
7242,7,0.142857,0
7243,1,0.333333,1
7243,2,0.333333,0
7243,11,0.333333,0
7244,1,0.25,1
7244,2,0.25,0
7244,11,0.25,0
7244,16,0.25,0
7245,2,0.5,1
7245,11,0.5,0
7246,5,1.0,1
7247,1,0.5,1
7247,11,0.5,0
7248,1,0.333333,1
7248,2,0.333333,0
7248,11,0.333333,0
7249,1,0.166667,1
7249,5,0.166667,0
7249,11,0.166667,0
7249,16,0.166667,0
7249,19,0.166667,0
7249,7,0.166667,0
7250,1,0.25,1
7250,2,0.25,0
7250,5,0.25,0
7250,11,0.25,0
7251,5,0.5,1
7251,11,0.5,0
7252,1,0.5,1
7252,2,0.5,0
7253,1,0.25,1
7253,2,0.25,0
7253,5,0.25,0
7253,11,0.25,0
7254,2,0.2,1
7254,11,0.2,0
7254,14,0.2,0
7254,19,0.2,0
7254,7,0.2,0
7255,2,0.333333,1
7255,5,0.333333,0
7255,11,0.333333,0
7256,2,0.166667,1
7256,11,0.166667,0
7256,14,0.166667,0
7256,16,0.166667,0
7256,19,0.166667,0
7256,7,0.166667,0
7257,1,0.166667,1
7257,2,0.166667,0
7257,5,0.166667,0
7257,11,0.166667,0
7257,14,0.166667,0
7257,16,0.166667,0
7258,5,0.5,1
7258,11,0.5,0
7259,1,0.2,1
7259,5,0.2,0
7259,9,0.2,0
7259,11,0.2,0
7259,19,0.2,0
7260,1,0.25,1
7260,5,0.25,0
7260,11,0.25,0
7260,15,0.25,0
7261,5,0.25,1
7261,11,0.25,0
7261,19,0.25,0
7261,9,0.25,0
7262,1,0.2,1
7262,2,0.2,0
7262,5,0.2,0
7262,11,0.2,0
7262,19,0.2,0
7263,2,0.333333,1
7263,11,0.333333,0
7263,16,0.333333,0
7264,5,0.333333,1
7264,11,0.333333,0
7264,7,0.333333,0
7265,5,1.0,1
7266,1,0.333333,1
7266,2,0.333333,0
7266,11,0.333333,0
7267,1,0.25,1
7267,2,0.25,0
7267,5,0.25,0
7267,11,0.25,0
7268,5,0.333333,1
7268,11,0.333333,0
7268,19,0.333333,0
7269,5,0.5,1
7269,11,0.5,0
7270,11,0.5,1
7270,14,0.5,0
7271,1,0.333333,1
7271,2,0.333333,0
7271,11,0.333333,0
7272,14,0.5,1
7272,9,0.5,0
7273,5,0.333333,1
7273,11,0.333333,0
7273,16,0.333333,0
7274,5,0.2,1
7274,11,0.2,0
7274,18,0.2,0
7274,19,0.2,0
7274,7,0.2,0
7275,1,0.333333,1
7275,2,0.333333,0
7275,11,0.333333,0
7276,5,0.5,1
7276,11,0.5,0
7277,1,0.166667,1
7277,2,0.166667,0
7277,5,0.166667,0
7277,11,0.166667,0
7277,16,0.166667,0
7277,18,0.166667,0
7278,1,0.142857,1
7278,2,0.142857,0
7278,5,0.142857,0
7278,11,0.142857,0
7278,16,0.142857,0
7278,19,0.142857,0
7278,7,0.142857,0
7279,2,0.333333,1
7279,11,0.333333,0
7279,9,0.333333,0
7280,5,1.0,1
7281,1,0.5,1
7281,11,0.5,0
7282,11,0.5,1
7282,14,0.5,0
7283,1,0.5,1
7283,11,0.5,0
7284,1,0.333333,1
7284,11,0.333333,0
7284,14,0.333333,0
7285,5,0.142857,1
7285,11,0.142857,0
7285,16,0.142857,0
7285,3,0.142857,0
7285,4,0.142857,0
7285,6,0.142857,0
7285,21,0.142857,0
7286,5,0.333333,1
7286,9,0.333333,0
7286,7,0.333333,0
7287,11,0.5,1
7287,19,0.5,0
7288,5,1.0,1
7289,1,0.1,1
7289,2,0.1,0
7289,5,0.1,0
7289,11,0.1,0
7289,12,0.1,0
7289,15,0.1,0
7289,14,0.1,0
7289,16,0.1,0
7289,18,0.1,0
7289,19,0.1,0
7290,1,0.5,1
7290,5,0.5,0
7291,1,0.166667,1
7291,5,0.166667,0
7291,11,0.166667,0
7291,15,0.166667,0
7291,18,0.166667,0
7291,7,0.166667,0
7292,11,1.0,1
7293,5,0.5,1
7293,11,0.5,0
7294,2,0.5,1
7294,11,0.5,0
7295,12,0.5,1
7295,19,0.5,0
7296,1,1.0,1
7297,1,0.2,1
7297,2,0.2,0
7297,5,0.2,0
7297,11,0.2,0
7297,16,0.2,0
7298,5,0.5,1
7298,11,0.5,0
7299,1,0.25,1
7299,2,0.25,0
7299,11,0.25,0
7299,14,0.25,0
7300,1,0.2,1
7300,5,0.2,0
7300,11,0.2,0
7300,16,0.2,0
7300,19,0.2,0
7301,1,0.5,1
7301,11,0.5,0
7302,1,0.333333,1
7302,11,0.333333,0
7302,7,0.333333,0
7303,1,1.0,1
7304,2,0.5,1
7304,11,0.5,0
7305,1,0.25,1
7305,2,0.25,0
7305,15,0.25,0
7305,18,0.25,0
7306,1,0.333333,1
7306,9,0.333333,0
7306,11,0.333333,0
7307,1,0.2,1
7307,2,0.2,0
7307,5,0.2,0
7307,11,0.2,0
7307,16,0.2,0
7308,2,0.333333,1
7308,5,0.333333,0
7308,11,0.333333,0
7309,1,0.333333,1
7309,2,0.333333,0
7309,14,0.333333,0
7310,1,0.5,1
7310,9,0.5,0
7311,5,0.5,1
7311,20,0.5,0
7312,2,0.25,1
7312,5,0.25,0
7312,11,0.25,0
7312,14,0.25,0
7313,5,0.5,1
7313,11,0.5,0
7314,2,1.0,1
7315,2,1.0,1
7316,1,0.333333,1
7316,2,0.333333,0
7316,11,0.333333,0
7317,1,0.166667,1
7317,2,0.166667,0
7317,5,0.166667,0
7317,11,0.166667,0
7317,16,0.166667,0
7317,19,0.166667,0
7318,1,0.111111,1
7318,2,0.111111,0
7318,5,0.111111,0
7318,11,0.111111,0
7318,15,0.111111,0
7318,14,0.111111,0
7318,16,0.111111,0
7318,18,0.111111,0
7318,19,0.111111,0
7319,1,0.25,1
7319,2,0.25,0
7319,11,0.25,0
7319,19,0.25,0
7320,5,0.5,1
7320,11,0.5,0
7321,2,0.25,1
7321,11,0.25,0
7321,14,0.25,0
7321,9,0.25,0
7322,1,0.333333,1
7322,11,0.333333,0
7322,12,0.333333,0
7323,19,1.0,1
7324,11,1.0,1
7325,1,0.166667,1
7325,2,0.166667,0
7325,11,0.166667,0
7325,14,0.166667,0
7325,16,0.166667,0
7325,19,0.166667,0
7326,1,0.25,1
7326,2,0.25,0
7326,11,0.25,0
7326,14,0.25,0
7327,1,0.5,1
7327,11,0.5,0
7328,1,0.333333,1
7328,2,0.333333,0
7328,11,0.333333,0
7329,1,0.333333,1
7329,2,0.333333,0
7329,11,0.333333,0
7330,1,0.25,1
7330,2,0.25,0
7330,11,0.25,0
7330,14,0.25,0
7331,1,0.25,1
7331,2,0.25,0
7331,9,0.25,0
7331,11,0.25,0
7332,2,0.333333,1
7332,14,0.333333,0
7332,16,0.333333,0
7333,2,0.333333,1
7333,5,0.333333,0
7333,11,0.333333,0
7334,1,0.25,1
7334,5,0.25,0
7334,11,0.25,0
7334,16,0.25,0
7335,1,0.333333,1
7335,5,0.333333,0
7335,11,0.333333,0
7336,1,0.2,1
7336,5,0.2,0
7336,11,0.2,0
7336,18,0.2,0
7336,19,0.2,0
7337,1,0.25,1
7337,2,0.25,0
7337,11,0.25,0
7337,9,0.25,0
7338,2,1.0,1
7339,5,0.333333,1
7339,11,0.333333,0
7339,16,0.333333,0
7340,1,0.5,1
7340,11,0.5,0
7341,1,0.333333,1
7341,2,0.333333,0
7341,14,0.333333,0
7342,2,0.25,1
7342,5,0.25,0
7342,11,0.25,0
7342,16,0.25,0
7343,5,0.25,1
7343,11,0.25,0
7343,16,0.25,0
7343,19,0.25,0
7344,5,0.333333,1
7344,16,0.333333,0
7344,9,0.333333,0
7345,2,0.2,1
7345,5,0.2,0
7345,11,0.2,0
7345,16,0.2,0
7345,19,0.2,0
7346,2,0.25,1
7346,11,0.25,0
7346,14,0.25,0
7346,19,0.25,0
7347,1,0.25,1
7347,5,0.25,0
7347,11,0.25,0
7347,19,0.25,0
7348,1,0.166667,1
7348,2,0.166667,0
7348,11,0.166667,0
7348,14,0.166667,0
7348,16,0.166667,0
7348,9,0.166667,0
7349,19,1.0,1
7350,16,1.0,1
7351,5,0.333333,1
7351,11,0.333333,0
7351,16,0.333333,0
7352,11,0.333333,1
7352,16,0.333333,0
7352,9,0.333333,0
7353,5,1.0,1
7354,2,0.25,1
7354,11,0.25,0
7354,14,0.25,0
7354,7,0.25,0
7355,1,0.25,1
7355,11,0.25,0
7355,14,0.25,0
7355,19,0.25,0
7356,1,0.25,1
7356,5,0.25,0
7356,11,0.25,0
7356,16,0.25,0
7357,11,1.0,1
7358,11,1.0,1
7359,1,0.2,1
7359,9,0.2,0
7359,11,0.2,0
7359,12,0.2,0
7359,7,0.2,0
7360,5,0.25,1
7360,11,0.25,0
7360,15,0.25,0
7360,18,0.25,0
7361,2,0.25,1
7361,5,0.25,0
7361,11,0.25,0
7361,16,0.25,0
7362,1,0.25,1
7362,2,0.25,0
7362,5,0.25,0
7362,11,0.25,0
7363,5,0.5,1
7363,11,0.5,0
7364,1,0.333333,1
7364,11,0.333333,0
7364,16,0.333333,0
7365,5,1.0,1
7366,5,0.333333,1
7366,11,0.333333,0
7366,19,0.333333,0
7367,11,0.25,1
7367,14,0.25,0
7367,16,0.25,0
7367,19,0.25,0
7368,2,0.333333,1
7368,11,0.333333,0
7368,14,0.333333,0
7369,2,0.5,1
7369,5,0.5,0
7370,2,0.2,1
7370,5,0.2,0
7370,11,0.2,0
7370,16,0.2,0
7370,19,0.2,0
7371,1,0.333333,1
7371,2,0.333333,0
7371,11,0.333333,0
7372,2,0.5,1
7372,11,0.5,0
7373,1,0.5,1
7373,2,0.5,0
7374,1,0.2,1
7374,11,0.2,0
7374,16,0.2,0
7374,19,0.2,0
7374,7,0.2,0
7375,5,0.5,1
7375,11,0.5,0
7376,1,0.2,1
7376,2,0.2,0
7376,5,0.2,0
7376,11,0.2,0
7376,15,0.2,0
7377,5,0.5,1
7377,14,0.5,0
7378,1,0.333333,1
7378,11,0.333333,0
7378,15,0.333333,0
7379,1,0.5,1
7379,11,0.5,0
7380,11,1.0,1
7381,2,0.333333,1
7381,11,0.333333,0
7381,14,0.333333,0
7382,2,0.2,1
7382,5,0.2,0
7382,9,0.2,0
7382,11,0.2,0
7382,16,0.2,0
7383,5,0.25,1
7383,11,0.25,0
7383,12,0.25,0
7383,19,0.25,0
7384,11,1.0,1
7385,2,1.0,1
7386,1,0.333333,1
7386,2,0.333333,0
7386,9,0.333333,0
7387,5,1.0,1
7388,2,0.25,1
7388,5,0.25,0
7388,11,0.25,0
7388,16,0.25,0
7389,1,0.333333,1
7389,2,0.333333,0
7389,11,0.333333,0
7390,1,0.142857,1
7390,2,0.142857,0
7390,11,0.142857,0
7390,12,0.142857,0
7390,14,0.142857,0
7390,9,0.142857,0
7390,7,0.142857,0
7391,2,0.25,1
7391,5,0.25,0
7391,11,0.25,0
7391,19,0.25,0
7392,5,0.333333,1
7392,11,0.333333,0
7392,16,0.333333,0
7393,2,0.5,1
7393,11,0.5,0
7394,1,0.166667,1
7394,2,0.166667,0
7394,5,0.166667,0
7394,11,0.166667,0
7394,14,0.166667,0
7394,19,0.166667,0
7395,1,0.5,1
7395,11,0.5,0
7396,1,0.25,1
7396,2,0.25,0
7396,11,0.25,0
7396,14,0.25,0
7397,1,0.333333,1
7397,16,0.333333,0
7397,18,0.333333,0
7398,5,0.5,1
7398,16,0.5,0
7399,1,0.2,1
7399,11,0.2,0
7399,12,0.2,0
7399,15,0.2,0
7399,16,0.2,0
7400,1,0.166667,1
7400,2,0.166667,0
7400,5,0.166667,0
7400,11,0.166667,0
7400,14,0.166667,0
7400,16,0.166667,0
7401,1,0.333333,1
7401,5,0.333333,0
7401,16,0.333333,0
7402,5,0.25,1
7402,11,0.25,0
7402,19,0.25,0
7402,7,0.25,0
7403,2,0.333333,1
7403,5,0.333333,0
7403,11,0.333333,0
7404,1,0.25,1
7404,2,0.25,0
7404,5,0.25,0
7404,11,0.25,0
7405,2,0.166667,1
7405,11,0.166667,0
7405,14,0.166667,0
7405,16,0.166667,0
7405,19,0.166667,0
7405,7,0.166667,0
7406,5,0.333333,1
7406,11,0.333333,0
7406,19,0.333333,0
7407,1,0.25,1
7407,2,0.25,0
7407,5,0.25,0
7407,11,0.25,0
7408,9,0.333333,1
7408,11,0.333333,0
7408,16,0.333333,0
7409,9,0.25,1
7409,16,0.25,0
7409,18,0.25,0
7409,19,0.25,0
7410,1,1.0,1
7411,5,0.333333,1
7411,16,0.333333,0
7411,7,0.333333,0
7412,11,1.0,1
7413,14,0.5,1
7413,9,0.5,0
7414,11,1.0,1
7415,2,0.333333,1
7415,11,0.333333,0
7415,9,0.333333,0
7416,1,0.25,1
7416,2,0.25,0
7416,14,0.25,0
7416,16,0.25,0
7417,2,0.333333,1
7417,5,0.333333,0
7417,11,0.333333,0
7418,1,0.5,1
7418,11,0.5,0
7419,2,0.5,1
7419,11,0.5,0
7420,2,0.333333,1
7420,5,0.333333,0
7420,11,0.333333,0
7421,11,0.333333,1
7421,14,0.333333,0
7421,19,0.333333,0
7422,1,0.333333,1
7422,2,0.333333,0
7422,11,0.333333,0
7423,1,0.5,1
7423,11,0.5,0
7424,5,0.333333,1
7424,11,0.333333,0
7424,7,0.333333,0
7425,1,0.25,1
7425,2,0.25,0
7425,5,0.25,0
7425,11,0.25,0
7426,5,0.5,1
7426,11,0.5,0
7427,2,0.333333,1
7427,11,0.333333,0
7427,14,0.333333,0
7428,9,0.5,1
7428,11,0.5,0
7429,1,0.333333,1
7429,11,0.333333,0
7429,7,0.333333,0
7430,9,0.333333,1
7430,11,0.333333,0
7430,19,0.333333,0
7431,11,0.333333,1
7431,14,0.333333,0
7431,19,0.333333,0
7432,1,0.2,1
7432,2,0.2,0
7432,5,0.2,0
7432,11,0.2,0
7432,16,0.2,0
7433,6,0.333333,1
7433,20,0.333333,0
7433,23,0.333333,0
7434,11,1.0,1
7435,1,0.333333,1
7435,5,0.333333,0
7435,11,0.333333,0
7436,11,0.5,1
7436,16,0.5,0
7437,16,1.0,1
7438,1,0.333333,1
7438,5,0.333333,0
7438,9,0.333333,0
7439,16,0.5,1
7439,18,0.5,0
7440,1,0.142857,1
7440,2,0.142857,0
7440,5,0.142857,0
7440,11,0.142857,0
7440,15,0.142857,0
7440,16,0.142857,0
7440,18,0.142857,0
7441,2,0.333333,1
7441,9,0.333333,0
7441,14,0.333333,0
7442,1,0.333333,1
7442,9,0.333333,0
7442,11,0.333333,0
7443,5,0.5,1
7443,11,0.5,0
7444,1,0.25,1
7444,2,0.25,0
7444,9,0.25,0
7444,11,0.25,0
7445,5,0.25,1
7445,9,0.25,0
7445,11,0.25,0
7445,19,0.25,0
7446,11,1.0,1
7447,11,0.333333,1
7447,15,0.333333,0
7447,18,0.333333,0
7448,16,0.333333,1
7448,18,0.333333,0
7448,19,0.333333,0
7449,2,0.5,1
7449,14,0.5,0
7450,5,0.333333,1
7450,11,0.333333,0
7450,16,0.333333,0
7451,1,0.25,1
7451,2,0.25,0
7451,11,0.25,0
7451,9,0.25,0
7452,5,0.5,1
7452,11,0.5,0
7453,1,0.333333,1
7453,5,0.333333,0
7453,11,0.333333,0
7454,2,0.2,1
7454,11,0.2,0
7454,14,0.2,0
7454,16,0.2,0
7454,7,0.2,0
7455,2,0.333333,1
7455,5,0.333333,0
7455,11,0.333333,0
7456,1,0.333333,1
7456,11,0.333333,0
7456,14,0.333333,0
7457,2,0.25,1
7457,5,0.25,0
7457,11,0.25,0
7457,16,0.25,0
7458,2,0.2,1
7458,5,0.2,0
7458,11,0.2,0
7458,14,0.2,0
7458,19,0.2,0
7459,1,0.5,1
7459,11,0.5,0
7460,5,0.5,1
7460,14,0.5,0
7461,1,0.333333,1
7461,5,0.333333,0
7461,11,0.333333,0
7462,2,0.333333,1
7462,11,0.333333,0
7462,14,0.333333,0
7463,5,0.25,1
7463,11,0.25,0
7463,16,0.25,0
7463,9,0.25,0
7464,1,0.25,1
7464,5,0.25,0
7464,11,0.25,0
7464,7,0.25,0
7465,1,0.25,1
7465,2,0.25,0
7465,5,0.25,0
7465,11,0.25,0
7466,1,0.333333,1
7466,5,0.333333,0
7466,11,0.333333,0
7467,11,0.5,1
7467,18,0.5,0
7468,1,0.5,1
7468,11,0.5,0
7469,18,1.0,1
7470,1,0.166667,1
7470,2,0.166667,0
7470,5,0.166667,0
7470,16,0.166667,0
7470,19,0.166667,0
7470,7,0.166667,0
7471,3,0.25,1
7471,6,0.25,0
7471,20,0.25,0
7471,7,0.25,0
7472,2,0.5,1
7472,5,0.5,0
7473,1,0.2,1
7473,2,0.2,0
7473,5,0.2,0
7473,11,0.2,0
7473,18,0.2,0
7474,2,0.166667,1
7474,5,0.166667,0
7474,11,0.166667,0
7474,15,0.166667,0
7474,19,0.166667,0
7474,7,0.166667,0
7475,1,0.5,1
7475,9,0.5,0
7476,11,1.0,1
7477,2,0.166667,1
7477,9,0.166667,0
7477,11,0.166667,0
7477,16,0.166667,0
7477,19,0.166667,0
7477,7,0.166667,0
7478,9,1.0,1
7479,2,0.333333,1
7479,11,0.333333,0
7479,9,0.333333,0
7480,1,0.2,1
7480,2,0.2,0
7480,11,0.2,0
7480,12,0.2,0
7480,19,0.2,0
7481,5,0.2,1
7481,11,0.2,0
7481,12,0.2,0
7481,14,0.2,0
7481,18,0.2,0
7482,1,0.2,1
7482,2,0.2,0
7482,5,0.2,0
7482,11,0.2,0
7482,14,0.2,0
7483,2,0.25,1
7483,14,0.25,0
7483,16,0.25,0
7483,19,0.25,0
7484,5,0.5,1
7484,11,0.5,0
7485,11,1.0,1
7486,2,0.333333,1
7486,5,0.333333,0
7486,11,0.333333,0
7487,1,0.2,1
7487,12,0.2,0
7487,14,0.2,0
7487,16,0.2,0
7487,19,0.2,0
7488,1,0.166667,1
7488,2,0.166667,0
7488,5,0.166667,0
7488,11,0.166667,0
7488,12,0.166667,0
7488,16,0.166667,0
7489,11,0.5,1
7489,16,0.5,0
7490,11,1.0,1
7491,1,0.25,1
7491,5,0.25,0
7491,11,0.25,0
7491,16,0.25,0
7492,1,0.25,1
7492,5,0.25,0
7492,11,0.25,0
7492,14,0.25,0
7493,5,0.166667,1
7493,11,0.166667,0
7493,14,0.166667,0
7493,19,0.166667,0
7493,9,0.166667,0
7493,7,0.166667,0
7494,1,0.2,1
7494,2,0.2,0
7494,5,0.2,0
7494,11,0.2,0
7494,19,0.2,0
7495,1,0.25,1
7495,5,0.25,0
7495,9,0.25,0
7495,11,0.25,0
7496,1,0.25,1
7496,2,0.25,0
7496,11,0.25,0
7496,16,0.25,0
7497,1,0.5,1
7497,11,0.5,0
7498,1,0.333333,1
7498,11,0.333333,0
7498,19,0.333333,0
7499,11,0.5,1
7499,14,0.5,0
7500,1,0.333333,1
7500,2,0.333333,0
7500,11,0.333333,0
7501,1,0.2,1
7501,2,0.2,0
7501,11,0.2,0
7501,14,0.2,0
7501,19,0.2,0
7502,5,0.333333,1
7502,11,0.333333,0
7502,19,0.333333,0
7503,2,0.5,1
7503,5,0.5,0
7504,2,0.5,1
7504,11,0.5,0
7505,5,0.333333,1
7505,11,0.333333,0
7505,19,0.333333,0
7506,1,0.333333,1
7506,2,0.333333,0
7506,11,0.333333,0
7507,2,0.5,1
7507,14,0.5,0
7508,1,0.2,1
7508,2,0.2,0
7508,11,0.2,0
7508,14,0.2,0
7508,7,0.2,0
7509,1,0.333333,1
7509,2,0.333333,0
7509,11,0.333333,0
7510,2,0.2,1
7510,5,0.2,0
7510,11,0.2,0
7510,14,0.2,0
7510,16,0.2,0
7511,2,0.25,1
7511,11,0.25,0
7511,14,0.25,0
7511,19,0.25,0
7512,2,0.5,1
7512,11,0.5,0
7513,1,0.333333,1
7513,2,0.333333,0
7513,11,0.333333,0
7514,2,0.25,1
7514,5,0.25,0
7514,11,0.25,0
7514,19,0.25,0
7515,1,0.5,1
7515,11,0.5,0
7516,5,0.5,1
7516,11,0.5,0
7517,5,0.25,1
7517,11,0.25,0
7517,16,0.25,0
7517,19,0.25,0
7518,5,0.333333,1
7518,11,0.333333,0
7518,16,0.333333,0
7519,2,0.333333,1
7519,14,0.333333,0
7519,7,0.333333,0
7520,1,0.5,1
7520,2,0.5,0
7521,1,0.25,1
7521,2,0.25,0
7521,5,0.25,0
7521,11,0.25,0
7522,1,0.5,1
7522,11,0.5,0
7523,1,0.333333,1
7523,2,0.333333,0
7523,11,0.333333,0
7524,5,1.0,1
7525,2,0.2,1
7525,5,0.2,0
7525,11,0.2,0
7525,16,0.2,0
7525,9,0.2,0
7526,2,0.25,1
7526,5,0.25,0
7526,11,0.25,0
7526,16,0.25,0
7527,18,0.5,1
7527,19,0.5,0
7528,1,0.333333,1
7528,2,0.333333,0
7528,11,0.333333,0
7529,1,0.166667,1
7529,5,0.166667,0
7529,11,0.166667,0
7529,12,0.166667,0
7529,14,0.166667,0
7529,16,0.166667,0
7530,5,0.5,1
7530,11,0.5,0
7531,1,0.333333,1
7531,2,0.333333,0
7531,11,0.333333,0
7532,16,0.5,1
7532,18,0.5,0
7533,16,0.333333,1
7533,18,0.333333,0
7533,19,0.333333,0
7534,1,0.166667,1
7534,2,0.166667,0
7534,5,0.166667,0
7534,11,0.166667,0
7534,16,0.166667,0
7534,19,0.166667,0
7535,1,0.25,1
7535,5,0.25,0
7535,11,0.25,0
7535,14,0.25,0
7536,1,0.333333,1
7536,9,0.333333,0
7536,11,0.333333,0
7537,1,0.5,1
7537,11,0.5,0
7538,1,0.5,1
7538,11,0.5,0
7539,5,0.5,1
7539,11,0.5,0
7540,1,0.25,1
7540,5,0.25,0
7540,11,0.25,0
7540,15,0.25,0
7541,1,0.2,1
7541,5,0.2,0
7541,14,0.2,0
7541,16,0.2,0
7541,7,0.2,0
7542,5,0.5,1
7542,11,0.5,0
7543,5,0.333333,1
7543,11,0.333333,0
7543,16,0.333333,0
7544,2,0.25,1
7544,5,0.25,0
7544,11,0.25,0
7544,16,0.25,0
7545,1,0.333333,1
7545,5,0.333333,0
7545,19,0.333333,0
7546,2,0.5,1
7546,11,0.5,0
7547,2,0.5,1
7547,11,0.5,0
7548,1,0.5,1
7548,2,0.5,0
7549,1,0.5,1
7549,5,0.5,0
7550,1,0.5,1
7550,5,0.5,0
7551,1,0.333333,1
7551,2,0.333333,0
7551,11,0.333333,0
7552,1,0.333333,1
7552,5,0.333333,0
7552,11,0.333333,0
7553,11,0.5,1
7553,16,0.5,0
7554,5,0.333333,1
7554,11,0.333333,0
7554,12,0.333333,0
7555,1,0.333333,1
7555,2,0.333333,0
7555,9,0.333333,0
7556,1,0.5,1
7556,19,0.5,0
7557,5,0.333333,1
7557,11,0.333333,0
7557,16,0.333333,0
7558,11,0.333333,1
7558,16,0.333333,0
7558,19,0.333333,0
7559,1,0.333333,1
7559,2,0.333333,0
7559,11,0.333333,0
7560,5,0.25,1
7560,11,0.25,0
7560,14,0.25,0
7560,16,0.25,0
7561,5,0.333333,1
7561,11,0.333333,0
7561,16,0.333333,0
7562,1,0.333333,1
7562,11,0.333333,0
7562,7,0.333333,0
7563,1,0.166667,1
7563,2,0.166667,0
7563,9,0.166667,0
7563,11,0.166667,0
7563,12,0.166667,0
7563,14,0.166667,0
7564,1,0.166667,1
7564,2,0.166667,0
7564,11,0.166667,0
7564,14,0.166667,0
7564,19,0.166667,0
7564,9,0.166667,0
7565,2,0.333333,1
7565,5,0.333333,0
7565,19,0.333333,0
7566,2,0.25,1
7566,11,0.25,0
7566,14,0.25,0
7566,16,0.25,0
7567,11,0.25,1
7567,14,0.25,0
7567,16,0.25,0
7567,19,0.25,0
7568,1,0.333333,1
7568,5,0.333333,0
7568,11,0.333333,0
7569,5,0.5,1
7569,11,0.5,0
7570,1,0.333333,1
7570,16,0.333333,0
7570,19,0.333333,0
7571,1,0.333333,1
7571,5,0.333333,0
7571,11,0.333333,0
7572,2,0.5,1
7572,11,0.5,0
7573,1,0.2,1
7573,2,0.2,0
7573,9,0.2,0
7573,11,0.2,0
7573,14,0.2,0
7574,1,0.25,1
7574,9,0.25,0
7574,12,0.25,0
7574,14,0.25,0
7575,1,0.5,1
7575,11,0.5,0
7576,2,1.0,1
7577,1,0.166667,1
7577,5,0.166667,0
7577,11,0.166667,0
7577,15,0.166667,0
7577,16,0.166667,0
7577,18,0.166667,0
7578,1,0.25,1
7578,2,0.25,0
7578,11,0.25,0
7578,19,0.25,0
7579,18,1.0,1
7580,2,0.25,1
7580,5,0.25,0
7580,11,0.25,0
7580,14,0.25,0
7581,1,0.25,1
7581,2,0.25,0
7581,11,0.25,0
7581,7,0.25,0
7582,5,0.5,1
7582,19,0.5,0
7583,2,0.333333,1
7583,5,0.333333,0
7583,11,0.333333,0
7584,5,0.2,1
7584,11,0.2,0
7584,14,0.2,0
7584,16,0.2,0
7584,9,0.2,0
7585,2,0.5,1
7585,11,0.5,0
7586,1,0.2,1
7586,2,0.2,0
7586,5,0.2,0
7586,11,0.2,0
7586,7,0.2,0
7587,1,0.25,1
7587,2,0.25,0
7587,11,0.25,0
7587,14,0.25,0
7588,2,0.333333,1
7588,11,0.333333,0
7588,7,0.333333,0
7589,5,0.5,1
7589,11,0.5,0
7590,1,1.0,1
7591,2,0.5,1
7591,11,0.5,0
7592,2,0.333333,1
7592,11,0.333333,0
7592,14,0.333333,0
7593,1,0.2,1
7593,2,0.2,0
7593,5,0.2,0
7593,11,0.2,0
7593,19,0.2,0
7594,11,0.25,1
7594,14,0.25,0
7594,16,0.25,0
7594,19,0.25,0
7595,1,0.2,1
7595,2,0.2,0
7595,5,0.2,0
7595,11,0.2,0
7595,9,0.2,0
7596,2,0.5,1
7596,11,0.5,0
7597,5,0.333333,1
7597,11,0.333333,0
7597,16,0.333333,0
7598,1,0.5,1
7598,11,0.5,0
7599,1,0.333333,1
7599,2,0.333333,0
7599,11,0.333333,0
7600,11,0.333333,1
7600,14,0.333333,0
7600,9,0.333333,0
7601,2,0.5,1
7601,11,0.5,0
7602,1,0.333333,1
7602,14,0.333333,0
7602,19,0.333333,0
7603,1,0.333333,1
7603,11,0.333333,0
7603,12,0.333333,0
7604,1,0.2,1
7604,2,0.2,0
7604,5,0.2,0
7604,11,0.2,0
7604,14,0.2,0
7605,2,0.25,1
7605,5,0.25,0
7605,9,0.25,0
7605,11,0.25,0
7606,2,0.2,1
7606,5,0.2,0
7606,11,0.2,0
7606,14,0.2,0
7606,7,0.2,0
7607,1,0.142857,1
7607,2,0.142857,0
7607,9,0.142857,0
7607,11,0.142857,0
7607,12,0.142857,0
7607,14,0.142857,0
7607,19,0.142857,0
7608,1,0.25,1
7608,9,0.25,0
7608,11,0.25,0
7608,12,0.25,0
7609,2,0.333333,1
7609,5,0.333333,0
7609,11,0.333333,0
7610,1,1.0,1
7611,2,0.333333,1
7611,5,0.333333,0
7611,11,0.333333,0
7612,1,0.333333,1
7612,2,0.333333,0
7612,11,0.333333,0
7613,2,0.333333,1
7613,16,0.333333,0
7613,19,0.333333,0
7614,1,0.5,1
7614,11,0.5,0
7615,9,0.5,1
7615,14,0.5,0
7616,5,0.5,1
7616,11,0.5,0
7617,1,0.25,1
7617,2,0.25,0
7617,5,0.25,0
7617,11,0.25,0
7618,9,0.25,1
7618,14,0.25,0
7618,19,0.25,0
7618,7,0.25,0
7619,5,0.5,1
7619,11,0.5,0
7620,1,0.25,1
7620,11,0.25,0
7620,12,0.25,0
7620,7,0.25,0
7621,2,0.25,1
7621,5,0.25,0
7621,11,0.25,0
7621,19,0.25,0
7622,11,1.0,1
7623,2,0.142857,1
7623,5,0.142857,0
7623,9,0.142857,0
7623,12,0.142857,0
7623,14,0.142857,0
7623,16,0.142857,0
7623,19,0.142857,0
7624,1,0.166667,1
7624,9,0.166667,0
7624,11,0.166667,0
7624,15,0.166667,0
7624,16,0.166667,0
7624,18,0.166667,0
7625,1,0.2,1
7625,2,0.2,0
7625,5,0.2,0
7625,11,0.2,0
7625,16,0.2,0
7626,1,0.2,1
7626,2,0.2,0
7626,9,0.2,0
7626,11,0.2,0
7626,16,0.2,0
7627,1,0.333333,1
7627,5,0.333333,0
7627,11,0.333333,0
7628,2,0.25,1
7628,5,0.25,0
7628,11,0.25,0
7628,16,0.25,0
7629,1,0.25,1
7629,2,0.25,0
7629,5,0.25,0
7629,11,0.25,0
7630,1,0.25,1
7630,5,0.25,0
7630,11,0.25,0
7630,9,0.25,0
7631,2,0.333333,1
7631,5,0.333333,0
7631,11,0.333333,0
7632,1,0.333333,1
7632,11,0.333333,0
7632,19,0.333333,0
7633,1,0.2,1
7633,2,0.2,0
7633,11,0.2,0
7633,14,0.2,0
7633,7,0.2,0
7634,5,0.25,1
7634,9,0.25,0
7634,11,0.25,0
7634,19,0.25,0
7635,5,0.5,1
7635,16,0.5,0
7636,2,0.333333,1
7636,5,0.333333,0
7636,11,0.333333,0
7637,1,0.333333,1
7637,2,0.333333,0
7637,11,0.333333,0
7638,11,1.0,1
7639,2,0.5,1
7639,11,0.5,0
7640,2,0.333333,1
7640,5,0.333333,0
7640,11,0.333333,0
7641,1,0.166667,1
7641,2,0.166667,0
7641,5,0.166667,0
7641,11,0.166667,0
7641,15,0.166667,0
7641,9,0.166667,0
7642,1,0.25,1
7642,9,0.25,0
7642,11,0.25,0
7642,15,0.25,0
7643,1,0.5,1
7643,11,0.5,0
7644,1,0.5,1
7644,11,0.5,0
7645,2,0.142857,1
7645,5,0.142857,0
7645,11,0.142857,0
7645,15,0.142857,0
7645,14,0.142857,0
7645,16,0.142857,0
7645,18,0.142857,0
7646,5,0.25,1
7646,9,0.25,0
7646,11,0.25,0
7646,7,0.25,0
7647,2,1.0,1
7648,1,0.333333,1
7648,2,0.333333,0
7648,11,0.333333,0
7649,1,0.333333,1
7649,5,0.333333,0
7649,11,0.333333,0
7650,5,0.142857,1
7650,11,0.142857,0
7650,14,0.142857,0
7650,16,0.142857,0
7650,19,0.142857,0
7650,9,0.142857,0
7650,7,0.142857,0
7651,1,0.333333,1
7651,11,0.333333,0
7651,15,0.333333,0
7652,1,0.5,1
7652,11,0.5,0
7653,5,0.333333,1
7653,11,0.333333,0
7653,16,0.333333,0
7654,1,0.25,1
7654,2,0.25,0
7654,5,0.25,0
7654,11,0.25,0
7655,5,0.333333,1
7655,9,0.333333,0
7655,11,0.333333,0
7656,11,1.0,1
7657,1,0.333333,1
7657,2,0.333333,0
7657,11,0.333333,0
7658,1,0.2,1
7658,2,0.2,0
7658,5,0.2,0
7658,11,0.2,0
7658,19,0.2,0
7659,3,0.25,1
7659,8,0.25,0
7659,23,0.25,0
7659,10,0.25,0
7660,5,0.25,1
7660,11,0.25,0
7660,16,0.25,0
7660,19,0.25,0
7661,5,0.333333,1
7661,9,0.333333,0
7661,11,0.333333,0
7662,1,0.333333,1
7662,2,0.333333,0
7662,11,0.333333,0
7663,5,0.5,1
7663,11,0.5,0
7664,2,0.333333,1
7664,5,0.333333,0
7664,11,0.333333,0
7665,2,0.25,1
7665,5,0.25,0
7665,11,0.25,0
7665,19,0.25,0
7666,5,1.0,1
7667,2,0.5,1
7667,11,0.5,0
7668,5,0.5,1
7668,11,0.5,0
7669,2,1.0,1
7670,1,0.25,1
7670,11,0.25,0
7670,15,0.25,0
7670,16,0.25,0
7671,1,0.333333,1
7671,2,0.333333,0
7671,7,0.333333,0
7672,2,0.25,1
7672,11,0.25,0
7672,14,0.25,0
7672,19,0.25,0
7673,1,0.2,1
7673,11,0.2,0
7673,15,0.2,0
7673,18,0.2,0
7673,9,0.2,0
7674,1,0.5,1
7674,11,0.5,0
7675,1,0.25,1
7675,5,0.25,0
7675,11,0.25,0
7675,19,0.25,0
7676,2,0.333333,1
7676,5,0.333333,0
7676,11,0.333333,0
7677,11,1.0,1
7678,2,0.25,1
7678,5,0.25,0
7678,11,0.25,0
7678,14,0.25,0
7679,1,0.25,1
7679,2,0.25,0
7679,5,0.25,0
7679,11,0.25,0
7680,2,0.333333,1
7680,5,0.333333,0
7680,11,0.333333,0
7681,1,0.333333,1
7681,2,0.333333,0
7681,14,0.333333,0
7682,2,0.333333,1
7682,9,0.333333,0
7682,11,0.333333,0
7683,1,0.333333,1
7683,5,0.333333,0
7683,11,0.333333,0
7684,9,0.333333,1
7684,11,0.333333,0
7684,16,0.333333,0
7685,1,0.2,1
7685,2,0.2,0
7685,5,0.2,0
7685,11,0.2,0
7685,16,0.2,0
7686,1,1.0,1
7687,11,0.5,1
7687,15,0.5,0
7688,2,0.333333,1
7688,5,0.333333,0
7688,11,0.333333,0
7689,1,0.25,1
7689,2,0.25,0
7689,5,0.25,0
7689,16,0.25,0
7690,5,0.333333,1
7690,11,0.333333,0
7690,19,0.333333,0
7691,5,0.5,1
7691,11,0.5,0
7692,2,0.5,1
7692,5,0.5,0
7693,2,0.333333,1
7693,5,0.333333,0
7693,11,0.333333,0
7694,1,0.5,1
7694,11,0.5,0
7695,16,0.5,1
7695,7,0.5,0
7696,1,0.5,1
7696,11,0.5,0
7697,1,0.333333,1
7697,5,0.333333,0
7697,11,0.333333,0
7698,2,0.25,1
7698,9,0.25,0
7698,11,0.25,0
7698,14,0.25,0
7699,1,0.25,1
7699,2,0.25,0
7699,11,0.25,0
7699,14,0.25,0
7700,1,0.5,1
7700,11,0.5,0
7701,2,0.5,1
7701,11,0.5,0
7702,2,0.333333,1
7702,5,0.333333,0
7702,11,0.333333,0
7703,1,0.25,1
7703,5,0.25,0
7703,11,0.25,0
7703,15,0.25,0
7704,11,0.333333,1
7704,15,0.333333,0
7704,16,0.333333,0
7705,2,0.333333,1
7705,11,0.333333,0
7705,14,0.333333,0
7706,2,0.333333,1
7706,5,0.333333,0
7706,11,0.333333,0
7707,5,0.333333,1
7707,11,0.333333,0
7707,19,0.333333,0
7708,5,0.5,1
7708,11,0.5,0
7709,5,1.0,1
7710,1,0.333333,1
7710,11,0.333333,0
7710,14,0.333333,0
7711,2,0.25,1
7711,5,0.25,0
7711,11,0.25,0
7711,16,0.25,0
7712,5,0.5,1
7712,11,0.5,0
7713,1,0.2,1
7713,5,0.2,0
7713,11,0.2,0
7713,15,0.2,0
7713,16,0.2,0
7714,2,0.333333,1
7714,11,0.333333,0
7714,9,0.333333,0
7715,1,0.333333,1
7715,2,0.333333,0
7715,11,0.333333,0
7716,11,1.0,1
7717,11,1.0,1
7718,1,0.166667,1
7718,5,0.166667,0
7718,11,0.166667,0
7718,15,0.166667,0
7718,16,0.166667,0
7718,18,0.166667,0
7719,2,0.333333,1
7719,5,0.333333,0
7719,11,0.333333,0
7720,11,0.333333,1
7720,16,0.333333,0
7720,19,0.333333,0
7721,1,0.25,1
7721,2,0.25,0
7721,11,0.25,0
7721,14,0.25,0
7722,1,0.333333,1
7722,2,0.333333,0
7722,11,0.333333,0
7723,11,1.0,1
7724,1,0.2,1
7724,2,0.2,0
7724,5,0.2,0
7724,11,0.2,0
7724,14,0.2,0
7725,5,1.0,1
7726,5,1.0,1
7727,1,0.5,1
7727,11,0.5,0
7728,5,0.5,1
7728,11,0.5,0
7729,2,0.166667,1
7729,5,0.166667,0
7729,11,0.166667,0
7729,14,0.166667,0
7729,16,0.166667,0
7729,19,0.166667,0
7730,5,0.5,1
7730,11,0.5,0
7731,11,0.5,1
7731,19,0.5,0
7732,2,1.0,1
7733,5,0.25,1
7733,11,0.25,0
7733,16,0.25,0
7733,18,0.25,0
7734,5,0.333333,1
7734,9,0.333333,0
7734,11,0.333333,0
7735,2,0.5,1
7735,5,0.5,0
7736,1,0.2,1
7736,11,0.2,0
7736,16,0.2,0
7736,19,0.2,0
7736,7,0.2,0
7737,1,0.333333,1
7737,2,0.333333,0
7737,11,0.333333,0
7738,2,0.5,1
7738,11,0.5,0
7739,1,0.142857,1
7739,2,0.142857,0
7739,5,0.142857,0
7739,11,0.142857,0
7739,15,0.142857,0
7739,14,0.142857,0
7739,16,0.142857,0
7740,9,0.333333,1
7740,11,0.333333,0
7740,14,0.333333,0
7741,1,0.333333,1
7741,2,0.333333,0
7741,5,0.333333,0
7742,1,0.166667,1
7742,2,0.166667,0
7742,5,0.166667,0
7742,11,0.166667,0
7742,14,0.166667,0
7742,16,0.166667,0
7743,5,0.333333,1
7743,11,0.333333,0
7743,16,0.333333,0
7744,2,0.5,1
7744,11,0.5,0
7745,5,0.5,1
7745,11,0.5,0
7746,5,0.5,1
7746,11,0.5,0
7747,1,0.333333,1
7747,2,0.333333,0
7747,11,0.333333,0
7748,5,1.0,1
7749,5,1.0,1
7750,5,0.25,1
7750,11,0.25,0
7750,16,0.25,0
7750,19,0.25,0
7751,1,0.333333,1
7751,11,0.333333,0
7751,14,0.333333,0
7752,5,0.5,1
7752,11,0.5,0
7753,1,0.142857,1
7753,2,0.142857,0
7753,5,0.142857,0
7753,14,0.142857,0
7753,16,0.142857,0
7753,18,0.142857,0
7753,19,0.142857,0
7754,5,0.25,1
7754,11,0.25,0
7754,16,0.25,0
7754,18,0.25,0
7755,5,0.5,1
7755,9,0.5,0
7756,2,0.5,1
7756,11,0.5,0
7757,5,1.0,1
7758,5,0.333333,1
7758,9,0.333333,0
7758,11,0.333333,0
7759,1,0.333333,1
7759,5,0.333333,0
7759,19,0.333333,0
7760,1,0.333333,1
7760,2,0.333333,0
7760,5,0.333333,0
7761,1,0.333333,1
7761,5,0.333333,0
7761,11,0.333333,0
7762,2,0.5,1
7762,11,0.5,0
7763,1,0.2,1
7763,11,0.2,0
7763,18,0.2,0
7763,9,0.2,0
7763,7,0.2,0
7764,1,0.142857,1
7764,2,0.142857,0
7764,5,0.142857,0
7764,11,0.142857,0
7764,14,0.142857,0
7764,16,0.142857,0
7764,19,0.142857,0
7765,5,0.333333,1
7765,9,0.333333,0
7765,11,0.333333,0
7766,11,0.5,1
7766,16,0.5,0
7767,1,0.166667,1
7767,2,0.166667,0
7767,11,0.166667,0
7767,14,0.166667,0
7767,16,0.166667,0
7767,7,0.166667,0
7768,5,0.25,1
7768,11,0.25,0
7768,16,0.25,0
7768,19,0.25,0
7769,11,0.5,1
7769,9,0.5,0
7770,11,0.5,1
7770,18,0.5,0
7771,1,0.333333,1
7771,11,0.333333,0
7771,12,0.333333,0
7772,1,0.25,1
7772,2,0.25,0
7772,9,0.25,0
7772,11,0.25,0
7773,2,0.5,1
7773,11,0.5,0
7774,11,1.0,1
7775,5,0.2,1
7775,11,0.2,0
7775,16,0.2,0
7775,18,0.2,0
7775,19,0.2,0
7776,1,0.25,1
7776,5,0.25,0
7776,11,0.25,0
7776,19,0.25,0
7777,2,0.25,1
7777,5,0.25,0
7777,11,0.25,0
7777,16,0.25,0
7778,5,0.5,1
7778,11,0.5,0
7779,1,0.5,1
7779,9,0.5,0
7780,11,0.25,1
7780,16,0.25,0
7780,18,0.25,0
7780,19,0.25,0
7781,5,0.25,1
7781,11,0.25,0
7781,19,0.25,0
7781,9,0.25,0
7782,14,0.5,1
7782,19,0.5,0
7783,11,0.5,1
7783,16,0.5,0
7784,1,0.166667,1
7784,2,0.166667,0
7784,5,0.166667,0
7784,11,0.166667,0
7784,16,0.166667,0
7784,9,0.166667,0
7785,1,0.25,1
7785,2,0.25,0
7785,5,0.25,0
7785,11,0.25,0
7786,1,0.5,1
7786,11,0.5,0
7787,11,0.333333,1
7787,16,0.333333,0
7787,7,0.333333,0
7788,2,0.333333,1
7788,11,0.333333,0
7788,16,0.333333,0
7789,11,1.0,1
7790,5,0.5,1
7790,11,0.5,0
7791,1,0.333333,1
7791,2,0.333333,0
7791,11,0.333333,0
7792,1,0.333333,1
7792,2,0.333333,0
7792,11,0.333333,0
7793,11,0.25,1
7793,14,0.25,0
7793,16,0.25,0
7793,18,0.25,0
7794,1,0.25,1
7794,2,0.25,0
7794,11,0.25,0
7794,16,0.25,0
7795,1,0.2,1
7795,2,0.2,0
7795,5,0.2,0
7795,11,0.2,0
7795,19,0.2,0
7796,11,0.5,1
7796,19,0.5,0
7797,5,0.25,1
7797,11,0.25,0
7797,16,0.25,0
7797,7,0.25,0
7798,1,0.25,1
7798,2,0.25,0
7798,11,0.25,0
7798,9,0.25,0
7799,1,0.142857,1
7799,2,0.142857,0
7799,5,0.142857,0
7799,11,0.142857,0
7799,12,0.142857,0
7799,14,0.142857,0
7799,9,0.142857,0
7800,1,0.25,1
7800,5,0.25,0
7800,11,0.25,0
7800,14,0.25,0
7801,1,0.5,1
7801,11,0.5,0
7802,1,0.333333,1
7802,2,0.333333,0
7802,11,0.333333,0
7803,5,0.333333,1
7803,11,0.333333,0
7803,9,0.333333,0
7804,2,0.25,1
7804,5,0.25,0
7804,11,0.25,0
7804,16,0.25,0
7805,2,0.25,1
7805,5,0.25,0
7805,11,0.25,0
7805,9,0.25,0
7806,1,0.25,1
7806,5,0.25,0
7806,11,0.25,0
7806,19,0.25,0
7807,5,0.333333,1
7807,9,0.333333,0
7807,11,0.333333,0
7808,2,0.2,1
7808,5,0.2,0
7808,9,0.2,0
7808,11,0.2,0
7808,14,0.2,0
7809,1,0.333333,1
7809,5,0.333333,0
7809,11,0.333333,0
7810,5,0.333333,1
7810,11,0.333333,0
7810,19,0.333333,0
7811,2,0.2,1
7811,5,0.2,0
7811,11,0.2,0
7811,12,0.2,0
7811,14,0.2,0
7812,1,0.166667,1
7812,2,0.166667,0
7812,5,0.166667,0
7812,11,0.166667,0
7812,16,0.166667,0
7812,9,0.166667,0
7813,2,0.5,1
7813,11,0.5,0
7814,5,0.5,1
7814,11,0.5,0
7815,1,0.333333,1
7815,2,0.333333,0
7815,11,0.333333,0
7816,2,0.333333,1
7816,5,0.333333,0
7816,19,0.333333,0
7817,1,0.5,1
7817,11,0.5,0
7818,1,0.333333,1
7818,2,0.333333,0
7818,11,0.333333,0
7819,19,1.0,1
7820,1,0.333333,1
7820,2,0.333333,0
7820,11,0.333333,0
7821,5,0.333333,1
7821,11,0.333333,0
7821,16,0.333333,0
7822,16,1.0,1
7823,2,0.25,1
7823,5,0.25,0
7823,11,0.25,0
7823,14,0.25,0
7824,1,0.166667,1
7824,2,0.166667,0
7824,5,0.166667,0
7824,11,0.166667,0
7824,15,0.166667,0
7824,16,0.166667,0
7825,1,1.0,1
7826,2,0.333333,1
7826,11,0.333333,0
7826,19,0.333333,0
7827,5,0.333333,1
7827,11,0.333333,0
7827,16,0.333333,0
7828,1,0.2,1
7828,2,0.2,0
7828,5,0.2,0
7828,11,0.2,0
7828,19,0.2,0
7829,1,0.25,1
7829,2,0.25,0
7829,5,0.25,0
7829,11,0.25,0
7830,1,0.25,1
7830,5,0.25,0
7830,11,0.25,0
7830,15,0.25,0
7831,1,1.0,1
7832,1,0.333333,1
7832,11,0.333333,0
7832,14,0.333333,0
7833,2,0.5,1
7833,11,0.5,0
7834,2,0.333333,1
7834,5,0.333333,0
7834,11,0.333333,0
7835,1,0.25,1
7835,2,0.25,0
7835,5,0.25,0
7835,11,0.25,0
7836,2,0.333333,1
7836,11,0.333333,0
7836,9,0.333333,0
7837,1,0.25,1
7837,5,0.25,0
7837,11,0.25,0
7837,19,0.25,0
7838,5,0.5,1
7838,11,0.5,0
7839,2,1.0,1
7840,1,0.166667,1
7840,2,0.166667,0
7840,5,0.166667,0
7840,11,0.166667,0
7840,14,0.166667,0
7840,19,0.166667,0
7841,1,0.2,1
7841,2,0.2,0
7841,5,0.2,0
7841,11,0.2,0
7841,16,0.2,0
7842,1,0.2,1
7842,2,0.2,0
7842,5,0.2,0
7842,9,0.2,0
7842,15,0.2,0
7843,1,0.333333,1
7843,2,0.333333,0
7843,5,0.333333,0
7844,1,0.5,1
7844,11,0.5,0
7845,2,0.25,1
7845,5,0.25,0
7845,11,0.25,0
7845,19,0.25,0
7846,2,0.333333,1
7846,11,0.333333,0
7846,14,0.333333,0
7847,2,0.25,1
7847,11,0.25,0
7847,14,0.25,0
7847,19,0.25,0
7848,1,0.2,1
7848,2,0.2,0
7848,5,0.2,0
7848,11,0.2,0
7848,14,0.2,0
7849,1,0.166667,1
7849,2,0.166667,0
7849,5,0.166667,0
7849,11,0.166667,0
7849,14,0.166667,0
7849,19,0.166667,0
7850,5,0.5,1
7850,9,0.5,0
7851,1,0.2,1
7851,2,0.2,0
7851,11,0.2,0
7851,14,0.2,0
7851,19,0.2,0
7852,9,0.333333,1
7852,16,0.333333,0
7852,19,0.333333,0
7853,5,1.0,1
7854,1,0.25,1
7854,2,0.25,0
7854,11,0.25,0
7854,14,0.25,0
7855,9,0.333333,1
7855,12,0.333333,0
7855,18,0.333333,0
7856,2,0.166667,1
7856,11,0.166667,0
7856,14,0.166667,0
7856,16,0.166667,0
7856,19,0.166667,0
7856,9,0.166667,0
7857,2,0.5,1
7857,11,0.5,0
7858,5,0.5,1
7858,9,0.5,0
7859,5,0.5,1
7859,11,0.5,0
7860,11,1.0,1
7861,5,1.0,1
7862,1,0.5,1
7862,5,0.5,0
7863,5,0.25,1
7863,11,0.25,0
7863,16,0.25,0
7863,19,0.25,0
7864,5,0.5,1
7864,11,0.5,0
7865,2,0.333333,1
7865,5,0.333333,0
7865,11,0.333333,0
7866,5,0.5,1
7866,19,0.5,0
7867,11,0.333333,1
7867,16,0.333333,0
7867,19,0.333333,0
7868,2,0.5,1
7868,11,0.5,0
7869,1,0.25,1
7869,2,0.25,0
7869,9,0.25,0
7869,11,0.25,0
7870,1,0.333333,1
7870,5,0.333333,0
7870,19,0.333333,0
7871,1,0.25,1
7871,2,0.25,0
7871,5,0.25,0
7871,11,0.25,0
7872,5,0.25,1
7872,11,0.25,0
7872,19,0.25,0
7872,7,0.25,0
7873,1,0.166667,1
7873,2,0.166667,0
7873,11,0.166667,0
7873,12,0.166667,0
7873,14,0.166667,0
7873,7,0.166667,0
7874,1,0.166667,1
7874,2,0.166667,0
7874,11,0.166667,0
7874,12,0.166667,0
7874,16,0.166667,0
7874,7,0.166667,0
7875,2,0.5,1
7875,11,0.5,0
7876,5,0.25,1
7876,11,0.25,0
7876,16,0.25,0
7876,19,0.25,0
7877,11,1.0,1
7878,1,0.2,1
7878,2,0.2,0
7878,5,0.2,0
7878,11,0.2,0
7878,16,0.2,0
7879,5,0.25,1
7879,11,0.25,0
7879,15,0.25,0
7879,16,0.25,0
7880,1,0.5,1
7880,11,0.5,0
7881,2,0.5,1
7881,11,0.5,0
7882,2,0.333333,1
7882,11,0.333333,0
7882,16,0.333333,0
7883,19,1.0,1
7884,5,0.5,1
7884,11,0.5,0
7885,5,0.333333,1
7885,9,0.333333,0
7885,11,0.333333,0
7886,1,0.5,1
7886,11,0.5,0
7887,5,0.2,1
7887,9,0.2,0
7887,11,0.2,0
7887,14,0.2,0
7887,16,0.2,0
7888,11,0.333333,1
7888,14,0.333333,0
7888,16,0.333333,0
7889,1,0.333333,1
7889,2,0.333333,0
7889,11,0.333333,0
7890,1,0.333333,1
7890,2,0.333333,0
7890,11,0.333333,0
7891,2,0.333333,1
7891,11,0.333333,0
7891,14,0.333333,0
7892,5,1.0,1
7893,1,0.333333,1
7893,11,0.333333,0
7893,7,0.333333,0
7894,2,0.25,1
7894,5,0.25,0
7894,11,0.25,0
7894,14,0.25,0
7895,1,0.2,1
7895,2,0.2,0
7895,11,0.2,0
7895,14,0.2,0
7895,16,0.2,0
7896,5,0.333333,1
7896,11,0.333333,0
7896,14,0.333333,0
7897,1,0.333333,1
7897,2,0.333333,0
7897,11,0.333333,0
7898,1,0.333333,1
7898,2,0.333333,0
7898,11,0.333333,0
7899,1,0.2,1
7899,2,0.2,0
7899,5,0.2,0
7899,11,0.2,0
7899,16,0.2,0
7900,11,1.0,1
7901,1,0.5,1
7901,7,0.5,0
7902,1,0.333333,1
7902,11,0.333333,0
7902,9,0.333333,0
7903,2,0.2,1
7903,5,0.2,0
7903,11,0.2,0
7903,14,0.2,0
7903,19,0.2,0
7904,2,0.5,1
7904,11,0.5,0
7905,14,1.0,1
7906,5,0.25,1
7906,9,0.25,0
7906,11,0.25,0
7906,15,0.25,0
7907,1,0.333333,1
7907,11,0.333333,0
7907,14,0.333333,0
7908,2,0.5,1
7908,5,0.5,0
7909,1,0.333333,1
7909,5,0.333333,0
7909,11,0.333333,0
7910,1,0.333333,1
7910,11,0.333333,0
7910,9,0.333333,0
7911,1,0.5,1
7911,11,0.5,0
7912,2,0.142857,1
7912,5,0.142857,0
7912,9,0.142857,0
7912,11,0.142857,0
7912,14,0.142857,0
7912,16,0.142857,0
7912,18,0.142857,0
7913,1,0.2,1
7913,2,0.2,0
7913,5,0.2,0
7913,11,0.2,0
7913,16,0.2,0
7914,1,0.166667,1
7914,5,0.166667,0
7914,11,0.166667,0
7914,14,0.166667,0
7914,16,0.166667,0
7914,19,0.166667,0
7915,5,0.5,1
7915,11,0.5,0
7916,5,0.333333,1
7916,11,0.333333,0
7916,15,0.333333,0
7917,2,0.125,1
7917,5,0.125,0
7917,11,0.125,0
7917,12,0.125,0
7917,14,0.125,0
7917,16,0.125,0
7917,19,0.125,0
7917,9,0.125,0
7918,2,0.5,1
7918,16,0.5,0
7919,1,0.5,1
7919,11,0.5,0
7920,2,1.0,1
7921,1,0.333333,1
7921,2,0.333333,0
7921,14,0.333333,0
7922,5,0.333333,1
7922,11,0.333333,0
7922,19,0.333333,0
7923,2,0.333333,1
7923,11,0.333333,0
7923,9,0.333333,0
7924,1,0.25,1
7924,5,0.25,0
7924,11,0.25,0
7924,16,0.25,0
7925,1,0.333333,1
7925,2,0.333333,0
7925,11,0.333333,0
7926,11,1.0,1
7927,9,0.333333,1
7927,8,0.333333,0
7927,17,0.333333,0
7928,14,0.5,1
7928,16,0.5,0
7929,5,0.5,1
7929,11,0.5,0
7930,2,0.2,1
7930,5,0.2,0
7930,11,0.2,0
7930,14,0.2,0
7930,16,0.2,0
7931,1,0.333333,1
7931,11,0.333333,0
7931,7,0.333333,0
7932,1,0.333333,1
7932,5,0.333333,0
7932,11,0.333333,0
7933,1,0.25,1
7933,2,0.25,0
7933,11,0.25,0
7933,14,0.25,0
7934,1,0.2,1
7934,2,0.2,0
7934,11,0.2,0
7934,16,0.2,0
7934,7,0.2,0
7935,2,1.0,1
7936,5,0.5,1
7936,12,0.5,0
7937,1,0.5,1
7937,11,0.5,0
7938,5,0.333333,1
7938,11,0.333333,0
7938,16,0.333333,0
7939,1,0.25,1
7939,2,0.25,0
7939,5,0.25,0
7939,11,0.25,0
7940,1,1.0,1
7941,2,0.142857,1
7941,5,0.142857,0
7941,11,0.142857,0
7941,12,0.142857,0
7941,14,0.142857,0
7941,16,0.142857,0
7941,9,0.142857,0
7942,2,0.333333,1
7942,11,0.333333,0
7942,16,0.333333,0
7943,1,0.5,1
7943,11,0.5,0
7944,1,0.5,1
7944,11,0.5,0
7945,5,0.333333,1
7945,11,0.333333,0
7945,16,0.333333,0
7946,1,1.0,1
7947,2,0.5,1
7947,11,0.5,0
7948,5,1.0,1
7949,2,0.5,1
7949,11,0.5,0
7950,1,0.5,1
7950,5,0.5,0
7951,1,0.142857,1
7951,2,0.142857,0
7951,5,0.142857,0
7951,11,0.142857,0
7951,15,0.142857,0
7951,16,0.142857,0
7951,18,0.142857,0
7952,2,0.333333,1
7952,5,0.333333,0
7952,11,0.333333,0
7953,1,0.333333,1
7953,2,0.333333,0
7953,11,0.333333,0
7954,5,0.25,1
7954,11,0.25,0
7954,16,0.25,0
7954,19,0.25,0
7955,1,0.333333,1
7955,2,0.333333,0
7955,11,0.333333,0
7956,11,0.333333,1
7956,19,0.333333,0
7956,9,0.333333,0
7957,1,0.2,1
7957,2,0.2,0
7957,5,0.2,0
7957,11,0.2,0
7957,16,0.2,0
7958,1,0.5,1
7958,2,0.5,0
7959,2,0.333333,1
7959,11,0.333333,0
7959,14,0.333333,0
7960,1,0.25,1
7960,11,0.25,0
7960,14,0.25,0
7960,7,0.25,0
7961,5,0.5,1
7961,11,0.5,0
7962,1,0.333333,1
7962,5,0.333333,0
7962,11,0.333333,0
7963,5,0.25,1
7963,11,0.25,0
7963,15,0.25,0
7963,16,0.25,0
7964,14,0.5,1
7964,19,0.5,0
7965,1,0.5,1
7965,11,0.5,0
7966,5,0.333333,1
7966,11,0.333333,0
7966,14,0.333333,0
7967,2,0.333333,1
7967,11,0.333333,0
7967,14,0.333333,0
7968,5,0.333333,1
7968,11,0.333333,0
7968,19,0.333333,0
7969,16,0.5,1
7969,18,0.5,0
7970,2,0.5,1
7970,11,0.5,0
7971,1,0.25,1
7971,2,0.25,0
7971,11,0.25,0
7971,14,0.25,0
7972,2,0.5,1
7972,11,0.5,0
7973,11,0.333333,1
7973,16,0.333333,0
7973,19,0.333333,0
7974,1,0.333333,1
7974,5,0.333333,0
7974,11,0.333333,0
7975,2,1.0,1
7976,2,0.2,1
7976,5,0.2,0
7976,11,0.2,0
7976,14,0.2,0
7976,9,0.2,0
7977,2,0.25,1
7977,5,0.25,0
7977,11,0.25,0
7977,7,0.25,0
7978,5,0.5,1
7978,11,0.5,0
7979,1,0.333333,1
7979,9,0.333333,0
7979,7,0.333333,0
7980,1,0.5,1
7980,11,0.5,0
7981,1,0.333333,1
7981,2,0.333333,0
7981,11,0.333333,0
7982,2,0.25,1
7982,9,0.25,0
7982,11,0.25,0
7982,14,0.25,0
7983,1,0.333333,1
7983,2,0.333333,0
7983,11,0.333333,0
7984,1,0.25,1
7984,2,0.25,0
7984,5,0.25,0
7984,11,0.25,0
7985,9,0.25,1
7985,11,0.25,0
7985,16,0.25,0
7985,19,0.25,0
7986,1,0.2,1
7986,2,0.2,0
7986,11,0.2,0
7986,14,0.2,0
7986,19,0.2,0
7987,1,0.5,1
7987,11,0.5,0
7988,1,0.333333,1
7988,2,0.333333,0
7988,11,0.333333,0
7989,1,0.333333,1
7989,9,0.333333,0
7989,11,0.333333,0
7990,1,0.333333,1
7990,2,0.333333,0
7990,7,0.333333,0
7991,5,1.0,1
7992,1,0.333333,1
7992,2,0.333333,0
7992,11,0.333333,0
7993,1,0.25,1
7993,5,0.25,0
7993,11,0.25,0
7993,19,0.25,0
7994,1,0.142857,1
7994,2,0.142857,0
7994,5,0.142857,0
7994,9,0.142857,0
7994,11,0.142857,0
7994,12,0.142857,0
7994,7,0.142857,0
7995,2,0.25,1
7995,5,0.25,0
7995,11,0.25,0
7995,19,0.25,0
7996,1,0.2,1
7996,2,0.2,0
7996,5,0.2,0
7996,11,0.2,0
7996,16,0.2,0
7997,1,0.25,1
7997,5,0.25,0
7997,11,0.25,0
7997,9,0.25,0
7998,2,0.25,1
7998,5,0.25,0
7998,11,0.25,0
7998,19,0.25,0
7999,1,0.333333,1
7999,2,0.333333,0
7999,11,0.333333,0
8000,5,0.333333,1
8000,9,0.333333,0
8000,11,0.333333,0
8001,2,0.333333,1
8001,5,0.333333,0
8001,11,0.333333,0
8002,2,0.5,1
8002,11,0.5,0
8003,1,0.2,1
8003,2,0.2,0
8003,5,0.2,0
8003,11,0.2,0
8003,14,0.2,0
8004,11,0.5,1
8004,19,0.5,0
8005,1,0.142857,1
8005,2,0.142857,0
8005,5,0.142857,0
8005,11,0.142857,0
8005,14,0.142857,0
8005,16,0.142857,0
8005,19,0.142857,0
8006,1,0.2,1
8006,2,0.2,0
8006,5,0.2,0
8006,11,0.2,0
8006,16,0.2,0
8007,1,0.25,1
8007,2,0.25,0
8007,5,0.25,0
8007,14,0.25,0
8008,1,0.333333,1
8008,2,0.333333,0
8008,11,0.333333,0
8009,1,0.25,1
8009,2,0.25,0
8009,5,0.25,0
8009,11,0.25,0
8010,5,0.25,1
8010,9,0.25,0
8010,11,0.25,0
8010,18,0.25,0
8011,2,0.5,1
8011,11,0.5,0
8012,1,0.25,1
8012,5,0.25,0
8012,11,0.25,0
8012,7,0.25,0
8013,1,0.333333,1
8013,2,0.333333,0
8013,11,0.333333,0
8014,2,0.333333,1
8014,11,0.333333,0
8014,16,0.333333,0
8015,11,0.333333,1
8015,15,0.333333,0
8015,16,0.333333,0
8016,2,0.333333,1
8016,5,0.333333,0
8016,11,0.333333,0
8017,11,0.5,1
8017,19,0.5,0
8018,11,1.0,1
8019,2,0.333333,1
8019,11,0.333333,0
8019,14,0.333333,0
8020,2,0.2,1
8020,5,0.2,0
8020,9,0.2,0
8020,11,0.2,0
8020,16,0.2,0
8021,1,0.2,1
8021,2,0.2,0
8021,5,0.2,0
8021,11,0.2,0
8021,19,0.2,0
8022,1,0.333333,1
8022,2,0.333333,0
8022,7,0.333333,0
8023,1,0.25,1
8023,5,0.25,0
8023,11,0.25,0
8023,15,0.25,0
8024,1,0.2,1
8024,2,0.2,0
8024,5,0.2,0
8024,11,0.2,0
8024,16,0.2,0
8025,1,0.2,1
8025,2,0.2,0
8025,9,0.2,0
8025,11,0.2,0
8025,14,0.2,0
8026,5,0.5,1
8026,11,0.5,0
8027,2,0.333333,1
8027,5,0.333333,0
8027,11,0.333333,0
8028,5,0.5,1
8028,14,0.5,0
8029,1,0.5,1
8029,11,0.5,0
8030,1,0.333333,1
8030,2,0.333333,0
8030,11,0.333333,0
8031,5,0.25,1
8031,11,0.25,0
8031,15,0.25,0
8031,19,0.25,0
8032,16,0.5,1
8032,19,0.5,0
8033,19,1.0,1
8034,2,0.25,1
8034,5,0.25,0
8034,11,0.25,0
8034,19,0.25,0
8035,14,1.0,1
8036,1,0.25,1
8036,2,0.25,0
8036,5,0.25,0
8036,11,0.25,0
8037,1,0.333333,1
8037,2,0.333333,0
8037,14,0.333333,0
8038,16,0.5,1
8038,7,0.5,0
8039,15,1.0,1
8040,11,1.0,1
8041,1,0.166667,1
8041,2,0.166667,0
8041,9,0.166667,0
8041,11,0.166667,0
8041,14,0.166667,0
8041,7,0.166667,0
8042,11,0.333333,1
8042,16,0.333333,0
8042,19,0.333333,0
8043,2,0.5,1
8043,11,0.5,0
8044,5,0.25,1
8044,11,0.25,0
8044,16,0.25,0
8044,19,0.25,0
8045,1,0.333333,1
8045,5,0.333333,0
8045,11,0.333333,0
8046,2,0.5,1
8046,11,0.5,0
8047,1,0.166667,1
8047,5,0.166667,0
8047,16,0.166667,0
8047,18,0.166667,0
8047,19,0.166667,0
8047,7,0.166667,0
8048,5,0.166667,1
8048,11,0.166667,0
8048,12,0.166667,0
8048,14,0.166667,0
8048,16,0.166667,0
8048,7,0.166667,0
8049,1,0.5,1
8049,11,0.5,0
8050,1,0.5,1
8050,2,0.5,0
8051,1,0.2,1
8051,9,0.2,0
8051,11,0.2,0
8051,12,0.2,0
8051,14,0.2,0
8052,1,0.2,1
8052,2,0.2,0
8052,9,0.2,0
8052,11,0.2,0
8052,14,0.2,0
8053,1,0.25,1
8053,5,0.25,0
8053,9,0.25,0
8053,11,0.25,0
8054,5,1.0,1
8055,1,0.2,1
8055,2,0.2,0
8055,5,0.2,0
8055,11,0.2,0
8055,7,0.2,0
8056,1,0.333333,1
8056,2,0.333333,0
8056,11,0.333333,0
8057,1,0.111111,1
8057,2,0.111111,0
8057,5,0.111111,0
8057,11,0.111111,0
8057,12,0.111111,0
8057,16,0.111111,0
8057,18,0.111111,0
8057,19,0.111111,0
8057,7,0.111111,0
8058,1,0.333333,1
8058,2,0.333333,0
8058,9,0.333333,0
8059,5,0.333333,1
8059,9,0.333333,0
8059,11,0.333333,0
8060,5,1.0,1
8061,2,0.166667,1
8061,9,0.166667,0
8061,12,0.166667,0
8061,14,0.166667,0
8061,16,0.166667,0
8061,19,0.166667,0
8062,1,0.2,1
8062,5,0.2,0
8062,11,0.2,0
8062,15,0.2,0
8062,16,0.2,0
8063,5,0.5,1
8063,11,0.5,0
8064,1,0.25,1
8064,2,0.25,0
8064,11,0.25,0
8064,14,0.25,0
8065,11,0.333333,1
8065,14,0.333333,0
8065,19,0.333333,0
8066,14,1.0,1
8067,1,0.142857,1
8067,2,0.142857,0
8067,11,0.142857,0
8067,14,0.142857,0
8067,16,0.142857,0
8067,19,0.142857,0
8067,7,0.142857,0
8068,11,0.5,1
8068,19,0.5,0
8069,2,0.333333,1
8069,5,0.333333,0
8069,11,0.333333,0
8070,1,0.25,1
8070,2,0.25,0
8070,11,0.25,0
8070,14,0.25,0
8071,5,0.25,1
8071,11,0.25,0
8071,16,0.25,0
8071,19,0.25,0
8072,11,0.5,1
8072,16,0.5,0
8073,1,0.2,1
8073,11,0.2,0
8073,15,0.2,0
8073,16,0.2,0
8073,18,0.2,0
8074,2,0.333333,1
8074,11,0.333333,0
8074,14,0.333333,0
8075,1,0.333333,1
8075,2,0.333333,0
8075,11,0.333333,0
8076,2,0.333333,1
8076,5,0.333333,0
8076,11,0.333333,0
8077,2,0.25,1
8077,5,0.25,0
8077,11,0.25,0
8077,16,0.25,0
8078,11,0.333333,1
8078,15,0.333333,0
8078,16,0.333333,0
8079,1,0.333333,1
8079,2,0.333333,0
8079,11,0.333333,0
8080,2,0.2,1
8080,5,0.2,0
8080,11,0.2,0
8080,14,0.2,0
8080,19,0.2,0
8081,2,0.333333,1
8081,5,0.333333,0
8081,11,0.333333,0
8082,1,0.333333,1
8082,9,0.333333,0
8082,11,0.333333,0
8083,1,0.5,1
8083,11,0.5,0
8084,1,0.5,1
8084,11,0.5,0
8085,1,0.333333,1
8085,5,0.333333,0
8085,11,0.333333,0
8086,2,0.333333,1
8086,5,0.333333,0
8086,11,0.333333,0
8087,1,0.333333,1
8087,2,0.333333,0
8087,11,0.333333,0
8088,1,0.25,1
8088,2,0.25,0
8088,11,0.25,0
8088,19,0.25,0
8089,5,0.333333,1
8089,11,0.333333,0
8089,16,0.333333,0
8090,1,0.333333,1
8090,2,0.333333,0
8090,11,0.333333,0
8091,11,0.25,1
8091,16,0.25,0
8091,19,0.25,0
8091,7,0.25,0
8092,1,0.5,1
8092,5,0.5,0
8093,2,0.333333,1
8093,11,0.333333,0
8093,9,0.333333,0
8094,2,0.333333,1
8094,11,0.333333,0
8094,16,0.333333,0
8095,1,0.333333,1
8095,12,0.333333,0
8095,14,0.333333,0
8096,1,0.333333,1
8096,2,0.333333,0
8096,11,0.333333,0
8097,1,0.5,1
8097,11,0.5,0
8098,2,0.333333,1
8098,5,0.333333,0
8098,11,0.333333,0
8099,1,0.333333,1
8099,2,0.333333,0
8099,11,0.333333,0
8100,5,0.25,1
8100,11,0.25,0
8100,16,0.25,0
8100,19,0.25,0
8101,2,0.333333,1
8101,5,0.333333,0
8101,11,0.333333,0
8102,11,0.5,1
8102,14,0.5,0
8103,2,0.333333,1
8103,11,0.333333,0
8103,16,0.333333,0
8104,11,1.0,1
8105,1,0.2,1
8105,11,0.2,0
8105,14,0.2,0
8105,19,0.2,0
8105,9,0.2,0
8106,1,0.333333,1
8106,11,0.333333,0
8106,7,0.333333,0
8107,1,0.2,1
8107,2,0.2,0
8107,11,0.2,0
8107,14,0.2,0
8107,7,0.2,0
8108,1,0.25,1
8108,11,0.25,0
8108,14,0.25,0
8108,16,0.25,0
8109,1,0.333333,1
8109,16,0.333333,0
8109,7,0.333333,0
8110,2,0.333333,1
8110,5,0.333333,0
8110,11,0.333333,0
8111,1,0.2,1
8111,2,0.2,0
8111,11,0.2,0
8111,16,0.2,0
8111,19,0.2,0
8112,2,0.2,1
8112,5,0.2,0
8112,11,0.2,0
8112,12,0.2,0
8112,19,0.2,0
8113,5,0.333333,1
8113,11,0.333333,0
8113,14,0.333333,0
8114,5,0.25,1
8114,11,0.25,0
8114,18,0.25,0
8114,9,0.25,0
8115,1,0.25,1
8115,2,0.25,0
8115,11,0.25,0
8115,9,0.25,0
8116,2,0.5,1
8116,11,0.5,0
8117,11,0.5,1
8117,14,0.5,0
8118,5,0.25,1
8118,11,0.25,0
8118,16,0.25,0
8118,19,0.25,0
8119,5,1.0,1
8120,9,0.333333,1
8120,11,0.333333,0
8120,14,0.333333,0
8121,1,0.25,1
8121,5,0.25,0
8121,11,0.25,0
8121,7,0.25,0
8122,1,0.2,1
8122,2,0.2,0
8122,9,0.2,0
8122,11,0.2,0
8122,14,0.2,0
8123,2,0.333333,1
8123,5,0.333333,0
8123,11,0.333333,0
8124,1,0.5,1
8124,11,0.5,0
8125,1,0.333333,1
8125,2,0.333333,0
8125,11,0.333333,0
8126,2,0.5,1
8126,11,0.5,0
8127,1,0.25,1
8127,5,0.25,0
8127,11,0.25,0
8127,7,0.25,0
8128,1,0.25,1
8128,2,0.25,0
8128,5,0.25,0
8128,11,0.25,0
8129,1,0.5,1
8129,2,0.5,0
8130,1,0.25,1
8130,2,0.25,0
8130,11,0.25,0
8130,7,0.25,0
8131,2,0.2,1
8131,5,0.2,0
8131,11,0.2,0
8131,14,0.2,0
8131,7,0.2,0
8132,5,0.5,1
8132,11,0.5,0
8133,2,0.333333,1
8133,5,0.333333,0
8133,11,0.333333,0
8134,2,0.5,1
8134,11,0.5,0
8135,11,0.333333,1
8135,19,0.333333,0
8135,9,0.333333,0
8136,1,0.25,1
8136,2,0.25,0
8136,11,0.25,0
8136,14,0.25,0
8137,2,0.333333,1
8137,11,0.333333,0
8137,19,0.333333,0
8138,1,0.333333,1
8138,2,0.333333,0
8138,5,0.333333,0
8139,5,0.5,1
8139,19,0.5,0
8140,1,0.5,1
8140,11,0.5,0
8141,2,0.25,1
8141,5,0.25,0
8141,11,0.25,0
8141,16,0.25,0
8142,1,0.333333,1
8142,5,0.333333,0
8142,11,0.333333,0
8143,1,0.5,1
8143,2,0.5,0
8144,5,0.5,1
8144,11,0.5,0
8145,1,0.25,1
8145,2,0.25,0
8145,11,0.25,0
8145,14,0.25,0
8146,12,0.333333,1
8146,16,0.333333,0
8146,19,0.333333,0
8147,1,0.333333,1
8147,5,0.333333,0
8147,11,0.333333,0
8148,2,0.333333,1
8148,5,0.333333,0
8148,11,0.333333,0
8149,5,0.5,1
8149,11,0.5,0
8150,2,0.25,1
8150,5,0.25,0
8150,11,0.25,0
8150,16,0.25,0
8151,2,0.5,1
8151,11,0.5,0
8152,2,0.333333,1
8152,11,0.333333,0
8152,14,0.333333,0
8153,2,0.2,1
8153,5,0.2,0
8153,11,0.2,0
8153,16,0.2,0
8153,19,0.2,0
8154,5,0.5,1
8154,11,0.5,0
8155,2,0.333333,1
8155,11,0.333333,0
8155,14,0.333333,0
8156,5,1.0,1
8157,5,0.5,1
8157,16,0.5,0
8158,1,0.5,1
8158,11,0.5,0
8159,9,0.333333,1
8159,12,0.333333,0
8159,14,0.333333,0
8160,14,1.0,1
8161,1,0.2,1
8161,2,0.2,0
8161,11,0.2,0
8161,16,0.2,0
8161,19,0.2,0
8162,1,0.333333,1
8162,14,0.333333,0
8162,16,0.333333,0
8163,1,0.5,1
8163,11,0.5,0
8164,5,0.5,1
8164,19,0.5,0
8165,5,0.5,1
8165,11,0.5,0
8166,1,0.25,1
8166,2,0.25,0
8166,11,0.25,0
8166,14,0.25,0
8167,5,0.333333,1
8167,9,0.333333,0
8167,14,0.333333,0
8168,5,0.333333,1
8168,11,0.333333,0
8168,19,0.333333,0
8169,11,0.333333,1
8169,15,0.333333,0
8169,18,0.333333,0
8170,11,0.333333,1
8170,16,0.333333,0
8170,7,0.333333,0
8171,1,0.25,1
8171,5,0.25,0
8171,11,0.25,0
8171,7,0.25,0
8172,5,0.2,1
8172,11,0.2,0
8172,14,0.2,0
8172,16,0.2,0
8172,19,0.2,0
8173,11,0.333333,1
8173,14,0.333333,0
8173,16,0.333333,0
8174,5,0.333333,1
8174,11,0.333333,0
8174,9,0.333333,0
8175,1,0.333333,1
8175,2,0.333333,0
8175,11,0.333333,0
8176,2,0.333333,1
8176,5,0.333333,0
8176,11,0.333333,0
8177,1,0.333333,1
8177,2,0.333333,0
8177,11,0.333333,0
8178,5,0.333333,1
8178,11,0.333333,0
8178,19,0.333333,0
8179,5,0.25,1
8179,11,0.25,0
8179,14,0.25,0
8179,16,0.25,0
8180,5,0.333333,1
8180,11,0.333333,0
8180,15,0.333333,0
8181,5,0.5,1
8181,11,0.5,0
8182,1,1.0,1
8183,5,0.333333,1
8183,11,0.333333,0
8183,19,0.333333,0
8184,2,0.333333,1
8184,5,0.333333,0
8184,16,0.333333,0
8185,2,0.5,1
8185,11,0.5,0
8186,5,0.333333,1
8186,11,0.333333,0
8186,16,0.333333,0
8187,5,0.333333,1
8187,11,0.333333,0
8187,19,0.333333,0
8188,1,0.5,1
8188,2,0.5,0
8189,5,0.25,1
8189,11,0.25,0
8189,16,0.25,0
8189,19,0.25,0
8190,16,0.5,1
8190,19,0.5,0
8191,1,0.333333,1
8191,2,0.333333,0
8191,11,0.333333,0
8192,11,0.5,1
8192,19,0.5,0
8193,1,0.333333,1
8193,2,0.333333,0
8193,11,0.333333,0
8194,5,0.5,1
8194,11,0.5,0
8195,1,0.5,1
8195,11,0.5,0
8196,11,0.25,1
8196,16,0.25,0
8196,19,0.25,0
8196,7,0.25,0
8197,14,0.5,1
8197,9,0.5,0
8198,5,0.25,1
8198,9,0.25,0
8198,11,0.25,0
8198,19,0.25,0
8199,2,0.333333,1
8199,5,0.333333,0
8199,11,0.333333,0
8200,1,0.333333,1
8200,11,0.333333,0
8200,9,0.333333,0
8201,2,0.5,1
8201,16,0.5,0
8202,5,0.333333,1
8202,9,0.333333,0
8202,11,0.333333,0
8203,1,0.333333,1
8203,2,0.333333,0
8203,11,0.333333,0
8204,1,0.5,1
8204,2,0.5,0
8205,1,0.5,1
8205,11,0.5,0
8206,2,0.5,1
8206,11,0.5,0
8207,1,0.166667,1
8207,2,0.166667,0
8207,5,0.166667,0
8207,11,0.166667,0
8207,16,0.166667,0
8207,19,0.166667,0
8208,2,0.333333,1
8208,11,0.333333,0
8208,14,0.333333,0
8209,11,0.5,1
8209,14,0.5,0
8210,1,0.333333,1
8210,2,0.333333,0
8210,11,0.333333,0
8211,1,1.0,1
8212,5,0.333333,1
8212,11,0.333333,0
8212,19,0.333333,0
8213,1,0.5,1
8213,11,0.5,0
8214,14,1.0,1
8215,2,0.333333,1
8215,5,0.333333,0
8215,11,0.333333,0
8216,1,0.25,1
8216,5,0.25,0
8216,11,0.25,0
8216,19,0.25,0
8217,5,0.25,1
8217,11,0.25,0
8217,12,0.25,0
8217,9,0.25,0
8218,1,0.166667,1
8218,2,0.166667,0
8218,5,0.166667,0
8218,11,0.166667,0
8218,16,0.166667,0
8218,18,0.166667,0
8219,5,0.333333,1
8219,11,0.333333,0
8219,19,0.333333,0
8220,1,1.0,1
8221,1,0.2,1
8221,11,0.2,0
8221,12,0.2,0
8221,14,0.2,0
8221,7,0.2,0
8222,5,0.333333,1
8222,14,0.333333,0
8222,16,0.333333,0
8223,2,0.25,1
8223,5,0.25,0
8223,9,0.25,0
8223,11,0.25,0
8224,1,0.5,1
8224,11,0.5,0
8225,5,0.333333,1
8225,11,0.333333,0
8225,19,0.333333,0
8226,2,0.333333,1
8226,9,0.333333,0
8226,11,0.333333,0
8227,11,0.333333,1
8227,16,0.333333,0
8227,19,0.333333,0
8228,2,0.333333,1
8228,5,0.333333,0
8228,11,0.333333,0
8229,2,0.25,1
8229,5,0.25,0
8229,11,0.25,0
8229,7,0.25,0
8230,5,0.333333,1
8230,11,0.333333,0
8230,16,0.333333,0
8231,1,1.0,1
8232,11,0.5,1
8232,16,0.5,0
8233,1,0.333333,1
8233,2,0.333333,0
8233,11,0.333333,0
8234,1,0.5,1
8234,11,0.5,0
8235,1,0.333333,1
8235,11,0.333333,0
8235,14,0.333333,0
8236,11,0.333333,1
8236,16,0.333333,0
8236,19,0.333333,0
8237,5,1.0,1
8238,1,0.333333,1
8238,11,0.333333,0
8238,18,0.333333,0
8239,1,1.0,1
8240,1,0.333333,1
8240,11,0.333333,0
8240,18,0.333333,0
8241,11,0.333333,1
8241,16,0.333333,0
8241,7,0.333333,0
8242,5,0.25,1
8242,11,0.25,0
8242,16,0.25,0
8242,19,0.25,0
8243,1,0.25,1
8243,2,0.25,0
8243,11,0.25,0
8243,19,0.25,0
8244,15,1.0,1
8245,1,0.333333,1
8245,2,0.333333,0
8245,11,0.333333,0
8246,1,0.5,1
8246,11,0.5,0
8247,11,1.0,1
8248,1,0.2,1
8248,2,0.2,0
8248,5,0.2,0
8248,11,0.2,0
8248,15,0.2,0
8249,5,0.2,1
8249,9,0.2,0
8249,11,0.2,0
8249,16,0.2,0
8249,19,0.2,0
8250,1,0.25,1
8250,2,0.25,0
8250,11,0.25,0
8250,14,0.25,0
8251,1,0.2,1
8251,2,0.2,0
8251,11,0.2,0
8251,16,0.2,0
8251,9,0.2,0
8252,1,0.333333,1
8252,2,0.333333,0
8252,11,0.333333,0
8253,1,0.25,1
8253,2,0.25,0
8253,16,0.25,0
8253,19,0.25,0
8254,2,0.333333,1
8254,11,0.333333,0
8254,9,0.333333,0
8255,2,0.5,1
8255,14,0.5,0
8256,1,0.25,1
8256,2,0.25,0
8256,11,0.25,0
8256,14,0.25,0
8257,1,0.2,1
8257,2,0.2,0
8257,5,0.2,0
8257,11,0.2,0
8257,16,0.2,0
8258,11,0.5,1
8258,19,0.5,0
8259,1,0.166667,1
8259,5,0.166667,0
8259,11,0.166667,0
8259,12,0.166667,0
8259,18,0.166667,0
8259,7,0.166667,0
8260,11,0.5,1
8260,19,0.5,0
8261,5,0.333333,1
8261,11,0.333333,0
8261,19,0.333333,0
8262,2,0.25,1
8262,11,0.25,0
8262,16,0.25,0
8262,7,0.25,0
8263,1,0.25,1
8263,2,0.25,0
8263,11,0.25,0
8263,9,0.25,0
8264,1,1.0,1
8265,1,0.2,1
8265,2,0.2,0
8265,11,0.2,0
8265,14,0.2,0
8265,7,0.2,0
8266,2,0.333333,1
8266,14,0.333333,0
8266,19,0.333333,0
8267,1,0.25,1
8267,11,0.25,0
8267,15,0.25,0
8267,16,0.25,0
8268,14,0.333333,1
8268,16,0.333333,0
8268,19,0.333333,0
8269,11,1.0,1
8270,5,0.5,1
8270,11,0.5,0
8271,2,0.333333,1
8271,11,0.333333,0
8271,19,0.333333,0
8272,1,0.25,1
8272,11,0.25,0
8272,12,0.25,0
8272,7,0.25,0
8273,1,0.5,1
8273,11,0.5,0
8274,1,0.2,1
8274,2,0.2,0
8274,9,0.2,0
8274,11,0.2,0
8274,14,0.2,0
8275,2,0.2,1
8275,5,0.2,0
8275,11,0.2,0
8275,16,0.2,0
8275,19,0.2,0
8276,2,0.5,1
8276,11,0.5,0
8277,1,0.25,1
8277,2,0.25,0
8277,9,0.25,0
8277,11,0.25,0
8278,9,0.2,1
8278,11,0.2,0
8278,14,0.2,0
8278,19,0.2,0
8278,7,0.2,0
8279,1,1.0,1
8280,9,0.25,1
8280,11,0.25,0
8280,16,0.25,0
8280,19,0.25,0
8281,2,0.25,1
8281,5,0.25,0
8281,11,0.25,0
8281,14,0.25,0
8282,2,0.166667,1
8282,5,0.166667,0
8282,11,0.166667,0
8282,14,0.166667,0
8282,16,0.166667,0
8282,19,0.166667,0
8283,11,1.0,1
8284,2,0.2,1
8284,11,0.2,0
8284,14,0.2,0
8284,16,0.2,0
8284,19,0.2,0
8285,5,0.5,1
8285,16,0.5,0
8286,1,0.111111,1
8286,2,0.111111,0
8286,11,0.111111,0
8286,12,0.111111,0
8286,14,0.111111,0
8286,16,0.111111,0
8286,19,0.111111,0
8286,9,0.111111,0
8286,7,0.111111,0
8287,1,0.5,1
8287,11,0.5,0
8288,5,1.0,1
8289,1,0.333333,1
8289,2,0.333333,0
8289,11,0.333333,0
8290,5,0.5,1
8290,11,0.5,0
8291,11,0.5,1
8291,16,0.5,0
8292,11,0.5,1
8292,15,0.5,0
8293,5,0.5,1
8293,11,0.5,0
8294,1,0.333333,1
8294,2,0.333333,0
8294,11,0.333333,0
8295,5,0.5,1
8295,11,0.5,0
8296,1,0.25,1
8296,2,0.25,0
8296,11,0.25,0
8296,14,0.25,0
8297,5,0.333333,1
8297,11,0.333333,0
8297,18,0.333333,0
8298,1,0.333333,1
8298,5,0.333333,0
8298,11,0.333333,0
8299,1,0.333333,1
8299,14,0.333333,0
8299,19,0.333333,0
8300,11,0.25,1
8300,14,0.25,0
8300,16,0.25,0
8300,7,0.25,0
8301,1,1.0,1
8302,11,1.0,1
8303,1,0.25,1
8303,9,0.25,0
8303,11,0.25,0
8303,12,0.25,0
8304,5,0.25,1
8304,11,0.25,0
8304,16,0.25,0
8304,19,0.25,0
8305,9,0.25,1
8305,11,0.25,0
8305,19,0.25,0
8305,7,0.25,0
8306,1,0.333333,1
8306,11,0.333333,0
8306,14,0.333333,0
8307,11,0.5,1
8307,14,0.5,0
8308,2,0.166667,1
8308,5,0.166667,0
8308,11,0.166667,0
8308,16,0.166667,0
8308,19,0.166667,0
8308,9,0.166667,0
8309,2,0.5,1
8309,11,0.5,0
8310,1,0.25,1
8310,2,0.25,0
8310,11,0.25,0
8310,7,0.25,0
8311,11,1.0,1
8312,5,1.0,1
8313,11,1.0,1
8314,5,1.0,1
8315,5,0.25,1
8315,9,0.25,0
8315,11,0.25,0
8315,16,0.25,0
8316,11,0.5,1
8316,16,0.5,0
8317,5,0.5,1
8317,11,0.5,0
8318,5,0.5,1
8318,11,0.5,0
8319,1,0.333333,1
8319,2,0.333333,0
8319,11,0.333333,0
8320,1,0.333333,1
8320,2,0.333333,0
8320,11,0.333333,0
8321,1,0.25,1
8321,2,0.25,0
8321,5,0.25,0
8321,11,0.25,0
8322,5,0.2,1
8322,11,0.2,0
8322,16,0.2,0
8322,18,0.2,0
8322,7,0.2,0
8323,5,1.0,1
8324,5,1.0,1
8325,5,1.0,1
8326,1,0.333333,1
8326,2,0.333333,0
8326,11,0.333333,0
8327,1,0.333333,1
8327,11,0.333333,0
8327,18,0.333333,0
8328,1,0.333333,1
8328,5,0.333333,0
8328,11,0.333333,0
8329,1,0.25,1
8329,5,0.25,0
8329,11,0.25,0
8329,16,0.25,0
8330,1,0.333333,1
8330,2,0.333333,0
8330,11,0.333333,0
8331,5,0.5,1
8331,11,0.5,0
8332,1,0.2,1
8332,11,0.2,0
8332,15,0.2,0
8332,18,0.2,0
8332,9,0.2,0
8333,1,0.2,1
8333,2,0.2,0
8333,11,0.2,0
8333,16,0.2,0
8333,7,0.2,0
8334,1,0.166667,1
8334,2,0.166667,0
8334,11,0.166667,0
8334,14,0.166667,0
8334,16,0.166667,0
8334,19,0.166667,0
8335,1,0.5,1
8335,11,0.5,0
8336,2,0.2,1
8336,5,0.2,0
8336,11,0.2,0
8336,14,0.2,0
8336,19,0.2,0
8337,2,0.333333,1
8337,9,0.333333,0
8337,11,0.333333,0
8338,1,0.333333,1
8338,2,0.333333,0
8338,11,0.333333,0
8339,1,0.2,1
8339,2,0.2,0
8339,11,0.2,0
8339,12,0.2,0
8339,16,0.2,0
8340,2,0.25,1
8340,5,0.25,0
8340,11,0.25,0
8340,16,0.25,0
8341,5,0.333333,1
8341,11,0.333333,0
8341,14,0.333333,0
8342,1,0.166667,1
8342,5,0.166667,0
8342,9,0.166667,0
8342,11,0.166667,0
8342,14,0.166667,0
8342,18,0.166667,0
8343,1,1.0,1
8344,2,0.333333,1
8344,16,0.333333,0
8344,19,0.333333,0
8345,5,0.5,1
8345,11,0.5,0
8346,1,0.333333,1
8346,2,0.333333,0
8346,11,0.333333,0
8347,11,1.0,1
8348,5,1.0,1
8349,2,0.333333,1
8349,11,0.333333,0
8349,14,0.333333,0
8350,5,0.5,1
8350,11,0.5,0
8351,5,0.5,1
8351,11,0.5,0
8352,5,1.0,1
8353,1,0.125,1
8353,2,0.125,0
8353,5,0.125,0
8353,11,0.125,0
8353,14,0.125,0
8353,16,0.125,0
8353,18,0.125,0
8353,19,0.125,0
8354,1,0.333333,1
8354,11,0.333333,0
8354,19,0.333333,0
8355,1,0.2,1
8355,2,0.2,0
8355,11,0.2,0
8355,14,0.2,0
8355,16,0.2,0
8356,11,0.5,1
8356,19,0.5,0
8357,1,0.333333,1
8357,5,0.333333,0
8357,11,0.333333,0
8358,1,0.25,1
8358,5,0.25,0
8358,11,0.25,0
8358,7,0.25,0
8359,11,1.0,1
8360,12,0.2,1
8360,16,0.2,0
8360,18,0.2,0
8360,19,0.2,0
8360,9,0.2,0
8361,1,0.5,1
8361,12,0.5,0
8362,11,1.0,1
8363,2,0.5,1
8363,14,0.5,0
8364,2,0.25,1
8364,5,0.25,0
8364,11,0.25,0
8364,16,0.25,0
8365,1,0.25,1
8365,11,0.25,0
8365,14,0.25,0
8365,19,0.25,0
8366,5,0.25,1
8366,11,0.25,0
8366,16,0.25,0
8366,19,0.25,0
8367,2,0.333333,1
8367,11,0.333333,0
8367,19,0.333333,0
8368,2,0.333333,1
8368,11,0.333333,0
8368,14,0.333333,0
8369,1,0.25,1
8369,2,0.25,0
8369,11,0.25,0
8369,16,0.25,0
8370,1,0.333333,1
8370,2,0.333333,0
8370,19,0.333333,0
8371,5,0.333333,1
8371,11,0.333333,0
8371,16,0.333333,0
8372,1,0.25,1
8372,2,0.25,0
8372,14,0.25,0
8372,7,0.25,0
8373,5,1.0,1
8374,5,0.333333,1
8374,11,0.333333,0
8374,19,0.333333,0
8375,2,1.0,1
8376,1,0.5,1
8376,9,0.5,0
8377,2,0.333333,1
8377,11,0.333333,0
8377,19,0.333333,0
8378,2,0.25,1
8378,11,0.25,0
8378,14,0.25,0
8378,7,0.25,0
8379,2,0.5,1
8379,11,0.5,0
8380,2,0.333333,1
8380,11,0.333333,0
8380,16,0.333333,0
8381,1,0.333333,1
8381,5,0.333333,0
8381,11,0.333333,0
8382,16,0.5,1
8382,19,0.5,0
8383,11,1.0,1
8384,20,1.0,1
8385,1,0.166667,1
8385,2,0.166667,0
8385,11,0.166667,0
8385,14,0.166667,0
8385,16,0.166667,0
8385,19,0.166667,0
8386,11,0.5,1
8386,16,0.5,0
8387,1,0.5,1
8387,11,0.5,0
8388,1,0.333333,1
8388,2,0.333333,0
8388,5,0.333333,0
8389,5,0.25,1
8389,11,0.25,0
8389,16,0.25,0
8389,18,0.25,0
8390,5,0.25,1
8390,11,0.25,0
8390,14,0.25,0
8390,16,0.25,0
8391,5,0.5,1
8391,11,0.5,0
8392,1,0.333333,1
8392,2,0.333333,0
8392,11,0.333333,0
8393,1,0.25,1
8393,2,0.25,0
8393,11,0.25,0
8393,14,0.25,0
8394,2,0.5,1
8394,11,0.5,0
8395,2,0.5,1
8395,11,0.5,0
8396,5,0.2,1
8396,11,0.2,0
8396,16,0.2,0
8396,19,0.2,0
8396,7,0.2,0
8397,1,0.25,1
8397,2,0.25,0
8397,11,0.25,0
8397,14,0.25,0
8398,1,0.5,1
8398,11,0.5,0
8399,1,0.25,1
8399,2,0.25,0
8399,11,0.25,0
8399,14,0.25,0
8400,11,0.333333,1
8400,19,0.333333,0
8400,7,0.333333,0
8401,2,0.25,1
8401,9,0.25,0
8401,11,0.25,0
8401,7,0.25,0
8402,5,0.333333,1
8402,9,0.333333,0
8402,11,0.333333,0
8403,5,0.333333,1
8403,11,0.333333,0
8403,16,0.333333,0
8404,1,0.25,1
8404,5,0.25,0
8404,11,0.25,0
8404,18,0.25,0
8405,11,1.0,1
8406,11,1.0,1
8407,1,0.25,1
8407,2,0.25,0
8407,5,0.25,0
8407,11,0.25,0
8408,1,0.333333,1
8408,2,0.333333,0
8408,11,0.333333,0
8409,1,0.333333,1
8409,2,0.333333,0
8409,11,0.333333,0
8410,9,0.5,1
8410,11,0.5,0
8411,5,1.0,1
8412,1,0.2,1
8412,2,0.2,0
8412,5,0.2,0
8412,11,0.2,0
8412,14,0.2,0
8413,2,0.2,1
8413,5,0.2,0
8413,11,0.2,0
8413,15,0.2,0
8413,16,0.2,0
8414,1,0.333333,1
8414,5,0.333333,0
8414,11,0.333333,0
8415,1,0.333333,1
8415,11,0.333333,0
8415,14,0.333333,0
8416,1,0.25,1
8416,5,0.25,0
8416,11,0.25,0
8416,19,0.25,0
8417,2,0.5,1
8417,11,0.5,0
8418,1,0.25,1
8418,2,0.25,0
8418,11,0.25,0
8418,9,0.25,0
8419,1,0.333333,1
8419,5,0.333333,0
8419,11,0.333333,0
8420,1,0.25,1
8420,5,0.25,0
8420,11,0.25,0
8420,16,0.25,0
8421,2,0.5,1
8421,11,0.5,0
8422,1,1.0,1
8423,5,0.333333,1
8423,11,0.333333,0
8423,15,0.333333,0
8424,2,0.333333,1
8424,5,0.333333,0
8424,11,0.333333,0
8425,11,0.5,1
8425,16,0.5,0
8426,1,1.0,1
8427,1,0.166667,1
8427,2,0.166667,0
8427,5,0.166667,0
8427,11,0.166667,0
8427,14,0.166667,0
8427,19,0.166667,0
8428,1,0.333333,1
8428,2,0.333333,0
8428,11,0.333333,0
8429,5,1.0,1
8430,5,0.25,1
8430,11,0.25,0
8430,15,0.25,0
8430,18,0.25,0
8431,1,1.0,1
8432,1,0.166667,1
8432,2,0.166667,0
8432,11,0.166667,0
8432,14,0.166667,0
8432,16,0.166667,0
8432,19,0.166667,0
8433,1,0.25,1
8433,2,0.25,0
8433,11,0.25,0
8433,14,0.25,0
8434,5,0.333333,1
8434,11,0.333333,0
8434,16,0.333333,0
8435,11,0.5,1
8435,16,0.5,0
8436,1,0.333333,1
8436,2,0.333333,0
8436,11,0.333333,0
8437,11,0.333333,1
8437,16,0.333333,0
8437,19,0.333333,0
8438,2,0.333333,1
8438,5,0.333333,0
8438,11,0.333333,0
8439,2,0.25,1
8439,5,0.25,0
8439,11,0.25,0
8439,14,0.25,0
8440,2,0.5,1
8440,14,0.5,0
8441,1,0.333333,1
8441,2,0.333333,0
8441,11,0.333333,0
8442,2,0.333333,1
8442,9,0.333333,0
8442,11,0.333333,0
8443,5,0.5,1
8443,11,0.5,0
8444,1,0.2,1
8444,9,0.2,0
8444,11,0.2,0
8444,14,0.2,0
8444,16,0.2,0
8445,5,0.5,1
8445,14,0.5,0
8446,1,1.0,1
8447,1,0.333333,1
8447,2,0.333333,0
8447,11,0.333333,0
8448,2,0.25,1
8448,11,0.25,0
8448,14,0.25,0
8448,16,0.25,0
8449,1,0.142857,1
8449,5,0.142857,0
8449,11,0.142857,0
8449,12,0.142857,0
8449,15,0.142857,0
8449,16,0.142857,0
8449,18,0.142857,0
8450,1,0.333333,1
8450,5,0.333333,0
8450,11,0.333333,0
8451,5,0.333333,1
8451,11,0.333333,0
8451,19,0.333333,0
8452,5,0.25,1
8452,9,0.25,0
8452,11,0.25,0
8452,19,0.25,0
8453,5,1.0,1
8454,19,1.0,1
8455,16,0.333333,1
8455,18,0.333333,0
8455,19,0.333333,0
8456,1,0.2,1
8456,2,0.2,0
8456,5,0.2,0
8456,11,0.2,0
8456,14,0.2,0
8457,1,0.25,1
8457,2,0.25,0
8457,11,0.25,0
8457,14,0.25,0
8458,5,1.0,1
8459,2,0.5,1
8459,11,0.5,0
8460,5,0.333333,1
8460,11,0.333333,0
8460,16,0.333333,0
8461,2,0.5,1
8461,11,0.5,0
8462,9,1.0,1
8463,5,0.333333,1
8463,11,0.333333,0
8463,16,0.333333,0
8464,2,0.25,1
8464,5,0.25,0
8464,11,0.25,0
8464,7,0.25,0
8465,11,0.5,1
8465,14,0.5,0
8466,14,1.0,1
8467,9,0.333333,1
8467,11,0.333333,0
8467,19,0.333333,0
8468,19,1.0,1
8469,2,0.333333,1
8469,5,0.333333,0
8469,16,0.333333,0
8470,1,0.142857,1
8470,2,0.142857,0
8470,5,0.142857,0
8470,11,0.142857,0
8470,14,0.142857,0
8470,19,0.142857,0
8470,7,0.142857,0
8471,11,0.333333,1
8471,14,0.333333,0
8471,19,0.333333,0
8472,2,0.5,1
8472,11,0.5,0
8473,1,0.25,1
8473,11,0.25,0
8473,15,0.25,0
8473,7,0.25,0
8474,11,1.0,1
8475,2,0.5,1
8475,11,0.5,0
8476,1,0.333333,1
8476,2,0.333333,0
8476,11,0.333333,0
8477,2,1.0,1
8478,2,0.333333,1
8478,5,0.333333,0
8478,11,0.333333,0
8479,1,0.2,1
8479,2,0.2,0
8479,5,0.2,0
8479,11,0.2,0
8479,16,0.2,0
8480,5,1.0,1
8481,1,0.25,1
8481,11,0.25,0
8481,16,0.25,0
8481,19,0.25,0
8482,5,0.333333,1
8482,11,0.333333,0
8482,19,0.333333,0
8483,1,0.25,1
8483,2,0.25,0
8483,11,0.25,0
8483,16,0.25,0
8484,1,0.333333,1
8484,5,0.333333,0
8484,11,0.333333,0
8485,11,1.0,1
8486,2,0.25,1
8486,14,0.25,0
8486,16,0.25,0
8486,19,0.25,0
8487,2,0.25,1
8487,5,0.25,0
8487,11,0.25,0
8487,16,0.25,0
8488,11,1.0,1
8489,1,0.333333,1
8489,2,0.333333,0
8489,11,0.333333,0
8490,1,0.333333,1
8490,2,0.333333,0
8490,11,0.333333,0
8491,1,0.25,1
8491,2,0.25,0
8491,5,0.25,0
8491,11,0.25,0
8492,1,0.166667,1
8492,2,0.166667,0
8492,5,0.166667,0
8492,11,0.166667,0
8492,14,0.166667,0
8492,19,0.166667,0
8493,5,0.5,1
8493,9,0.5,0
8494,1,0.333333,1
8494,2,0.333333,0
8494,11,0.333333,0
8495,1,0.2,1
8495,2,0.2,0
8495,11,0.2,0
8495,14,0.2,0
8495,7,0.2,0
8496,5,0.5,1
8496,11,0.5,0
8497,11,0.333333,1
8497,14,0.333333,0
8497,7,0.333333,0
8498,2,0.5,1
8498,11,0.5,0
8499,5,0.5,1
8499,11,0.5,0
8500,2,0.5,1
8500,11,0.5,0
8501,1,0.333333,1
8501,11,0.333333,0
8501,14,0.333333,0
8502,9,0.25,1
8502,11,0.25,0
8502,19,0.25,0
8502,7,0.25,0
8503,1,0.333333,1
8503,9,0.333333,0
8503,11,0.333333,0
8504,5,0.5,1
8504,11,0.5,0
8505,1,0.333333,1
8505,2,0.333333,0
8505,11,0.333333,0
8506,1,0.166667,1
8506,2,0.166667,0
8506,11,0.166667,0
8506,14,0.166667,0
8506,16,0.166667,0
8506,18,0.166667,0
8507,2,0.333333,1
8507,11,0.333333,0
8507,16,0.333333,0
8508,11,0.5,1
8508,16,0.5,0
8509,11,0.333333,1
8509,16,0.333333,0
8509,19,0.333333,0
8510,5,0.25,1
8510,11,0.25,0
8510,16,0.25,0
8510,19,0.25,0
8511,5,0.333333,1
8511,11,0.333333,0
8511,19,0.333333,0
8512,11,0.333333,1
8512,19,0.333333,0
8512,7,0.333333,0
8513,11,0.5,1
8513,19,0.5,0
8514,1,0.5,1
8514,11,0.5,0
8515,2,0.333333,1
8515,5,0.333333,0
8515,11,0.333333,0
8516,11,1.0,1
8517,5,0.2,1
8517,11,0.2,0
8517,15,0.2,0
8517,16,0.2,0
8517,18,0.2,0
8518,1,0.25,1
8518,2,0.25,0
8518,5,0.25,0
8518,11,0.25,0
8519,2,0.5,1
8519,11,0.5,0
8520,5,0.5,1
8520,11,0.5,0
8521,2,0.333333,1
8521,5,0.333333,0
8521,19,0.333333,0
8522,1,0.333333,1
8522,5,0.333333,0
8522,11,0.333333,0
8523,1,0.5,1
8523,11,0.5,0
8524,19,1.0,1
8525,1,0.333333,1
8525,2,0.333333,0
8525,11,0.333333,0
8526,2,0.333333,1
8526,5,0.333333,0
8526,11,0.333333,0
8527,1,0.25,1
8527,2,0.25,0
8527,11,0.25,0
8527,16,0.25,0
8528,1,0.25,1
8528,2,0.25,0
8528,11,0.25,0
8528,16,0.25,0
8529,1,1.0,1
8530,1,0.2,1
8530,2,0.2,0
8530,11,0.2,0
8530,14,0.2,0
8530,7,0.2,0
8531,1,0.5,1
8531,11,0.5,0
8532,2,0.333333,1
8532,5,0.333333,0
8532,11,0.333333,0
8533,1,0.5,1
8533,11,0.5,0
8534,11,0.333333,1
8534,16,0.333333,0
8534,19,0.333333,0
8535,2,1.0,1
8536,1,0.5,1
8536,11,0.5,0
8537,2,0.5,1
8537,11,0.5,0
8538,5,0.333333,1
8538,11,0.333333,0
8538,19,0.333333,0
8539,5,0.333333,1
8539,11,0.333333,0
8539,16,0.333333,0
8540,1,0.2,1
8540,2,0.2,0
8540,5,0.2,0
8540,11,0.2,0
8540,16,0.2,0
8541,1,1.0,1
8542,2,0.5,1
8542,11,0.5,0
8543,11,0.25,1
8543,16,0.25,0
8543,19,0.25,0
8543,7,0.25,0
8544,1,1.0,1
8545,11,0.25,1
8545,14,0.25,0
8545,16,0.25,0
8545,19,0.25,0
8546,5,0.2,1
8546,11,0.2,0
8546,16,0.2,0
8546,18,0.2,0
8546,7,0.2,0
8547,1,0.25,1
8547,5,0.25,0
8547,9,0.25,0
8547,11,0.25,0
8548,2,0.333333,1
8548,9,0.333333,0
8548,11,0.333333,0
8549,2,0.166667,1
8549,5,0.166667,0
8549,11,0.166667,0
8549,14,0.166667,0
8549,16,0.166667,0
8549,19,0.166667,0
8550,1,0.5,1
8550,11,0.5,0
8551,11,1.0,1
8552,1,0.166667,1
8552,2,0.166667,0
8552,5,0.166667,0
8552,11,0.166667,0
8552,16,0.166667,0
8552,19,0.166667,0
8553,1,0.25,1
8553,11,0.25,0
8553,15,0.25,0
8553,18,0.25,0
8554,1,0.25,1
8554,2,0.25,0
8554,11,0.25,0
8554,7,0.25,0
8555,1,0.2,1
8555,2,0.2,0
8555,5,0.2,0
8555,14,0.2,0
8555,19,0.2,0
8556,2,0.25,1
8556,5,0.25,0
8556,14,0.25,0
8556,19,0.25,0
8557,11,0.25,1
8557,16,0.25,0
8557,19,0.25,0
8557,9,0.25,0
8558,1,0.2,1
8558,2,0.2,0
8558,5,0.2,0
8558,11,0.2,0
8558,16,0.2,0
8559,2,0.5,1
8559,11,0.5,0
8560,15,1.0,1
8561,5,1.0,1
8562,1,0.2,1
8562,5,0.2,0
8562,11,0.2,0
8562,14,0.2,0
8562,16,0.2,0
8563,1,0.25,1
8563,11,0.25,0
8563,16,0.25,0
8563,18,0.25,0
8564,2,0.166667,1
8564,5,0.166667,0
8564,11,0.166667,0
8564,14,0.166667,0
8564,16,0.166667,0
8564,19,0.166667,0
8565,5,0.25,1
8565,11,0.25,0
8565,19,0.25,0
8565,7,0.25,0
8566,1,0.333333,1
8566,2,0.333333,0
8566,11,0.333333,0
8567,2,0.25,1
8567,5,0.25,0
8567,11,0.25,0
8567,19,0.25,0
8568,1,0.5,1
8568,11,0.5,0
8569,16,1.0,1
8570,1,0.25,1
8570,11,0.25,0
8570,16,0.25,0
8570,19,0.25,0
8571,1,0.5,1
8571,11,0.5,0
8572,1,0.25,1
8572,2,0.25,0
8572,14,0.25,0
8572,16,0.25,0
8573,1,0.25,1
8573,2,0.25,0
8573,5,0.25,0
8573,11,0.25,0
8574,2,0.5,1
8574,11,0.5,0
8575,5,1.0,1
8576,11,1.0,1
8577,1,0.333333,1
8577,5,0.333333,0
8577,11,0.333333,0
8578,5,0.25,1
8578,9,0.25,0
8578,11,0.25,0
8578,16,0.25,0
8579,1,0.25,1
8579,2,0.25,0
8579,16,0.25,0
8579,19,0.25,0
8580,11,0.333333,1
8580,12,0.333333,0
8580,14,0.333333,0
8581,19,1.0,1
8582,1,0.5,1
8582,11,0.5,0
8583,2,0.333333,1
8583,5,0.333333,0
8583,11,0.333333,0
8584,1,0.333333,1
8584,2,0.333333,0
8584,11,0.333333,0
8585,1,0.5,1
8585,11,0.5,0
8586,1,0.333333,1
8586,2,0.333333,0
8586,11,0.333333,0
8587,5,0.2,1
8587,11,0.2,0
8587,16,0.2,0
8587,19,0.2,0
8587,7,0.2,0
8588,1,0.2,1
8588,12,0.2,0
8588,15,0.2,0
8588,16,0.2,0
8588,18,0.2,0
8589,5,0.333333,1
8589,19,0.333333,0
8589,9,0.333333,0
8590,1,0.25,1
8590,2,0.25,0
8590,5,0.25,0
8590,11,0.25,0
8591,1,0.166667,1
8591,2,0.166667,0
8591,9,0.166667,0
8591,11,0.166667,0
8591,14,0.166667,0
8591,7,0.166667,0
8592,2,0.2,1
8592,5,0.2,0
8592,11,0.2,0
8592,16,0.2,0
8592,19,0.2,0
8593,5,0.333333,1
8593,11,0.333333,0
8593,19,0.333333,0
8594,2,0.333333,1
8594,5,0.333333,0
8594,11,0.333333,0
8595,1,0.25,1
8595,2,0.25,0
8595,5,0.25,0
8595,11,0.25,0
8596,11,0.333333,1
8596,14,0.333333,0
8596,16,0.333333,0
8597,5,1.0,1
8598,1,0.5,1
8598,5,0.5,0
8599,5,1.0,1
8600,5,0.25,1
8600,11,0.25,0
8600,16,0.25,0
8600,18,0.25,0
8601,2,0.333333,1
8601,11,0.333333,0
8601,14,0.333333,0
8602,1,0.25,1
8602,11,0.25,0
8602,14,0.25,0
8602,7,0.25,0
8603,1,0.25,1
8603,15,0.25,0
8603,16,0.25,0
8603,18,0.25,0
8604,1,1.0,1
8605,1,0.333333,1
8605,11,0.333333,0
8605,7,0.333333,0
8606,1,0.142857,1
8606,2,0.142857,0
8606,5,0.142857,0
8606,11,0.142857,0
8606,14,0.142857,0
8606,16,0.142857,0
8606,19,0.142857,0
8607,18,1.0,1
8608,2,0.25,1
8608,5,0.25,0
8608,11,0.25,0
8608,19,0.25,0
8609,5,0.333333,1
8609,11,0.333333,0
8609,19,0.333333,0
8610,5,0.5,1
8610,9,0.5,0
8611,1,0.333333,1
8611,2,0.333333,0
8611,11,0.333333,0
8612,1,0.25,1
8612,2,0.25,0
8612,12,0.25,0
8612,14,0.25,0
8613,2,0.5,1
8613,11,0.5,0
8614,1,0.333333,1
8614,11,0.333333,0
8614,16,0.333333,0
8615,1,0.333333,1
8615,2,0.333333,0
8615,11,0.333333,0
8616,1,0.333333,1
8616,16,0.333333,0
8616,19,0.333333,0
8617,2,0.2,1
8617,5,0.2,0
8617,11,0.2,0
8617,14,0.2,0
8617,19,0.2,0
8618,1,0.333333,1
8618,9,0.333333,0
8618,11,0.333333,0
8619,5,0.333333,1
8619,11,0.333333,0
8619,9,0.333333,0
8620,5,0.5,1
8620,16,0.5,0
8621,1,0.25,1
8621,2,0.25,0
8621,9,0.25,0
8621,11,0.25,0
8622,1,1.0,1
8623,1,0.5,1
8623,11,0.5,0
8624,1,0.25,1
8624,5,0.25,0
8624,11,0.25,0
8624,14,0.25,0
8625,2,0.2,1
8625,5,0.2,0
8625,11,0.2,0
8625,14,0.2,0
8625,7,0.2,0
8626,2,0.5,1
8626,7,0.5,0
8627,1,0.2,1
8627,2,0.2,0
8627,5,0.2,0
8627,11,0.2,0
8627,16,0.2,0
8628,1,0.166667,1
8628,2,0.166667,0
8628,5,0.166667,0
8628,11,0.166667,0
8628,14,0.166667,0
8628,16,0.166667,0
8629,2,0.333333,1
8629,11,0.333333,0
8629,14,0.333333,0
8630,5,0.5,1
8630,11,0.5,0
8631,1,0.333333,1
8631,2,0.333333,0
8631,11,0.333333,0
8632,5,0.333333,1
8632,11,0.333333,0
8632,16,0.333333,0
8633,5,0.333333,1
8633,16,0.333333,0
8633,19,0.333333,0
8634,11,1.0,1
8635,5,0.5,1
8635,11,0.5,0
8636,2,0.333333,1
8636,11,0.333333,0
8636,16,0.333333,0
8637,1,0.333333,1
8637,2,0.333333,0
8637,11,0.333333,0
8638,2,0.25,1
8638,5,0.25,0
8638,11,0.25,0
8638,16,0.25,0
8639,1,0.2,1
8639,5,0.2,0
8639,11,0.2,0
8639,15,0.2,0
8639,18,0.2,0
8640,5,0.5,1
8640,11,0.5,0
8641,11,0.333333,1
8641,16,0.333333,0
8641,18,0.333333,0
8642,11,1.0,1
8643,2,0.5,1
8643,16,0.5,0
8644,5,0.333333,1
8644,11,0.333333,0
8644,16,0.333333,0
8645,1,0.2,1
8645,2,0.2,0
8645,11,0.2,0
8645,14,0.2,0
8645,16,0.2,0
8646,1,0.5,1
8646,2,0.5,0
8647,1,0.25,1
8647,12,0.25,0
8647,16,0.25,0
8647,7,0.25,0
8648,5,0.333333,1
8648,11,0.333333,0
8648,16,0.333333,0
8649,1,0.2,1
8649,2,0.2,0
8649,11,0.2,0
8649,14,0.2,0
8649,7,0.2,0
8650,11,0.5,1
8650,16,0.5,0
8651,2,1.0,1
8652,1,0.2,1
8652,11,0.2,0
8652,14,0.2,0
8652,19,0.2,0
8652,7,0.2,0
8653,14,0.5,1
8653,16,0.5,0
8654,1,0.333333,1
8654,2,0.333333,0
8654,11,0.333333,0
8655,2,0.25,1
8655,5,0.25,0
8655,11,0.25,0
8655,9,0.25,0
8656,2,0.5,1
8656,11,0.5,0
8657,2,0.333333,1
8657,11,0.333333,0
8657,7,0.333333,0
8658,5,0.5,1
8658,11,0.5,0
8659,5,1.0,1
8660,2,0.5,1
8660,11,0.5,0
8661,1,0.166667,1
8661,2,0.166667,0
8661,5,0.166667,0
8661,11,0.166667,0
8661,14,0.166667,0
8661,16,0.166667,0
8662,1,0.333333,1
8662,5,0.333333,0
8662,11,0.333333,0
8663,1,0.166667,1
8663,2,0.166667,0
8663,5,0.166667,0
8663,11,0.166667,0
8663,16,0.166667,0
8663,18,0.166667,0
8664,5,0.25,1
8664,11,0.25,0
8664,16,0.25,0
8664,7,0.25,0
8665,1,0.25,1
8665,2,0.25,0
8665,11,0.25,0
8665,14,0.25,0
8666,5,1.0,1
8667,1,0.25,1
8667,11,0.25,0
8667,19,0.25,0
8667,7,0.25,0
8668,5,0.333333,1
8668,11,0.333333,0
8668,16,0.333333,0
8669,1,0.25,1
8669,2,0.25,0
8669,11,0.25,0
8669,7,0.25,0
8670,1,0.125,1
8670,2,0.125,0
8670,5,0.125,0
8670,11,0.125,0
8670,12,0.125,0
8670,16,0.125,0
8670,19,0.125,0
8670,7,0.125,0
8671,2,1.0,1
8672,5,0.5,1
8672,11,0.5,0
8673,5,0.333333,1
8673,16,0.333333,0
8673,19,0.333333,0
8674,20,1.0,1
8675,1,0.5,1
8675,11,0.5,0
8676,1,0.5,1
8676,11,0.5,0
8677,1,0.166667,1
8677,2,0.166667,0
8677,9,0.166667,0
8677,11,0.166667,0
8677,19,0.166667,0
8677,7,0.166667,0
8678,1,0.2,1
8678,2,0.2,0
8678,5,0.2,0
8678,11,0.2,0
8678,19,0.2,0
8679,1,0.5,1
8679,2,0.5,0
8680,11,0.5,1
8680,16,0.5,0
8681,11,0.333333,1
8681,16,0.333333,0
8681,19,0.333333,0
8682,11,0.333333,1
8682,16,0.333333,0
8682,19,0.333333,0
8683,11,0.333333,1
8683,15,0.333333,0
8683,18,0.333333,0
8684,1,0.142857,1
8684,2,0.142857,0
8684,5,0.142857,0
8684,11,0.142857,0
8684,14,0.142857,0
8684,16,0.142857,0
8684,19,0.142857,0
8685,14,1.0,1
8686,1,0.25,1
8686,5,0.25,0
8686,11,0.25,0
8686,19,0.25,0
8687,2,0.333333,1
8687,11,0.333333,0
8687,16,0.333333,0
8688,1,0.2,1
8688,2,0.2,0
8688,5,0.2,0
8688,9,0.2,0
8688,11,0.2,0
8689,11,1.0,1
8690,5,1.0,1
8691,5,0.25,1
8691,16,0.25,0
8691,18,0.25,0
8691,19,0.25,0
8692,1,0.125,1
8692,2,0.125,0
8692,5,0.125,0
8692,11,0.125,0
8692,12,0.125,0
8692,14,0.125,0
8692,16,0.125,0
8692,19,0.125,0
8693,2,0.333333,1
8693,5,0.333333,0
8693,14,0.333333,0
8694,14,1.0,1
8695,2,0.333333,1
8695,5,0.333333,0
8695,11,0.333333,0
8696,1,0.5,1
8696,11,0.5,0
8697,5,1.0,1
8698,2,0.333333,1
8698,5,0.333333,0
8698,11,0.333333,0
8699,1,0.2,1
8699,9,0.2,0
8699,11,0.2,0
8699,15,0.2,0
8699,7,0.2,0
8700,11,0.5,1
8700,16,0.5,0
8701,1,0.333333,1
8701,2,0.333333,0
8701,18,0.333333,0
8702,5,0.5,1
8702,11,0.5,0
8703,5,0.5,1
8703,11,0.5,0
8704,1,0.5,1
8704,2,0.5,0
8705,5,0.5,1
8705,19,0.5,0
8706,19,1.0,1
8707,1,0.333333,1
8707,5,0.333333,0
8707,11,0.333333,0
8708,5,1.0,1
8709,1,0.166667,1
8709,2,0.166667,0
8709,11,0.166667,0
8709,14,0.166667,0
8709,19,0.166667,0
8709,7,0.166667,0
8710,1,0.333333,1
8710,9,0.333333,0
8710,12,0.333333,0
8711,1,0.25,1
8711,11,0.25,0
8711,19,0.25,0
8711,7,0.25,0
8712,5,0.5,1
8712,11,0.5,0
8713,11,0.25,1
8713,12,0.25,0
8713,16,0.25,0
8713,18,0.25,0
8714,2,0.25,1
8714,5,0.25,0
8714,11,0.25,0
8714,14,0.25,0
8715,1,0.25,1
8715,5,0.25,0
8715,11,0.25,0
8715,19,0.25,0
8716,1,0.166667,1
8716,2,0.166667,0
8716,5,0.166667,0
8716,11,0.166667,0
8716,14,0.166667,0
8716,7,0.166667,0
8717,5,0.5,1
8717,11,0.5,0
8718,5,0.5,1
8718,11,0.5,0
8719,2,0.5,1
8719,11,0.5,0
8720,1,0.25,1
8720,2,0.25,0
8720,14,0.25,0
8720,19,0.25,0
8721,5,0.25,1
8721,9,0.25,0
8721,16,0.25,0
8721,18,0.25,0
8722,5,0.333333,1
8722,11,0.333333,0
8722,19,0.333333,0
8723,5,0.333333,1
8723,11,0.333333,0
8723,19,0.333333,0
8724,5,0.2,1
8724,11,0.2,0
8724,16,0.2,0
8724,19,0.2,0
8724,9,0.2,0
8725,1,0.333333,1
8725,15,0.333333,0
8725,18,0.333333,0
8726,1,0.5,1
8726,5,0.5,0
8727,5,0.5,1
8727,11,0.5,0
8728,2,0.2,1
8728,5,0.2,0
8728,11,0.2,0
8728,14,0.2,0
8728,19,0.2,0
8729,5,1.0,1
8730,2,0.25,1
8730,5,0.25,0
8730,11,0.25,0
8730,14,0.25,0
8731,2,0.333333,1
8731,5,0.333333,0
8731,16,0.333333,0
8732,1,0.5,1
8732,7,0.5,0
8733,1,0.333333,1
8733,2,0.333333,0
8733,11,0.333333,0
8734,1,0.5,1
8734,11,0.5,0
8735,1,0.2,1
8735,9,0.2,0
8735,11,0.2,0
8735,19,0.2,0
8735,7,0.2,0
8736,2,0.25,1
8736,5,0.25,0
8736,11,0.25,0
8736,14,0.25,0
8737,5,0.5,1
8737,11,0.5,0
8738,1,0.142857,1
8738,2,0.142857,0
8738,5,0.142857,0
8738,11,0.142857,0
8738,14,0.142857,0
8738,19,0.142857,0
8738,7,0.142857,0
8739,1,0.25,1
8739,2,0.25,0
8739,5,0.25,0
8739,11,0.25,0
8740,2,0.5,1
8740,11,0.5,0
8741,1,0.142857,1
8741,2,0.142857,0
8741,5,0.142857,0
8741,11,0.142857,0
8741,14,0.142857,0
8741,19,0.142857,0
8741,7,0.142857,0
8742,1,0.333333,1
8742,5,0.333333,0
8742,11,0.333333,0
8743,5,0.5,1
8743,11,0.5,0
8744,11,0.5,1
8744,14,0.5,0
8745,11,0.333333,1
8745,14,0.333333,0
8745,19,0.333333,0
8746,1,0.25,1
8746,5,0.25,0
8746,11,0.25,0
8746,9,0.25,0
8747,2,0.333333,1
8747,5,0.333333,0
8747,11,0.333333,0
8748,5,0.25,1
8748,11,0.25,0
8748,16,0.25,0
8748,19,0.25,0
8749,2,0.2,1
8749,5,0.2,0
8749,9,0.2,0
8749,11,0.2,0
8749,16,0.2,0
8750,2,0.166667,1
8750,5,0.166667,0
8750,11,0.166667,0
8750,14,0.166667,0
8750,16,0.166667,0
8750,7,0.166667,0
8751,1,0.333333,1
8751,2,0.333333,0
8751,11,0.333333,0
8752,1,0.333333,1
8752,2,0.333333,0
8752,11,0.333333,0
8753,5,0.5,1
8753,20,0.5,0
8754,5,0.5,1
8754,15,0.5,0
8755,11,1.0,1
8756,1,0.333333,1
8756,9,0.333333,0
8756,11,0.333333,0
8757,5,0.5,1
8757,11,0.5,0
8758,16,0.5,1
8758,7,0.5,0
8759,1,0.333333,1
8759,5,0.333333,0
8759,11,0.333333,0
8760,1,0.333333,1
8760,14,0.333333,0
8760,16,0.333333,0
8761,11,1.0,1
8762,1,0.142857,1
8762,2,0.142857,0
8762,5,0.142857,0
8762,11,0.142857,0
8762,15,0.142857,0
8762,16,0.142857,0
8762,18,0.142857,0
8763,19,1.0,1
8764,11,1.0,1
8765,5,0.333333,1
8765,11,0.333333,0
8765,19,0.333333,0
8766,5,0.25,1
8766,11,0.25,0
8766,19,0.25,0
8766,7,0.25,0
8767,1,0.333333,1
8767,2,0.333333,0
8767,11,0.333333,0
8768,1,0.333333,1
8768,2,0.333333,0
8768,11,0.333333,0
8769,5,0.5,1
8769,16,0.5,0
8770,1,0.5,1
8770,11,0.5,0
8771,2,1.0,1
8772,1,0.166667,1
8772,2,0.166667,0
8772,11,0.166667,0
8772,14,0.166667,0
8772,16,0.166667,0
8772,19,0.166667,0
8773,1,0.2,1
8773,2,0.2,0
8773,11,0.2,0
8773,12,0.2,0
8773,14,0.2,0
8774,2,0.333333,1
8774,16,0.333333,0
8774,19,0.333333,0
8775,1,0.5,1
8775,11,0.5,0
8776,11,1.0,1
8777,1,0.25,1
8777,2,0.25,0
8777,11,0.25,0
8777,7,0.25,0
8778,2,0.25,1
8778,5,0.25,0
8778,11,0.25,0
8778,16,0.25,0
8779,1,0.25,1
8779,5,0.25,0
8779,9,0.25,0
8779,11,0.25,0
8780,5,0.5,1
8780,11,0.5,0
8781,1,0.333333,1
8781,11,0.333333,0
8781,19,0.333333,0
8782,1,0.2,1
8782,2,0.2,0
8782,11,0.2,0
8782,16,0.2,0
8782,9,0.2,0
8783,1,0.333333,1
8783,2,0.333333,0
8783,11,0.333333,0
8784,1,0.25,1
8784,5,0.25,0
8784,11,0.25,0
8784,19,0.25,0
8785,11,1.0,1
8786,1,0.333333,1
8786,2,0.333333,0
8786,11,0.333333,0
8787,2,0.333333,1
8787,5,0.333333,0
8787,11,0.333333,0
8788,5,0.333333,1
8788,11,0.333333,0
8788,19,0.333333,0
8789,2,0.25,1
8789,5,0.25,0
8789,11,0.25,0
8789,14,0.25,0
8790,11,1.0,1
8791,1,0.2,1
8791,2,0.2,0
8791,5,0.2,0
8791,11,0.2,0
8791,16,0.2,0
8792,1,0.2,1
8792,2,0.2,0
8792,11,0.2,0
8792,14,0.2,0
8792,16,0.2,0
8793,2,0.2,1
8793,5,0.2,0
8793,11,0.2,0
8793,14,0.2,0
8793,19,0.2,0
8794,5,0.333333,1
8794,11,0.333333,0
8794,16,0.333333,0
8795,1,0.333333,1
8795,2,0.333333,0
8795,19,0.333333,0
8796,14,0.5,1
8796,19,0.5,0
8797,5,0.333333,1
8797,11,0.333333,0
8797,16,0.333333,0
8798,5,0.5,1
8798,11,0.5,0
8799,1,0.2,1
8799,2,0.2,0
8799,5,0.2,0
8799,11,0.2,0
8799,19,0.2,0
8800,5,0.333333,1
8800,11,0.333333,0
8800,16,0.333333,0
8801,5,0.25,1
8801,11,0.25,0
8801,16,0.25,0
8801,7,0.25,0
8802,1,0.25,1
8802,2,0.25,0
8802,11,0.25,0
8802,16,0.25,0
8803,2,0.333333,1
8803,11,0.333333,0
8803,14,0.333333,0
8804,11,0.333333,1
8804,14,0.333333,0
8804,19,0.333333,0
8805,1,0.25,1
8805,5,0.25,0
8805,9,0.25,0
8805,16,0.25,0
8806,1,0.166667,1
8806,11,0.166667,0
8806,12,0.166667,0
8806,16,0.166667,0
8806,18,0.166667,0
8806,7,0.166667,0
8807,9,0.333333,1
8807,11,0.333333,0
8807,16,0.333333,0
8808,1,0.25,1
8808,5,0.25,0
8808,11,0.25,0
8808,7,0.25,0
8809,1,0.2,1
8809,2,0.2,0
8809,5,0.2,0
8809,11,0.2,0
8809,16,0.2,0
8810,2,0.25,1
8810,9,0.25,0
8810,11,0.25,0
8810,19,0.25,0
8811,5,0.2,1
8811,11,0.2,0
8811,12,0.2,0
8811,14,0.2,0
8811,19,0.2,0
8812,2,0.142857,1
8812,5,0.142857,0
8812,9,0.142857,0
8812,11,0.142857,0
8812,14,0.142857,0
8812,16,0.142857,0
8812,19,0.142857,0
8813,1,0.5,1
8813,11,0.5,0
8814,2,0.5,1
8814,5,0.5,0
8815,1,0.2,1
8815,2,0.2,0
8815,5,0.2,0
8815,11,0.2,0
8815,16,0.2,0
8816,1,0.25,1
8816,5,0.25,0
8816,11,0.25,0
8816,18,0.25,0
8817,1,0.25,1
8817,2,0.25,0
8817,5,0.25,0
8817,11,0.25,0
8818,5,0.333333,1
8818,11,0.333333,0
8818,19,0.333333,0
8819,1,0.2,1
8819,2,0.2,0
8819,11,0.2,0
8819,14,0.2,0
8819,16,0.2,0
8820,1,0.166667,1
8820,2,0.166667,0
8820,5,0.166667,0
8820,11,0.166667,0
8820,16,0.166667,0
8820,19,0.166667,0
8821,19,1.0,1
8822,2,0.5,1
8822,14,0.5,0
8823,1,0.333333,1
8823,5,0.333333,0
8823,11,0.333333,0
8824,1,0.25,1
8824,2,0.25,0
8824,11,0.25,0
8824,14,0.25,0
8825,2,1.0,1
8826,11,1.0,1
8827,1,0.333333,1
8827,5,0.333333,0
8827,11,0.333333,0
8828,1,0.25,1
8828,2,0.25,0
8828,5,0.25,0
8828,11,0.25,0
8829,5,0.25,1
8829,11,0.25,0
8829,14,0.25,0
8829,16,0.25,0
8830,11,1.0,1
8831,2,0.333333,1
8831,11,0.333333,0
8831,19,0.333333,0
8832,5,0.333333,1
8832,11,0.333333,0
8832,9,0.333333,0
8833,2,0.166667,1
8833,5,0.166667,0
8833,11,0.166667,0
8833,14,0.166667,0
8833,19,0.166667,0
8833,7,0.166667,0
8834,1,0.333333,1
8834,2,0.333333,0
8834,11,0.333333,0
8835,2,0.5,1
8835,5,0.5,0
8836,5,0.333333,1
8836,9,0.333333,0
8836,12,0.333333,0
8837,1,0.333333,1
8837,11,0.333333,0
8837,7,0.333333,0
8838,5,0.5,1
8838,11,0.5,0
8839,5,1.0,1
8840,1,0.5,1
8840,11,0.5,0
8841,2,0.333333,1
8841,11,0.333333,0
8841,14,0.333333,0
8842,1,0.2,1
8842,5,0.2,0
8842,11,0.2,0
8842,14,0.2,0
8842,7,0.2,0
8843,11,0.333333,1
8843,16,0.333333,0
8843,7,0.333333,0
8844,5,1.0,1
8845,2,0.2,1
8845,5,0.2,0
8845,11,0.2,0
8845,14,0.2,0
8845,19,0.2,0
8846,5,0.25,1
8846,11,0.25,0
8846,16,0.25,0
8846,7,0.25,0
8847,1,0.333333,1
8847,2,0.333333,0
8847,11,0.333333,0
8848,1,1.0,1
8849,11,0.333333,1
8849,12,0.333333,0
8849,14,0.333333,0
8850,1,1.0,1
8851,5,1.0,1
8852,5,0.333333,1
8852,11,0.333333,0
8852,16,0.333333,0
8853,2,0.333333,1
8853,11,0.333333,0
8853,7,0.333333,0
8854,5,0.333333,1
8854,11,0.333333,0
8854,19,0.333333,0
8855,5,0.25,1
8855,11,0.25,0
8855,16,0.25,0
8855,19,0.25,0
8856,5,0.2,1
8856,11,0.2,0
8856,14,0.2,0
8856,16,0.2,0
8856,19,0.2,0
8857,1,0.333333,1
8857,11,0.333333,0
8857,15,0.333333,0
8858,1,0.25,1
8858,2,0.25,0
8858,11,0.25,0
8858,16,0.25,0
8859,5,0.25,1
8859,11,0.25,0
8859,16,0.25,0
8859,19,0.25,0
8860,2,0.2,1
8860,5,0.2,0
8860,11,0.2,0
8860,16,0.2,0
8860,19,0.2,0
8861,11,0.333333,1
8861,15,0.333333,0
8861,16,0.333333,0
8862,1,0.333333,1
8862,11,0.333333,0
8862,7,0.333333,0
8863,9,0.5,1
8863,11,0.5,0
8864,5,0.5,1
8864,11,0.5,0
8865,5,0.5,1
8865,11,0.5,0
8866,1,0.25,1
8866,2,0.25,0
8866,5,0.25,0
8866,11,0.25,0
8867,1,1.0,1
8868,11,0.25,1
8868,12,0.25,0
8868,14,0.25,0
8868,9,0.25,0
8869,1,0.166667,1
8869,2,0.166667,0
8869,5,0.166667,0
8869,11,0.166667,0
8869,14,0.166667,0
8869,16,0.166667,0
8870,2,0.333333,1
8870,5,0.333333,0
8870,11,0.333333,0
8871,1,0.5,1
8871,15,0.5,0
8872,5,0.5,1
8872,18,0.5,0
8873,1,0.25,1
8873,2,0.25,0
8873,11,0.25,0
8873,16,0.25,0
8874,5,0.25,1
8874,11,0.25,0
8874,16,0.25,0
8874,19,0.25,0
8875,16,1.0,1
8876,5,0.5,1
8876,11,0.5,0
8877,5,0.2,1
8877,11,0.2,0
8877,15,0.2,0
8877,16,0.2,0
8877,18,0.2,0
8878,1,0.2,1
8878,2,0.2,0
8878,5,0.2,0
8878,11,0.2,0
8878,16,0.2,0
8879,1,0.333333,1
8879,2,0.333333,0
8879,11,0.333333,0
8880,2,1.0,1
8881,1,0.333333,1
8881,11,0.333333,0
8881,19,0.333333,0
8882,11,1.0,1
8883,1,0.333333,1
8883,2,0.333333,0
8883,11,0.333333,0
8884,2,0.5,1
8884,11,0.5,0
8885,2,0.5,1
8885,11,0.5,0
8886,1,0.2,1
8886,2,0.2,0
8886,11,0.2,0
8886,16,0.2,0
8886,9,0.2,0
8887,2,0.333333,1
8887,11,0.333333,0
8887,14,0.333333,0
8888,1,0.5,1
8888,11,0.5,0
8889,1,0.333333,1
8889,2,0.333333,0
8889,11,0.333333,0
8890,1,0.25,1
8890,2,0.25,0
8890,11,0.25,0
8890,14,0.25,0
8891,11,1.0,1
8892,1,0.333333,1
8892,2,0.333333,0
8892,11,0.333333,0
8893,1,0.25,1
8893,2,0.25,0
8893,5,0.25,0
8893,11,0.25,0
8894,2,0.5,1
8894,11,0.5,0
8895,11,0.25,1
8895,14,0.25,0
8895,19,0.25,0
8895,7,0.25,0
8896,1,0.333333,1
8896,2,0.333333,0
8896,11,0.333333,0
8897,1,0.5,1
8897,11,0.5,0
8898,2,0.333333,1
8898,5,0.333333,0
8898,11,0.333333,0
8899,1,0.25,1
8899,2,0.25,0
8899,11,0.25,0
8899,14,0.25,0
8900,5,0.2,1
8900,11,0.2,0
8900,14,0.2,0
8900,16,0.2,0
8900,19,0.2,0
8901,1,0.166667,1
8901,2,0.166667,0
8901,5,0.166667,0
8901,11,0.166667,0
8901,14,0.166667,0
8901,16,0.166667,0
8902,11,1.0,1
8903,1,0.125,1
8903,2,0.125,0
8903,5,0.125,0
8903,11,0.125,0
8903,15,0.125,0
8903,14,0.125,0
8903,16,0.125,0
8903,18,0.125,0
8904,1,0.333333,1
8904,11,0.333333,0
8904,7,0.333333,0
8905,11,0.333333,1
8905,14,0.333333,0
8905,19,0.333333,0
8906,2,0.333333,1
8906,5,0.333333,0
8906,11,0.333333,0
8907,1,0.166667,1
8907,2,0.166667,0
8907,5,0.166667,0
8907,11,0.166667,0
8907,16,0.166667,0
8907,18,0.166667,0
8908,2,0.5,1
8908,11,0.5,0
8909,11,0.5,1
8909,16,0.5,0
8910,2,0.5,1
8910,11,0.5,0
8911,11,0.5,1
8911,14,0.5,0
8912,2,0.333333,1
8912,5,0.333333,0
8912,11,0.333333,0
8913,1,0.5,1
8913,11,0.5,0
8914,1,0.5,1
8914,11,0.5,0
8915,5,0.5,1
8915,11,0.5,0
8916,2,0.2,1
8916,5,0.2,0
8916,11,0.2,0
8916,14,0.2,0
8916,16,0.2,0
8917,1,0.333333,1
8917,2,0.333333,0
8917,11,0.333333,0
8918,11,0.5,1
8918,19,0.5,0
8919,1,0.25,1
8919,2,0.25,0
8919,5,0.25,0
8919,11,0.25,0
8920,5,1.0,1
8921,2,0.333333,1
8921,14,0.333333,0
8921,9,0.333333,0
8922,2,0.2,1
8922,5,0.2,0
8922,11,0.2,0
8922,14,0.2,0
8922,19,0.2,0
8923,5,0.333333,1
8923,11,0.333333,0
8923,19,0.333333,0
8924,2,0.333333,1
8924,5,0.333333,0
8924,11,0.333333,0
8925,1,0.166667,1
8925,2,0.166667,0
8925,5,0.166667,0
8925,9,0.166667,0
8925,11,0.166667,0
8925,14,0.166667,0
8926,11,1.0,1
8927,11,1.0,1
8928,11,1.0,1
8929,1,0.5,1
8929,11,0.5,0
8930,2,0.5,1
8930,11,0.5,0
8931,1,0.25,1
8931,2,0.25,0
8931,5,0.25,0
8931,11,0.25,0
8932,2,0.333333,1
8932,5,0.333333,0
8932,11,0.333333,0
8933,1,0.333333,1
8933,2,0.333333,0
8933,11,0.333333,0
8934,5,0.333333,1
8934,11,0.333333,0
8934,16,0.333333,0
8935,1,0.25,1
8935,2,0.25,0
8935,11,0.25,0
8935,16,0.25,0
8936,2,0.5,1
8936,11,0.5,0
8937,11,1.0,1
8938,1,0.25,1
8938,2,0.25,0
8938,11,0.25,0
8938,14,0.25,0
8939,1,0.5,1
8939,11,0.5,0
8940,1,0.166667,1
8940,2,0.166667,0
8940,5,0.166667,0
8940,11,0.166667,0
8940,16,0.166667,0
8940,19,0.166667,0
8941,11,0.5,1
8941,16,0.5,0
8942,1,0.333333,1
8942,2,0.333333,0
8942,11,0.333333,0
8943,1,0.333333,1
8943,2,0.333333,0
8943,11,0.333333,0
8944,16,1.0,1
8945,1,0.2,1
8945,2,0.2,0
8945,11,0.2,0
8945,14,0.2,0
8945,9,0.2,0
8946,5,0.5,1
8946,11,0.5,0
8947,1,0.2,1
8947,2,0.2,0
8947,11,0.2,0
8947,14,0.2,0
8947,19,0.2,0
8948,3,0.166667,1
8948,6,0.166667,0
8948,8,0.166667,0
8948,17,0.166667,0
8948,20,0.166667,0
8948,10,0.166667,0
8949,11,1.0,1
8950,11,0.333333,1
8950,19,0.333333,0
8950,9,0.333333,0
8951,11,0.333333,1
8951,16,0.333333,0
8951,19,0.333333,0
8952,2,0.166667,1
8952,5,0.166667,0
8952,11,0.166667,0
8952,16,0.166667,0
8952,19,0.166667,0
8952,9,0.166667,0
8953,1,0.333333,1
8953,11,0.333333,0
8953,14,0.333333,0
8954,5,0.333333,1
8954,11,0.333333,0
8954,16,0.333333,0
8955,5,0.25,1
8955,11,0.25,0
8955,14,0.25,0
8955,9,0.25,0
8956,19,1.0,1
8957,1,0.142857,1
8957,2,0.142857,0
8957,5,0.142857,0
8957,11,0.142857,0
8957,14,0.142857,0
8957,16,0.142857,0
8957,19,0.142857,0
8958,1,0.333333,1
8958,2,0.333333,0
8958,14,0.333333,0
8959,5,0.333333,1
8959,11,0.333333,0
8959,14,0.333333,0
8960,1,0.125,1
8960,2,0.125,0
8960,5,0.125,0
8960,11,0.125,0
8960,15,0.125,0
8960,16,0.125,0
8960,18,0.125,0
8960,19,0.125,0
8961,2,0.5,1
8961,5,0.5,0
8962,2,0.2,1
8962,5,0.2,0
8962,11,0.2,0
8962,19,0.2,0
8962,7,0.2,0
8963,1,0.5,1
8963,11,0.5,0
8964,5,0.333333,1
8964,11,0.333333,0
8964,16,0.333333,0
8965,1,0.5,1
8965,11,0.5,0
8966,1,1.0,1
8967,2,0.5,1
8967,11,0.5,0
8968,11,0.5,1
8968,9,0.5,0
8969,1,0.25,1
8969,2,0.25,0
8969,5,0.25,0
8969,11,0.25,0
8970,1,0.2,1
8970,2,0.2,0
8970,9,0.2,0
8970,11,0.2,0
8970,16,0.2,0
8971,1,0.5,1
8971,11,0.5,0
8972,1,0.25,1
8972,5,0.25,0
8972,11,0.25,0
8972,19,0.25,0
8973,1,0.25,1
8973,2,0.25,0
8973,11,0.25,0
8973,14,0.25,0
8974,1,1.0,1
8975,1,0.333333,1
8975,5,0.333333,0
8975,11,0.333333,0
8976,1,0.333333,1
8976,2,0.333333,0
8976,11,0.333333,0
8977,11,0.25,1
8977,14,0.25,0
8977,19,0.25,0
8977,7,0.25,0
8978,1,0.5,1
8978,11,0.5,0
8979,1,0.333333,1
8979,14,0.333333,0
8979,19,0.333333,0
8980,2,0.25,1
8980,5,0.25,0
8980,9,0.25,0
8980,11,0.25,0
8981,1,0.25,1
8981,2,0.25,0
8981,11,0.25,0
8981,16,0.25,0
8982,1,0.2,1
8982,11,0.2,0
8982,16,0.2,0
8982,18,0.2,0
8982,19,0.2,0
8983,2,0.5,1
8983,11,0.5,0
8984,1,0.2,1
8984,2,0.2,0
8984,11,0.2,0
8984,14,0.2,0
8984,19,0.2,0
8985,2,0.5,1
8985,11,0.5,0
8986,1,0.25,1
8986,5,0.25,0
8986,11,0.25,0
8986,9,0.25,0
8987,1,0.333333,1
8987,2,0.333333,0
8987,11,0.333333,0
8988,11,0.333333,1
8988,16,0.333333,0
8988,9,0.333333,0
8989,1,0.333333,1
8989,11,0.333333,0
8989,7,0.333333,0
8990,1,0.142857,1
8990,2,0.142857,0
8990,11,0.142857,0
8990,12,0.142857,0
8990,14,0.142857,0
8990,16,0.142857,0
8990,7,0.142857,0
8991,9,0.5,1
8991,11,0.5,0
8992,2,0.333333,1
8992,11,0.333333,0
8992,14,0.333333,0
8993,11,1.0,1
8994,1,0.5,1
8994,19,0.5,0
8995,5,0.333333,1
8995,11,0.333333,0
8995,16,0.333333,0
8996,5,0.333333,1
8996,11,0.333333,0
8996,19,0.333333,0
8997,1,0.25,1
8997,2,0.25,0
8997,5,0.25,0
8997,11,0.25,0
8998,19,1.0,1
8999,1,0.25,1
8999,2,0.25,0
8999,5,0.25,0
8999,11,0.25,0
9000,1,0.333333,1
9000,2,0.333333,0
9000,5,0.333333,0
9001,2,0.25,1
9001,5,0.25,0
9001,11,0.25,0
9001,16,0.25,0
9002,1,0.166667,1
9002,2,0.166667,0
9002,5,0.166667,0
9002,11,0.166667,0
9002,14,0.166667,0
9002,16,0.166667,0
9003,2,0.5,1
9003,11,0.5,0
9004,5,0.5,1
9004,11,0.5,0
9005,5,0.5,1
9005,11,0.5,0
9006,1,0.25,1
9006,2,0.25,0
9006,11,0.25,0
9006,14,0.25,0
9007,15,1.0,1
9008,2,0.5,1
9008,11,0.5,0
9009,2,0.333333,1
9009,5,0.333333,0
9009,11,0.333333,0
9010,1,0.333333,1
9010,5,0.333333,0
9010,11,0.333333,0
9011,2,0.25,1
9011,5,0.25,0
9011,11,0.25,0
9011,14,0.25,0
9012,2,0.5,1
9012,11,0.5,0
9013,11,0.333333,1
9013,16,0.333333,0
9013,19,0.333333,0
9014,2,0.25,1
9014,9,0.25,0
9014,11,0.25,0
9014,19,0.25,0
9015,5,0.25,1
9015,11,0.25,0
9015,16,0.25,0
9015,19,0.25,0
9016,1,0.25,1
9016,5,0.25,0
9016,11,0.25,0
9016,19,0.25,0
9017,1,0.333333,1
9017,2,0.333333,0
9017,11,0.333333,0
9018,1,0.333333,1
9018,9,0.333333,0
9018,11,0.333333,0
9019,1,0.5,1
9019,11,0.5,0
9020,1,0.2,1
9020,2,0.2,0
9020,12,0.2,0
9020,14,0.2,0
9020,16,0.2,0
9021,5,0.333333,1
9021,11,0.333333,0
9021,19,0.333333,0
9022,11,0.5,1
9022,16,0.5,0
9023,1,0.25,1
9023,2,0.25,0
9023,9,0.25,0
9023,11,0.25,0
9024,2,0.333333,1
9024,5,0.333333,0
9024,11,0.333333,0
9025,1,0.166667,1
9025,2,0.166667,0
9025,5,0.166667,0
9025,11,0.166667,0
9025,14,0.166667,0
9025,16,0.166667,0
9026,5,0.5,1
9026,11,0.5,0
9027,5,0.5,1
9027,19,0.5,0
9028,5,0.333333,1
9028,11,0.333333,0
9028,19,0.333333,0
9029,1,0.166667,1
9029,2,0.166667,0
9029,5,0.166667,0
9029,11,0.166667,0
9029,16,0.166667,0
9029,18,0.166667,0
9030,1,0.25,1
9030,2,0.25,0
9030,5,0.25,0
9030,11,0.25,0
9031,5,1.0,1
9032,1,0.333333,1
9032,2,0.333333,0
9032,11,0.333333,0
9033,1,0.5,1
9033,2,0.5,0
9034,2,0.333333,1
9034,5,0.333333,0
9034,11,0.333333,0
9035,2,0.333333,1
9035,5,0.333333,0
9035,11,0.333333,0
9036,1,0.5,1
9036,11,0.5,0
9037,1,0.25,1
9037,2,0.25,0
9037,11,0.25,0
9037,14,0.25,0
9038,1,0.25,1
9038,2,0.25,0
9038,11,0.25,0
9038,14,0.25,0
9039,1,0.166667,1
9039,2,0.166667,0
9039,5,0.166667,0
9039,11,0.166667,0
9039,14,0.166667,0
9039,16,0.166667,0
9040,11,1.0,1
9041,1,0.25,1
9041,2,0.25,0
9041,11,0.25,0
9041,19,0.25,0
9042,11,0.25,1
9042,16,0.25,0
9042,9,0.25,0
9042,7,0.25,0
9043,5,0.5,1
9043,11,0.5,0
9044,5,0.5,1
9044,11,0.5,0
9045,5,0.333333,1
9045,15,0.333333,0
9045,19,0.333333,0
9046,2,1.0,1
9047,1,0.166667,1
9047,2,0.166667,0
9047,5,0.166667,0
9047,11,0.166667,0
9047,14,0.166667,0
9047,16,0.166667,0
9048,1,0.125,1
9048,2,0.125,0
9048,5,0.125,0
9048,11,0.125,0
9048,14,0.125,0
9048,16,0.125,0
9048,18,0.125,0
9048,19,0.125,0
9049,2,0.333333,1
9049,5,0.333333,0
9049,11,0.333333,0
9050,1,0.5,1
9050,11,0.5,0
9051,5,0.5,1
9051,11,0.5,0
9052,2,0.5,1
9052,11,0.5,0
9053,2,0.5,1
9053,11,0.5,0
9054,4,0.5,1
9054,7,0.5,0
9055,2,0.333333,1
9055,11,0.333333,0
9055,16,0.333333,0
9056,11,0.5,1
9056,19,0.5,0
9057,1,0.333333,1
9057,2,0.333333,0
9057,11,0.333333,0
9058,1,0.333333,1
9058,5,0.333333,0
9058,11,0.333333,0
9059,1,0.333333,1
9059,11,0.333333,0
9059,7,0.333333,0
9060,2,0.5,1
9060,11,0.5,0
9061,2,0.333333,1
9061,5,0.333333,0
9061,11,0.333333,0
9062,1,0.142857,1
9062,2,0.142857,0
9062,5,0.142857,0
9062,11,0.142857,0
9062,15,0.142857,0
9062,16,0.142857,0
9062,7,0.142857,0
9063,5,0.25,1
9063,11,0.25,0
9063,14,0.25,0
9063,16,0.25,0
9064,1,0.25,1
9064,11,0.25,0
9064,19,0.25,0
9064,9,0.25,0
9065,2,0.333333,1
9065,11,0.333333,0
9065,7,0.333333,0
9066,2,0.5,1
9066,11,0.5,0
9067,16,0.5,1
9067,19,0.5,0
9068,1,0.333333,1
9068,2,0.333333,0
9068,11,0.333333,0
9069,1,0.25,1
9069,2,0.25,0
9069,14,0.25,0
9069,7,0.25,0
9070,5,0.25,1
9070,11,0.25,0
9070,16,0.25,0
9070,19,0.25,0
9071,1,0.25,1
9071,2,0.25,0
9071,11,0.25,0
9071,14,0.25,0
9072,1,0.2,1
9072,5,0.2,0
9072,11,0.2,0
9072,15,0.2,0
9072,16,0.2,0
9073,5,0.5,1
9073,11,0.5,0
9074,1,0.25,1
9074,2,0.25,0
9074,11,0.25,0
9074,9,0.25,0
9075,2,0.5,1
9075,11,0.5,0
9076,2,0.5,1
9076,11,0.5,0
9077,19,1.0,1
9078,11,0.5,1
9078,19,0.5,0
9079,5,0.5,1
9079,16,0.5,0
9080,1,0.333333,1
9080,2,0.333333,0
9080,11,0.333333,0
9081,1,0.5,1
9081,11,0.5,0
9082,1,0.5,1
9082,2,0.5,0
9083,1,0.25,1
9083,2,0.25,0
9083,5,0.25,0
9083,11,0.25,0
9084,2,0.5,1
9084,11,0.5,0
9085,1,0.25,1
9085,2,0.25,0
9085,11,0.25,0
9085,12,0.25,0
9086,1,0.5,1
9086,11,0.5,0
9087,1,0.25,1
9087,2,0.25,0
9087,11,0.25,0
9087,14,0.25,0
9088,1,0.333333,1
9088,5,0.333333,0
9088,11,0.333333,0
9089,2,0.5,1
9089,11,0.5,0
9090,1,0.5,1
9090,11,0.5,0
9091,1,0.333333,1
9091,11,0.333333,0
9091,19,0.333333,0
9092,5,1.0,1
9093,2,0.333333,1
9093,5,0.333333,0
9093,11,0.333333,0
9094,2,0.333333,1
9094,5,0.333333,0
9094,11,0.333333,0
9095,1,0.2,1
9095,2,0.2,0
9095,5,0.2,0
9095,11,0.2,0
9095,9,0.2,0
9096,1,0.166667,1
9096,2,0.166667,0
9096,5,0.166667,0
9096,9,0.166667,0
9096,11,0.166667,0
9096,14,0.166667,0
9097,1,0.2,1
9097,11,0.2,0
9097,16,0.2,0
9097,19,0.2,0
9097,7,0.2,0
9098,1,0.5,1
9098,11,0.5,0
9099,2,0.333333,1
9099,5,0.333333,0
9099,11,0.333333,0
9100,11,1.0,1
9101,1,0.25,1
9101,9,0.25,0
9101,11,0.25,0
9101,14,0.25,0
9102,11,0.333333,1
9102,16,0.333333,0
9102,19,0.333333,0
9103,1,0.5,1
9103,11,0.5,0
9104,11,0.5,1
9104,19,0.5,0
9105,2,0.25,1
9105,5,0.25,0
9105,11,0.25,0
9105,16,0.25,0
9106,2,0.2,1
9106,11,0.2,0
9106,14,0.2,0
9106,19,0.2,0
9106,7,0.2,0
9107,2,0.2,1
9107,11,0.2,0
9107,14,0.2,0
9107,16,0.2,0
9107,19,0.2,0
9108,5,0.5,1
9108,11,0.5,0
9109,1,0.333333,1
9109,11,0.333333,0
9109,7,0.333333,0
9110,5,0.333333,1
9110,11,0.333333,0
9110,16,0.333333,0
9111,2,0.2,1
9111,5,0.2,0
9111,11,0.2,0
9111,16,0.2,0
9111,19,0.2,0
9112,1,0.333333,1
9112,2,0.333333,0
9112,11,0.333333,0
9113,11,0.333333,1
9113,14,0.333333,0
9113,19,0.333333,0
9114,1,1.0,1
9115,5,0.333333,1
9115,11,0.333333,0
9115,16,0.333333,0
9116,1,0.5,1
9116,2,0.5,0
9117,1,0.25,1
9117,11,0.25,0
9117,16,0.25,0
9117,7,0.25,0
9118,1,0.25,1
9118,2,0.25,0
9118,5,0.25,0
9118,11,0.25,0
9119,5,0.333333,1
9119,11,0.333333,0
9119,19,0.333333,0
9120,1,0.333333,1
9120,2,0.333333,0
9120,11,0.333333,0
9121,1,0.166667,1
9121,5,0.166667,0
9121,11,0.166667,0
9121,15,0.166667,0
9121,16,0.166667,0
9121,18,0.166667,0
9122,1,0.166667,1
9122,2,0.166667,0
9122,11,0.166667,0
9122,15,0.166667,0
9122,16,0.166667,0
9122,18,0.166667,0
9123,1,0.333333,1
9123,2,0.333333,0
9123,11,0.333333,0
9124,11,1.0,1
9125,1,0.25,1
9125,2,0.25,0
9125,5,0.25,0
9125,11,0.25,0
9126,1,0.5,1
9126,11,0.5,0
9127,1,1.0,1
9128,2,0.333333,1
9128,5,0.333333,0
9128,11,0.333333,0
9129,1,1.0,1
9130,5,1.0,1
9131,1,0.333333,1
9131,2,0.333333,0
9131,11,0.333333,0
9132,5,0.5,1
9132,11,0.5,0
9133,19,1.0,1
9134,1,0.2,1
9134,2,0.2,0
9134,5,0.2,0
9134,11,0.2,0
9134,16,0.2,0
9135,11,1.0,1
9136,1,0.25,1
9136,2,0.25,0
9136,11,0.25,0
9136,14,0.25,0
9137,1,0.142857,1
9137,2,0.142857,0
9137,5,0.142857,0
9137,11,0.142857,0
9137,14,0.142857,0
9137,19,0.142857,0
9137,7,0.142857,0
9138,2,0.5,1
9138,11,0.5,0
9139,2,0.25,1
9139,9,0.25,0
9139,11,0.25,0
9139,14,0.25,0
9140,1,0.2,1
9140,5,0.2,0
9140,11,0.2,0
9140,12,0.2,0
9140,18,0.2,0
9141,1,0.333333,1
9141,5,0.333333,0
9141,11,0.333333,0
9142,1,0.333333,1
9142,5,0.333333,0
9142,11,0.333333,0
9143,9,0.5,1
9143,19,0.5,0
9144,6,0.5,1
9144,20,0.5,0
9145,11,1.0,1
9146,11,0.5,1
9146,16,0.5,0
9147,1,0.333333,1
9147,2,0.333333,0
9147,11,0.333333,0
9148,1,0.25,1
9148,5,0.25,0
9148,9,0.25,0
9148,11,0.25,0
9149,1,0.333333,1
9149,9,0.333333,0
9149,14,0.333333,0
9150,2,0.333333,1
9150,11,0.333333,0
9150,14,0.333333,0
9151,5,0.5,1
9151,11,0.5,0
9152,1,0.25,1
9152,2,0.25,0
9152,11,0.25,0
9152,9,0.25,0
9153,2,0.5,1
9153,16,0.5,0
9154,1,0.2,1
9154,2,0.2,0
9154,5,0.2,0
9154,11,0.2,0
9154,14,0.2,0
9155,2,1.0,1
9156,2,0.5,1
9156,11,0.5,0
9157,1,0.166667,1
9157,2,0.166667,0
9157,5,0.166667,0
9157,11,0.166667,0
9157,16,0.166667,0
9157,19,0.166667,0
9158,2,0.5,1
9158,11,0.5,0
9159,2,0.25,1
9159,11,0.25,0
9159,15,0.25,0
9159,16,0.25,0
9160,1,0.25,1
9160,2,0.25,0
9160,11,0.25,0
9160,7,0.25,0
9161,5,0.333333,1
9161,11,0.333333,0
9161,16,0.333333,0
9162,2,0.5,1
9162,11,0.5,0
9163,2,0.333333,1
9163,5,0.333333,0
9163,11,0.333333,0
9164,5,0.5,1
9164,14,0.5,0
9165,1,0.2,1
9165,2,0.2,0
9165,5,0.2,0
9165,11,0.2,0
9165,15,0.2,0
9166,11,0.333333,1
9166,14,0.333333,0
9166,19,0.333333,0
9167,11,0.25,1
9167,16,0.25,0
9167,19,0.25,0
9167,9,0.25,0
9168,5,0.333333,1
9168,11,0.333333,0
9168,16,0.333333,0
9169,1,0.333333,1
9169,2,0.333333,0
9169,11,0.333333,0
9170,1,0.25,1
9170,5,0.25,0
9170,11,0.25,0
9170,18,0.25,0
9171,2,0.166667,1
9171,5,0.166667,0
9171,11,0.166667,0
9171,14,0.166667,0
9171,16,0.166667,0
9171,19,0.166667,0
9172,1,0.142857,1
9172,2,0.142857,0
9172,5,0.142857,0
9172,9,0.142857,0
9172,11,0.142857,0
9172,14,0.142857,0
9172,19,0.142857,0
9173,2,0.5,1
9173,11,0.5,0
9174,1,0.25,1
9174,18,0.25,0
9174,20,0.25,0
9174,10,0.25,0
9175,2,0.5,1
9175,11,0.5,0
9176,1,0.166667,1
9176,2,0.166667,0
9176,5,0.166667,0
9176,11,0.166667,0
9176,14,0.166667,0
9176,7,0.166667,0
9177,1,0.5,1
9177,2,0.5,0
9178,2,0.5,1
9178,11,0.5,0
9179,11,1.0,1
9180,11,1.0,1
9181,1,0.333333,1
9181,2,0.333333,0
9181,11,0.333333,0
9182,1,0.2,1
9182,2,0.2,0
9182,5,0.2,0
9182,14,0.2,0
9182,19,0.2,0
9183,2,0.333333,1
9183,14,0.333333,0
9183,16,0.333333,0
9184,2,0.5,1
9184,11,0.5,0
9185,2,0.5,1
9185,14,0.5,0
9186,5,0.5,1
9186,11,0.5,0
9187,1,1.0,1
9188,1,0.333333,1
9188,2,0.333333,0
9188,11,0.333333,0
9189,5,0.5,1
9189,11,0.5,0
9190,5,0.5,1
9190,11,0.5,0
9191,11,1.0,1
9192,2,0.25,1
9192,11,0.25,0
9192,15,0.25,0
9192,16,0.25,0
9193,1,0.25,1
9193,2,0.25,0
9193,5,0.25,0
9193,11,0.25,0
9194,1,0.5,1
9194,11,0.5,0
9195,2,0.5,1
9195,9,0.5,0
9196,1,0.2,1
9196,9,0.2,0
9196,11,0.2,0
9196,12,0.2,0
9196,14,0.2,0
9197,19,1.0,1
9198,6,0.333333,1
9198,20,0.333333,0
9198,21,0.333333,0
9199,1,0.25,1
9199,5,0.25,0
9199,11,0.25,0
9199,9,0.25,0
9200,5,0.25,1
9200,11,0.25,0
9200,14,0.25,0
9200,19,0.25,0
9201,2,0.333333,1
9201,11,0.333333,0
9201,14,0.333333,0
9202,2,0.5,1
9202,11,0.5,0
9203,3,0.2,1
9203,6,0.2,0
9203,8,0.2,0
9203,17,0.2,0
9203,20,0.2,0
9204,14,1.0,1
9205,2,0.25,1
9205,5,0.25,0
9205,11,0.25,0
9205,14,0.25,0
9206,2,0.5,1
9206,11,0.5,0
9207,11,0.333333,1
9207,16,0.333333,0
9207,19,0.333333,0
9208,5,0.2,1
9208,11,0.2,0
9208,15,0.2,0
9208,16,0.2,0
9208,19,0.2,0
9209,1,0.333333,1
9209,2,0.333333,0
9209,11,0.333333,0
9210,1,0.25,1
9210,2,0.25,0
9210,5,0.25,0
9210,11,0.25,0
9211,1,0.25,1
9211,5,0.25,0
9211,9,0.25,0
9211,7,0.25,0
9212,2,0.5,1
9212,11,0.5,0
9213,2,0.166667,1
9213,5,0.166667,0
9213,9,0.166667,0
9213,11,0.166667,0
9213,14,0.166667,0
9213,16,0.166667,0
9214,1,0.25,1
9214,2,0.25,0
9214,5,0.25,0
9214,11,0.25,0
9215,2,0.5,1
9215,11,0.5,0
9216,1,0.2,1
9216,2,0.2,0
9216,11,0.2,0
9216,14,0.2,0
9216,16,0.2,0
9217,1,0.5,1
9217,2,0.5,0
9218,11,1.0,1
9219,1,0.2,1
9219,2,0.2,0
9219,11,0.2,0
9219,12,0.2,0
9219,14,0.2,0
9220,1,0.333333,1
9220,5,0.333333,0
9220,11,0.333333,0
9221,5,0.333333,1
9221,11,0.333333,0
9221,19,0.333333,0
9222,1,0.25,1
9222,2,0.25,0
9222,11,0.25,0
9222,9,0.25,0
9223,5,0.5,1
9223,11,0.5,0
9224,1,0.333333,1
9224,2,0.333333,0
9224,11,0.333333,0
9225,1,0.25,1
9225,9,0.25,0
9225,14,0.25,0
9225,19,0.25,0
9226,1,0.333333,1
9226,11,0.333333,0
9226,16,0.333333,0
9227,15,1.0,1
9228,1,0.2,1
9228,5,0.2,0
9228,11,0.2,0
9228,16,0.2,0
9228,19,0.2,0
9229,1,0.166667,1
9229,2,0.166667,0
9229,5,0.166667,0
9229,11,0.166667,0
9229,16,0.166667,0
9229,19,0.166667,0
9230,1,0.333333,1
9230,2,0.333333,0
9230,11,0.333333,0
9231,1,1.0,1
9232,11,0.25,1
9232,16,0.25,0
9232,19,0.25,0
9232,7,0.25,0
9233,1,0.333333,1
9233,2,0.333333,0
9233,11,0.333333,0
9234,11,1.0,1
9235,5,0.333333,1
9235,11,0.333333,0
9235,19,0.333333,0
9236,11,0.333333,1
9236,16,0.333333,0
9236,19,0.333333,0
9237,1,0.25,1
9237,2,0.25,0
9237,5,0.25,0
9237,14,0.25,0
9238,2,0.333333,1
9238,5,0.333333,0
9238,11,0.333333,0
9239,2,0.333333,1
9239,9,0.333333,0
9239,11,0.333333,0
9240,2,0.5,1
9240,11,0.5,0
9241,5,0.25,1
9241,9,0.25,0
9241,11,0.25,0
9241,14,0.25,0
9242,2,0.25,1
9242,5,0.25,0
9242,11,0.25,0
9242,19,0.25,0
9243,16,1.0,1
9244,2,1.0,1
9245,1,0.5,1
9245,11,0.5,0
9246,2,0.25,1
9246,5,0.25,0
9246,9,0.25,0
9246,11,0.25,0
9247,2,0.5,1
9247,11,0.5,0
9248,1,0.111111,1
9248,2,0.111111,0
9248,5,0.111111,0
9248,11,0.111111,0
9248,15,0.111111,0
9248,14,0.111111,0
9248,16,0.111111,0
9248,18,0.111111,0
9248,19,0.111111,0
9249,1,0.25,1
9249,5,0.25,0
9249,11,0.25,0
9249,15,0.25,0
9250,1,0.333333,1
9250,5,0.333333,0
9250,11,0.333333,0
9251,16,1.0,1
9252,2,1.0,1
9253,2,0.25,1
9253,5,0.25,0
9253,11,0.25,0
9253,16,0.25,0
9254,15,0.333333,1
9254,16,0.333333,0
9254,18,0.333333,0
9255,5,1.0,1
9256,1,1.0,1
9257,2,0.25,1
9257,5,0.25,0
9257,11,0.25,0
9257,14,0.25,0
9258,5,0.333333,1
9258,11,0.333333,0
9258,19,0.333333,0
9259,2,0.333333,1
9259,11,0.333333,0
9259,19,0.333333,0
9260,5,0.5,1
9260,11,0.5,0
9261,1,0.142857,1
9261,2,0.142857,0
9261,5,0.142857,0
9261,11,0.142857,0
9261,16,0.142857,0
9261,9,0.142857,0
9261,7,0.142857,0
9262,2,0.333333,1
9262,11,0.333333,0
9262,14,0.333333,0
9263,2,0.5,1
9263,11,0.5,0
9264,5,0.5,1
9264,11,0.5,0
9265,2,0.5,1
9265,11,0.5,0
9266,5,1.0,1
9267,1,0.25,1
9267,2,0.25,0
9267,5,0.25,0
9267,11,0.25,0
9268,5,1.0,1
9269,1,0.166667,1
9269,2,0.166667,0
9269,11,0.166667,0
9269,14,0.166667,0
9269,16,0.166667,0
9269,7,0.166667,0
9270,2,0.5,1
9270,11,0.5,0
9271,1,0.333333,1
9271,11,0.333333,0
9271,7,0.333333,0
9272,1,0.333333,1
9272,2,0.333333,0
9272,11,0.333333,0
9273,2,0.5,1
9273,11,0.5,0
9274,1,0.25,1
9274,2,0.25,0
9274,11,0.25,0
9274,14,0.25,0
9275,2,0.333333,1
9275,11,0.333333,0
9275,9,0.333333,0
9276,1,0.5,1
9276,11,0.5,0
9277,5,0.2,1
9277,11,0.2,0
9277,16,0.2,0
9277,19,0.2,0
9277,7,0.2,0
9278,5,0.5,1
9278,16,0.5,0
9279,2,0.25,1
9279,5,0.25,0
9279,9,0.25,0
9279,11,0.25,0
9280,5,0.333333,1
9280,11,0.333333,0
9280,16,0.333333,0
9281,19,1.0,1
9282,1,0.333333,1
9282,2,0.333333,0
9282,9,0.333333,0
9283,2,0.2,1
9283,5,0.2,0
9283,11,0.2,0
9283,16,0.2,0
9283,7,0.2,0
9284,2,0.333333,1
9284,5,0.333333,0
9284,11,0.333333,0
9285,16,1.0,1
9286,1,0.333333,1
9286,5,0.333333,0
9286,11,0.333333,0
9287,5,0.333333,1
9287,11,0.333333,0
9287,19,0.333333,0
9288,1,0.2,1
9288,2,0.2,0
9288,5,0.2,0
9288,11,0.2,0
9288,14,0.2,0
9289,5,1.0,1
9290,5,0.333333,1
9290,11,0.333333,0
9290,19,0.333333,0
9291,1,0.5,1
9291,11,0.5,0
9292,2,0.5,1
9292,5,0.5,0
9293,5,0.5,1
9293,11,0.5,0
9294,1,0.5,1
9294,2,0.5,0
9295,5,0.333333,1
9295,11,0.333333,0
9295,16,0.333333,0
9296,16,1.0,1
9297,1,0.25,1
9297,5,0.25,0
9297,11,0.25,0
9297,16,0.25,0
9298,11,0.333333,1
9298,12,0.333333,0
9298,14,0.333333,0
9299,1,0.166667,1
9299,2,0.166667,0
9299,5,0.166667,0
9299,11,0.166667,0
9299,16,0.166667,0
9299,19,0.166667,0
9300,11,1.0,1
9301,1,0.25,1
9301,5,0.25,0
9301,11,0.25,0
9301,16,0.25,0
9302,2,0.333333,1
9302,5,0.333333,0
9302,11,0.333333,0
9303,1,0.25,1
9303,2,0.25,0
9303,5,0.25,0
9303,12,0.25,0
9304,1,0.2,1
9304,2,0.2,0
9304,11,0.2,0
9304,12,0.2,0
9304,7,0.2,0
9305,1,0.333333,1
9305,5,0.333333,0
9305,11,0.333333,0
9306,1,1.0,1
9307,5,0.25,1
9307,11,0.25,0
9307,16,0.25,0
9307,18,0.25,0
9308,5,1.0,1
9309,1,0.25,1
9309,2,0.25,0
9309,11,0.25,0
9309,7,0.25,0
9310,1,0.25,1
9310,11,0.25,0
9310,16,0.25,0
9310,9,0.25,0
9311,1,0.25,1
9311,2,0.25,0
9311,5,0.25,0
9311,11,0.25,0
9312,1,0.2,1
9312,2,0.2,0
9312,11,0.2,0
9312,16,0.2,0
9312,9,0.2,0
9313,1,0.166667,1
9313,2,0.166667,0
9313,11,0.166667,0
9313,12,0.166667,0
9313,14,0.166667,0
9313,9,0.166667,0
9314,1,0.25,1
9314,2,0.25,0
9314,5,0.25,0
9314,11,0.25,0
9315,2,0.5,1
9315,11,0.5,0
9316,1,1.0,1
9317,5,0.333333,1
9317,11,0.333333,0
9317,16,0.333333,0
9318,11,0.333333,1
9318,14,0.333333,0
9318,19,0.333333,0
9319,1,0.333333,1
9319,5,0.333333,0
9319,11,0.333333,0
9320,2,0.5,1
9320,11,0.5,0
9321,5,0.25,1
9321,11,0.25,0
9321,14,0.25,0
9321,16,0.25,0
9322,2,0.166667,1
9322,11,0.166667,0
9322,14,0.166667,0
9322,16,0.166667,0
9322,19,0.166667,0
9322,7,0.166667,0
9323,2,0.333333,1
9323,11,0.333333,0
9323,14,0.333333,0
9324,5,0.5,1
9324,11,0.5,0
9325,5,0.333333,1
9325,11,0.333333,0
9325,14,0.333333,0
9326,2,0.5,1
9326,11,0.5,0
9327,14,1.0,1
9328,1,0.166667,1
9328,2,0.166667,0
9328,11,0.166667,0
9328,12,0.166667,0
9328,18,0.166667,0
9328,19,0.166667,0
9329,1,0.5,1
9329,11,0.5,0
9330,1,0.5,1
9330,11,0.5,0
9331,5,1.0,1
9332,2,0.333333,1
9332,5,0.333333,0
9332,11,0.333333,0
9333,5,0.5,1
9333,11,0.5,0
9334,1,0.111111,1
9334,2,0.111111,0
9334,5,0.111111,0
9334,11,0.111111,0
9334,15,0.111111,0
9334,14,0.111111,0
9334,16,0.111111,0
9334,18,0.111111,0
9334,19,0.111111,0
9335,2,0.2,1
9335,5,0.2,0
9335,11,0.2,0
9335,14,0.2,0
9335,16,0.2,0
9336,1,0.25,1
9336,2,0.25,0
9336,11,0.25,0
9336,16,0.25,0
9337,1,0.333333,1
9337,11,0.333333,0
9337,15,0.333333,0
9338,2,0.333333,1
9338,11,0.333333,0
9338,14,0.333333,0
9339,11,0.25,1
9339,16,0.25,0
9339,19,0.25,0
9339,7,0.25,0
9340,1,0.333333,1
9340,2,0.333333,0
9340,11,0.333333,0
9341,16,1.0,1
9342,2,0.333333,1
9342,5,0.333333,0
9342,11,0.333333,0
9343,1,0.333333,1
9343,5,0.333333,0
9343,11,0.333333,0
9344,2,0.333333,1
9344,5,0.333333,0
9344,11,0.333333,0
9345,1,0.2,1
9345,2,0.2,0
9345,5,0.2,0
9345,11,0.2,0
9345,19,0.2,0
9346,1,0.5,1
9346,11,0.5,0
9347,11,1.0,1
9348,11,0.5,1
9348,19,0.5,0
9349,1,0.25,1
9349,5,0.25,0
9349,11,0.25,0
9349,7,0.25,0
9350,11,0.333333,1
9350,16,0.333333,0
9350,7,0.333333,0
9351,5,0.2,1
9351,11,0.2,0
9351,14,0.2,0
9351,16,0.2,0
9351,19,0.2,0
9352,5,0.333333,1
9352,11,0.333333,0
9352,9,0.333333,0
9353,16,0.5,1
9353,19,0.5,0
9354,1,0.2,1
9354,2,0.2,0
9354,11,0.2,0
9354,14,0.2,0
9354,9,0.2,0
9355,14,0.333333,1
9355,16,0.333333,0
9355,19,0.333333,0
9356,2,0.25,1
9356,5,0.25,0
9356,11,0.25,0
9356,19,0.25,0
9357,11,1.0,1
9358,2,0.2,1
9358,11,0.2,0
9358,14,0.2,0
9358,19,0.2,0
9358,7,0.2,0
9359,5,0.333333,1
9359,11,0.333333,0
9359,19,0.333333,0
9360,1,0.25,1
9360,2,0.25,0
9360,11,0.25,0
9360,19,0.25,0
9361,5,1.0,1
9362,11,0.5,1
9362,19,0.5,0
9363,1,1.0,1
9364,5,0.333333,1
9364,11,0.333333,0
9364,16,0.333333,0
9365,2,0.2,1
9365,5,0.2,0
9365,11,0.2,0
9365,16,0.2,0
9365,19,0.2,0
9366,16,0.5,1
9366,18,0.5,0
9367,1,0.333333,1
9367,5,0.333333,0
9367,11,0.333333,0
9368,1,0.5,1
9368,11,0.5,0
9369,1,1.0,1
9370,1,0.25,1
9370,11,0.25,0
9370,12,0.25,0
9370,9,0.25,0
9371,1,0.333333,1
9371,9,0.333333,0
9371,11,0.333333,0
9372,5,0.2,1
9372,11,0.2,0
9372,16,0.2,0
9372,19,0.2,0
9372,9,0.2,0
9373,3,0.5,1
9373,6,0.5,0
9374,11,0.333333,1
9374,15,0.333333,0
9374,18,0.333333,0
9375,9,0.333333,1
9375,16,0.333333,0
9375,19,0.333333,0
9376,1,0.2,1
9376,5,0.2,0
9376,9,0.2,0
9376,11,0.2,0
9376,15,0.2,0
9377,5,0.5,1
9377,11,0.5,0
9378,5,0.2,1
9378,15,0.2,0
9378,16,0.2,0
9378,18,0.2,0
9378,9,0.2,0
9379,5,0.25,1
9379,9,0.25,0
9379,11,0.25,0
9379,7,0.25,0
9380,5,0.25,1
9380,11,0.25,0
9380,16,0.25,0
9380,9,0.25,0
9381,1,0.25,1
9381,2,0.25,0
9381,11,0.25,0
9381,14,0.25,0
9382,1,0.333333,1
9382,9,0.333333,0
9382,11,0.333333,0
9383,1,0.333333,1
9383,5,0.333333,0
9383,9,0.333333,0
9384,2,0.5,1
9384,11,0.5,0
9385,1,0.2,1
9385,2,0.2,0
9385,5,0.2,0
9385,11,0.2,0
9385,16,0.2,0
9386,5,0.5,1
9386,11,0.5,0
9387,1,0.25,1
9387,2,0.25,0
9387,11,0.25,0
9387,16,0.25,0
9388,5,0.5,1
9388,11,0.5,0
9389,16,0.5,1
9389,19,0.5,0
9390,1,1.0,1
9391,1,0.25,1
9391,2,0.25,0
9391,5,0.25,0
9391,11,0.25,0
9392,2,0.5,1
9392,11,0.5,0
9393,2,0.25,1
9393,11,0.25,0
9393,16,0.25,0
9393,7,0.25,0
9394,11,1.0,1
9395,1,0.25,1
9395,2,0.25,0
9395,5,0.25,0
9395,11,0.25,0
9396,2,0.166667,1
9396,5,0.166667,0
9396,11,0.166667,0
9396,14,0.166667,0
9396,16,0.166667,0
9396,19,0.166667,0
9397,1,0.2,1
9397,2,0.2,0
9397,5,0.2,0
9397,11,0.2,0
9397,14,0.2,0
9398,1,0.111111,1
9398,2,0.111111,0
9398,5,0.111111,0
9398,11,0.111111,0
9398,12,0.111111,0
9398,15,0.111111,0
9398,16,0.111111,0
9398,18,0.111111,0
9398,19,0.111111,0
9399,5,0.5,1
9399,11,0.5,0
9400,11,1.0,1
9401,1,0.2,1
9401,5,0.2,0
9401,11,0.2,0
9401,16,0.2,0
9401,18,0.2,0
9402,2,0.25,1
9402,11,0.25,0
9402,14,0.25,0
9402,19,0.25,0
9403,1,0.25,1
9403,2,0.25,0
9403,11,0.25,0
9403,19,0.25,0
9404,2,0.25,1
9404,11,0.25,0
9404,14,0.25,0
9404,19,0.25,0
9405,16,0.333333,1
9405,18,0.333333,0
9405,19,0.333333,0
9406,2,0.333333,1
9406,5,0.333333,0
9406,11,0.333333,0
9407,1,0.333333,1
9407,2,0.333333,0
9407,11,0.333333,0
9408,1,0.25,1
9408,2,0.25,0
9408,11,0.25,0
9408,14,0.25,0
9409,2,1.0,1
9410,2,0.333333,1
9410,11,0.333333,0
9410,16,0.333333,0
9411,1,0.5,1
9411,11,0.5,0
9412,2,0.333333,1
9412,5,0.333333,0
9412,11,0.333333,0
9413,11,0.333333,1
9413,16,0.333333,0
9413,19,0.333333,0
9414,1,0.333333,1
9414,2,0.333333,0
9414,9,0.333333,0
9415,1,0.333333,1
9415,2,0.333333,0
9415,11,0.333333,0
9416,5,0.5,1
9416,11,0.5,0
9417,1,0.333333,1
9417,2,0.333333,0
9417,11,0.333333,0
9418,1,0.25,1
9418,2,0.25,0
9418,5,0.25,0
9418,11,0.25,0
9419,11,0.5,1
9419,16,0.5,0
9420,11,0.333333,1
9420,19,0.333333,0
9420,7,0.333333,0
9421,5,0.2,1
9421,9,0.2,0
9421,12,0.2,0
9421,19,0.2,0
9421,7,0.2,0
9422,1,1.0,1
9423,1,0.2,1
9423,2,0.2,0
9423,5,0.2,0
9423,11,0.2,0
9423,14,0.2,0
9424,2,0.5,1
9424,11,0.5,0
9425,2,0.25,1
9425,11,0.25,0
9425,14,0.25,0
9425,19,0.25,0
9426,1,0.333333,1
9426,2,0.333333,0
9426,11,0.333333,0
9427,1,0.333333,1
9427,2,0.333333,0
9427,14,0.333333,0
9428,5,0.5,1
9428,11,0.5,0
9429,5,0.333333,1
9429,9,0.333333,0
9429,16,0.333333,0
9430,1,0.25,1
9430,2,0.25,0
9430,11,0.25,0
9430,7,0.25,0
9431,14,1.0,1
9432,1,0.333333,1
9432,5,0.333333,0
9432,11,0.333333,0
9433,1,0.2,1
9433,2,0.2,0
9433,11,0.2,0
9433,14,0.2,0
9433,7,0.2,0
9434,5,0.25,1
9434,9,0.25,0
9434,11,0.25,0
9434,15,0.25,0
9435,1,0.333333,1
9435,9,0.333333,0
9435,16,0.333333,0
9436,11,1.0,1
9437,1,0.25,1
9437,2,0.25,0
9437,5,0.25,0
9437,11,0.25,0
9438,2,0.333333,1
9438,9,0.333333,0
9438,11,0.333333,0
9439,2,0.333333,1
9439,9,0.333333,0
9439,11,0.333333,0
9440,1,0.5,1
9440,14,0.5,0
9441,2,0.5,1
9441,11,0.5,0
9442,2,0.166667,1
9442,5,0.166667,0
9442,11,0.166667,0
9442,14,0.166667,0
9442,19,0.166667,0
9442,7,0.166667,0
9443,1,0.25,1
9443,5,0.25,0
9443,11,0.25,0
9443,19,0.25,0
9444,1,0.2,1
9444,5,0.2,0
9444,11,0.2,0
9444,19,0.2,0
9444,9,0.2,0
9445,2,0.5,1
9445,11,0.5,0
9446,1,0.333333,1
9446,2,0.333333,0
9446,11,0.333333,0
9447,5,0.333333,1
9447,11,0.333333,0
9447,16,0.333333,0
9448,1,0.5,1
9448,5,0.5,0
9449,1,0.142857,1
9449,5,0.142857,0
9449,11,0.142857,0
9449,12,0.142857,0
9449,18,0.142857,0
9449,19,0.142857,0
9449,9,0.142857,0
9450,1,0.142857,1
9450,2,0.142857,0
9450,11,0.142857,0
9450,12,0.142857,0
9450,14,0.142857,0
9450,19,0.142857,0
9450,7,0.142857,0
9451,15,1.0,1
9452,5,0.333333,1
9452,11,0.333333,0
9452,16,0.333333,0
9453,5,0.166667,1
9453,11,0.166667,0
9453,14,0.166667,0
9453,16,0.166667,0
9453,19,0.166667,0
9453,7,0.166667,0
9454,1,0.25,1
9454,2,0.25,0
9454,11,0.25,0
9454,14,0.25,0
9455,5,1.0,1
9456,1,0.333333,1
9456,5,0.333333,0
9456,11,0.333333,0
9457,1,0.2,1
9457,5,0.2,0
9457,9,0.2,0
9457,11,0.2,0
9457,7,0.2,0
9458,1,0.25,1
9458,5,0.25,0
9458,11,0.25,0
9458,18,0.25,0
9459,1,0.333333,1
9459,11,0.333333,0
9459,19,0.333333,0
9460,1,0.333333,1
9460,5,0.333333,0
9460,11,0.333333,0
9461,2,0.25,1
9461,5,0.25,0
9461,11,0.25,0
9461,14,0.25,0
9462,5,0.333333,1
9462,9,0.333333,0
9462,16,0.333333,0
9463,1,0.5,1
9463,11,0.5,0
9464,14,1.0,1
9465,2,0.2,1
9465,5,0.2,0
9465,11,0.2,0
9465,14,0.2,0
9465,19,0.2,0
9466,2,0.333333,1
9466,11,0.333333,0
9466,14,0.333333,0
9467,2,0.333333,1
9467,5,0.333333,0
9467,11,0.333333,0
9468,1,0.5,1
9468,9,0.5,0
9469,1,0.25,1
9469,2,0.25,0
9469,11,0.25,0
9469,7,0.25,0
9470,11,0.5,1
9470,19,0.5,0
9471,2,0.5,1
9471,11,0.5,0
9472,5,0.333333,1
9472,11,0.333333,0
9472,16,0.333333,0
9473,2,0.25,1
9473,5,0.25,0
9473,16,0.25,0
9473,9,0.25,0
9474,1,0.25,1
9474,5,0.25,0
9474,9,0.25,0
9474,11,0.25,0
9475,1,0.333333,1
9475,9,0.333333,0
9475,11,0.333333,0
9476,1,0.2,1
9476,2,0.2,0
9476,5,0.2,0
9476,11,0.2,0
9476,16,0.2,0
9477,2,0.5,1
9477,11,0.5,0
9478,1,0.333333,1
9478,11,0.333333,0
9478,14,0.333333,0
9479,1,0.333333,1
9479,5,0.333333,0
9479,11,0.333333,0
9480,1,0.5,1
9480,5,0.5,0
9481,5,0.25,1
9481,11,0.25,0
9481,14,0.25,0
9481,16,0.25,0
9482,2,0.2,1
9482,5,0.2,0
9482,11,0.2,0
9482,16,0.2,0
9482,9,0.2,0
9483,1,0.333333,1
9483,11,0.333333,0
9483,7,0.333333,0
9484,1,0.333333,1
9484,2,0.333333,0
9484,11,0.333333,0
9485,5,0.5,1
9485,19,0.5,0
9486,5,0.5,1
9486,11,0.5,0
9487,1,0.25,1
9487,2,0.25,0
9487,11,0.25,0
9487,14,0.25,0
9488,1,0.333333,1
9488,9,0.333333,0
9488,11,0.333333,0
9489,2,0.333333,1
9489,5,0.333333,0
9489,11,0.333333,0
9490,5,0.5,1
9490,11,0.5,0
9491,19,1.0,1
9492,1,0.5,1
9492,11,0.5,0
9493,19,1.0,1
9494,1,0.333333,1
9494,2,0.333333,0
9494,11,0.333333,0
9495,15,1.0,1
9496,11,0.333333,1
9496,16,0.333333,0
9496,19,0.333333,0
9497,5,0.2,1
9497,11,0.2,0
9497,14,0.2,0
9497,19,0.2,0
9497,7,0.2,0
9498,2,0.166667,1
9498,5,0.166667,0
9498,11,0.166667,0
9498,14,0.166667,0
9498,16,0.166667,0
9498,19,0.166667,0
9499,1,0.125,1
9499,5,0.125,0
9499,11,0.125,0
9499,15,0.125,0
9499,16,0.125,0
9499,18,0.125,0
9499,9,0.125,0
9499,7,0.125,0
9500,1,0.2,1
9500,2,0.2,0
9500,9,0.2,0
9500,12,0.2,0
9500,19,0.2,0
9501,5,0.5,1
9501,11,0.5,0
9502,1,0.5,1
9502,7,0.5,0
9503,1,0.25,1
9503,2,0.25,0
9503,11,0.25,0
9503,7,0.25,0
9504,2,0.333333,1
9504,5,0.333333,0
9504,11,0.333333,0
9505,1,0.333333,1
9505,2,0.333333,0
9505,11,0.333333,0
9506,2,0.5,1
9506,14,0.5,0
9507,14,1.0,1
9508,11,0.333333,1
9508,14,0.333333,0
9508,16,0.333333,0
9509,1,0.333333,1
9509,2,0.333333,0
9509,11,0.333333,0
9510,2,1.0,1
9511,1,0.25,1
9511,2,0.25,0
9511,5,0.25,0
9511,11,0.25,0
9512,11,1.0,1
9513,2,0.333333,1
9513,5,0.333333,0
9513,11,0.333333,0
9514,2,0.333333,1
9514,5,0.333333,0
9514,14,0.333333,0
9515,1,0.166667,1
9515,2,0.166667,0
9515,5,0.166667,0
9515,11,0.166667,0
9515,14,0.166667,0
9515,16,0.166667,0
9516,2,0.142857,1
9516,5,0.142857,0
9516,11,0.142857,0
9516,12,0.142857,0
9516,14,0.142857,0
9516,19,0.142857,0
9516,7,0.142857,0
9517,3,0.5,1
9517,7,0.5,0
9518,1,0.25,1
9518,2,0.25,0
9518,5,0.25,0
9518,11,0.25,0
9519,1,0.25,1
9519,5,0.25,0
9519,11,0.25,0
9519,15,0.25,0
9520,5,0.333333,1
9520,11,0.333333,0
9520,16,0.333333,0
9521,2,0.25,1
9521,5,0.25,0
9521,11,0.25,0
9521,14,0.25,0
9522,1,0.25,1
9522,2,0.25,0
9522,11,0.25,0
9522,7,0.25,0
9523,2,0.5,1
9523,11,0.5,0
9524,1,0.25,1
9524,2,0.25,0
9524,11,0.25,0
9524,14,0.25,0
9525,1,0.25,1
9525,5,0.25,0
9525,11,0.25,0
9525,15,0.25,0
9526,1,0.333333,1
9526,5,0.333333,0
9526,11,0.333333,0
9527,2,0.25,1
9527,5,0.25,0
9527,11,0.25,0
9527,16,0.25,0
9528,1,0.25,1
9528,2,0.25,0
9528,11,0.25,0
9528,16,0.25,0
9529,2,0.5,1
9529,11,0.5,0
9530,11,1.0,1
9531,2,0.333333,1
9531,11,0.333333,0
9531,15,0.333333,0
9532,1,0.333333,1
9532,5,0.333333,0
9532,11,0.333333,0
9533,1,0.5,1
9533,11,0.5,0
9534,1,0.166667,1
9534,2,0.166667,0
9534,5,0.166667,0
9534,11,0.166667,0
9534,16,0.166667,0
9534,19,0.166667,0
9535,1,0.333333,1
9535,11,0.333333,0
9535,7,0.333333,0
9536,1,0.5,1
9536,11,0.5,0
9537,1,0.333333,1
9537,5,0.333333,0
9537,11,0.333333,0
9538,5,0.5,1
9538,11,0.5,0
9539,1,0.5,1
9539,11,0.5,0
9540,1,0.25,1
9540,2,0.25,0
9540,5,0.25,0
9540,11,0.25,0
9541,5,0.333333,1
9541,11,0.333333,0
9541,19,0.333333,0
9542,9,0.5,1
9542,11,0.5,0
9543,2,0.5,1
9543,11,0.5,0
9544,1,0.2,1
9544,5,0.2,0
9544,11,0.2,0
9544,16,0.2,0
9544,19,0.2,0
9545,1,0.5,1
9545,11,0.5,0
9546,2,1.0,1
9547,2,0.25,1
9547,5,0.25,0
9547,11,0.25,0
9547,16,0.25,0
9548,2,0.5,1
9548,5,0.5,0
9549,9,0.333333,1
9549,11,0.333333,0
9549,19,0.333333,0
9550,5,0.5,1
9550,11,0.5,0
9551,1,0.5,1
9551,11,0.5,0
9552,2,0.25,1
9552,5,0.25,0
9552,11,0.25,0
9552,14,0.25,0
9553,1,0.333333,1
9553,5,0.333333,0
9553,15,0.333333,0
9554,1,0.5,1
9554,11,0.5,0
9555,1,0.5,1
9555,18,0.5,0
9556,16,0.5,1
9556,19,0.5,0
9557,1,0.333333,1
9557,2,0.333333,0
9557,11,0.333333,0
9558,1,0.5,1
9558,9,0.5,0
9559,5,0.333333,1
9559,9,0.333333,0
9559,11,0.333333,0
9560,2,0.2,1
9560,5,0.2,0
9560,11,0.2,0
9560,14,0.2,0
9560,16,0.2,0
9561,1,0.25,1
9561,2,0.25,0
9561,11,0.25,0
9561,9,0.25,0
9562,2,0.2,1
9562,5,0.2,0
9562,11,0.2,0
9562,14,0.2,0
9562,19,0.2,0
9563,1,0.333333,1
9563,2,0.333333,0
9563,11,0.333333,0
9564,2,0.333333,1
9564,5,0.333333,0
9564,14,0.333333,0
9565,1,0.5,1
9565,11,0.5,0
9566,5,0.5,1
9566,11,0.5,0
9567,2,0.333333,1
9567,11,0.333333,0
9567,7,0.333333,0
9568,1,0.5,1
9568,11,0.5,0
9569,1,0.333333,1
9569,2,0.333333,0
9569,11,0.333333,0
9570,1,0.333333,1
9570,2,0.333333,0
9570,11,0.333333,0
9571,14,0.5,1
9571,19,0.5,0
9572,2,0.5,1
9572,11,0.5,0
9573,2,0.166667,1
9573,5,0.166667,0
9573,11,0.166667,0
9573,14,0.166667,0
9573,19,0.166667,0
9573,7,0.166667,0
9574,5,0.5,1
9574,11,0.5,0
9575,1,0.25,1
9575,2,0.25,0
9575,11,0.25,0
9575,14,0.25,0
9576,1,0.25,1
9576,2,0.25,0
9576,11,0.25,0
9576,16,0.25,0
9577,5,0.5,1
9577,9,0.5,0
9578,5,1.0,1
9579,5,0.333333,1
9579,9,0.333333,0
9579,19,0.333333,0
9580,1,0.5,1
9580,11,0.5,0
9581,2,0.333333,1
9581,5,0.333333,0
9581,11,0.333333,0
9582,1,0.5,1
9582,11,0.5,0
9583,11,1.0,1
9584,5,1.0,1
9585,11,0.333333,1
9585,14,0.333333,0
9585,7,0.333333,0
9586,1,0.2,1
9586,2,0.2,0
9586,5,0.2,0
9586,11,0.2,0
9586,19,0.2,0
9587,1,0.166667,1
9587,2,0.166667,0
9587,11,0.166667,0
9587,14,0.166667,0
9587,16,0.166667,0
9587,7,0.166667,0
9588,1,0.5,1
9588,11,0.5,0
9589,1,0.25,1
9589,2,0.25,0
9589,5,0.25,0
9589,11,0.25,0
9590,1,0.25,1
9590,2,0.25,0
9590,9,0.25,0
9590,11,0.25,0
9591,5,1.0,1
9592,2,0.5,1
9592,5,0.5,0
9593,2,0.25,1
9593,5,0.25,0
9593,9,0.25,0
9593,11,0.25,0
9594,1,0.25,1
9594,2,0.25,0
9594,11,0.25,0
9594,14,0.25,0
9595,1,0.25,1
9595,2,0.25,0
9595,5,0.25,0
9595,19,0.25,0
9596,5,0.25,1
9596,9,0.25,0
9596,12,0.25,0
9596,14,0.25,0
9597,1,0.333333,1
9597,2,0.333333,0
9597,11,0.333333,0
9598,1,0.5,1
9598,16,0.5,0
9599,5,0.5,1
9599,9,0.5,0
9600,1,0.25,1
9600,11,0.25,0
9600,19,0.25,0
9600,7,0.25,0
9601,11,0.5,1
9601,19,0.5,0
9602,1,0.2,1
9602,2,0.2,0
9602,5,0.2,0
9602,11,0.2,0
9602,16,0.2,0
9603,2,0.333333,1
9603,5,0.333333,0
9603,11,0.333333,0
9604,2,0.333333,1
9604,11,0.333333,0
9604,14,0.333333,0
9605,11,1.0,1
9606,5,0.25,1
9606,11,0.25,0
9606,14,0.25,0
9606,16,0.25,0
9607,1,0.333333,1
9607,5,0.333333,0
9607,11,0.333333,0
9608,19,1.0,1
9609,5,0.5,1
9609,11,0.5,0
9610,5,1.0,1
9611,5,0.5,1
9611,19,0.5,0
9612,5,0.2,1
9612,11,0.2,0
9612,14,0.2,0
9612,16,0.2,0
9612,19,0.2,0
9613,2,0.333333,1
9613,5,0.333333,0
9613,11,0.333333,0
9614,5,0.5,1
9614,16,0.5,0
9615,1,0.333333,1
9615,2,0.333333,0
9615,11,0.333333,0
9616,1,0.333333,1
9616,5,0.333333,0
9616,11,0.333333,0
9617,11,1.0,1
9618,1,0.25,1
9618,5,0.25,0
9618,11,0.25,0
9618,19,0.25,0
9619,1,0.333333,1
9619,2,0.333333,0
9619,11,0.333333,0
9620,1,0.166667,1
9620,2,0.166667,0
9620,5,0.166667,0
9620,11,0.166667,0
9620,18,0.166667,0
9620,19,0.166667,0
9621,19,1.0,1
9622,1,0.333333,1
9622,2,0.333333,0
9622,19,0.333333,0
9623,2,0.333333,1
9623,5,0.333333,0
9623,11,0.333333,0
9624,1,0.25,1
9624,5,0.25,0
9624,12,0.25,0
9624,19,0.25,0
9625,1,0.166667,1
9625,2,0.166667,0
9625,12,0.166667,0
9625,14,0.166667,0
9625,19,0.166667,0
9625,9,0.166667,0
9626,1,0.5,1
9626,11,0.5,0
9627,1,0.25,1
9627,2,0.25,0
9627,5,0.25,0
9627,11,0.25,0
9628,11,0.333333,1
9628,18,0.333333,0
9628,7,0.333333,0
9629,2,0.25,1
9629,11,0.25,0
9629,14,0.25,0
9629,16,0.25,0
9630,11,1.0,1
9631,2,0.333333,1
9631,5,0.333333,0
9631,11,0.333333,0
9632,1,0.5,1
9632,11,0.5,0
9633,1,0.333333,1
9633,2,0.333333,0
9633,11,0.333333,0
9634,1,0.25,1
9634,2,0.25,0
9634,11,0.25,0
9634,7,0.25,0
9635,1,0.25,1
9635,2,0.25,0
9635,11,0.25,0
9635,16,0.25,0
9636,1,0.333333,1
9636,2,0.333333,0
9636,11,0.333333,0
9637,1,0.5,1
9637,2,0.5,0
9638,2,0.5,1
9638,5,0.5,0
9639,11,1.0,1
9640,2,0.333333,1
9640,5,0.333333,0
9640,9,0.333333,0
9641,5,0.2,1
9641,11,0.2,0
9641,14,0.2,0
9641,16,0.2,0
9641,19,0.2,0
9642,2,0.5,1
9642,11,0.5,0
9643,2,0.5,1
9643,11,0.5,0
9644,1,1.0,1
9645,2,0.25,1
9645,11,0.25,0
9645,14,0.25,0
9645,16,0.25,0
9646,1,0.333333,1
9646,2,0.333333,0
9646,11,0.333333,0
9647,2,0.5,1
9647,11,0.5,0
9648,2,0.166667,1
9648,5,0.166667,0
9648,11,0.166667,0
9648,14,0.166667,0
9648,16,0.166667,0
9648,19,0.166667,0
9649,5,1.0,1
9650,8,1.0,1
9651,1,0.333333,1
9651,5,0.333333,0
9651,11,0.333333,0
9652,1,0.333333,1
9652,2,0.333333,0
9652,11,0.333333,0
9653,1,0.25,1
9653,2,0.25,0
9653,11,0.25,0
9653,9,0.25,0
9654,11,1.0,1
9655,2,0.25,1
9655,11,0.25,0
9655,14,0.25,0
9655,19,0.25,0
9656,1,0.166667,1
9656,2,0.166667,0
9656,5,0.166667,0
9656,11,0.166667,0
9656,15,0.166667,0
9656,7,0.166667,0
9657,2,0.333333,1
9657,5,0.333333,0
9657,16,0.333333,0
9658,1,0.25,1
9658,11,0.25,0
9658,14,0.25,0
9658,7,0.25,0
9659,5,0.5,1
9659,11,0.5,0
9660,1,0.166667,1
9660,2,0.166667,0
9660,5,0.166667,0
9660,11,0.166667,0
9660,16,0.166667,0
9660,19,0.166667,0
9661,1,0.333333,1
9661,5,0.333333,0
9661,11,0.333333,0
9662,1,0.5,1
9662,11,0.5,0
9663,1,0.5,1
9663,11,0.5,0
9664,5,0.5,1
9664,11,0.5,0
9665,2,0.2,1
9665,5,0.2,0
9665,11,0.2,0
9665,14,0.2,0
9665,19,0.2,0
9666,2,0.25,1
9666,5,0.25,0
9666,9,0.25,0
9666,11,0.25,0
9667,2,0.333333,1
9667,5,0.333333,0
9667,19,0.333333,0
9668,5,0.333333,1
9668,19,0.333333,0
9668,9,0.333333,0
9669,1,0.333333,1
9669,11,0.333333,0
9669,14,0.333333,0
9670,1,0.2,1
9670,2,0.2,0
9670,11,0.2,0
9670,14,0.2,0
9670,16,0.2,0
9671,1,0.5,1
9671,11,0.5,0
9672,5,1.0,1
9673,2,0.25,1
9673,9,0.25,0
9673,12,0.25,0
9673,19,0.25,0
9674,2,0.25,1
9674,11,0.25,0
9674,16,0.25,0
9674,19,0.25,0
9675,2,0.5,1
9675,11,0.5,0
9676,1,0.25,1
9676,2,0.25,0
9676,11,0.25,0
9676,14,0.25,0
9677,1,0.333333,1
9677,5,0.333333,0
9677,11,0.333333,0
9678,1,1.0,1
9679,1,0.333333,1
9679,2,0.333333,0
9679,11,0.333333,0
9680,5,0.2,1
9680,11,0.2,0
9680,14,0.2,0
9680,16,0.2,0
9680,19,0.2,0
9681,16,0.5,1
9681,18,0.5,0
9682,5,1.0,1
9683,2,0.25,1
9683,5,0.25,0
9683,9,0.25,0
9683,11,0.25,0
9684,11,1.0,1
9685,1,0.333333,1
9685,2,0.333333,0
9685,11,0.333333,0
9686,1,0.333333,1
9686,2,0.333333,0
9686,11,0.333333,0
9687,1,0.5,1
9687,11,0.5,0
9688,1,0.5,1
9688,11,0.5,0
9689,1,0.333333,1
9689,2,0.333333,0
9689,5,0.333333,0
9690,5,0.25,1
9690,11,0.25,0
9690,15,0.25,0
9690,16,0.25,0
9691,1,0.333333,1
9691,2,0.333333,0
9691,11,0.333333,0
9692,1,0.25,1
9692,11,0.25,0
9692,14,0.25,0
9692,7,0.25,0
9693,11,1.0,1
9694,1,0.25,1
9694,2,0.25,0
9694,11,0.25,0
9694,14,0.25,0
9695,5,0.5,1
9695,11,0.5,0
9696,5,0.333333,1
9696,11,0.333333,0
9696,19,0.333333,0
9697,1,0.5,1
9697,11,0.5,0
9698,1,0.333333,1
9698,2,0.333333,0
9698,11,0.333333,0
9699,2,0.5,1
9699,11,0.5,0
9700,1,0.333333,1
9700,2,0.333333,0
9700,11,0.333333,0
9701,5,0.333333,1
9701,11,0.333333,0
9701,19,0.333333,0
9702,1,0.333333,1
9702,2,0.333333,0
9702,11,0.333333,0
9703,14,0.5,1
9703,19,0.5,0
9704,1,0.25,1
9704,2,0.25,0
9704,5,0.25,0
9704,11,0.25,0
9705,1,0.5,1
9705,2,0.5,0
9706,5,0.5,1
9706,11,0.5,0
9707,2,0.25,1
9707,5,0.25,0
9707,11,0.25,0
9707,16,0.25,0
9708,1,0.2,1
9708,2,0.2,0
9708,5,0.2,0
9708,11,0.2,0
9708,16,0.2,0
9709,2,0.333333,1
9709,5,0.333333,0
9709,11,0.333333,0
9710,5,1.0,1
9711,1,0.25,1
9711,5,0.25,0
9711,15,0.25,0
9711,18,0.25,0
9712,5,0.5,1
9712,11,0.5,0
9713,5,0.5,1
9713,11,0.5,0
9714,1,0.5,1
9714,5,0.5,0
9715,2,0.5,1
9715,11,0.5,0
9716,5,0.333333,1
9716,11,0.333333,0
9716,18,0.333333,0
9717,5,0.5,1
9717,11,0.5,0
9718,1,0.5,1
9718,2,0.5,0
9719,1,0.25,1
9719,2,0.25,0
9719,5,0.25,0
9719,11,0.25,0
9720,11,0.5,1
9720,19,0.5,0
9721,11,0.5,1
9721,16,0.5,0
9722,1,0.25,1
9722,5,0.25,0
9722,11,0.25,0
9722,16,0.25,0
9723,1,0.2,1
9723,2,0.2,0
9723,11,0.2,0
9723,14,0.2,0
9723,7,0.2,0
9724,2,0.5,1
9724,11,0.5,0
9725,2,0.333333,1
9725,5,0.333333,0
9725,11,0.333333,0
9726,1,0.5,1
9726,11,0.5,0
9727,1,0.25,1
9727,2,0.25,0
9727,5,0.25,0
9727,11,0.25,0
9728,1,0.2,1
9728,2,0.2,0
9728,5,0.2,0
9728,11,0.2,0
9728,14,0.2,0
9729,1,0.2,1
9729,2,0.2,0
9729,12,0.2,0
9729,14,0.2,0
9729,19,0.2,0
9730,1,0.5,1
9730,11,0.5,0
9731,11,0.5,1
9731,19,0.5,0
9732,1,0.111111,1
9732,2,0.111111,0
9732,5,0.111111,0
9732,11,0.111111,0
9732,12,0.111111,0
9732,14,0.111111,0
9732,16,0.111111,0
9732,19,0.111111,0
9732,7,0.111111,0
9733,2,1.0,1
9734,1,0.166667,1
9734,11,0.166667,0
9734,12,0.166667,0
9734,15,0.166667,0
9734,19,0.166667,0
9734,9,0.166667,0
9735,1,0.2,1
9735,2,0.2,0
9735,5,0.2,0
9735,11,0.2,0
9735,15,0.2,0
9736,1,0.142857,1
9736,2,0.142857,0
9736,11,0.142857,0
9736,14,0.142857,0
9736,16,0.142857,0
9736,19,0.142857,0
9736,7,0.142857,0
9737,2,0.5,1
9737,9,0.5,0
9738,2,0.333333,1
9738,5,0.333333,0
9738,11,0.333333,0
9739,1,0.5,1
9739,2,0.5,0
9740,2,0.25,1
9740,5,0.25,0
9740,9,0.25,0
9740,11,0.25,0
9741,14,0.5,1
9741,7,0.5,0
9742,5,0.25,1
9742,11,0.25,0
9742,16,0.25,0
9742,19,0.25,0
9743,2,1.0,1
9744,2,0.333333,1
9744,5,0.333333,0
9744,11,0.333333,0
9745,1,0.333333,1
9745,2,0.333333,0
9745,11,0.333333,0
9746,2,1.0,1
9747,1,0.5,1
9747,11,0.5,0
9748,2,0.5,1
9748,11,0.5,0
9749,1,0.333333,1
9749,5,0.333333,0
9749,19,0.333333,0
9750,11,1.0,1
9751,1,0.5,1
9751,11,0.5,0
9752,11,0.333333,1
9752,14,0.333333,0
9752,19,0.333333,0
9753,2,0.5,1
9753,9,0.5,0
9754,1,0.25,1
9754,2,0.25,0
9754,11,0.25,0
9754,9,0.25,0
9755,2,0.5,1
9755,11,0.5,0
9756,5,0.5,1
9756,7,0.5,0
9757,2,0.333333,1
9757,11,0.333333,0
9757,16,0.333333,0
9758,11,0.5,1
9758,19,0.5,0
9759,2,0.5,1
9759,11,0.5,0
9760,1,0.333333,1
9760,2,0.333333,0
9760,11,0.333333,0
9761,5,0.25,1
9761,11,0.25,0
9761,14,0.25,0
9761,16,0.25,0
9762,1,0.5,1
9762,11,0.5,0
9763,1,0.2,1
9763,2,0.2,0
9763,11,0.2,0
9763,14,0.2,0
9763,7,0.2,0
9764,2,0.25,1
9764,5,0.25,0
9764,11,0.25,0
9764,14,0.25,0
9765,1,0.25,1
9765,11,0.25,0
9765,16,0.25,0
9765,19,0.25,0
9766,11,0.5,1
9766,14,0.5,0
9767,2,0.25,1
9767,11,0.25,0
9767,16,0.25,0
9767,19,0.25,0
9768,1,0.25,1
9768,2,0.25,0
9768,11,0.25,0
9768,14,0.25,0
9769,2,1.0,1
9770,5,0.2,1
9770,11,0.2,0
9770,14,0.2,0
9770,19,0.2,0
9770,7,0.2,0
9771,1,0.5,1
9771,11,0.5,0
9772,5,0.5,1
9772,11,0.5,0
9773,1,0.333333,1
9773,2,0.333333,0
9773,11,0.333333,0
9774,5,1.0,1
9775,1,0.25,1
9775,2,0.25,0
9775,5,0.25,0
9775,9,0.25,0
9776,2,0.333333,1
9776,14,0.333333,0
9776,19,0.333333,0
9777,2,0.5,1
9777,11,0.5,0
9778,11,1.0,1
9779,5,0.333333,1
9779,11,0.333333,0
9779,16,0.333333,0
9780,1,0.25,1
9780,5,0.25,0
9780,11,0.25,0
9780,19,0.25,0
9781,1,0.5,1
9781,2,0.5,0
9782,1,0.333333,1
9782,11,0.333333,0
9782,15,0.333333,0
9783,1,0.333333,1
9783,5,0.333333,0
9783,11,0.333333,0
9784,5,0.25,1
9784,9,0.25,0
9784,11,0.25,0
9784,19,0.25,0
9785,11,0.5,1
9785,18,0.5,0
9786,1,0.333333,1
9786,11,0.333333,0
9786,12,0.333333,0
9787,2,0.5,1
9787,11,0.5,0
9788,1,0.333333,1
9788,2,0.333333,0
9788,11,0.333333,0
9789,5,0.333333,1
9789,11,0.333333,0
9789,16,0.333333,0
9790,2,0.25,1
9790,11,0.25,0
9790,14,0.25,0
9790,16,0.25,0
9791,5,0.333333,1
9791,11,0.333333,0
9791,19,0.333333,0
9792,2,0.333333,1
9792,9,0.333333,0
9792,11,0.333333,0
9793,11,0.25,1
9793,16,0.25,0
9793,18,0.25,0
9793,19,0.25,0
9794,11,0.333333,1
9794,16,0.333333,0
9794,19,0.333333,0
9795,11,1.0,1
9796,5,0.25,1
9796,9,0.25,0
9796,11,0.25,0
9796,16,0.25,0
9797,2,0.25,1
9797,5,0.25,0
9797,11,0.25,0
9797,15,0.25,0
9798,11,0.5,1
9798,16,0.5,0
9799,11,0.333333,1
9799,16,0.333333,0
9799,19,0.333333,0
9800,2,0.333333,1
9800,11,0.333333,0
9800,7,0.333333,0
9801,1,0.25,1
9801,2,0.25,0
9801,5,0.25,0
9801,9,0.25,0
9802,11,0.333333,1
9802,16,0.333333,0
9802,19,0.333333,0
9803,5,1.0,1
9804,5,0.5,1
9804,11,0.5,0
9805,5,0.333333,1
9805,11,0.333333,0
9805,16,0.333333,0
9806,1,0.25,1
9806,2,0.25,0
9806,5,0.25,0
9806,11,0.25,0
9807,2,0.333333,1
9807,5,0.333333,0
9807,11,0.333333,0
9808,2,1.0,1
9809,5,0.333333,1
9809,11,0.333333,0
9809,16,0.333333,0
9810,5,0.333333,1
9810,11,0.333333,0
9810,19,0.333333,0
9811,5,1.0,1
9812,11,1.0,1
9813,2,0.25,1
9813,5,0.25,0
9813,11,0.25,0
9813,16,0.25,0
9814,1,1.0,1
9815,2,0.5,1
9815,11,0.5,0
9816,1,0.25,1
9816,2,0.25,0
9816,11,0.25,0
9816,14,0.25,0
9817,1,0.5,1
9817,2,0.5,0
9818,2,0.166667,1
9818,5,0.166667,0
9818,11,0.166667,0
9818,14,0.166667,0
9818,16,0.166667,0
9818,19,0.166667,0
9819,11,1.0,1
9820,5,0.5,1
9820,11,0.5,0
9821,16,0.5,1
9821,19,0.5,0
9822,5,0.166667,1
9822,11,0.166667,0
9822,12,0.166667,0
9822,16,0.166667,0
9822,18,0.166667,0
9822,7,0.166667,0
9823,16,0.5,1
9823,19,0.5,0
9824,1,0.333333,1
9824,2,0.333333,0
9824,16,0.333333,0
9825,1,0.166667,1
9825,2,0.166667,0
9825,5,0.166667,0
9825,11,0.166667,0
9825,14,0.166667,0
9825,9,0.166667,0
9826,2,0.25,1
9826,9,0.25,0
9826,11,0.25,0
9826,14,0.25,0
9827,5,0.333333,1
9827,9,0.333333,0
9827,11,0.333333,0
9828,2,0.333333,1
9828,11,0.333333,0
9828,19,0.333333,0
9829,19,0.5,1
9829,9,0.5,0
9830,5,0.5,1
9830,11,0.5,0
9831,2,0.5,1
9831,5,0.5,0
9832,11,1.0,1
9833,1,0.333333,1
9833,2,0.333333,0
9833,11,0.333333,0
9834,1,0.25,1
9834,2,0.25,0
9834,5,0.25,0
9834,11,0.25,0
9835,1,0.2,1
9835,2,0.2,0
9835,11,0.2,0
9835,12,0.2,0
9835,14,0.2,0
9836,1,0.333333,1
9836,11,0.333333,0
9836,14,0.333333,0
9837,1,0.333333,1
9837,2,0.333333,0
9837,11,0.333333,0
9838,11,0.333333,1
9838,15,0.333333,0
9838,16,0.333333,0
9839,2,0.25,1
9839,5,0.25,0
9839,11,0.25,0
9839,14,0.25,0
9840,11,0.333333,1
9840,14,0.333333,0
9840,16,0.333333,0
9841,2,0.5,1
9841,5,0.5,0
9842,5,0.5,1
9842,11,0.5,0
9843,5,0.25,1
9843,11,0.25,0
9843,15,0.25,0
9843,16,0.25,0
9844,2,0.25,1
9844,5,0.25,0
9844,11,0.25,0
9844,14,0.25,0
9845,11,1.0,1
9846,5,0.25,1
9846,11,0.25,0
9846,16,0.25,0
9846,19,0.25,0
9847,11,1.0,1
9848,5,0.2,1
9848,11,0.2,0
9848,14,0.2,0
9848,16,0.2,0
9848,19,0.2,0
9849,1,0.25,1
9849,2,0.25,0
9849,11,0.25,0
9849,7,0.25,0
9850,1,0.333333,1
9850,5,0.333333,0
9850,11,0.333333,0
9851,1,0.25,1
9851,11,0.25,0
9851,14,0.25,0
9851,19,0.25,0
9852,1,0.5,1
9852,11,0.5,0
9853,2,0.25,1
9853,5,0.25,0
9853,11,0.25,0
9853,19,0.25,0
9854,5,0.333333,1
9854,14,0.333333,0
9854,16,0.333333,0
9855,11,0.5,1
9855,7,0.5,0
9856,11,1.0,1
9857,5,0.5,1
9857,11,0.5,0
9858,2,0.25,1
9858,9,0.25,0
9858,11,0.25,0
9858,14,0.25,0
9859,19,1.0,1
9860,1,0.333333,1
9860,11,0.333333,0
9860,9,0.333333,0
9861,1,0.333333,1
9861,5,0.333333,0
9861,11,0.333333,0
9862,1,0.333333,1
9862,11,0.333333,0
9862,7,0.333333,0
9863,1,0.5,1
9863,11,0.5,0
9864,1,0.5,1
9864,11,0.5,0
9865,2,0.25,1
9865,11,0.25,0
9865,14,0.25,0
9865,19,0.25,0
9866,2,0.2,1
9866,5,0.2,0
9866,11,0.2,0
9866,16,0.2,0
9866,19,0.2,0
9867,1,0.2,1
9867,2,0.2,0
9867,5,0.2,0
9867,11,0.2,0
9867,16,0.2,0
9868,2,0.25,1
9868,5,0.25,0
9868,9,0.25,0
9868,11,0.25,0
9869,1,0.25,1
9869,2,0.25,0
9869,9,0.25,0
9869,11,0.25,0
9870,2,0.5,1
9870,14,0.5,0
9871,2,0.2,1
9871,5,0.2,0
9871,11,0.2,0
9871,14,0.2,0
9871,16,0.2,0
9872,2,0.2,1
9872,5,0.2,0
9872,9,0.2,0
9872,11,0.2,0
9872,15,0.2,0
9873,2,0.333333,1
9873,5,0.333333,0
9873,11,0.333333,0
9874,5,1.0,1
9875,5,0.333333,1
9875,9,0.333333,0
9875,15,0.333333,0
9876,2,1.0,1
9877,1,0.2,1
9877,5,0.2,0
9877,11,0.2,0
9877,16,0.2,0
9877,19,0.2,0
9878,5,1.0,1
9879,14,1.0,1
9880,1,0.2,1
9880,2,0.2,0
9880,5,0.2,0
9880,11,0.2,0
9880,19,0.2,0
9881,5,1.0,1
9882,2,0.333333,1
9882,11,0.333333,0
9882,14,0.333333,0
9883,1,0.2,1
9883,2,0.2,0
9883,5,0.2,0
9883,11,0.2,0
9883,14,0.2,0
9884,5,0.333333,1
9884,11,0.333333,0
9884,14,0.333333,0
9885,1,0.25,1
9885,5,0.25,0
9885,11,0.25,0
9885,14,0.25,0
9886,2,0.333333,1
9886,9,0.333333,0
9886,11,0.333333,0
9887,1,0.2,1
9887,2,0.2,0
9887,5,0.2,0
9887,11,0.2,0
9887,12,0.2,0
9888,1,0.142857,1
9888,2,0.142857,0
9888,5,0.142857,0
9888,11,0.142857,0
9888,18,0.142857,0
9888,19,0.142857,0
9888,7,0.142857,0
9889,1,1.0,1
9890,1,0.333333,1
9890,9,0.333333,0
9890,11,0.333333,0
9891,5,0.333333,1
9891,11,0.333333,0
9891,18,0.333333,0
9892,2,0.333333,1
9892,11,0.333333,0
9892,14,0.333333,0
9893,1,0.5,1
9893,9,0.5,0
9894,5,0.25,1
9894,11,0.25,0
9894,18,0.25,0
9894,19,0.25,0
9895,2,0.333333,1
9895,11,0.333333,0
9895,16,0.333333,0
9896,1,0.333333,1
9896,5,0.333333,0
9896,9,0.333333,0
9897,5,0.333333,1
9897,11,0.333333,0
9897,19,0.333333,0
9898,11,0.333333,1
9898,15,0.333333,0
9898,9,0.333333,0
9899,5,0.333333,1
9899,11,0.333333,0
9899,14,0.333333,0
9900,11,0.5,1
9900,19,0.5,0
9901,5,0.5,1
9901,19,0.5,0
9902,19,1.0,1
9903,5,0.333333,1
9903,11,0.333333,0
9903,19,0.333333,0
9904,1,0.5,1
9904,11,0.5,0
9905,1,0.2,1
9905,2,0.2,0
9905,5,0.2,0
9905,11,0.2,0
9905,19,0.2,0
9906,11,0.333333,1
9906,15,0.333333,0
9906,16,0.333333,0
9907,1,0.2,1
9907,2,0.2,0
9907,9,0.2,0
9907,11,0.2,0
9907,7,0.2,0
9908,2,0.25,1
9908,11,0.25,0
9908,14,0.25,0
9908,7,0.25,0
9909,11,1.0,1
9910,5,0.333333,1
9910,11,0.333333,0
9910,16,0.333333,0
9911,2,0.25,1
9911,5,0.25,0
9911,11,0.25,0
9911,9,0.25,0
9912,1,0.25,1
9912,5,0.25,0
9912,11,0.25,0
9912,19,0.25,0
9913,2,1.0,1
9914,2,0.333333,1
9914,5,0.333333,0
9914,11,0.333333,0
9915,5,0.333333,1
9915,11,0.333333,0
9915,19,0.333333,0
9916,5,0.25,1
9916,11,0.25,0
9916,19,0.25,0
9916,9,0.25,0
9917,2,0.2,1
9917,11,0.2,0
9917,14,0.2,0
9917,19,0.2,0
9917,7,0.2,0
9918,1,0.2,1
9918,5,0.2,0
9918,9,0.2,0
9918,11,0.2,0
9918,7,0.2,0
9919,11,1.0,1
9920,1,0.25,1
9920,5,0.25,0
9920,11,0.25,0
9920,14,0.25,0
9921,1,0.166667,1
9921,5,0.166667,0
9921,9,0.166667,0
9921,15,0.166667,0
9921,16,0.166667,0
9921,18,0.166667,0
9922,2,0.25,1
9922,5,0.25,0
9922,11,0.25,0
9922,19,0.25,0
9923,1,0.25,1
9923,5,0.25,0
9923,11,0.25,0
9923,12,0.25,0
9924,1,0.5,1
9924,5,0.5,0
9925,5,0.5,1
9925,11,0.5,0
9926,1,0.25,1
9926,11,0.25,0
9926,14,0.25,0
9926,7,0.25,0
9927,1,0.25,1
9927,2,0.25,0
9927,9,0.25,0
9927,11,0.25,0
9928,1,0.25,1
9928,2,0.25,0
9928,5,0.25,0
9928,11,0.25,0
9929,5,0.5,1
9929,11,0.5,0
9930,5,0.2,1
9930,11,0.2,0
9930,16,0.2,0
9930,19,0.2,0
9930,7,0.2,0
9931,5,0.5,1
9931,20,0.5,0
9932,5,0.333333,1
9932,9,0.333333,0
9932,7,0.333333,0
9933,5,0.5,1
9933,11,0.5,0
9934,1,0.333333,1
9934,11,0.333333,0
9934,19,0.333333,0
9935,5,0.5,1
9935,11,0.5,0
9936,1,0.25,1
9936,2,0.25,0
9936,11,0.25,0
9936,14,0.25,0
9937,9,1.0,1
9938,1,0.2,1
9938,11,0.2,0
9938,12,0.2,0
9938,15,0.2,0
9938,7,0.2,0
9939,1,0.125,1
9939,2,0.125,0
9939,5,0.125,0
9939,11,0.125,0
9939,12,0.125,0
9939,15,0.125,0
9939,16,0.125,0
9939,19,0.125,0
9940,5,0.5,1
9940,11,0.5,0
9941,1,0.333333,1
9941,5,0.333333,0
9941,11,0.333333,0
9942,2,0.333333,1
9942,5,0.333333,0
9942,11,0.333333,0
9943,1,0.25,1
9943,5,0.25,0
9943,11,0.25,0
9943,14,0.25,0
9944,1,0.5,1
9944,11,0.5,0
9945,2,1.0,1
9946,1,0.5,1
9946,11,0.5,0
9947,2,0.142857,1
9947,5,0.142857,0
9947,11,0.142857,0
9947,14,0.142857,0
9947,16,0.142857,0
9947,19,0.142857,0
9947,7,0.142857,0
9948,1,0.2,1
9948,2,0.2,0
9948,5,0.2,0
9948,11,0.2,0
9948,16,0.2,0
9949,5,0.5,1
9949,11,0.5,0
9950,11,0.333333,1
9950,19,0.333333,0
9950,7,0.333333,0
9951,11,0.5,1
9951,14,0.5,0
9952,11,0.5,1
9952,14,0.5,0
9953,2,0.333333,1
9953,11,0.333333,0
9953,9,0.333333,0
9954,1,0.25,1
9954,2,0.25,0
9954,5,0.25,0
9954,11,0.25,0
9955,1,0.333333,1
9955,11,0.333333,0
9955,14,0.333333,0
9956,5,1.0,1
9957,1,0.2,1
9957,2,0.2,0
9957,11,0.2,0
9957,14,0.2,0
9957,19,0.2,0
9958,2,0.2,1
9958,5,0.2,0
9958,9,0.2,0
9958,11,0.2,0
9958,7,0.2,0
9959,1,0.2,1
9959,2,0.2,0
9959,5,0.2,0
9959,11,0.2,0
9959,19,0.2,0
9960,5,0.5,1
9960,11,0.5,0
9961,2,0.5,1
9961,11,0.5,0
9962,1,0.333333,1
9962,2,0.333333,0
9962,11,0.333333,0
9963,5,0.25,1
9963,11,0.25,0
9963,14,0.25,0
9963,19,0.25,0
9964,1,0.333333,1
9964,2,0.333333,0
9964,11,0.333333,0
9965,16,1.0,1
9966,5,0.5,1
9966,19,0.5,0
9967,1,0.2,1
9967,2,0.2,0
9967,5,0.2,0
9967,11,0.2,0
9967,19,0.2,0
9968,1,0.333333,1
9968,11,0.333333,0
9968,19,0.333333,0
9969,1,0.25,1
9969,2,0.25,0
9969,15,0.25,0
9969,16,0.25,0
9970,1,0.25,1
9970,11,0.25,0
9970,12,0.25,0
9970,14,0.25,0
9971,1,0.25,1
9971,5,0.25,0
9971,11,0.25,0
9971,18,0.25,0
9972,1,0.2,1
9972,2,0.2,0
9972,5,0.2,0
9972,11,0.2,0
9972,14,0.2,0
9973,16,0.5,1
9973,7,0.5,0
9974,2,0.2,1
9974,5,0.2,0
9974,14,0.2,0
9974,16,0.2,0
9974,19,0.2,0
9975,2,0.142857,1
9975,5,0.142857,0
9975,11,0.142857,0
9975,12,0.142857,0
9975,14,0.142857,0
9975,16,0.142857,0
9975,9,0.142857,0
9976,1,0.25,1
9976,2,0.25,0
9976,11,0.25,0
9976,14,0.25,0
9977,2,0.333333,1
9977,9,0.333333,0
9977,11,0.333333,0
9978,1,0.333333,1
9978,2,0.333333,0
9978,14,0.333333,0
9979,1,0.2,1
9979,2,0.2,0
9979,5,0.2,0
9979,9,0.2,0
9979,11,0.2,0
9980,2,0.5,1
9980,11,0.5,0
9981,1,0.25,1
9981,5,0.25,0
9981,9,0.25,0
9981,7,0.25,0
9982,5,0.333333,1
9982,11,0.333333,0
9982,19,0.333333,0
9983,5,0.333333,1
9983,11,0.333333,0
9983,15,0.333333,0
9984,1,0.25,1
9984,5,0.25,0
9984,11,0.25,0
9984,9,0.25,0
9985,1,0.5,1
9985,11,0.5,0
9986,1,0.166667,1
9986,2,0.166667,0
9986,5,0.166667,0
9986,11,0.166667,0
9986,14,0.166667,0
9986,16,0.166667,0
9987,9,0.333333,1
9987,11,0.333333,0
9987,16,0.333333,0
9988,1,0.333333,1
9988,2,0.333333,0
9988,11,0.333333,0
9989,11,1.0,1
9990,11,0.5,1
9990,19,0.5,0
9991,1,0.2,1
9991,2,0.2,0
9991,11,0.2,0
9991,9,0.2,0
9991,7,0.2,0
9992,1,0.2,1
9992,2,0.2,0
9992,5,0.2,0
9992,11,0.2,0
9992,16,0.2,0
9993,1,0.25,1
9993,2,0.25,0
9993,11,0.25,0
9993,14,0.25,0
9994,1,0.2,1
9994,2,0.2,0
9994,5,0.2,0
9994,11,0.2,0
9994,19,0.2,0
9995,1,0.2,1
9995,2,0.2,0
9995,11,0.2,0
9995,14,0.2,0
9995,16,0.2,0
9996,11,0.5,1
9996,16,0.5,0
9997,2,1.0,1
9998,19,0.5,1
9998,7,0.5,0
9999,2,0.2,1
9999,5,0.2,0
9999,11,0.2,0
9999,14,0.2,0
9999,19,0.2,0
10000,2,0.2,1
10000,5,0.2,0
10000,9,0.2,0
10000,11,0.2,0
10000,19,0.2,0
10001,9,0.25,1
10001,11,0.25,0
10001,12,0.25,0
10001,14,0.25,0
10002,2,0.333333,1
10002,5,0.333333,0
10002,11,0.333333,0
10003,2,0.166667,1
10003,5,0.166667,0
10003,9,0.166667,0
10003,11,0.166667,0
10003,14,0.166667,0
10003,16,0.166667,0
10004,1,0.5,1
10004,16,0.5,0
10005,2,0.333333,1
10005,14,0.333333,0
10005,19,0.333333,0
10006,2,0.25,1
10006,11,0.25,0
10006,9,0.25,0
10006,7,0.25,0
10007,5,0.5,1
10007,11,0.5,0
10008,1,0.2,1
10008,2,0.2,0
10008,11,0.2,0
10008,14,0.2,0
10008,7,0.2,0
10009,1,0.25,1
10009,2,0.25,0
10009,11,0.25,0
10009,14,0.25,0
10010,1,0.25,1
10010,2,0.25,0
10010,11,0.25,0
10010,14,0.25,0
10011,5,0.333333,1
10011,11,0.333333,0
10011,16,0.333333,0
10012,9,0.5,1
10012,11,0.5,0
10013,1,0.25,1
10013,5,0.25,0
10013,11,0.25,0
10013,19,0.25,0
10014,5,0.333333,1
10014,11,0.333333,0
10014,19,0.333333,0
10015,9,0.333333,1
10015,11,0.333333,0
10015,14,0.333333,0
10016,5,0.333333,1
10016,11,0.333333,0
10016,19,0.333333,0
10017,5,0.333333,1
10017,11,0.333333,0
10017,16,0.333333,0
10018,1,0.333333,1
10018,5,0.333333,0
10018,11,0.333333,0
10019,2,1.0,1
10020,2,0.5,1
10020,5,0.5,0
10021,16,1.0,1
10022,2,0.166667,1
10022,5,0.166667,0
10022,14,0.166667,0
10022,16,0.166667,0
10022,19,0.166667,0
10022,7,0.166667,0
10023,2,0.5,1
10023,7,0.5,0
10024,1,0.5,1
10024,11,0.5,0
10025,2,0.5,1
10025,5,0.5,0
10026,11,0.333333,1
10026,14,0.333333,0
10026,16,0.333333,0
10027,5,0.333333,1
10027,11,0.333333,0
10027,12,0.333333,0
10028,2,0.2,1
10028,5,0.2,0
10028,11,0.2,0
10028,14,0.2,0
10028,16,0.2,0
10029,2,0.2,1
10029,11,0.2,0
10029,14,0.2,0
10029,16,0.2,0
10029,19,0.2,0
10030,5,1.0,1
10031,11,1.0,1
10032,1,0.333333,1
10032,2,0.333333,0
10032,11,0.333333,0
10033,1,0.5,1
10033,19,0.5,0
10034,2,0.2,1
10034,11,0.2,0
10034,14,0.2,0
10034,19,0.2,0
10034,7,0.2,0
10035,2,0.5,1
10035,11,0.5,0
10036,11,0.333333,1
10036,16,0.333333,0
10036,19,0.333333,0
10037,2,0.333333,1
10037,5,0.333333,0
10037,11,0.333333,0
10038,1,0.333333,1
10038,2,0.333333,0
10038,11,0.333333,0
10039,2,0.5,1
10039,11,0.5,0
10040,5,0.333333,1
10040,11,0.333333,0
10040,16,0.333333,0
10041,11,0.5,1
10041,15,0.5,0
10042,1,0.333333,1
10042,2,0.333333,0
10042,11,0.333333,0
10043,1,0.25,1
10043,2,0.25,0
10043,11,0.25,0
10043,19,0.25,0
10044,1,0.5,1
10044,11,0.5,0
10045,2,1.0,1
10046,1,0.25,1
10046,2,0.25,0
10046,11,0.25,0
10046,19,0.25,0
10047,5,0.333333,1
10047,11,0.333333,0
10047,19,0.333333,0
10048,11,1.0,1
10049,5,0.25,1
10049,11,0.25,0
10049,16,0.25,0
10049,19,0.25,0
10050,1,0.25,1
10050,11,0.25,0
10050,12,0.25,0
10050,16,0.25,0
10051,2,1.0,1
10052,2,0.25,1
10052,5,0.25,0
10052,11,0.25,0
10052,16,0.25,0
10053,1,0.25,1
10053,2,0.25,0
10053,11,0.25,0
10053,14,0.25,0
10054,1,0.25,1
10054,2,0.25,0
10054,5,0.25,0
10054,11,0.25,0
10055,11,0.5,1
10055,14,0.5,0
10056,1,0.5,1
10056,11,0.5,0
10057,2,0.25,1
10057,5,0.25,0
10057,11,0.25,0
10057,16,0.25,0
10058,1,0.5,1
10058,2,0.5,0
10059,1,0.25,1
10059,5,0.25,0
10059,11,0.25,0
10059,16,0.25,0
10060,1,0.333333,1
10060,9,0.333333,0
10060,11,0.333333,0
10061,1,0.25,1
10061,2,0.25,0
10061,11,0.25,0
10061,14,0.25,0
10062,1,0.25,1
10062,2,0.25,0
10062,11,0.25,0
10062,14,0.25,0
10063,2,0.333333,1
10063,11,0.333333,0
10063,14,0.333333,0
10064,2,0.5,1
10064,11,0.5,0
10065,1,0.333333,1
10065,2,0.333333,0
10065,11,0.333333,0
10066,5,0.5,1
10066,11,0.5,0
10067,2,0.333333,1
10067,5,0.333333,0
10067,11,0.333333,0
10068,1,0.333333,1
10068,11,0.333333,0
10068,7,0.333333,0
10069,5,1.0,1
10070,1,0.25,1
10070,2,0.25,0
10070,5,0.25,0
10070,11,0.25,0
10071,11,1.0,1
10072,2,0.25,1
10072,11,0.25,0
10072,14,0.25,0
10072,7,0.25,0
10073,2,0.333333,1
10073,5,0.333333,0
10073,11,0.333333,0
10074,2,0.2,1
10074,5,0.2,0
10074,11,0.2,0
10074,16,0.2,0
10074,7,0.2,0
10075,11,1.0,1
10076,5,1.0,1
10077,1,0.2,1
10077,2,0.2,0
10077,5,0.2,0
10077,11,0.2,0
10077,16,0.2,0
10078,11,1.0,1
10079,2,0.25,1
10079,5,0.25,0
10079,11,0.25,0
10079,7,0.25,0
10080,20,1.0,1
10081,1,0.2,1
10081,5,0.2,0
10081,11,0.2,0
10081,15,0.2,0
10081,19,0.2,0
10082,1,0.25,1
10082,5,0.25,0
10082,9,0.25,0
10082,11,0.25,0
10083,1,0.25,1
10083,2,0.25,0
10083,11,0.25,0
10083,14,0.25,0
10084,2,0.333333,1
10084,9,0.333333,0
10084,11,0.333333,0
10085,1,0.25,1
10085,5,0.25,0
10085,11,0.25,0
10085,18,0.25,0
10086,1,0.2,1
10086,2,0.2,0
10086,11,0.2,0
10086,16,0.2,0
10086,9,0.2,0
10087,1,0.25,1
10087,2,0.25,0
10087,11,0.25,0
10087,14,0.25,0
10088,1,0.333333,1
10088,9,0.333333,0
10088,11,0.333333,0
10089,1,1.0,1
10090,2,0.333333,1
10090,5,0.333333,0
10090,11,0.333333,0
10091,5,0.5,1
10091,11,0.5,0
10092,5,0.333333,1
10092,11,0.333333,0
10092,16,0.333333,0
10093,2,0.5,1
10093,9,0.5,0
10094,11,0.166667,1
10094,12,0.166667,0
10094,14,0.166667,0
10094,16,0.166667,0
10094,19,0.166667,0
10094,9,0.166667,0
10095,1,1.0,1
10096,1,0.25,1
10096,2,0.25,0
10096,11,0.25,0
10096,14,0.25,0
10097,1,0.2,1
10097,2,0.2,0
10097,9,0.2,0
10097,12,0.2,0
10097,14,0.2,0
10098,5,0.333333,1
10098,11,0.333333,0
10098,16,0.333333,0
10099,2,0.166667,1
10099,5,0.166667,0
10099,11,0.166667,0
10099,12,0.166667,0
10099,14,0.166667,0
10099,16,0.166667,0
10100,2,0.25,1
10100,11,0.25,0
10100,16,0.25,0
10100,9,0.25,0
10101,2,0.333333,1
10101,11,0.333333,0
10101,16,0.333333,0
10102,1,0.333333,1
10102,5,0.333333,0
10102,11,0.333333,0
10103,2,0.333333,1
10103,5,0.333333,0
10103,11,0.333333,0
10104,5,1.0,1
10105,1,0.166667,1
10105,2,0.166667,0
10105,5,0.166667,0
10105,11,0.166667,0
10105,16,0.166667,0
10105,19,0.166667,0
10106,5,0.5,1
10106,11,0.5,0
10107,1,0.2,1
10107,2,0.2,0
10107,5,0.2,0
10107,11,0.2,0
10107,16,0.2,0
10108,1,0.333333,1
10108,2,0.333333,0
10108,11,0.333333,0
10109,5,0.5,1
10109,11,0.5,0
10110,5,0.5,1
10110,14,0.5,0
10111,2,0.5,1
10111,11,0.5,0
10112,2,0.333333,1
10112,5,0.333333,0
10112,11,0.333333,0
10113,2,0.25,1
10113,11,0.25,0
10113,14,0.25,0
10113,16,0.25,0
10114,2,0.2,1
10114,5,0.2,0
10114,11,0.2,0
10114,19,0.2,0
10114,7,0.2,0
10115,1,0.5,1
10115,11,0.5,0
10116,1,0.5,1
10116,11,0.5,0
10117,11,0.5,1
10117,9,0.5,0
10118,11,0.333333,1
10118,14,0.333333,0
10118,7,0.333333,0
10119,2,0.25,1
10119,14,0.25,0
10119,16,0.25,0
10119,19,0.25,0
10120,1,0.333333,1
10120,9,0.333333,0
10120,11,0.333333,0
10121,9,0.333333,1
10121,16,0.333333,0
10121,7,0.333333,0
10122,1,0.333333,1
10122,5,0.333333,0
10122,11,0.333333,0
10123,2,0.333333,1
10123,5,0.333333,0
10123,11,0.333333,0
10124,18,1.0,1
10125,1,0.25,1
10125,9,0.25,0
10125,11,0.25,0
10125,15,0.25,0
10126,2,0.333333,1
10126,11,0.333333,0
10126,9,0.333333,0
10127,11,1.0,1
10128,11,0.25,1
10128,14,0.25,0
10128,16,0.25,0
10128,19,0.25,0
10129,2,0.25,1
10129,5,0.25,0
10129,11,0.25,0
10129,16,0.25,0
10130,5,1.0,1
10131,1,0.333333,1
10131,2,0.333333,0
10131,11,0.333333,0
10132,1,0.25,1
10132,2,0.25,0
10132,5,0.25,0
10132,11,0.25,0
10133,1,0.25,1
10133,2,0.25,0
10133,14,0.25,0
10133,7,0.25,0
10134,2,0.2,1
10134,5,0.2,0
10134,11,0.2,0
10134,14,0.2,0
10134,18,0.2,0
10135,5,0.5,1
10135,11,0.5,0
10136,1,0.5,1
10136,11,0.5,0
10137,16,0.5,1
10137,19,0.5,0
10138,5,1.0,1
10139,2,0.5,1
10139,11,0.5,0
10140,2,0.5,1
10140,5,0.5,0
10141,2,0.333333,1
10141,5,0.333333,0
10141,11,0.333333,0
10142,1,0.25,1
10142,11,0.25,0
10142,19,0.25,0
10142,9,0.25,0
10143,5,0.5,1
10143,11,0.5,0
10144,1,0.5,1
10144,11,0.5,0
10145,1,0.25,1
10145,2,0.25,0
10145,5,0.25,0
10145,11,0.25,0
10146,1,0.25,1
10146,2,0.25,0
10146,11,0.25,0
10146,16,0.25,0
10147,11,0.5,1
10147,14,0.5,0
10148,1,0.25,1
10148,11,0.25,0
10148,12,0.25,0
10148,9,0.25,0
10149,2,0.333333,1
10149,5,0.333333,0
10149,11,0.333333,0
10150,5,0.25,1
10150,11,0.25,0
10150,16,0.25,0
10150,19,0.25,0
10151,1,0.25,1
10151,5,0.25,0
10151,11,0.25,0
10151,16,0.25,0
10152,1,0.166667,1
10152,2,0.166667,0
10152,11,0.166667,0
10152,12,0.166667,0
10152,14,0.166667,0
10152,19,0.166667,0
10153,1,0.333333,1
10153,2,0.333333,0
10153,11,0.333333,0
10154,1,0.333333,1
10154,2,0.333333,0
10154,11,0.333333,0
10155,2,0.5,1
10155,11,0.5,0
10156,1,0.25,1
10156,2,0.25,0
10156,5,0.25,0
10156,11,0.25,0
10157,11,0.25,1
10157,16,0.25,0
10157,18,0.25,0
10157,19,0.25,0
10158,9,0.2,1
10158,12,0.2,0
10158,14,0.2,0
10158,16,0.2,0
10158,7,0.2,0
10159,1,0.25,1
10159,11,0.25,0
10159,15,0.25,0
10159,16,0.25,0
10160,1,0.5,1
10160,11,0.5,0
10161,1,0.5,1
10161,18,0.5,0
10162,1,0.25,1
10162,5,0.25,0
10162,15,0.25,0
10162,18,0.25,0
10163,1,0.5,1
10163,11,0.5,0
10164,11,0.2,1
10164,16,0.2,0
10164,6,0.2,0
10164,8,0.2,0
10164,23,0.2,0
10165,1,0.5,1
10165,11,0.5,0
10166,1,0.25,1
10166,2,0.25,0
10166,9,0.25,0
10166,11,0.25,0
10167,5,0.25,1
10167,16,0.25,0
10167,19,0.25,0
10167,7,0.25,0
10168,1,0.5,1
10168,2,0.5,0
10169,1,0.25,1
10169,2,0.25,0
10169,11,0.25,0
10169,14,0.25,0
10170,1,0.333333,1
10170,5,0.333333,0
10170,11,0.333333,0
10171,1,1.0,1
10172,2,0.25,1
10172,5,0.25,0
10172,11,0.25,0
10172,16,0.25,0
10173,1,0.5,1
10173,2,0.5,0
10174,5,1.0,1
10175,2,0.142857,1
10175,5,0.142857,0
10175,11,0.142857,0
10175,14,0.142857,0
10175,16,0.142857,0
10175,19,0.142857,0
10175,7,0.142857,0
10176,11,1.0,1
10177,1,0.333333,1
10177,2,0.333333,0
10177,11,0.333333,0
10178,1,0.125,1
10178,2,0.125,0
10178,5,0.125,0
10178,11,0.125,0
10178,15,0.125,0
10178,16,0.125,0
10178,18,0.125,0
10178,19,0.125,0
10179,2,1.0,1
10180,1,0.333333,1
10180,2,0.333333,0
10180,11,0.333333,0
10181,1,0.333333,1
10181,11,0.333333,0
10181,16,0.333333,0
10182,2,0.166667,1
10182,5,0.166667,0
10182,11,0.166667,0
10182,12,0.166667,0
10182,16,0.166667,0
10182,7,0.166667,0
10183,1,0.333333,1
10183,9,0.333333,0
10183,7,0.333333,0
10184,5,0.25,1
10184,4,0.25,0
10184,20,0.25,0
10184,21,0.25,0
10185,1,0.333333,1
10185,11,0.333333,0
10185,19,0.333333,0
10186,16,1.0,1
10187,1,0.25,1
10187,2,0.25,0
10187,11,0.25,0
10187,14,0.25,0
10188,1,0.2,1
10188,2,0.2,0
10188,5,0.2,0
10188,11,0.2,0
10188,18,0.2,0
10189,1,0.25,1
10189,2,0.25,0
10189,11,0.25,0
10189,7,0.25,0
10190,5,1.0,1
10191,2,0.5,1
10191,5,0.5,0
10192,1,0.333333,1
10192,2,0.333333,0
10192,11,0.333333,0
10193,5,0.25,1
10193,11,0.25,0
10193,16,0.25,0
10193,19,0.25,0
10194,2,0.5,1
10194,11,0.5,0
10195,5,0.5,1
10195,11,0.5,0
10196,1,0.333333,1
10196,15,0.333333,0
10196,18,0.333333,0
10197,1,0.2,1
10197,2,0.2,0
10197,16,0.2,0
10197,19,0.2,0
10197,9,0.2,0
10198,11,1.0,1
10199,16,0.5,1
10199,19,0.5,0
10200,5,0.333333,1
10200,11,0.333333,0
10200,19,0.333333,0
10201,1,0.2,1
10201,2,0.2,0
10201,5,0.2,0
10201,11,0.2,0
10201,9,0.2,0
10202,1,0.333333,1
10202,5,0.333333,0
10202,11,0.333333,0
10203,1,0.5,1
10203,14,0.5,0
10204,1,0.25,1
10204,2,0.25,0
10204,11,0.25,0
10204,19,0.25,0
10205,11,0.25,1
10205,16,0.25,0
10205,19,0.25,0
10205,7,0.25,0
10206,1,0.333333,1
10206,5,0.333333,0
10206,11,0.333333,0
10207,2,0.333333,1
10207,5,0.333333,0
10207,11,0.333333,0
10208,5,1.0,1
10209,1,0.25,1
10209,2,0.25,0
10209,9,0.25,0
10209,11,0.25,0
10210,1,0.25,1
10210,5,0.25,0
10210,11,0.25,0
10210,7,0.25,0
10211,11,0.333333,1
10211,16,0.333333,0
10211,19,0.333333,0
10212,1,0.166667,1
10212,2,0.166667,0
10212,5,0.166667,0
10212,14,0.166667,0
10212,19,0.166667,0
10212,7,0.166667,0
10213,1,0.5,1
10213,2,0.5,0
10214,11,1.0,1
10215,5,0.5,1
10215,11,0.5,0
10216,1,0.5,1
10216,2,0.5,0
10217,5,0.333333,1
10217,11,0.333333,0
10217,9,0.333333,0
10218,1,0.25,1
10218,9,0.25,0
10218,11,0.25,0
10218,12,0.25,0
10219,5,0.5,1
10219,11,0.5,0
10220,2,1.0,1
10221,1,0.5,1
10221,16,0.5,0
10222,5,1.0,1
10223,1,0.333333,1
10223,9,0.333333,0
10223,11,0.333333,0
10224,2,0.5,1
10224,11,0.5,0
10225,5,0.333333,1
10225,11,0.333333,0
10225,19,0.333333,0
10226,2,1.0,1
10227,2,0.333333,1
10227,5,0.333333,0
10227,11,0.333333,0
10228,5,0.5,1
10228,11,0.5,0
10229,2,0.333333,1
10229,11,0.333333,0
10229,14,0.333333,0
10230,11,0.5,1
10230,19,0.5,0
10231,5,0.333333,1
10231,11,0.333333,0
10231,15,0.333333,0
10232,2,0.25,1
10232,5,0.25,0
10232,11,0.25,0
10232,16,0.25,0
10233,1,0.166667,1
10233,2,0.166667,0
10233,11,0.166667,0
10233,14,0.166667,0
10233,19,0.166667,0
10233,7,0.166667,0
10234,1,0.25,1
10234,2,0.25,0
10234,11,0.25,0
10234,7,0.25,0
10235,2,0.333333,1
10235,11,0.333333,0
10235,9,0.333333,0
10236,2,0.5,1
10236,11,0.5,0
10237,2,0.333333,1
10237,11,0.333333,0
10237,9,0.333333,0
10238,11,1.0,1
10239,1,0.333333,1
10239,11,0.333333,0
10239,16,0.333333,0
10240,1,0.333333,1
10240,2,0.333333,0
10240,11,0.333333,0
10241,9,0.25,1
10241,11,0.25,0
10241,14,0.25,0
10241,7,0.25,0
10242,5,1.0,1
10243,1,0.333333,1
10243,2,0.333333,0
10243,11,0.333333,0
10244,1,0.25,1
10244,2,0.25,0
10244,14,0.25,0
10244,7,0.25,0
10245,2,0.333333,1
10245,5,0.333333,0
10245,11,0.333333,0
10246,11,1.0,1
10247,11,1.0,1
10248,2,0.5,1
10248,11,0.5,0
10249,1,0.2,1
10249,2,0.2,0
10249,11,0.2,0
10249,12,0.2,0
10249,18,0.2,0
10250,1,0.333333,1
10250,5,0.333333,0
10250,11,0.333333,0
10251,2,0.166667,1
10251,11,0.166667,0
10251,14,0.166667,0
10251,19,0.166667,0
10251,9,0.166667,0
10251,7,0.166667,0
10252,2,0.333333,1
10252,5,0.333333,0
10252,11,0.333333,0
10253,16,1.0,1
10254,1,0.2,1
10254,2,0.2,0
10254,11,0.2,0
10254,16,0.2,0
10254,19,0.2,0
10255,5,0.5,1
10255,11,0.5,0
10256,5,0.166667,1
10256,9,0.166667,0
10256,11,0.166667,0
10256,14,0.166667,0
10256,16,0.166667,0
10256,7,0.166667,0
10257,1,0.333333,1
10257,5,0.333333,0
10257,11,0.333333,0
10258,2,0.333333,1
10258,5,0.333333,0
10258,11,0.333333,0
10259,5,1.0,1
10260,2,0.25,1
10260,5,0.25,0
10260,11,0.25,0
10260,14,0.25,0
10261,5,1.0,1
10262,1,0.333333,1
10262,2,0.333333,0
10262,11,0.333333,0
10263,1,0.25,1
10263,2,0.25,0
10263,5,0.25,0
10263,11,0.25,0
10264,5,0.25,1
10264,11,0.25,0
10264,16,0.25,0
10264,19,0.25,0
10265,1,0.333333,1
10265,9,0.333333,0
10265,14,0.333333,0
10266,1,0.25,1
10266,5,0.25,0
10266,11,0.25,0
10266,16,0.25,0
10267,5,0.5,1
10267,11,0.5,0
10268,5,0.5,1
10268,11,0.5,0
10269,1,0.142857,1
10269,2,0.142857,0
10269,5,0.142857,0
10269,11,0.142857,0
10269,12,0.142857,0
10269,14,0.142857,0
10269,16,0.142857,0
10270,11,1.0,1
10271,2,0.2,1
10271,5,0.2,0
10271,11,0.2,0
10271,14,0.2,0
10271,19,0.2,0
10272,2,0.5,1
10272,11,0.5,0
10273,2,0.25,1
10273,5,0.25,0
10273,11,0.25,0
10273,7,0.25,0
10274,1,0.25,1
10274,2,0.25,0
10274,5,0.25,0
10274,11,0.25,0
10275,1,0.25,1
10275,2,0.25,0
10275,11,0.25,0
10275,16,0.25,0
10276,1,0.333333,1
10276,2,0.333333,0
10276,11,0.333333,0
10277,15,0.5,1
10277,16,0.5,0
10278,2,0.5,1
10278,11,0.5,0
10279,11,0.5,1
10279,16,0.5,0
10280,11,1.0,1
10281,1,0.25,1
10281,5,0.25,0
10281,11,0.25,0
10281,18,0.25,0
10282,1,0.333333,1
10282,2,0.333333,0
10282,11,0.333333,0
10283,1,0.25,1
10283,11,0.25,0
10283,14,0.25,0
10283,7,0.25,0
10284,5,0.333333,1
10284,9,0.333333,0
10284,11,0.333333,0
10285,1,0.125,1
10285,2,0.125,0
10285,5,0.125,0
10285,11,0.125,0
10285,15,0.125,0
10285,14,0.125,0
10285,16,0.125,0
10285,18,0.125,0
10286,5,0.333333,1
10286,11,0.333333,0
10286,19,0.333333,0
10287,5,0.333333,1
10287,11,0.333333,0
10287,16,0.333333,0
10288,1,0.25,1
10288,2,0.25,0
10288,11,0.25,0
10288,15,0.25,0
10289,5,0.333333,1
10289,11,0.333333,0
10289,19,0.333333,0
10290,1,0.5,1
10290,5,0.5,0
10291,1,0.2,1
10291,2,0.2,0
10291,5,0.2,0
10291,11,0.2,0
10291,19,0.2,0
10292,1,0.333333,1
10292,2,0.333333,0
10292,11,0.333333,0
10293,1,0.5,1
10293,11,0.5,0
10294,5,0.5,1
10294,19,0.5,0
10295,20,0.333333,1
10295,23,0.333333,0
10295,7,0.333333,0
10296,5,0.333333,1
10296,11,0.333333,0
10296,15,0.333333,0
10297,11,0.333333,1
10297,16,0.333333,0
10297,19,0.333333,0
10298,1,0.25,1
10298,2,0.25,0
10298,14,0.25,0
10298,16,0.25,0
10299,1,0.166667,1
10299,2,0.166667,0
10299,5,0.166667,0
10299,11,0.166667,0
10299,16,0.166667,0
10299,19,0.166667,0
10300,1,0.25,1
10300,5,0.25,0
10300,11,0.25,0
10300,16,0.25,0
10301,5,0.5,1
10301,11,0.5,0
10302,5,0.5,1
10302,11,0.5,0
10303,7,1.0,1
10304,19,0.5,1
10304,7,0.5,0
10305,11,0.5,1
10305,16,0.5,0
10306,1,0.25,1
10306,2,0.25,0
10306,5,0.25,0
10306,11,0.25,0
10307,1,0.25,1
10307,2,0.25,0
10307,11,0.25,0
10307,14,0.25,0
10308,11,0.25,1
10308,16,0.25,0
10308,19,0.25,0
10308,7,0.25,0
10309,2,0.333333,1
10309,11,0.333333,0
10309,16,0.333333,0
10310,1,0.166667,1
10310,2,0.166667,0
10310,5,0.166667,0
10310,11,0.166667,0
10310,16,0.166667,0
10310,18,0.166667,0
10311,2,0.333333,1
10311,11,0.333333,0
10311,14,0.333333,0
10312,11,0.25,1
10312,16,0.25,0
10312,19,0.25,0
10312,7,0.25,0
10313,2,0.2,1
10313,11,0.2,0
10313,14,0.2,0
10313,16,0.2,0
10313,19,0.2,0
10314,5,0.333333,1
10314,11,0.333333,0
10314,19,0.333333,0
10315,2,0.25,1
10315,5,0.25,0
10315,11,0.25,0
10315,7,0.25,0
10316,2,0.142857,1
10316,5,0.142857,0
10316,11,0.142857,0
10316,14,0.142857,0
10316,16,0.142857,0
10316,19,0.142857,0
10316,9,0.142857,0
10317,16,1.0,1
10318,11,1.0,1
10319,5,0.5,1
10319,19,0.5,0
10320,5,0.25,1
10320,14,0.25,0
10320,16,0.25,0
10320,19,0.25,0
10321,5,0.333333,1
10321,11,0.333333,0
10321,9,0.333333,0
10322,2,0.25,1
10322,5,0.25,0
10322,11,0.25,0
10322,16,0.25,0
10323,1,0.125,1
10323,2,0.125,0
10323,5,0.125,0
10323,11,0.125,0
10323,12,0.125,0
10323,14,0.125,0
10323,16,0.125,0
10323,18,0.125,0
10324,5,0.333333,1
10324,11,0.333333,0
10324,16,0.333333,0
10325,5,1.0,1
10326,2,0.25,1
10326,5,0.25,0
10326,11,0.25,0
10326,14,0.25,0
10327,2,0.5,1
10327,11,0.5,0
10328,5,0.333333,1
10328,11,0.333333,0
10328,19,0.333333,0
10329,1,0.25,1
10329,11,0.25,0
10329,16,0.25,0
10329,19,0.25,0
10330,11,1.0,1
10331,5,0.5,1
10331,11,0.5,0
10332,5,0.25,1
10332,11,0.25,0
10332,15,0.25,0
10332,16,0.25,0
10333,1,0.25,1
10333,5,0.25,0
10333,11,0.25,0
10333,14,0.25,0
10334,1,0.2,1
10334,5,0.2,0
10334,11,0.2,0
10334,12,0.2,0
10334,19,0.2,0
10335,1,0.2,1
10335,2,0.2,0
10335,5,0.2,0
10335,11,0.2,0
10335,16,0.2,0
10336,5,0.5,1
10336,11,0.5,0
10337,2,0.5,1
10337,11,0.5,0
10338,1,0.166667,1
10338,2,0.166667,0
10338,11,0.166667,0
10338,12,0.166667,0
10338,16,0.166667,0
10338,7,0.166667,0
10339,1,0.166667,1
10339,2,0.166667,0
10339,5,0.166667,0
10339,11,0.166667,0
10339,14,0.166667,0
10339,16,0.166667,0
10340,1,0.25,1
10340,2,0.25,0
10340,5,0.25,0
10340,11,0.25,0
10341,5,0.5,1
10341,11,0.5,0
10342,11,0.333333,1
10342,16,0.333333,0
10342,19,0.333333,0
10343,1,1.0,1
10344,2,0.2,1
10344,5,0.2,0
10344,11,0.2,0
10344,16,0.2,0
10344,19,0.2,0
10345,2,0.5,1
10345,5,0.5,0
10346,11,1.0,1
10347,11,0.333333,1
10347,16,0.333333,0
10347,19,0.333333,0
10348,5,0.25,1
10348,11,0.25,0
10348,16,0.25,0
10348,19,0.25,0
10349,5,0.25,1
10349,11,0.25,0
10349,16,0.25,0
10349,19,0.25,0
10350,15,1.0,1
10351,1,0.25,1
10351,11,0.25,0
10351,16,0.25,0
10351,19,0.25,0
10352,1,0.333333,1
10352,9,0.333333,0
10352,11,0.333333,0
10353,2,0.333333,1
10353,5,0.333333,0
10353,11,0.333333,0
10354,5,0.2,1
10354,16,0.2,0
10354,6,0.2,0
10354,13,0.2,0
10354,20,0.2,0
10355,2,0.25,1
10355,5,0.25,0
10355,11,0.25,0
10355,14,0.25,0
10356,5,1.0,1
10357,1,0.333333,1
10357,2,0.333333,0
10357,11,0.333333,0
10358,16,1.0,1
10359,2,0.333333,1
10359,5,0.333333,0
10359,11,0.333333,0
10360,1,0.333333,1
10360,11,0.333333,0
10360,15,0.333333,0
10361,11,0.333333,1
10361,14,0.333333,0
10361,19,0.333333,0
10362,1,0.333333,1
10362,2,0.333333,0
10362,11,0.333333,0
10363,5,1.0,1
10364,5,0.5,1
10364,9,0.5,0
10365,2,0.166667,1
10365,5,0.166667,0
10365,11,0.166667,0
10365,15,0.166667,0
10365,16,0.166667,0
10365,18,0.166667,0
10366,5,0.5,1
10366,11,0.5,0
10367,1,0.5,1
10367,11,0.5,0
10368,2,0.333333,1
10368,11,0.333333,0
10368,7,0.333333,0
10369,1,0.333333,1
10369,2,0.333333,0
10369,11,0.333333,0
10370,1,0.333333,1
10370,11,0.333333,0
10370,9,0.333333,0
10371,16,0.5,1
10371,18,0.5,0
10372,1,0.333333,1
10372,2,0.333333,0
10372,7,0.333333,0
10373,2,0.333333,1
10373,5,0.333333,0
10373,11,0.333333,0
10374,1,0.25,1
10374,2,0.25,0
10374,5,0.25,0
10374,11,0.25,0
10375,1,0.5,1
10375,11,0.5,0
10376,15,1.0,1
10377,2,0.25,1
10377,5,0.25,0
10377,11,0.25,0
10377,16,0.25,0
10378,5,0.5,1
10378,19,0.5,0
10379,1,1.0,1
10380,2,0.2,1
10380,5,0.2,0
10380,11,0.2,0
10380,14,0.2,0
10380,19,0.2,0
10381,5,1.0,1
10382,11,1.0,1
10383,1,0.166667,1
10383,2,0.166667,0
10383,11,0.166667,0
10383,14,0.166667,0
10383,16,0.166667,0
10383,18,0.166667,0
10384,11,1.0,1
10385,1,0.2,1
10385,2,0.2,0
10385,11,0.2,0
10385,14,0.2,0
10385,9,0.2,0
10386,1,0.5,1
10386,11,0.5,0
10387,1,0.333333,1
10387,5,0.333333,0
10387,11,0.333333,0
10388,2,0.333333,1
10388,5,0.333333,0
10388,11,0.333333,0
10389,5,0.5,1
10389,11,0.5,0
10390,5,1.0,1
10391,1,0.333333,1
10391,9,0.333333,0
10391,11,0.333333,0
10392,5,0.5,1
10392,16,0.5,0
10393,5,0.333333,1
10393,9,0.333333,0
10393,16,0.333333,0
10394,5,1.0,1
10395,1,0.333333,1
10395,11,0.333333,0
10395,7,0.333333,0
10396,1,0.5,1
10396,11,0.5,0
10397,2,0.25,1
10397,11,0.25,0
10397,14,0.25,0
10397,16,0.25,0
10398,5,0.333333,1
10398,11,0.333333,0
10398,19,0.333333,0
10399,1,0.2,1
10399,2,0.2,0
10399,5,0.2,0
10399,11,0.2,0
10399,14,0.2,0
10400,1,0.333333,1
10400,2,0.333333,0
10400,11,0.333333,0
10401,5,0.25,1
10401,11,0.25,0
10401,16,0.25,0
10401,9,0.25,0
10402,5,1.0,1
10403,1,0.333333,1
10403,11,0.333333,0
10403,16,0.333333,0
10404,5,0.25,1
10404,9,0.25,0
10404,11,0.25,0
10404,16,0.25,0
10405,5,0.333333,1
10405,11,0.333333,0
10405,9,0.333333,0
10406,1,0.333333,1
10406,5,0.333333,0
10406,11,0.333333,0
10407,1,0.2,1
10407,2,0.2,0
10407,9,0.2,0
10407,11,0.2,0
10407,14,0.2,0
10408,16,1.0,1
10409,5,0.333333,1
10409,11,0.333333,0
10409,16,0.333333,0
10410,11,0.25,1
10410,14,0.25,0
10410,19,0.25,0
10410,7,0.25,0
10411,1,0.2,1
10411,2,0.2,0
10411,5,0.2,0
10411,11,0.2,0
10411,7,0.2,0
10412,1,0.333333,1
10412,5,0.333333,0
10412,11,0.333333,0
10413,2,0.333333,1
10413,5,0.333333,0
10413,16,0.333333,0
10414,2,0.5,1
10414,11,0.5,0
10415,1,0.125,1
10415,2,0.125,0
10415,5,0.125,0
10415,11,0.125,0
10415,12,0.125,0
10415,16,0.125,0
10415,18,0.125,0
10415,19,0.125,0
10416,1,0.166667,1
10416,2,0.166667,0
10416,11,0.166667,0
10416,14,0.166667,0
10416,16,0.166667,0
10416,9,0.166667,0
10417,2,0.333333,1
10417,5,0.333333,0
10417,11,0.333333,0
10418,1,0.333333,1
10418,2,0.333333,0
10418,11,0.333333,0
10419,5,0.5,1
10419,11,0.5,0
10420,5,1.0,1
10421,5,0.5,1
10421,11,0.5,0
10422,5,0.5,1
10422,16,0.5,0
10423,2,0.25,1
10423,5,0.25,0
10423,11,0.25,0
10423,7,0.25,0
10424,1,0.25,1
10424,2,0.25,0
10424,11,0.25,0
10424,19,0.25,0
10425,2,1.0,1
10426,1,0.25,1
10426,2,0.25,0
10426,11,0.25,0
10426,7,0.25,0
10427,1,0.333333,1
10427,2,0.333333,0
10427,16,0.333333,0
10428,1,0.5,1
10428,2,0.5,0
10429,1,0.25,1
10429,2,0.25,0
10429,11,0.25,0
10429,14,0.25,0
10430,19,1.0,1
10431,5,0.5,1
10431,11,0.5,0
10432,1,0.166667,1
10432,2,0.166667,0
10432,5,0.166667,0
10432,11,0.166667,0
10432,14,0.166667,0
10432,16,0.166667,0
10433,1,0.25,1
10433,11,0.25,0
10433,19,0.25,0
10433,7,0.25,0
10434,16,0.5,1
10434,19,0.5,0
10435,1,0.333333,1
10435,5,0.333333,0
10435,16,0.333333,0
10436,1,0.2,1
10436,2,0.2,0
10436,9,0.2,0
10436,11,0.2,0
10436,7,0.2,0
10437,1,0.333333,1
10437,11,0.333333,0
10437,19,0.333333,0
10438,1,0.2,1
10438,2,0.2,0
10438,5,0.2,0
10438,11,0.2,0
10438,19,0.2,0
10439,1,0.5,1
10439,11,0.5,0
10440,1,0.25,1
10440,2,0.25,0
10440,5,0.25,0
10440,11,0.25,0
10441,16,1.0,1
10442,5,0.5,1
10442,11,0.5,0
10443,2,0.2,1
10443,11,0.2,0
10443,12,0.2,0
10443,16,0.2,0
10443,7,0.2,0
10444,5,0.333333,1
10444,11,0.333333,0
10444,19,0.333333,0
10445,2,0.333333,1
10445,11,0.333333,0
10445,14,0.333333,0
10446,2,0.5,1
10446,11,0.5,0
10447,2,0.333333,1
10447,11,0.333333,0
10447,14,0.333333,0
10448,2,0.5,1
10448,11,0.5,0
10449,2,0.5,1
10449,14,0.5,0
10450,5,0.5,1
10450,11,0.5,0
10451,16,1.0,1
10452,5,0.25,1
10452,11,0.25,0
10452,16,0.25,0
10452,19,0.25,0
10453,2,0.5,1
10453,11,0.5,0
10454,2,0.333333,1
10454,5,0.333333,0
10454,11,0.333333,0
10455,1,0.333333,1
10455,2,0.333333,0
10455,11,0.333333,0
10456,1,0.166667,1
10456,11,0.166667,0
10456,14,0.166667,0
10456,16,0.166667,0
10456,19,0.166667,0
10456,7,0.166667,0
10457,2,0.5,1
10457,11,0.5,0
10458,1,0.333333,1
10458,2,0.333333,0
10458,11,0.333333,0
10459,1,0.333333,1
10459,11,0.333333,0
10459,18,0.333333,0
10460,1,0.5,1
10460,11,0.5,0
10461,1,0.166667,1
10461,2,0.166667,0
10461,5,0.166667,0
10461,11,0.166667,0
10461,16,0.166667,0
10461,18,0.166667,0
10462,1,0.25,1
10462,2,0.25,0
10462,5,0.25,0
10462,11,0.25,0
10463,5,1.0,1
10464,11,1.0,1
10465,16,1.0,1
10466,5,0.5,1
10466,11,0.5,0
10467,1,0.333333,1
10467,2,0.333333,0
10467,5,0.333333,0
10468,1,0.333333,1
10468,5,0.333333,0
10468,11,0.333333,0
10469,1,0.25,1
10469,2,0.25,0
10469,5,0.25,0
10469,11,0.25,0
10470,1,0.333333,1
10470,5,0.333333,0
10470,11,0.333333,0
10471,2,0.5,1
10471,11,0.5,0
10472,1,0.5,1
10472,11,0.5,0
10473,5,1.0,1
10474,2,0.25,1
10474,5,0.25,0
10474,11,0.25,0
10474,16,0.25,0
10475,11,0.333333,1
10475,16,0.333333,0
10475,19,0.333333,0
10476,2,0.25,1
10476,11,0.25,0
10476,14,0.25,0
10476,19,0.25,0
10477,1,1.0,1
10478,1,0.2,1
10478,5,0.2,0
10478,9,0.2,0
10478,11,0.2,0
10478,7,0.2,0
10479,11,0.333333,1
10479,16,0.333333,0
10479,19,0.333333,0
10480,16,1.0,1
10481,11,0.5,1
10481,20,0.5,0
10482,11,0.25,1
10482,14,0.25,0
10482,16,0.25,0
10482,19,0.25,0
10483,5,1.0,1
10484,2,0.5,1
10484,11,0.5,0
10485,1,0.333333,1
10485,2,0.333333,0
10485,11,0.333333,0
10486,1,0.5,1
10486,9,0.5,0
10487,5,1.0,1
10488,11,1.0,1
10489,1,0.25,1
10489,2,0.25,0
10489,11,0.25,0
10489,19,0.25,0
10490,5,0.333333,1
10490,11,0.333333,0
10490,14,0.333333,0
10491,5,0.25,1
10491,9,0.25,0
10491,16,0.25,0
10491,7,0.25,0
10492,1,0.5,1
10492,11,0.5,0
10493,2,0.25,1
10493,11,0.25,0
10493,16,0.25,0
10493,19,0.25,0
10494,1,0.5,1
10494,11,0.5,0
10495,5,0.25,1
10495,11,0.25,0
10495,14,0.25,0
10495,16,0.25,0
10496,2,0.333333,1
10496,5,0.333333,0
10496,11,0.333333,0
10497,1,0.25,1
10497,2,0.25,0
10497,11,0.25,0
10497,16,0.25,0
10498,5,0.333333,1
10498,11,0.333333,0
10498,19,0.333333,0
10499,5,0.333333,1
10499,11,0.333333,0
10499,16,0.333333,0
10500,1,0.142857,1
10500,2,0.142857,0
10500,5,0.142857,0
10500,11,0.142857,0
10500,16,0.142857,0
10500,18,0.142857,0
10500,19,0.142857,0
10501,1,1.0,1
10502,5,0.333333,1
10502,11,0.333333,0
10502,19,0.333333,0
10503,5,0.5,1
10503,11,0.5,0
10504,2,0.5,1
10504,11,0.5,0
10505,11,0.2,1
10505,15,0.2,0
10505,16,0.2,0
10505,18,0.2,0
10505,19,0.2,0
10506,5,0.5,1
10506,11,0.5,0
10507,2,0.5,1
10507,11,0.5,0
10508,11,1.0,1
10509,2,0.5,1
10509,11,0.5,0
10510,5,0.333333,1
10510,9,0.333333,0
10510,11,0.333333,0
10511,5,0.333333,1
10511,11,0.333333,0
10511,18,0.333333,0
10512,11,0.333333,1
10512,16,0.333333,0
10512,19,0.333333,0
10513,1,1.0,1
10514,2,0.5,1
10514,11,0.5,0
10515,11,0.333333,1
10515,14,0.333333,0
10515,19,0.333333,0
10516,5,0.333333,1
10516,9,0.333333,0
10516,11,0.333333,0
10517,2,0.2,1
10517,5,0.2,0
10517,11,0.2,0
10517,16,0.2,0
10517,7,0.2,0
10518,11,1.0,1
10519,11,1.0,1
10520,1,0.5,1
10520,11,0.5,0
10521,2,0.333333,1
10521,5,0.333333,0
10521,11,0.333333,0
10522,1,0.5,1
10522,11,0.5,0
10523,11,0.333333,1
10523,16,0.333333,0
10523,18,0.333333,0
10524,5,1.0,1
10525,5,0.333333,1
10525,11,0.333333,0
10525,19,0.333333,0
10526,11,0.5,1
10526,16,0.5,0
10527,1,0.25,1
10527,2,0.25,0
10527,11,0.25,0
10527,14,0.25,0
10528,1,0.25,1
10528,2,0.25,0
10528,11,0.25,0
10528,9,0.25,0
10529,1,0.5,1
10529,11,0.5,0
10530,1,0.2,1
10530,2,0.2,0
10530,5,0.2,0
10530,11,0.2,0
10530,19,0.2,0
10531,1,0.5,1
10531,11,0.5,0
10532,1,0.25,1
10532,2,0.25,0
10532,9,0.25,0
10532,11,0.25,0
10533,11,0.25,1
10533,16,0.25,0
10533,18,0.25,0
10533,19,0.25,0
10534,1,0.25,1
10534,2,0.25,0
10534,5,0.25,0
10534,11,0.25,0
10535,2,0.333333,1
10535,5,0.333333,0
10535,11,0.333333,0
10536,9,0.25,1
10536,11,0.25,0
10536,12,0.25,0
10536,19,0.25,0
10537,2,0.142857,1
10537,5,0.142857,0
10537,11,0.142857,0
10537,12,0.142857,0
10537,14,0.142857,0
10537,16,0.142857,0
10537,19,0.142857,0
10538,2,0.333333,1
10538,11,0.333333,0
10538,16,0.333333,0
10539,2,0.25,1
10539,5,0.25,0
10539,11,0.25,0
10539,14,0.25,0
10540,5,0.333333,1
10540,9,0.333333,0
10540,16,0.333333,0
10541,1,0.333333,1
10541,2,0.333333,0
10541,11,0.333333,0
10542,1,0.333333,1
10542,2,0.333333,0
10542,14,0.333333,0
10543,1,0.333333,1
10543,11,0.333333,0
10543,19,0.333333,0
10544,2,0.333333,1
10544,11,0.333333,0
10544,19,0.333333,0
10545,11,0.5,1
10545,14,0.5,0
10546,1,0.25,1
10546,2,0.25,0
10546,11,0.25,0
10546,16,0.25,0
10547,2,0.25,1
10547,11,0.25,0
10547,14,0.25,0
10547,19,0.25,0
10548,5,0.25,1
10548,11,0.25,0
10548,16,0.25,0
10548,19,0.25,0
10549,11,0.333333,1
10549,19,0.333333,0
10549,7,0.333333,0
10550,11,1.0,1
10551,1,0.25,1
10551,5,0.25,0
10551,11,0.25,0
10551,16,0.25,0
10552,1,0.2,1
10552,2,0.2,0
10552,11,0.2,0
10552,14,0.2,0
10552,7,0.2,0
10553,1,0.25,1
10553,2,0.25,0
10553,11,0.25,0
10553,16,0.25,0
10554,5,0.333333,1
10554,11,0.333333,0
10554,15,0.333333,0
10555,2,0.5,1
10555,11,0.5,0
10556,2,0.333333,1
10556,11,0.333333,0
10556,14,0.333333,0
10557,1,0.2,1
10557,2,0.2,0
10557,5,0.2,0
10557,11,0.2,0
10557,16,0.2,0
10558,5,0.25,1
10558,11,0.25,0
10558,16,0.25,0
10558,19,0.25,0
10559,1,0.333333,1
10559,2,0.333333,0
10559,11,0.333333,0
10560,1,0.333333,1
10560,5,0.333333,0
10560,11,0.333333,0
10561,2,0.5,1
10561,11,0.5,0
10562,1,0.25,1
10562,2,0.25,0
10562,11,0.25,0
10562,14,0.25,0
10563,1,0.2,1
10563,2,0.2,0
10563,5,0.2,0
10563,9,0.2,0
10563,11,0.2,0
10564,11,1.0,1
10565,11,0.5,1
10565,16,0.5,0
10566,5,0.333333,1
10566,11,0.333333,0
10566,15,0.333333,0
10567,2,0.333333,1
10567,5,0.333333,0
10567,11,0.333333,0
10568,14,0.333333,1
10568,16,0.333333,0
10568,19,0.333333,0
10569,2,0.5,1
10569,11,0.5,0
10570,2,0.5,1
10570,11,0.5,0
10571,16,1.0,1
10572,5,0.333333,1
10572,11,0.333333,0
10572,19,0.333333,0
10573,1,0.333333,1
10573,9,0.333333,0
10573,7,0.333333,0
10574,5,1.0,1
10575,1,0.5,1
10575,11,0.5,0
10576,2,0.5,1
10576,11,0.5,0
10577,5,0.333333,1
10577,9,0.333333,0
10577,14,0.333333,0
10578,5,0.25,1
10578,11,0.25,0
10578,14,0.25,0
10578,9,0.25,0
10579,2,0.2,1
10579,5,0.2,0
10579,11,0.2,0
10579,14,0.2,0
10579,16,0.2,0
10580,1,0.333333,1
10580,5,0.333333,0
10580,11,0.333333,0
10581,1,0.25,1
10581,5,0.25,0
10581,11,0.25,0
10581,9,0.25,0
10582,5,0.5,1
10582,9,0.5,0
10583,2,1.0,1
10584,2,0.333333,1
10584,5,0.333333,0
10584,19,0.333333,0
10585,1,0.2,1
10585,2,0.2,0
10585,14,0.2,0
10585,16,0.2,0
10585,7,0.2,0
10586,1,0.5,1
10586,11,0.5,0
10587,11,1.0,1
10588,5,0.5,1
10588,11,0.5,0
10589,5,0.25,1
10589,11,0.25,0
10589,16,0.25,0
10589,18,0.25,0
10590,1,1.0,1
10591,5,0.25,1
10591,9,0.25,0
10591,11,0.25,0
10591,16,0.25,0
10592,1,0.166667,1
10592,2,0.166667,0
10592,9,0.166667,0
10592,11,0.166667,0
10592,12,0.166667,0
10592,14,0.166667,0
10593,5,0.333333,1
10593,11,0.333333,0
10593,19,0.333333,0
10594,2,0.333333,1
10594,5,0.333333,0
10594,11,0.333333,0
10595,5,0.5,1
10595,11,0.5,0
10596,5,0.333333,1
10596,11,0.333333,0
10596,19,0.333333,0
10597,19,1.0,1
10598,2,0.333333,1
10598,5,0.333333,0
10598,16,0.333333,0
10599,1,0.333333,1
10599,2,0.333333,0
10599,11,0.333333,0
10600,1,0.25,1
10600,5,0.25,0
10600,11,0.25,0
10600,19,0.25,0
10601,15,1.0,1
10602,1,0.5,1
10602,11,0.5,0
10603,2,0.333333,1
10603,11,0.333333,0
10603,14,0.333333,0
10604,1,0.25,1
10604,5,0.25,0
10604,11,0.25,0
10604,15,0.25,0
10605,1,0.5,1
10605,2,0.5,0
10606,5,0.5,1
10606,11,0.5,0
10607,2,0.2,1
10607,5,0.2,0
10607,9,0.2,0
10607,14,0.2,0
10607,19,0.2,0
10608,11,0.5,1
10608,18,0.5,0
10609,1,0.333333,1
10609,11,0.333333,0
10609,15,0.333333,0
10610,1,0.25,1
10610,2,0.25,0
10610,11,0.25,0
10610,14,0.25,0
10611,1,0.2,1
10611,2,0.2,0
10611,11,0.2,0
10611,14,0.2,0
10611,7,0.2,0
10612,5,0.333333,1
10612,11,0.333333,0
10612,16,0.333333,0
10613,1,0.333333,1
10613,9,0.333333,0
10613,11,0.333333,0
10614,2,0.5,1
10614,11,0.5,0
10615,1,0.333333,1
10615,5,0.333333,0
10615,11,0.333333,0
10616,5,1.0,1
10617,1,0.25,1
10617,2,0.25,0
10617,5,0.25,0
10617,11,0.25,0
10618,5,0.5,1
10618,11,0.5,0
10619,1,1.0,1
10620,1,0.5,1
10620,11,0.5,0
10621,1,0.2,1
10621,2,0.2,0
10621,5,0.2,0
10621,11,0.2,0
10621,19,0.2,0
10622,1,0.333333,1
10622,9,0.333333,0
10622,11,0.333333,0
10623,1,0.333333,1
10623,2,0.333333,0
10623,11,0.333333,0
10624,1,0.25,1
10624,2,0.25,0
10624,11,0.25,0
10624,14,0.25,0
10625,1,0.333333,1
10625,5,0.333333,0
10625,11,0.333333,0
10626,1,0.5,1
10626,11,0.5,0
10627,1,0.333333,1
10627,2,0.333333,0
10627,11,0.333333,0
10628,1,0.333333,1
10628,5,0.333333,0
10628,11,0.333333,0
10629,2,0.5,1
10629,11,0.5,0
10630,1,0.333333,1
10630,2,0.333333,0
10630,11,0.333333,0
10631,1,0.333333,1
10631,2,0.333333,0
10631,11,0.333333,0
10632,5,0.5,1
10632,11,0.5,0
10633,5,0.5,1
10633,11,0.5,0
10634,2,0.333333,1
10634,11,0.333333,0
10634,14,0.333333,0
10635,2,0.5,1
10635,11,0.5,0
10636,1,0.333333,1
10636,2,0.333333,0
10636,11,0.333333,0
10637,5,0.333333,1
10637,16,0.333333,0
10637,19,0.333333,0
10638,1,0.5,1
10638,11,0.5,0
10639,5,0.333333,1
10639,11,0.333333,0
10639,19,0.333333,0
10640,1,0.5,1
10640,11,0.5,0
10641,2,0.5,1
10641,11,0.5,0
10642,1,0.2,1
10642,2,0.2,0
10642,11,0.2,0
10642,14,0.2,0
10642,16,0.2,0
10643,2,0.166667,1
10643,11,0.166667,0
10643,14,0.166667,0
10643,16,0.166667,0
10643,19,0.166667,0
10643,7,0.166667,0
10644,1,0.333333,1
10644,5,0.333333,0
10644,11,0.333333,0
10645,2,0.2,1
10645,5,0.2,0
10645,11,0.2,0
10645,16,0.2,0
10645,19,0.2,0
10646,1,0.2,1
10646,2,0.2,0
10646,5,0.2,0
10646,11,0.2,0
10646,16,0.2,0
10647,1,0.166667,1
10647,2,0.166667,0
10647,5,0.166667,0
10647,11,0.166667,0
10647,14,0.166667,0
10647,16,0.166667,0
10648,5,0.2,1
10648,11,0.2,0
10648,15,0.2,0
10648,16,0.2,0
10648,19,0.2,0
10649,1,0.25,1
10649,5,0.25,0
10649,9,0.25,0
10649,11,0.25,0
10650,9,0.25,1
10650,11,0.25,0
10650,16,0.25,0
10650,19,0.25,0
10651,1,0.2,1
10651,2,0.2,0
10651,5,0.2,0
10651,11,0.2,0
10651,9,0.2,0
10652,5,0.333333,1
10652,11,0.333333,0
10652,14,0.333333,0
10653,1,0.333333,1
10653,2,0.333333,0
10653,19,0.333333,0
10654,1,0.166667,1
10654,5,0.166667,0
10654,11,0.166667,0
10654,14,0.166667,0
10654,19,0.166667,0
10654,7,0.166667,0
10655,11,1.0,1
10656,1,0.5,1
10656,11,0.5,0
10657,2,0.333333,1
10657,14,0.333333,0
10657,16,0.333333,0
10658,2,0.5,1
10658,11,0.5,0
10659,1,0.2,1
10659,2,0.2,0
10659,11,0.2,0
10659,15,0.2,0
10659,14,0.2,0
10660,2,0.333333,1
10660,5,0.333333,0
10660,11,0.333333,0
10661,5,1.0,1
10662,2,0.5,1
10662,5,0.5,0
10663,1,0.333333,1
10663,5,0.333333,0
10663,11,0.333333,0
10664,1,0.25,1
10664,5,0.25,0
10664,11,0.25,0
10664,15,0.25,0
10665,1,0.5,1
10665,16,0.5,0
10666,1,0.25,1
10666,5,0.25,0
10666,11,0.25,0
10666,15,0.25,0
10667,2,0.5,1
10667,11,0.5,0
10668,2,0.5,1
10668,5,0.5,0
10669,1,0.5,1
10669,11,0.5,0
10670,5,0.333333,1
10670,11,0.333333,0
10670,14,0.333333,0
10671,2,0.333333,1
10671,9,0.333333,0
10671,11,0.333333,0
10672,2,0.25,1
10672,5,0.25,0
10672,11,0.25,0
10672,19,0.25,0
10673,1,0.333333,1
10673,2,0.333333,0
10673,11,0.333333,0
10674,5,0.5,1
10674,11,0.5,0
10675,1,0.333333,1
10675,2,0.333333,0
10675,5,0.333333,0
10676,2,1.0,1
10677,11,0.5,1
10677,7,0.5,0
10678,5,0.25,1
10678,9,0.25,0
10678,11,0.25,0
10678,16,0.25,0
10679,1,0.142857,1
10679,2,0.142857,0
10679,5,0.142857,0
10679,11,0.142857,0
10679,16,0.142857,0
10679,19,0.142857,0
10679,7,0.142857,0
10680,2,0.5,1
10680,11,0.5,0
10681,11,1.0,1
10682,5,1.0,1
10683,5,0.333333,1
10683,11,0.333333,0
10683,12,0.333333,0
10684,1,0.333333,1
10684,5,0.333333,0
10684,11,0.333333,0
10685,5,0.5,1
10685,11,0.5,0
10686,2,0.333333,1
10686,5,0.333333,0
10686,11,0.333333,0
10687,1,0.333333,1
10687,2,0.333333,0
10687,11,0.333333,0
10688,1,0.5,1
10688,11,0.5,0
10689,5,1.0,1
10690,1,0.25,1
10690,5,0.25,0
10690,11,0.25,0
10690,16,0.25,0
10691,1,0.5,1
10691,11,0.5,0
10692,1,0.166667,1
10692,2,0.166667,0
10692,5,0.166667,0
10692,11,0.166667,0
10692,16,0.166667,0
10692,19,0.166667,0
10693,2,0.5,1
10693,11,0.5,0
10694,5,0.5,1
10694,11,0.5,0
10695,2,0.5,1
10695,11,0.5,0
10696,5,0.5,1
10696,11,0.5,0
10697,5,1.0,1
10698,14,0.5,1
10698,7,0.5,0
10699,2,0.2,1
10699,5,0.2,0
10699,11,0.2,0
10699,14,0.2,0
10699,16,0.2,0
10700,5,0.5,1
10700,11,0.5,0
10701,1,0.2,1
10701,2,0.2,0
10701,5,0.2,0
10701,11,0.2,0
10701,16,0.2,0
10702,1,0.5,1
10702,11,0.5,0
10703,11,0.5,1
10703,14,0.5,0
10704,11,0.333333,1
10704,14,0.333333,0
10704,16,0.333333,0
10705,1,0.2,1
10705,2,0.2,0
10705,11,0.2,0
10705,14,0.2,0
10705,19,0.2,0
10706,16,0.5,1
10706,19,0.5,0
10707,1,0.333333,1
10707,12,0.333333,0
10707,19,0.333333,0
10708,2,0.333333,1
10708,5,0.333333,0
10708,11,0.333333,0
10709,1,0.333333,1
10709,2,0.333333,0
10709,11,0.333333,0
10710,11,1.0,1
10711,1,0.333333,1
10711,5,0.333333,0
10711,11,0.333333,0
10712,2,0.25,1
10712,5,0.25,0
10712,11,0.25,0
10712,16,0.25,0
10713,2,0.333333,1
10713,9,0.333333,0
10713,11,0.333333,0
10714,1,0.2,1
10714,5,0.2,0
10714,9,0.2,0
10714,11,0.2,0
10714,15,0.2,0
10715,1,1.0,1
10716,5,0.25,1
10716,18,0.25,0
10716,19,0.25,0
10716,9,0.25,0
10717,1,0.5,1
10717,2,0.5,0
10718,16,0.333333,1
10718,19,0.333333,0
10718,7,0.333333,0
10719,1,0.2,1
10719,2,0.2,0
10719,5,0.2,0
10719,14,0.2,0
10719,19,0.2,0
10720,11,1.0,1
10721,2,0.25,1
10721,5,0.25,0
10721,11,0.25,0
10721,16,0.25,0
10722,14,0.5,1
10722,19,0.5,0
10723,2,0.5,1
10723,5,0.5,0
10724,5,0.333333,1
10724,11,0.333333,0
10724,19,0.333333,0
10725,14,1.0,1
10726,5,0.5,1
10726,7,0.5,0
10727,1,0.333333,1
10727,2,0.333333,0
10727,11,0.333333,0
10728,1,0.333333,1
10728,5,0.333333,0
10728,11,0.333333,0
10729,11,1.0,1
10730,1,0.142857,1
10730,5,0.142857,0
10730,11,0.142857,0
10730,18,0.142857,0
10730,19,0.142857,0
10730,9,0.142857,0
10730,7,0.142857,0
10731,1,0.25,1
10731,5,0.25,0
10731,11,0.25,0
10731,19,0.25,0
10732,5,0.5,1
10732,11,0.5,0
10733,1,0.333333,1
10733,2,0.333333,0
10733,11,0.333333,0
10734,1,0.333333,1
10734,5,0.333333,0
10734,11,0.333333,0
10735,2,0.25,1
10735,5,0.25,0
10735,9,0.25,0
10735,11,0.25,0
10736,2,0.333333,1
10736,5,0.333333,0
10736,9,0.333333,0
10737,5,0.25,1
10737,11,0.25,0
10737,16,0.25,0
10737,19,0.25,0
10738,5,0.333333,1
10738,11,0.333333,0
10738,16,0.333333,0
10739,1,0.166667,1
10739,2,0.166667,0
10739,5,0.166667,0
10739,11,0.166667,0
10739,14,0.166667,0
10739,16,0.166667,0
10740,2,0.333333,1
10740,11,0.333333,0
10740,7,0.333333,0
10741,2,0.333333,1
10741,5,0.333333,0
10741,11,0.333333,0
10742,5,0.333333,1
10742,11,0.333333,0
10742,16,0.333333,0
10743,1,0.2,1
10743,5,0.2,0
10743,11,0.2,0
10743,15,0.2,0
10743,9,0.2,0
10744,11,0.333333,1
10744,16,0.333333,0
10744,19,0.333333,0
10745,1,0.25,1
10745,5,0.25,0
10745,11,0.25,0
10745,15,0.25,0
10746,1,0.25,1
10746,2,0.25,0
10746,11,0.25,0
10746,19,0.25,0
10747,1,0.25,1
10747,2,0.25,0
10747,11,0.25,0
10747,14,0.25,0
10748,11,1.0,1
10749,5,0.5,1
10749,16,0.5,0
10750,2,0.333333,1
10750,5,0.333333,0
10750,11,0.333333,0
10751,2,1.0,1
10752,5,1.0,1
10753,5,0.5,1
10753,11,0.5,0
10754,5,0.333333,1
10754,11,0.333333,0
10754,14,0.333333,0
10755,1,0.25,1
10755,2,0.25,0
10755,11,0.25,0
10755,16,0.25,0
10756,1,0.5,1
10756,11,0.5,0
10757,5,1.0,1
10758,1,0.333333,1
10758,11,0.333333,0
10758,16,0.333333,0
10759,2,0.333333,1
10759,5,0.333333,0
10759,11,0.333333,0
10760,1,0.142857,1
10760,2,0.142857,0
10760,5,0.142857,0
10760,11,0.142857,0
10760,15,0.142857,0
10760,16,0.142857,0
10760,18,0.142857,0
10761,1,0.5,1
10761,11,0.5,0
10762,1,1.0,1
10763,2,0.333333,1
10763,14,0.333333,0
10763,19,0.333333,0
10764,5,0.5,1
10764,11,0.5,0
10765,1,0.333333,1
10765,2,0.333333,0
10765,11,0.333333,0
10766,1,0.25,1
10766,5,0.25,0
10766,11,0.25,0
10766,19,0.25,0
10767,1,0.333333,1
10767,2,0.333333,0
10767,11,0.333333,0
10768,1,0.25,1
10768,2,0.25,0
10768,11,0.25,0
10768,14,0.25,0
10769,2,0.333333,1
10769,11,0.333333,0
10769,19,0.333333,0
10770,9,0.5,1
10770,11,0.5,0
10771,5,0.333333,1
10771,11,0.333333,0
10771,16,0.333333,0
10772,2,0.166667,1
10772,5,0.166667,0
10772,11,0.166667,0
10772,14,0.166667,0
10772,16,0.166667,0
10772,19,0.166667,0
10773,2,0.5,1
10773,11,0.5,0
10774,1,0.333333,1
10774,11,0.333333,0
10774,19,0.333333,0
10775,2,0.2,1
10775,11,0.2,0
10775,16,0.2,0
10775,19,0.2,0
10775,7,0.2,0
10776,1,0.2,1
10776,2,0.2,0
10776,5,0.2,0
10776,11,0.2,0
10776,19,0.2,0
10777,2,0.333333,1
10777,9,0.333333,0
10777,11,0.333333,0
10778,1,0.25,1
10778,2,0.25,0
10778,5,0.25,0
10778,11,0.25,0
10779,11,0.5,1
10779,19,0.5,0
10780,5,1.0,1
10781,1,0.333333,1
10781,2,0.333333,0
10781,11,0.333333,0
10782,1,0.25,1
10782,2,0.25,0
10782,5,0.25,0
10782,11,0.25,0
10783,2,0.333333,1
10783,11,0.333333,0
10783,19,0.333333,0
10784,5,1.0,1
10785,2,0.2,1
10785,5,0.2,0
10785,11,0.2,0
10785,14,0.2,0
10785,19,0.2,0
10786,2,0.5,1
10786,5,0.5,0
10787,5,0.5,1
10787,11,0.5,0
10788,5,0.5,1
10788,11,0.5,0
10789,5,0.25,1
10789,11,0.25,0
10789,16,0.25,0
10789,19,0.25,0
10790,1,0.333333,1
10790,2,0.333333,0
10790,11,0.333333,0
10791,1,0.5,1
10791,11,0.5,0
10792,1,0.25,1
10792,2,0.25,0
10792,11,0.25,0
10792,14,0.25,0
10793,1,0.2,1
10793,5,0.2,0
10793,11,0.2,0
10793,15,0.2,0
10793,16,0.2,0
10794,1,0.25,1
10794,5,0.25,0
10794,9,0.25,0
10794,11,0.25,0
10795,2,0.333333,1
10795,11,0.333333,0
10795,19,0.333333,0
10796,1,0.5,1
10796,2,0.5,0
10797,19,1.0,1
10798,2,0.5,1
10798,11,0.5,0
10799,2,1.0,1
10800,1,1.0,1
10801,2,0.333333,1
10801,5,0.333333,0
10801,11,0.333333,0
10802,2,0.25,1
10802,5,0.25,0
10802,11,0.25,0
10802,16,0.25,0
10803,2,0.2,1
10803,5,0.2,0
10803,11,0.2,0
10803,16,0.2,0
10803,19,0.2,0
10804,1,0.25,1
10804,5,0.25,0
10804,11,0.25,0
10804,9,0.25,0
10805,1,1.0,1
10806,5,0.25,1
10806,11,0.25,0
10806,16,0.25,0
10806,7,0.25,0
10807,1,0.333333,1
10807,5,0.333333,0
10807,11,0.333333,0
10808,11,0.25,1
10808,16,0.25,0
10808,18,0.25,0
10808,19,0.25,0
10809,2,0.333333,1
10809,11,0.333333,0
10809,14,0.333333,0
10810,1,0.333333,1
10810,5,0.333333,0
10810,11,0.333333,0
10811,2,1.0,1
10812,2,1.0,1
10813,1,0.5,1
10813,11,0.5,0
10814,2,0.333333,1
10814,5,0.333333,0
10814,11,0.333333,0
10815,5,0.333333,1
10815,11,0.333333,0
10815,19,0.333333,0
10816,1,0.333333,1
10816,2,0.333333,0
10816,14,0.333333,0
10817,1,0.333333,1
10817,2,0.333333,0
10817,11,0.333333,0
10818,2,1.0,1
10819,2,0.25,1
10819,11,0.25,0
10819,14,0.25,0
10819,7,0.25,0
10820,1,0.333333,1
10820,2,0.333333,0
10820,11,0.333333,0
10821,1,1.0,1
10822,2,0.333333,1
10822,11,0.333333,0
10822,16,0.333333,0
10823,2,0.333333,1
10823,11,0.333333,0
10823,14,0.333333,0
10824,2,0.333333,1
10824,11,0.333333,0
10824,16,0.333333,0
10825,16,0.5,1
10825,19,0.5,0
10826,1,0.2,1
10826,2,0.2,0
10826,5,0.2,0
10826,11,0.2,0
10826,16,0.2,0
10827,1,0.333333,1
10827,11,0.333333,0
10827,16,0.333333,0
10828,5,1.0,1
10829,2,0.166667,1
10829,9,0.166667,0
10829,11,0.166667,0
10829,14,0.166667,0
10829,19,0.166667,0
10829,7,0.166667,0
10830,5,0.25,1
10830,11,0.25,0
10830,16,0.25,0
10830,19,0.25,0
10831,2,0.333333,1
10831,5,0.333333,0
10831,11,0.333333,0
10832,2,0.333333,1
10832,5,0.333333,0
10832,11,0.333333,0
10833,1,0.333333,1
10833,11,0.333333,0
10833,7,0.333333,0
10834,9,0.25,1
10834,11,0.25,0
10834,14,0.25,0
10834,7,0.25,0
10835,1,0.2,1
10835,5,0.2,0
10835,9,0.2,0
10835,16,0.2,0
10835,19,0.2,0
10836,2,1.0,1
10837,5,0.25,1
10837,9,0.25,0
10837,11,0.25,0
10837,7,0.25,0
10838,5,1.0,1
10839,1,0.333333,1
10839,2,0.333333,0
10839,11,0.333333,0
10840,11,1.0,1
10841,1,0.333333,1
10841,2,0.333333,0
10841,11,0.333333,0
10842,1,0.2,1
10842,5,0.2,0
10842,11,0.2,0
10842,16,0.2,0
10842,18,0.2,0
10843,1,0.111111,1
10843,2,0.111111,0
10843,5,0.111111,0
10843,11,0.111111,0
10843,15,0.111111,0
10843,14,0.111111,0
10843,16,0.111111,0
10843,18,0.111111,0
10843,19,0.111111,0
10844,5,0.5,1
10844,11,0.5,0
10845,1,1.0,1
10846,1,0.25,1
10846,2,0.25,0
10846,11,0.25,0
10846,14,0.25,0
10847,5,0.5,1
10847,11,0.5,0
10848,1,0.5,1
10848,9,0.5,0
10849,11,1.0,1
10850,2,0.2,1
10850,5,0.2,0
10850,11,0.2,0
10850,16,0.2,0
10850,18,0.2,0
10851,2,0.5,1
10851,11,0.5,0
10852,5,0.333333,1
10852,11,0.333333,0
10852,9,0.333333,0
10853,11,0.25,1
10853,16,0.25,0
10853,19,0.25,0
10853,7,0.25,0
10854,2,0.5,1
10854,11,0.5,0
10855,1,0.5,1
10855,11,0.5,0
10856,5,0.5,1
10856,11,0.5,0
10857,5,0.333333,1
10857,11,0.333333,0
10857,16,0.333333,0
10858,5,0.5,1
10858,16,0.5,0
10859,2,0.25,1
10859,5,0.25,0
10859,11,0.25,0
10859,16,0.25,0
10860,5,0.333333,1
10860,9,0.333333,0
10860,15,0.333333,0
10861,11,1.0,1
10862,1,0.5,1
10862,11,0.5,0
10863,1,0.25,1
10863,2,0.25,0
10863,11,0.25,0
10863,14,0.25,0
10864,2,0.333333,1
10864,5,0.333333,0
10864,11,0.333333,0
10865,5,0.2,1
10865,11,0.2,0
10865,12,0.2,0
10865,19,0.2,0
10865,9,0.2,0
10866,1,0.25,1
10866,5,0.25,0
10866,11,0.25,0
10866,7,0.25,0
10867,11,0.5,1
10867,14,0.5,0
10868,1,0.166667,1
10868,2,0.166667,0
10868,5,0.166667,0
10868,11,0.166667,0
10868,19,0.166667,0
10868,7,0.166667,0
10869,1,0.333333,1
10869,2,0.333333,0
10869,11,0.333333,0
10870,1,0.2,1
10870,2,0.2,0
10870,5,0.2,0
10870,11,0.2,0
10870,14,0.2,0
10871,1,0.333333,1
10871,2,0.333333,0
10871,11,0.333333,0
10872,1,0.5,1
10872,19,0.5,0
10873,1,0.2,1
10873,2,0.2,0
10873,9,0.2,0
10873,12,0.2,0
10873,7,0.2,0
10874,1,0.5,1
10874,11,0.5,0
10875,2,0.25,1
10875,5,0.25,0
10875,11,0.25,0
10875,16,0.25,0
10876,5,0.333333,1
10876,11,0.333333,0
10876,18,0.333333,0
10877,2,0.5,1
10877,11,0.5,0
10878,1,0.25,1
10878,5,0.25,0
10878,11,0.25,0
10878,16,0.25,0
10879,2,0.166667,1
10879,5,0.166667,0
10879,11,0.166667,0
10879,16,0.166667,0
10879,18,0.166667,0
10879,19,0.166667,0
10880,11,0.5,1
10880,19,0.5,0
10881,2,0.25,1
10881,9,0.25,0
10881,11,0.25,0
10881,14,0.25,0
10882,2,0.333333,1
10882,5,0.333333,0
10882,11,0.333333,0
10883,5,0.25,1
10883,9,0.25,0
10883,11,0.25,0
10883,16,0.25,0
10884,1,0.333333,1
10884,11,0.333333,0
10884,7,0.333333,0
10885,1,0.333333,1
10885,5,0.333333,0
10885,11,0.333333,0
10886,16,0.5,1
10886,19,0.5,0
10887,11,0.5,1
10887,16,0.5,0
10888,1,0.166667,1
10888,2,0.166667,0
10888,5,0.166667,0
10888,11,0.166667,0
10888,16,0.166667,0
10888,19,0.166667,0
10889,11,1.0,1
10890,16,1.0,1
10891,5,0.333333,1
10891,11,0.333333,0
10891,19,0.333333,0
10892,1,0.333333,1
10892,2,0.333333,0
10892,11,0.333333,0
10893,1,0.333333,1
10893,11,0.333333,0
10893,14,0.333333,0
10894,1,0.2,1
10894,2,0.2,0
10894,5,0.2,0
10894,11,0.2,0
10894,19,0.2,0
10895,1,0.25,1
10895,2,0.25,0
10895,11,0.25,0
10895,14,0.25,0
10896,1,0.25,1
10896,5,0.25,0
10896,11,0.25,0
10896,19,0.25,0
10897,1,0.333333,1
10897,5,0.333333,0
10897,11,0.333333,0
10898,5,0.5,1
10898,11,0.5,0
10899,5,0.333333,1
10899,9,0.333333,0
10899,11,0.333333,0
10900,1,0.25,1
10900,5,0.25,0
10900,11,0.25,0
10900,9,0.25,0
10901,2,0.333333,1
10901,5,0.333333,0
10901,11,0.333333,0
10902,5,0.25,1
10902,11,0.25,0
10902,16,0.25,0
10902,19,0.25,0
10903,1,0.333333,1
10903,2,0.333333,0
10903,11,0.333333,0
10904,1,0.5,1
10904,11,0.5,0
10905,5,0.5,1
10905,11,0.5,0
10906,12,0.5,1
10906,19,0.5,0
10907,2,0.25,1
10907,5,0.25,0
10907,9,0.25,0
10907,11,0.25,0
10908,5,0.333333,1
10908,18,0.333333,0
10908,19,0.333333,0
10909,1,0.333333,1
10909,2,0.333333,0
10909,11,0.333333,0
10910,11,0.333333,1
10910,16,0.333333,0
10910,19,0.333333,0
10911,1,0.333333,1
10911,2,0.333333,0
10911,11,0.333333,0
10912,11,0.5,1
10912,14,0.5,0
10913,1,0.333333,1
10913,5,0.333333,0
10913,11,0.333333,0
10914,11,0.333333,1
10914,16,0.333333,0
10914,19,0.333333,0
10915,1,0.5,1
10915,11,0.5,0
10916,1,0.25,1
10916,11,0.25,0
10916,14,0.25,0
10916,7,0.25,0
10917,5,0.333333,1
10917,11,0.333333,0
10917,19,0.333333,0
10918,5,0.5,1
10918,11,0.5,0
10919,5,0.25,1
10919,11,0.25,0
10919,14,0.25,0
10919,16,0.25,0
10920,1,0.2,1
10920,2,0.2,0
10920,5,0.2,0
10920,11,0.2,0
10920,16,0.2,0
10921,5,0.333333,1
10921,11,0.333333,0
10921,19,0.333333,0
10922,5,0.2,1
10922,9,0.2,0
10922,11,0.2,0
10922,14,0.2,0
10922,19,0.2,0
10923,9,1.0,1
10924,2,0.5,1
10924,11,0.5,0
10925,2,0.5,1
10925,11,0.5,0
10926,2,0.333333,1
10926,11,0.333333,0
10926,14,0.333333,0
10927,5,0.333333,1
10927,11,0.333333,0
10927,19,0.333333,0
10928,11,1.0,1
10929,19,1.0,1
10930,5,0.2,1
10930,11,0.2,0
10930,14,0.2,0
10930,16,0.2,0
10930,9,0.2,0
10931,1,0.25,1
10931,2,0.25,0
10931,11,0.25,0
10931,19,0.25,0
10932,1,0.5,1
10932,11,0.5,0
10933,2,0.333333,1
10933,5,0.333333,0
10933,11,0.333333,0
10934,1,0.5,1
10934,11,0.5,0
10935,5,0.5,1
10935,11,0.5,0
10936,1,0.5,1
10936,11,0.5,0
10937,2,0.5,1
10937,11,0.5,0
10938,16,1.0,1
10939,2,0.25,1
10939,5,0.25,0
10939,11,0.25,0
10939,16,0.25,0
10940,1,1.0,1
10941,5,0.333333,1
10941,11,0.333333,0
10941,7,0.333333,0
10942,2,0.5,1
10942,5,0.5,0
10943,1,0.333333,1
10943,11,0.333333,0
10943,12,0.333333,0
10944,2,0.5,1
10944,5,0.5,0
10945,1,0.2,1
10945,2,0.2,0
10945,5,0.2,0
10945,11,0.2,0
10945,19,0.2,0
10946,5,1.0,1
10947,2,0.5,1
10947,11,0.5,0
10948,5,1.0,1
10949,1,0.25,1
10949,5,0.25,0
10949,11,0.25,0
10949,19,0.25,0
10950,5,1.0,1
10951,2,0.333333,1
10951,11,0.333333,0
10951,15,0.333333,0
10952,5,0.5,1
10952,11,0.5,0
10953,2,0.5,1
10953,11,0.5,0
10954,1,0.333333,1
10954,2,0.333333,0
10954,11,0.333333,0
10955,1,0.333333,1
10955,11,0.333333,0
10955,9,0.333333,0
10956,1,0.333333,1
10956,11,0.333333,0
10956,16,0.333333,0
10957,1,0.166667,1
10957,2,0.166667,0
10957,5,0.166667,0
10957,11,0.166667,0
10957,16,0.166667,0
10957,19,0.166667,0
10958,1,0.2,1
10958,2,0.2,0
10958,5,0.2,0
10958,9,0.2,0
10958,11,0.2,0
10959,11,0.25,1
10959,14,0.25,0
10959,16,0.25,0
10959,19,0.25,0
10960,1,0.2,1
10960,5,0.2,0
10960,11,0.2,0
10960,12,0.2,0
10960,9,0.2,0
10961,1,0.5,1
10961,2,0.5,0
10962,1,0.333333,1
10962,11,0.333333,0
10962,15,0.333333,0
10963,2,1.0,1
10964,9,0.333333,1
10964,11,0.333333,0
10964,19,0.333333,0
10965,11,0.333333,1
10965,16,0.333333,0
10965,19,0.333333,0
10966,2,0.5,1
10966,11,0.5,0
10967,18,1.0,1
10968,1,0.333333,1
10968,2,0.333333,0
10968,11,0.333333,0
10969,2,0.333333,1
10969,11,0.333333,0
10969,14,0.333333,0
10970,11,1.0,1
10971,1,0.25,1
10971,5,0.25,0
10971,11,0.25,0
10971,19,0.25,0
10972,1,0.5,1
10972,11,0.5,0
10973,8,1.0,1
10974,1,0.25,1
10974,11,0.25,0
10974,12,0.25,0
10974,7,0.25,0
10975,2,0.333333,1
10975,11,0.333333,0
10975,14,0.333333,0
10976,1,0.333333,1
10976,2,0.333333,0
10976,11,0.333333,0
10977,1,0.333333,1
10977,11,0.333333,0
10977,9,0.333333,0
10978,1,0.25,1
10978,5,0.25,0
10978,11,0.25,0
10978,19,0.25,0
10979,1,0.333333,1
10979,2,0.333333,0
10979,14,0.333333,0
10980,2,0.333333,1
10980,11,0.333333,0
10980,14,0.333333,0
10981,14,0.5,1
10981,16,0.5,0
10982,2,0.2,1
10982,5,0.2,0
10982,11,0.2,0
10982,16,0.2,0
10982,19,0.2,0
10983,2,0.25,1
10983,11,0.25,0
10983,16,0.25,0
10983,19,0.25,0
10984,2,0.333333,1
10984,5,0.333333,0
10984,11,0.333333,0
10985,2,0.5,1
10985,11,0.5,0
10986,11,0.25,1
10986,14,0.25,0
10986,19,0.25,0
10986,7,0.25,0
10987,1,0.2,1
10987,2,0.2,0
10987,11,0.2,0
10987,16,0.2,0
10987,7,0.2,0
10988,9,1.0,1
10989,1,0.25,1
10989,2,0.25,0
10989,14,0.25,0
10989,19,0.25,0
10990,2,0.25,1
10990,5,0.25,0
10990,14,0.25,0
10990,19,0.25,0
10991,5,0.25,1
10991,11,0.25,0
10991,16,0.25,0
10991,19,0.25,0
10992,1,0.2,1
10992,5,0.2,0
10992,9,0.2,0
10992,11,0.2,0
10992,19,0.2,0
10993,2,0.5,1
10993,11,0.5,0
10994,5,0.2,1
10994,11,0.2,0
10994,16,0.2,0
10994,19,0.2,0
10994,7,0.2,0
10995,1,0.25,1
10995,2,0.25,0
10995,5,0.25,0
10995,11,0.25,0
10996,1,0.25,1
10996,2,0.25,0
10996,9,0.25,0
10996,11,0.25,0
10997,2,0.25,1
10997,11,0.25,0
10997,14,0.25,0
10997,9,0.25,0
10998,2,0.333333,1
10998,11,0.333333,0
10998,16,0.333333,0
10999,2,1.0,1
11000,1,0.5,1
11000,9,0.5,0
11001,2,0.25,1
11001,11,0.25,0
11001,14,0.25,0
11001,19,0.25,0
11002,19,1.0,1
11003,2,0.25,1
11003,11,0.25,0
11003,16,0.25,0
11003,7,0.25,0
11004,1,0.5,1
11004,5,0.5,0
11005,2,0.5,1
11005,11,0.5,0
11006,2,0.333333,1
11006,11,0.333333,0
11006,16,0.333333,0
11007,5,0.25,1
11007,11,0.25,0
11007,16,0.25,0
11007,9,0.25,0
11008,5,0.333333,1
11008,11,0.333333,0
11008,19,0.333333,0
11009,1,0.2,1
11009,2,0.2,0
11009,5,0.2,0
11009,11,0.2,0
11009,19,0.2,0
11010,1,0.5,1
11010,11,0.5,0
11011,1,0.5,1
11011,11,0.5,0
11012,5,0.25,1
11012,11,0.25,0
11012,16,0.25,0
11012,7,0.25,0
11013,5,0.5,1
11013,19,0.5,0
11014,1,0.2,1
11014,2,0.2,0
11014,11,0.2,0
11014,14,0.2,0
11014,9,0.2,0
11015,1,1.0,1
11016,1,0.2,1
11016,2,0.2,0
11016,11,0.2,0
11016,14,0.2,0
11016,16,0.2,0
11017,2,0.5,1
11017,11,0.5,0
11018,2,0.2,1
11018,5,0.2,0
11018,9,0.2,0
11018,11,0.2,0
11018,14,0.2,0
11019,1,0.5,1
11019,11,0.5,0
11020,1,0.25,1
11020,11,0.25,0
11020,15,0.25,0
11020,16,0.25,0
11021,1,0.333333,1
11021,2,0.333333,0
11021,11,0.333333,0
11022,1,1.0,1
11023,5,0.5,1
11023,11,0.5,0
11024,2,0.333333,1
11024,11,0.333333,0
11024,9,0.333333,0
11025,2,0.333333,1
11025,5,0.333333,0
11025,11,0.333333,0
11026,5,0.25,1
11026,11,0.25,0
11026,19,0.25,0
11026,9,0.25,0
11027,5,0.5,1
11027,14,0.5,0
11028,1,0.166667,1
11028,2,0.166667,0
11028,5,0.166667,0
11028,11,0.166667,0
11028,14,0.166667,0
11028,16,0.166667,0
11029,11,0.25,1
11029,14,0.25,0
11029,16,0.25,0
11029,19,0.25,0
11030,1,0.5,1
11030,11,0.5,0
11031,2,0.333333,1
11031,11,0.333333,0
11031,14,0.333333,0
11032,1,0.333333,1
11032,2,0.333333,0
11032,11,0.333333,0
11033,1,0.2,1
11033,2,0.2,0
11033,11,0.2,0
11033,16,0.2,0
11033,19,0.2,0
11034,1,0.2,1
11034,2,0.2,0
11034,5,0.2,0
11034,11,0.2,0
11034,14,0.2,0
11035,5,0.333333,1
11035,11,0.333333,0
11035,19,0.333333,0
11036,1,0.2,1
11036,2,0.2,0
11036,11,0.2,0
11036,14,0.2,0
11036,16,0.2,0
11037,5,1.0,1
11038,5,1.0,1
11039,5,0.333333,1
11039,11,0.333333,0
11039,16,0.333333,0
11040,2,0.25,1
11040,5,0.25,0
11040,11,0.25,0
11040,16,0.25,0
11041,5,0.25,1
11041,11,0.25,0
11041,16,0.25,0
11041,19,0.25,0
11042,2,1.0,1
11043,11,1.0,1
11044,1,0.25,1
11044,2,0.25,0
11044,5,0.25,0
11044,11,0.25,0
11045,1,1.0,1
11046,11,0.5,1
11046,9,0.5,0
11047,1,0.333333,1
11047,2,0.333333,0
11047,11,0.333333,0
11048,5,0.2,1
11048,11,0.2,0
11048,16,0.2,0
11048,18,0.2,0
11048,19,0.2,0
11049,5,0.25,1
11049,11,0.25,0
11049,16,0.25,0
11049,19,0.25,0
11050,2,0.333333,1
11050,5,0.333333,0
11050,11,0.333333,0
11051,2,0.5,1
11051,11,0.5,0
11052,1,0.333333,1
11052,2,0.333333,0
11052,11,0.333333,0
11053,1,0.333333,1
11053,2,0.333333,0
11053,9,0.333333,0
11054,1,0.5,1
11054,11,0.5,0
11055,5,0.5,1
11055,11,0.5,0
11056,16,1.0,1
11057,1,0.333333,1
11057,2,0.333333,0
11057,11,0.333333,0
11058,1,0.5,1
11058,11,0.5,0
11059,11,1.0,1
11060,2,0.5,1
11060,11,0.5,0
11061,5,0.5,1
11061,11,0.5,0
11062,5,1.0,1
11063,1,0.25,1
11063,2,0.25,0
11063,11,0.25,0
11063,9,0.25,0
11064,5,1.0,1
11065,1,0.5,1
11065,9,0.5,0
11066,5,1.0,1
11067,5,0.333333,1
11067,11,0.333333,0
11067,19,0.333333,0
11068,1,0.166667,1
11068,2,0.166667,0
11068,5,0.166667,0
11068,11,0.166667,0
11068,14,0.166667,0
11068,16,0.166667,0
11069,2,0.5,1
11069,5,0.5,0
11070,5,0.25,1
11070,11,0.25,0
11070,16,0.25,0
11070,18,0.25,0
11071,1,0.333333,1
11071,5,0.333333,0
11071,11,0.333333,0
11072,1,0.25,1
11072,2,0.25,0
11072,5,0.25,0
11072,11,0.25,0
11073,5,0.5,1
11073,11,0.5,0
11074,19,1.0,1
11075,1,0.333333,1
11075,11,0.333333,0
11075,9,0.333333,0
11076,1,0.25,1
11076,2,0.25,0
11076,11,0.25,0
11076,14,0.25,0
11077,1,0.2,1
11077,2,0.2,0
11077,11,0.2,0
11077,19,0.2,0
11077,7,0.2,0
11078,5,0.25,1
11078,11,0.25,0
11078,14,0.25,0
11078,16,0.25,0
11079,1,0.25,1
11079,11,0.25,0
11079,19,0.25,0
11079,7,0.25,0
11080,2,0.333333,1
11080,9,0.333333,0
11080,11,0.333333,0
11081,1,0.333333,1
11081,2,0.333333,0
11081,11,0.333333,0
11082,11,0.333333,1
11082,16,0.333333,0
11082,19,0.333333,0
11083,1,0.2,1
11083,5,0.2,0
11083,9,0.2,0
11083,16,0.2,0
11083,19,0.2,0
11084,1,0.5,1
11084,11,0.5,0
11085,2,0.5,1
11085,11,0.5,0
11086,5,0.25,1
11086,11,0.25,0
11086,15,0.25,0
11086,16,0.25,0
11087,1,0.166667,1
11087,2,0.166667,0
11087,11,0.166667,0
11087,14,0.166667,0
11087,19,0.166667,0
11087,7,0.166667,0
11088,2,0.333333,1
11088,5,0.333333,0
11088,11,0.333333,0
11089,1,0.333333,1
11089,5,0.333333,0
11089,11,0.333333,0
11090,16,1.0,1
11091,2,0.2,1
11091,5,0.2,0
11091,11,0.2,0
11091,16,0.2,0
11091,19,0.2,0
11092,1,0.333333,1
11092,2,0.333333,0
11092,11,0.333333,0
11093,2,0.333333,1
11093,5,0.333333,0
11093,11,0.333333,0
11094,2,0.25,1
11094,5,0.25,0
11094,11,0.25,0
11094,14,0.25,0
11095,2,0.333333,1
11095,5,0.333333,0
11095,11,0.333333,0
11096,1,0.25,1
11096,2,0.25,0
11096,11,0.25,0
11096,14,0.25,0
11097,1,0.25,1
11097,2,0.25,0
11097,11,0.25,0
11097,14,0.25,0
11098,2,0.25,1
11098,5,0.25,0
11098,11,0.25,0
11098,14,0.25,0
11099,1,0.25,1
11099,5,0.25,0
11099,11,0.25,0
11099,18,0.25,0
11100,11,0.25,1
11100,16,0.25,0
11100,19,0.25,0
11100,7,0.25,0
11101,2,0.333333,1
11101,5,0.333333,0
11101,11,0.333333,0
11102,2,1.0,1
11103,1,0.333333,1
11103,11,0.333333,0
11103,19,0.333333,0
11104,5,1.0,1
11105,20,0.5,1
11105,7,0.5,0
11106,16,0.5,1
11106,19,0.5,0
11107,1,0.5,1
11107,11,0.5,0
11108,2,0.5,1
11108,11,0.5,0
11109,1,0.25,1
11109,9,0.25,0
11109,11,0.25,0
11109,19,0.25,0
11110,2,0.333333,1
11110,11,0.333333,0
11110,14,0.333333,0
11111,11,0.333333,1
11111,16,0.333333,0
11111,19,0.333333,0
11112,5,0.5,1
11112,16,0.5,0
11113,1,0.333333,1
11113,2,0.333333,0
11113,11,0.333333,0
11114,5,0.5,1
11114,11,0.5,0
11115,11,0.5,1
11115,19,0.5,0
11116,1,0.142857,1
11116,2,0.142857,0
11116,5,0.142857,0
11116,11,0.142857,0
11116,14,0.142857,0
11116,16,0.142857,0
11116,7,0.142857,0
11117,2,0.25,1
11117,5,0.25,0
11117,11,0.25,0
11117,19,0.25,0
11118,1,0.333333,1
11118,5,0.333333,0
11118,11,0.333333,0
11119,1,0.5,1
11119,11,0.5,0
11120,1,0.25,1
11120,2,0.25,0
11120,11,0.25,0
11120,9,0.25,0
11121,1,0.333333,1
11121,11,0.333333,0
11121,19,0.333333,0
11122,1,0.5,1
11122,11,0.5,0
11123,2,0.5,1
11123,11,0.5,0
11124,5,0.333333,1
11124,11,0.333333,0
11124,16,0.333333,0
11125,5,0.333333,1
11125,16,0.333333,0
11125,18,0.333333,0
11126,2,0.25,1
11126,5,0.25,0
11126,11,0.25,0
11126,12,0.25,0
11127,5,1.0,1
11128,1,0.2,1
11128,2,0.2,0
11128,5,0.2,0
11128,11,0.2,0
11128,16,0.2,0
11129,1,0.5,1
11129,11,0.5,0
11130,5,0.333333,1
11130,11,0.333333,0
11130,16,0.333333,0
11131,5,1.0,1
11132,1,0.333333,1
11132,2,0.333333,0
11132,11,0.333333,0
11133,2,0.5,1
11133,11,0.5,0
11134,2,0.2,1
11134,5,0.2,0
11134,11,0.2,0
11134,16,0.2,0
11134,19,0.2,0
11135,1,0.25,1
11135,5,0.25,0
11135,11,0.25,0
11135,14,0.25,0
11136,2,0.5,1
11136,11,0.5,0
11137,2,0.333333,1
11137,5,0.333333,0
11137,11,0.333333,0
11138,11,0.333333,1
11138,15,0.333333,0
11138,18,0.333333,0
11139,2,0.5,1
11139,11,0.5,0
11140,2,0.2,1
11140,5,0.2,0
11140,11,0.2,0
11140,14,0.2,0
11140,19,0.2,0
11141,1,0.333333,1
11141,9,0.333333,0
11141,11,0.333333,0
11142,1,0.166667,1
11142,2,0.166667,0
11142,5,0.166667,0
11142,11,0.166667,0
11142,15,0.166667,0
11142,16,0.166667,0
11143,9,0.333333,1
11143,19,0.333333,0
11143,7,0.333333,0
11144,1,0.5,1
11144,2,0.5,0
11145,2,0.333333,1
11145,11,0.333333,0
11145,14,0.333333,0
11146,1,1.0,1
11147,2,0.2,1
11147,5,0.2,0
11147,11,0.2,0
11147,9,0.2,0
11147,7,0.2,0
11148,2,0.5,1
11148,11,0.5,0
11149,11,0.5,1
11149,19,0.5,0
11150,2,0.333333,1
11150,5,0.333333,0
11150,14,0.333333,0
11151,2,0.25,1
11151,5,0.25,0
11151,9,0.25,0
11151,11,0.25,0
11152,1,0.25,1
11152,2,0.25,0
11152,11,0.25,0
11152,16,0.25,0
11153,2,0.333333,1
11153,5,0.333333,0
11153,11,0.333333,0
11154,1,0.333333,1
11154,2,0.333333,0
11154,11,0.333333,0
11155,5,0.5,1
11155,11,0.5,0
11156,1,0.333333,1
11156,2,0.333333,0
11156,11,0.333333,0
11157,5,0.5,1
11157,11,0.5,0
11158,1,0.25,1
11158,2,0.25,0
11158,11,0.25,0
11158,16,0.25,0
11159,5,1.0,1
11160,1,0.333333,1
11160,2,0.333333,0
11160,19,0.333333,0
11161,1,0.333333,1
11161,2,0.333333,0
11161,11,0.333333,0
11162,5,0.333333,1
11162,11,0.333333,0
11162,16,0.333333,0
11163,2,0.5,1
11163,11,0.5,0
11164,5,0.5,1
11164,11,0.5,0
11165,11,0.25,1
11165,16,0.25,0
11165,19,0.25,0
11165,7,0.25,0
11166,2,1.0,1
11167,5,0.5,1
11167,11,0.5,0
11168,1,0.5,1
11168,19,0.5,0
11169,2,0.25,1
11169,5,0.25,0
11169,11,0.25,0
11169,16,0.25,0
11170,1,0.25,1
11170,2,0.25,0
11170,5,0.25,0
11170,11,0.25,0
11171,2,0.333333,1
11171,5,0.333333,0
11171,11,0.333333,0
11172,1,0.25,1
11172,2,0.25,0
11172,5,0.25,0
11172,11,0.25,0
11173,1,0.25,1
11173,2,0.25,0
11173,5,0.25,0
11173,11,0.25,0
11174,2,0.333333,1
11174,11,0.333333,0
11174,16,0.333333,0
11175,2,1.0,1
11176,1,0.25,1
11176,11,0.25,0
11176,16,0.25,0
11176,19,0.25,0
11177,1,0.5,1
11177,9,0.5,0
11178,5,1.0,1
11179,2,0.25,1
11179,5,0.25,0
11179,11,0.25,0
11179,9,0.25,0
11180,11,0.5,1
11180,19,0.5,0
11181,1,1.0,1
11182,1,0.333333,1
11182,2,0.333333,0
11182,11,0.333333,0
11183,5,0.333333,1
11183,11,0.333333,0
11183,19,0.333333,0
11184,5,0.5,1
11184,11,0.5,0
11185,1,0.2,1
11185,2,0.2,0
11185,5,0.2,0
11185,11,0.2,0
11185,16,0.2,0
11186,1,0.333333,1
11186,2,0.333333,0
11186,11,0.333333,0
11187,5,0.5,1
11187,11,0.5,0
11188,1,0.333333,1
11188,2,0.333333,0
11188,9,0.333333,0
11189,1,0.333333,1
11189,11,0.333333,0
11189,15,0.333333,0
11190,5,0.5,1
11190,11,0.5,0
11191,5,0.333333,1
11191,11,0.333333,0
11191,19,0.333333,0
11192,14,1.0,1
11193,5,0.5,1
11193,11,0.5,0
11194,2,0.333333,1
11194,5,0.333333,0
11194,11,0.333333,0
11195,1,0.333333,1
11195,5,0.333333,0
11195,11,0.333333,0
11196,2,0.5,1
11196,11,0.5,0
11197,1,0.5,1
11197,11,0.5,0
11198,1,0.333333,1
11198,2,0.333333,0
11198,11,0.333333,0
11199,5,0.5,1
11199,11,0.5,0
11200,5,1.0,1
11201,1,0.333333,1
11201,2,0.333333,0
11201,11,0.333333,0
11202,2,0.333333,1
11202,11,0.333333,0
11202,14,0.333333,0
11203,5,0.25,1
11203,11,0.25,0
11203,16,0.25,0
11203,19,0.25,0
11204,1,0.166667,1
11204,2,0.166667,0
11204,11,0.166667,0
11204,12,0.166667,0
11204,16,0.166667,0
11204,7,0.166667,0
11205,11,1.0,1
11206,1,0.5,1
11206,11,0.5,0
11207,5,0.25,1
11207,9,0.25,0
11207,11,0.25,0
11207,16,0.25,0
11208,1,0.333333,1
11208,5,0.333333,0
11208,11,0.333333,0
11209,2,0.25,1
11209,9,0.25,0
11209,11,0.25,0
11209,16,0.25,0
11210,2,0.25,1
11210,5,0.25,0
11210,11,0.25,0
11210,14,0.25,0
11211,1,0.25,1
11211,5,0.25,0
11211,11,0.25,0
11211,15,0.25,0
11212,2,0.5,1
11212,11,0.5,0
11213,12,0.5,1
11213,14,0.5,0
11214,19,1.0,1
11215,1,0.5,1
11215,11,0.5,0
11216,1,0.333333,1
11216,5,0.333333,0
11216,11,0.333333,0
11217,1,0.333333,1
11217,2,0.333333,0
11217,5,0.333333,0
11218,5,1.0,1
11219,5,0.333333,1
11219,11,0.333333,0
11219,16,0.333333,0
11220,1,0.2,1
11220,2,0.2,0
11220,11,0.2,0
11220,12,0.2,0
11220,14,0.2,0
11221,1,0.166667,1
11221,2,0.166667,0
11221,5,0.166667,0
11221,11,0.166667,0
11221,14,0.166667,0
11221,16,0.166667,0
11222,2,1.0,1
11223,14,0.5,1
11223,19,0.5,0
11224,1,0.166667,1
11224,2,0.166667,0
11224,5,0.166667,0
11224,11,0.166667,0
11224,12,0.166667,0
11224,14,0.166667,0
11225,1,0.25,1
11225,2,0.25,0
11225,11,0.25,0
11225,16,0.25,0
11226,5,1.0,1
11227,2,0.333333,1
11227,5,0.333333,0
11227,11,0.333333,0
11228,2,0.25,1
11228,11,0.25,0
11228,14,0.25,0
11228,16,0.25,0
11229,11,0.25,1
11229,12,0.25,0
11229,16,0.25,0
11229,19,0.25,0
11230,5,0.333333,1
11230,11,0.333333,0
11230,16,0.333333,0
11231,1,0.25,1
11231,12,0.25,0
11231,15,0.25,0
11231,18,0.25,0
11232,1,0.25,1
11232,5,0.25,0
11232,11,0.25,0
11232,18,0.25,0
11233,1,0.2,1
11233,2,0.2,0
11233,5,0.2,0
11233,11,0.2,0
11233,7,0.2,0
11234,14,0.5,1
11234,16,0.5,0
11235,1,0.333333,1
11235,2,0.333333,0
11235,11,0.333333,0
11236,1,0.333333,1
11236,11,0.333333,0
11236,15,0.333333,0
11237,5,0.2,1
11237,11,0.2,0
11237,14,0.2,0
11237,16,0.2,0
11237,19,0.2,0
11238,1,0.25,1
11238,2,0.25,0
11238,5,0.25,0
11238,11,0.25,0
11239,2,0.333333,1
11239,11,0.333333,0
11239,9,0.333333,0
11240,1,0.5,1
11240,11,0.5,0
11241,16,1.0,1
11242,2,0.5,1
11242,11,0.5,0
11243,1,0.333333,1
11243,2,0.333333,0
11243,11,0.333333,0
11244,11,1.0,1
11245,2,0.333333,1
11245,5,0.333333,0
11245,11,0.333333,0
11246,1,0.25,1
11246,5,0.25,0
11246,11,0.25,0
11246,16,0.25,0
11247,5,0.5,1
11247,11,0.5,0
11248,11,1.0,1
11249,1,0.25,1
11249,2,0.25,0
11249,11,0.25,0
11249,7,0.25,0
11250,5,0.333333,1
11250,11,0.333333,0
11250,19,0.333333,0
11251,5,0.333333,1
11251,11,0.333333,0
11251,19,0.333333,0
11252,5,0.333333,1
11252,19,0.333333,0
11252,9,0.333333,0
11253,5,0.5,1
11253,11,0.5,0
11254,11,0.333333,1
11254,16,0.333333,0
11254,19,0.333333,0
11255,5,0.5,1
11255,11,0.5,0
11256,5,0.333333,1
11256,11,0.333333,0
11256,19,0.333333,0
11257,2,0.2,1
11257,11,0.2,0
11257,16,0.2,0
11257,19,0.2,0
11257,7,0.2,0
11258,2,0.25,1
11258,5,0.25,0
11258,11,0.25,0
11258,7,0.25,0
11259,5,1.0,1
11260,2,0.5,1
11260,11,0.5,0
11261,11,0.333333,1
11261,14,0.333333,0
11261,16,0.333333,0
11262,2,0.25,1
11262,11,0.25,0
11262,14,0.25,0
11262,19,0.25,0
11263,1,0.5,1
11263,11,0.5,0
11264,2,0.166667,1
11264,5,0.166667,0
11264,11,0.166667,0
11264,15,0.166667,0
11264,16,0.166667,0
11264,18,0.166667,0
11265,11,1.0,1
11266,5,0.333333,1
11266,11,0.333333,0
11266,19,0.333333,0
11267,5,0.25,1
11267,11,0.25,0
11267,19,0.25,0
11267,7,0.25,0
11268,11,1.0,1
11269,1,0.25,1
11269,2,0.25,0
11269,11,0.25,0
11269,14,0.25,0
11270,2,0.333333,1
11270,11,0.333333,0
11270,14,0.333333,0
11271,5,0.333333,1
11271,11,0.333333,0
11271,18,0.333333,0
11272,1,0.25,1
11272,2,0.25,0
11272,11,0.25,0
11272,14,0.25,0
11273,2,0.333333,1
11273,5,0.333333,0
11273,11,0.333333,0
11274,11,0.5,1
11274,14,0.5,0
11275,2,0.333333,1
11275,11,0.333333,0
11275,14,0.333333,0
11276,1,0.333333,1
11276,5,0.333333,0
11276,16,0.333333,0
11277,1,0.5,1
11277,11,0.5,0
11278,1,0.166667,1
11278,2,0.166667,0
11278,5,0.166667,0
11278,11,0.166667,0
11278,14,0.166667,0
11278,16,0.166667,0
11279,2,0.5,1
11279,11,0.5,0
11280,1,0.333333,1
11280,2,0.333333,0
11280,7,0.333333,0
11281,1,0.25,1
11281,2,0.25,0
11281,11,0.25,0
11281,12,0.25,0
11282,1,0.2,1
11282,2,0.2,0
11282,14,0.2,0
11282,19,0.2,0
11282,7,0.2,0
11283,5,0.25,1
11283,11,0.25,0
11283,16,0.25,0
11283,19,0.25,0
11284,5,0.333333,1
11284,11,0.333333,0
11284,16,0.333333,0
11285,14,1.0,1
11286,1,0.333333,1
11286,11,0.333333,0
11286,14,0.333333,0
11287,5,0.25,1
11287,11,0.25,0
11287,16,0.25,0
11287,9,0.25,0
11288,1,0.5,1
11288,11,0.5,0
11289,1,0.333333,1
11289,2,0.333333,0
11289,11,0.333333,0
11290,1,0.2,1
11290,5,0.2,0
11290,12,0.2,0
11290,16,0.2,0
11290,7,0.2,0
11291,1,0.5,1
11291,11,0.5,0
11292,1,0.333333,1
11292,2,0.333333,0
11292,14,0.333333,0
11293,1,0.25,1
11293,2,0.25,0
11293,5,0.25,0
11293,11,0.25,0
11294,2,1.0,1
11295,1,0.333333,1
11295,2,0.333333,0
11295,11,0.333333,0
11296,15,1.0,1
11297,1,0.333333,1
11297,2,0.333333,0
11297,11,0.333333,0
11298,5,0.5,1
11298,11,0.5,0
11299,1,0.25,1
11299,2,0.25,0
11299,11,0.25,0
11299,14,0.25,0
11300,11,0.5,1
11300,19,0.5,0
11301,1,1.0,1
11302,1,1.0,1
11303,5,0.333333,1
11303,11,0.333333,0
11303,19,0.333333,0
11304,1,0.333333,1
11304,16,0.333333,0
11304,19,0.333333,0
11305,11,1.0,1
11306,5,0.333333,1
11306,11,0.333333,0
11306,16,0.333333,0
11307,1,0.5,1
11307,11,0.5,0
11308,11,1.0,1
11309,2,0.5,1
11309,11,0.5,0
11310,1,0.25,1
11310,2,0.25,0
11310,9,0.25,0
11310,14,0.25,0
11311,1,0.5,1
11311,2,0.5,0
11312,1,0.333333,1
11312,9,0.333333,0
11312,11,0.333333,0
11313,11,1.0,1
11314,2,0.25,1
11314,5,0.25,0
11314,9,0.25,0
11314,11,0.25,0
11315,2,0.333333,1
11315,5,0.333333,0
11315,11,0.333333,0
11316,11,0.5,1
11316,19,0.5,0
11317,2,0.333333,1
11317,11,0.333333,0
11317,9,0.333333,0
11318,2,0.333333,1
11318,5,0.333333,0
11318,11,0.333333,0
11319,5,0.25,1
11319,11,0.25,0
11319,14,0.25,0
11319,16,0.25,0
11320,1,0.25,1
11320,2,0.25,0
11320,11,0.25,0
11320,14,0.25,0
11321,2,0.333333,1
11321,11,0.333333,0
11321,16,0.333333,0
11322,1,0.2,1
11322,5,0.2,0
11322,11,0.2,0
11322,16,0.2,0
11322,7,0.2,0
11323,1,0.333333,1
11323,2,0.333333,0
11323,5,0.333333,0
11324,1,0.333333,1
11324,2,0.333333,0
11324,7,0.333333,0
11325,2,0.25,1
11325,11,0.25,0
11325,14,0.25,0
11325,7,0.25,0
11326,1,0.333333,1
11326,2,0.333333,0
11326,11,0.333333,0
11327,1,0.25,1
11327,11,0.25,0
11327,16,0.25,0
11327,19,0.25,0
11328,2,0.5,1
11328,11,0.5,0
11329,2,0.5,1
11329,11,0.5,0
11330,19,1.0,1
11331,1,0.25,1
11331,2,0.25,0
11331,11,0.25,0
11331,14,0.25,0
11332,5,0.333333,1
11332,11,0.333333,0
11332,19,0.333333,0
11333,1,0.166667,1
11333,2,0.166667,0
11333,11,0.166667,0
11333,14,0.166667,0
11333,16,0.166667,0
11333,7,0.166667,0
11334,2,0.333333,1
11334,14,0.333333,0
11334,7,0.333333,0
11335,5,0.333333,1
11335,11,0.333333,0
11335,15,0.333333,0
11336,5,0.5,1
11336,11,0.5,0
11337,5,1.0,1
11338,1,0.5,1
11338,11,0.5,0
11339,11,0.333333,1
11339,19,0.333333,0
11339,9,0.333333,0
11340,1,0.5,1
11340,11,0.5,0
11341,1,0.333333,1
11341,2,0.333333,0
11341,11,0.333333,0
11342,11,0.5,1
11342,19,0.5,0
11343,1,0.5,1
11343,11,0.5,0
11344,11,1.0,1
11345,1,0.333333,1
11345,11,0.333333,0
11345,14,0.333333,0
11346,11,0.5,1
11346,16,0.5,0
11347,1,0.333333,1
11347,11,0.333333,0
11347,7,0.333333,0
11348,2,0.2,1
11348,5,0.2,0
11348,11,0.2,0
11348,14,0.2,0
11348,9,0.2,0
11349,2,0.5,1
11349,11,0.5,0
11350,19,1.0,1
11351,19,1.0,1
11352,5,0.333333,1
11352,11,0.333333,0
11352,19,0.333333,0
11353,11,0.333333,1
11353,15,0.333333,0
11353,18,0.333333,0
11354,5,0.333333,1
11354,11,0.333333,0
11354,19,0.333333,0
11355,1,1.0,1
11356,1,0.333333,1
11356,2,0.333333,0
11356,5,0.333333,0
11357,11,1.0,1
11358,5,0.333333,1
11358,11,0.333333,0
11358,19,0.333333,0
11359,5,0.5,1
11359,11,0.5,0
11360,5,0.333333,1
11360,11,0.333333,0
11360,16,0.333333,0
11361,11,0.333333,1
11361,16,0.333333,0
11361,7,0.333333,0
11362,1,0.166667,1
11362,2,0.166667,0
11362,5,0.166667,0
11362,11,0.166667,0
11362,14,0.166667,0
11362,7,0.166667,0
11363,5,0.333333,1
11363,11,0.333333,0
11363,19,0.333333,0
11364,2,0.25,1
11364,5,0.25,0
11364,11,0.25,0
11364,16,0.25,0
11365,11,0.333333,1
11365,15,0.333333,0
11365,16,0.333333,0
11366,2,0.333333,1
11366,5,0.333333,0
11366,14,0.333333,0
11367,9,0.2,1
11367,11,0.2,0
11367,16,0.2,0
11367,19,0.2,0
11367,7,0.2,0
11368,2,0.333333,1
11368,11,0.333333,0
11368,16,0.333333,0
11369,1,0.25,1
11369,2,0.25,0
11369,5,0.25,0
11369,11,0.25,0
11370,1,0.125,1
11370,2,0.125,0
11370,5,0.125,0
11370,11,0.125,0
11370,15,0.125,0
11370,14,0.125,0
11370,19,0.125,0
11370,7,0.125,0
11371,5,1.0,1
11372,2,0.25,1
11372,5,0.25,0
11372,11,0.25,0
11372,9,0.25,0
11373,15,0.2,1
11373,16,0.2,0
11373,18,0.2,0
11373,19,0.2,0
11373,7,0.2,0
11374,1,0.25,1
11374,2,0.25,0
11374,5,0.25,0
11374,11,0.25,0
11375,2,0.2,1
11375,11,0.2,0
11375,14,0.2,0
11375,19,0.2,0
11375,7,0.2,0
11376,2,0.25,1
11376,5,0.25,0
11376,9,0.25,0
11376,11,0.25,0
11377,5,0.5,1
11377,14,0.5,0
11378,5,0.333333,1
11378,11,0.333333,0
11378,19,0.333333,0
11379,5,0.333333,1
11379,11,0.333333,0
11379,14,0.333333,0
11380,11,1.0,1
11381,1,0.333333,1
11381,2,0.333333,0
11381,11,0.333333,0
11382,1,0.5,1
11382,11,0.5,0
11383,2,0.333333,1
11383,5,0.333333,0
11383,11,0.333333,0
11384,1,0.5,1
11384,2,0.5,0
11385,1,0.2,1
11385,11,0.2,0
11385,15,0.2,0
11385,16,0.2,0
11385,18,0.2,0
11386,5,0.5,1
11386,11,0.5,0
11387,1,0.333333,1
11387,5,0.333333,0
11387,11,0.333333,0
11388,5,0.5,1
11388,11,0.5,0
11389,1,0.333333,1
11389,2,0.333333,0
11389,11,0.333333,0
11390,15,0.5,1
11390,9,0.5,0
11391,11,1.0,1
11392,5,0.333333,1
11392,11,0.333333,0
11392,19,0.333333,0
11393,5,0.5,1
11393,11,0.5,0
11394,11,1.0,1
11395,1,0.5,1
11395,11,0.5,0
11396,2,0.2,1
11396,5,0.2,0
11396,11,0.2,0
11396,14,0.2,0
11396,9,0.2,0
11397,1,0.2,1
11397,2,0.2,0
11397,5,0.2,0
11397,11,0.2,0
11397,15,0.2,0
11398,11,0.5,1
11398,14,0.5,0
11399,1,0.5,1
11399,11,0.5,0
11400,9,0.5,1
11400,11,0.5,0
11401,1,0.333333,1
11401,11,0.333333,0
11401,9,0.333333,0
11402,16,0.333333,1
11402,19,0.333333,0
11402,7,0.333333,0
11403,1,0.25,1
11403,15,0.25,0
11403,16,0.25,0
11403,18,0.25,0
11404,2,0.5,1
11404,11,0.5,0
11405,1,0.25,1
11405,5,0.25,0
11405,11,0.25,0
11405,16,0.25,0
11406,1,0.25,1
11406,11,0.25,0
11406,19,0.25,0
11406,9,0.25,0
11407,2,0.333333,1
11407,9,0.333333,0
11407,11,0.333333,0
11408,1,0.2,1
11408,2,0.2,0
11408,5,0.2,0
11408,11,0.2,0
11408,14,0.2,0
11409,5,1.0,1
11410,5,0.5,1
11410,11,0.5,0
11411,11,1.0,1
11412,2,0.166667,1
11412,11,0.166667,0
11412,14,0.166667,0
11412,16,0.166667,0
11412,19,0.166667,0
11412,9,0.166667,0
11413,1,0.333333,1
11413,5,0.333333,0
11413,11,0.333333,0
11414,1,0.25,1
11414,2,0.25,0
11414,5,0.25,0
11414,11,0.25,0
11415,2,0.333333,1
11415,5,0.333333,0
11415,14,0.333333,0
11416,2,0.333333,1
11416,5,0.333333,0
11416,11,0.333333,0
11417,1,1.0,1
11418,5,0.5,1
11418,9,0.5,0
11419,5,0.5,1
11419,11,0.5,0
11420,5,0.5,1
11420,11,0.5,0
11421,5,0.5,1
11421,11,0.5,0
11422,5,0.333333,1
11422,11,0.333333,0
11422,16,0.333333,0
11423,5,0.333333,1
11423,11,0.333333,0
11423,19,0.333333,0
11424,5,0.2,1
11424,11,0.2,0
11424,12,0.2,0
11424,19,0.2,0
11424,7,0.2,0
11425,1,0.25,1
11425,2,0.25,0
11425,11,0.25,0
11425,14,0.25,0
11426,2,0.25,1
11426,11,0.25,0
11426,14,0.25,0
11426,16,0.25,0
11427,11,0.333333,1
11427,19,0.333333,0
11427,9,0.333333,0
11428,1,0.5,1
11428,11,0.5,0
11429,11,0.5,1
11429,16,0.5,0
11430,1,1.0,1
11431,1,0.5,1
11431,11,0.5,0
11432,5,0.333333,1
11432,11,0.333333,0
11432,19,0.333333,0
11433,5,0.333333,1
11433,14,0.333333,0
11433,16,0.333333,0
11434,2,0.2,1
11434,5,0.2,0
11434,11,0.2,0
11434,19,0.2,0
11434,7,0.2,0
11435,1,0.25,1
11435,2,0.25,0
11435,11,0.25,0
11435,15,0.25,0
11436,2,0.333333,1
11436,5,0.333333,0
11436,11,0.333333,0
11437,5,0.333333,1
11437,11,0.333333,0
11437,14,0.333333,0
11438,5,0.5,1
11438,19,0.5,0
11439,1,0.5,1
11439,11,0.5,0
11440,2,0.5,1
11440,11,0.5,0
11441,2,0.333333,1
11441,5,0.333333,0
11441,11,0.333333,0
11442,1,0.5,1
11442,11,0.5,0
11443,5,0.5,1
11443,11,0.5,0
11444,11,1.0,1
11445,11,1.0,1
11446,2,0.25,1
11446,11,0.25,0
11446,16,0.25,0
11446,19,0.25,0
11447,1,0.333333,1
11447,2,0.333333,0
11447,11,0.333333,0
11448,2,0.5,1
11448,11,0.5,0
11449,5,0.5,1
11449,11,0.5,0
11450,1,0.333333,1
11450,2,0.333333,0
11450,11,0.333333,0
11451,1,0.333333,1
11451,2,0.333333,0
11451,11,0.333333,0
11452,1,0.333333,1
11452,2,0.333333,0
11452,16,0.333333,0
11453,2,0.5,1
11453,11,0.5,0
11454,1,0.25,1
11454,2,0.25,0
11454,11,0.25,0
11454,9,0.25,0
11455,5,1.0,1
11456,1,1.0,1
11457,5,0.5,1
11457,11,0.5,0
11458,2,0.333333,1
11458,9,0.333333,0
11458,11,0.333333,0
11459,1,0.25,1
11459,2,0.25,0
11459,5,0.25,0
11459,11,0.25,0
11460,5,0.5,1
11460,11,0.5,0
11461,1,0.25,1
11461,5,0.25,0
11461,11,0.25,0
11461,9,0.25,0
11462,1,0.25,1
11462,2,0.25,0
11462,11,0.25,0
11462,14,0.25,0
11463,2,0.5,1
11463,11,0.5,0
11464,2,0.5,1
11464,11,0.5,0
11465,2,0.5,1
11465,11,0.5,0
11466,14,0.333333,1
11466,19,0.333333,0
11466,9,0.333333,0
11467,1,0.333333,1
11467,2,0.333333,0
11467,11,0.333333,0
11468,2,0.5,1
11468,11,0.5,0
11469,1,0.2,1
11469,5,0.2,0
11469,11,0.2,0
11469,14,0.2,0
11469,16,0.2,0
11470,2,1.0,1
11471,2,0.25,1
11471,9,0.25,0
11471,14,0.25,0
11471,16,0.25,0
11472,11,0.333333,1
11472,16,0.333333,0
11472,19,0.333333,0
11473,1,0.5,1
11473,11,0.5,0
11474,2,0.333333,1
11474,5,0.333333,0
11474,11,0.333333,0
11475,1,0.166667,1
11475,9,0.166667,0
11475,11,0.166667,0
11475,16,0.166667,0
11475,19,0.166667,0
11475,7,0.166667,0
11476,1,0.25,1
11476,2,0.25,0
11476,11,0.25,0
11476,16,0.25,0
11477,1,0.166667,1
11477,2,0.166667,0
11477,5,0.166667,0
11477,11,0.166667,0
11477,14,0.166667,0
11477,19,0.166667,0
11478,1,0.25,1
11478,2,0.25,0
11478,5,0.25,0
11478,11,0.25,0
11479,1,0.5,1
11479,11,0.5,0
11480,2,0.5,1
11480,5,0.5,0
11481,11,0.5,1
11481,16,0.5,0
11482,1,0.5,1
11482,2,0.5,0
11483,1,0.333333,1
11483,2,0.333333,0
11483,11,0.333333,0
11484,1,0.333333,1
11484,2,0.333333,0
11484,11,0.333333,0
11485,1,0.25,1
11485,2,0.25,0
11485,11,0.25,0
11485,7,0.25,0
11486,1,0.166667,1
11486,2,0.166667,0
11486,5,0.166667,0
11486,11,0.166667,0
11486,18,0.166667,0
11486,19,0.166667,0
11487,11,1.0,1
11488,1,0.333333,1
11488,5,0.333333,0
11488,11,0.333333,0
11489,1,0.25,1
11489,9,0.25,0
11489,11,0.25,0
11489,14,0.25,0
11490,2,0.2,1
11490,5,0.2,0
11490,11,0.2,0
11490,14,0.2,0
11490,19,0.2,0
11491,2,0.333333,1
11491,5,0.333333,0
11491,11,0.333333,0
11492,1,0.25,1
11492,5,0.25,0
11492,11,0.25,0
11492,16,0.25,0
11493,15,0.5,1
11493,9,0.5,0
11494,1,0.166667,1
11494,2,0.166667,0
11494,11,0.166667,0
11494,12,0.166667,0
11494,14,0.166667,0
11494,7,0.166667,0
11495,2,0.25,1
11495,5,0.25,0
11495,9,0.25,0
11495,11,0.25,0
11496,5,0.25,1
11496,9,0.25,0
11496,11,0.25,0
11496,14,0.25,0
11497,16,1.0,1
11498,11,0.5,1
11498,16,0.5,0
11499,1,0.25,1
11499,2,0.25,0
11499,11,0.25,0
11499,14,0.25,0
11500,1,0.5,1
11500,11,0.5,0
11501,1,0.2,1
11501,2,0.2,0
11501,11,0.2,0
11501,14,0.2,0
11501,16,0.2,0
11502,5,0.25,1
11502,11,0.25,0
11502,19,0.25,0
11502,9,0.25,0
11503,1,0.25,1
11503,2,0.25,0
11503,5,0.25,0
11503,11,0.25,0
11504,5,0.125,1
11504,11,0.125,0
11504,12,0.125,0
11504,15,0.125,0
11504,14,0.125,0
11504,16,0.125,0
11504,19,0.125,0
11504,7,0.125,0
11505,5,0.25,1
11505,9,0.25,0
11505,11,0.25,0
11505,16,0.25,0
11506,1,0.2,1
11506,2,0.2,0
11506,11,0.2,0
11506,14,0.2,0
11506,7,0.2,0
11507,5,0.5,1
11507,11,0.5,0
11508,11,1.0,1
11509,11,0.5,1
11509,14,0.5,0
11510,5,0.25,1
11510,11,0.25,0
11510,16,0.25,0
11510,19,0.25,0
11511,2,0.333333,1
11511,11,0.333333,0
11511,9,0.333333,0
11512,5,0.5,1
11512,11,0.5,0
11513,2,0.2,1
11513,5,0.2,0
11513,11,0.2,0
11513,14,0.2,0
11513,16,0.2,0
11514,1,0.5,1
11514,2,0.5,0
11515,5,0.5,1
11515,11,0.5,0
11516,1,0.2,1
11516,2,0.2,0
11516,11,0.2,0
11516,14,0.2,0
11516,7,0.2,0
11517,2,0.333333,1
11517,5,0.333333,0
11517,11,0.333333,0
11518,1,0.333333,1
11518,2,0.333333,0
11518,11,0.333333,0
11519,1,0.333333,1
11519,5,0.333333,0
11519,11,0.333333,0
11520,2,0.5,1
11520,11,0.5,0
11521,16,1.0,1
11522,5,0.5,1
11522,11,0.5,0
11523,1,0.25,1
11523,2,0.25,0
11523,11,0.25,0
11523,9,0.25,0
11524,1,0.5,1
11524,14,0.5,0
11525,1,0.25,1
11525,5,0.25,0
11525,11,0.25,0
11525,19,0.25,0
11526,2,0.25,1
11526,5,0.25,0
11526,11,0.25,0
11526,14,0.25,0
11527,11,1.0,1
11528,1,0.333333,1
11528,11,0.333333,0
11528,9,0.333333,0
11529,1,0.5,1
11529,11,0.5,0
11530,1,0.333333,1
11530,2,0.333333,0
11530,11,0.333333,0
11531,5,0.333333,1
11531,11,0.333333,0
11531,16,0.333333,0
11532,1,0.2,1
11532,2,0.2,0
11532,5,0.2,0
11532,11,0.2,0
11532,16,0.2,0
11533,14,0.333333,1
11533,16,0.333333,0
11533,19,0.333333,0
11534,1,0.142857,1
11534,2,0.142857,0
11534,5,0.142857,0
11534,11,0.142857,0
11534,16,0.142857,0
11534,18,0.142857,0
11534,19,0.142857,0
11535,2,0.2,1
11535,5,0.2,0
11535,9,0.2,0
11535,11,0.2,0
11535,16,0.2,0
11536,14,0.5,1
11536,16,0.5,0
11537,1,0.333333,1
11537,2,0.333333,0
11537,16,0.333333,0
11538,1,0.333333,1
11538,2,0.333333,0
11538,11,0.333333,0
11539,2,0.5,1
11539,11,0.5,0
11540,5,0.5,1
11540,11,0.5,0
11541,2,0.333333,1
11541,5,0.333333,0
11541,11,0.333333,0
11542,1,0.2,1
11542,2,0.2,0
11542,5,0.2,0
11542,11,0.2,0
11542,14,0.2,0
11543,5,0.5,1
11543,11,0.5,0
11544,11,1.0,1
11545,2,0.333333,1
11545,5,0.333333,0
11545,11,0.333333,0
11546,5,0.333333,1
11546,11,0.333333,0
11546,19,0.333333,0
11547,2,0.333333,1
11547,11,0.333333,0
11547,16,0.333333,0
11548,1,0.333333,1
11548,11,0.333333,0
11548,19,0.333333,0
11549,1,0.25,1
11549,2,0.25,0
11549,5,0.25,0
11549,19,0.25,0
11550,1,0.333333,1
11550,11,0.333333,0
11550,19,0.333333,0
11551,5,1.0,1
11552,1,0.25,1
11552,11,0.25,0
11552,16,0.25,0
11552,19,0.25,0
11553,11,0.333333,1
11553,19,0.333333,0
11553,7,0.333333,0
11554,1,0.25,1
11554,5,0.25,0
11554,11,0.25,0
11554,16,0.25,0
11555,2,0.5,1
11555,11,0.5,0
11556,5,0.25,1
11556,11,0.25,0
11556,12,0.25,0
11556,19,0.25,0
11557,11,1.0,1
11558,2,0.25,1
11558,5,0.25,0
11558,11,0.25,0
11558,19,0.25,0
11559,1,0.25,1
11559,2,0.25,0
11559,5,0.25,0
11559,11,0.25,0
11560,1,0.2,1
11560,2,0.2,0
11560,11,0.2,0
11560,19,0.2,0
11560,7,0.2,0
11561,5,0.333333,1
11561,11,0.333333,0
11561,16,0.333333,0
11562,1,0.25,1
11562,2,0.25,0
11562,5,0.25,0
11562,11,0.25,0
11563,5,0.5,1
11563,11,0.5,0
11564,1,0.2,1
11564,2,0.2,0
11564,11,0.2,0
11564,14,0.2,0
11564,19,0.2,0
11565,1,1.0,1
11566,1,0.5,1
11566,11,0.5,0
11567,2,0.333333,1
11567,11,0.333333,0
11567,19,0.333333,0
11568,1,0.25,1
11568,11,0.25,0
11568,14,0.25,0
11568,19,0.25,0
11569,2,0.166667,1
11569,5,0.166667,0
11569,11,0.166667,0
11569,14,0.166667,0
11569,16,0.166667,0
11569,19,0.166667,0
11570,2,0.333333,1
11570,5,0.333333,0
11570,11,0.333333,0
11571,1,0.333333,1
11571,9,0.333333,0
11571,14,0.333333,0
11572,20,1.0,1
11573,1,0.333333,1
11573,2,0.333333,0
11573,11,0.333333,0
11574,5,0.333333,1
11574,11,0.333333,0
11574,19,0.333333,0
11575,5,0.25,1
11575,9,0.25,0
11575,16,0.25,0
11575,19,0.25,0
11576,1,0.333333,1
11576,2,0.333333,0
11576,11,0.333333,0
11577,1,0.25,1
11577,2,0.25,0
11577,5,0.25,0
11577,11,0.25,0
11578,2,0.142857,1
11578,5,0.142857,0
11578,11,0.142857,0
11578,14,0.142857,0
11578,16,0.142857,0
11578,19,0.142857,0
11578,7,0.142857,0
11579,2,0.25,1
11579,5,0.25,0
11579,11,0.25,0
11579,19,0.25,0
11580,5,0.333333,1
11580,11,0.333333,0
11580,19,0.333333,0
11581,1,0.142857,1
11581,2,0.142857,0
11581,11,0.142857,0
11581,12,0.142857,0
11581,14,0.142857,0
11581,16,0.142857,0
11581,7,0.142857,0
11582,1,0.166667,1
11582,2,0.166667,0
11582,5,0.166667,0
11582,11,0.166667,0
11582,14,0.166667,0
11582,16,0.166667,0
11583,1,0.2,1
11583,2,0.2,0
11583,5,0.2,0
11583,11,0.2,0
11583,19,0.2,0
11584,5,0.333333,1
11584,11,0.333333,0
11584,16,0.333333,0
11585,1,0.333333,1
11585,2,0.333333,0
11585,11,0.333333,0
11586,5,0.333333,1
11586,9,0.333333,0
11586,11,0.333333,0
11587,11,0.25,1
11587,16,0.25,0
11587,19,0.25,0
11587,7,0.25,0
11588,2,1.0,1
11589,2,0.333333,1
11589,9,0.333333,0
11589,11,0.333333,0
11590,5,0.333333,1
11590,11,0.333333,0
11590,16,0.333333,0
11591,2,1.0,1
11592,11,0.5,1
11592,9,0.5,0
11593,1,0.333333,1
11593,9,0.333333,0
11593,15,0.333333,0
11594,1,0.2,1
11594,5,0.2,0
11594,9,0.2,0
11594,11,0.2,0
11594,14,0.2,0
11595,1,0.333333,1
11595,2,0.333333,0
11595,11,0.333333,0
11596,1,0.333333,1
11596,11,0.333333,0
11596,14,0.333333,0
11597,11,0.5,1
11597,9,0.5,0
11598,11,0.5,1
11598,16,0.5,0
11599,1,0.25,1
11599,5,0.25,0
11599,9,0.25,0
11599,11,0.25,0
11600,5,0.333333,1
11600,11,0.333333,0
11600,19,0.333333,0
11601,1,0.166667,1
11601,2,0.166667,0
11601,11,0.166667,0
11601,12,0.166667,0
11601,14,0.166667,0
11601,19,0.166667,0
11602,2,0.5,1
11602,5,0.5,0
11603,1,0.5,1
11603,2,0.5,0
11604,2,0.5,1
11604,11,0.5,0
11605,2,0.5,1
11605,11,0.5,0
11606,1,0.166667,1
11606,2,0.166667,0
11606,5,0.166667,0
11606,11,0.166667,0
11606,16,0.166667,0
11606,18,0.166667,0
11607,1,0.2,1
11607,12,0.2,0
11607,14,0.2,0
11607,16,0.2,0
11607,7,0.2,0
11608,1,0.25,1
11608,5,0.25,0
11608,11,0.25,0
11608,19,0.25,0
11609,1,0.5,1
11609,2,0.5,0
11610,1,0.333333,1
11610,2,0.333333,0
11610,11,0.333333,0
11611,5,1.0,1
11612,5,0.333333,1
11612,9,0.333333,0
11612,11,0.333333,0
11613,1,0.5,1
11613,2,0.5,0
11614,1,0.333333,1
11614,11,0.333333,0
11614,7,0.333333,0
11615,1,0.333333,1
11615,5,0.333333,0
11615,11,0.333333,0
11616,1,0.166667,1
11616,11,0.166667,0
11616,12,0.166667,0
11616,16,0.166667,0
11616,18,0.166667,0
11616,19,0.166667,0
11617,2,0.333333,1
11617,5,0.333333,0
11617,11,0.333333,0
11618,1,0.2,1
11618,5,0.2,0
11618,11,0.2,0
11618,16,0.2,0
11618,18,0.2,0
11619,5,0.5,1
11619,11,0.5,0
11620,1,0.2,1
11620,11,0.2,0
11620,19,0.2,0
11620,9,0.2,0
11620,7,0.2,0
11621,11,0.5,1
11621,16,0.5,0
11622,2,0.5,1
11622,11,0.5,0
11623,1,0.2,1
11623,2,0.2,0
11623,9,0.2,0
11623,11,0.2,0
11623,19,0.2,0
11624,2,0.333333,1
11624,5,0.333333,0
11624,11,0.333333,0
11625,1,0.166667,1
11625,5,0.166667,0
11625,11,0.166667,0
11625,16,0.166667,0
11625,18,0.166667,0
11625,7,0.166667,0
11626,1,0.2,1
11626,2,0.2,0
11626,5,0.2,0
11626,16,0.2,0
11626,7,0.2,0
11627,2,0.333333,1
11627,5,0.333333,0
11627,11,0.333333,0
11628,2,0.25,1
11628,5,0.25,0
11628,11,0.25,0
11628,14,0.25,0
11629,2,0.333333,1
11629,5,0.333333,0
11629,11,0.333333,0
11630,1,0.25,1
11630,2,0.25,0
11630,5,0.25,0
11630,11,0.25,0
11631,1,0.25,1
11631,2,0.25,0
11631,5,0.25,0
11631,11,0.25,0
11632,11,0.333333,1
11632,14,0.333333,0
11632,19,0.333333,0
11633,5,0.5,1
11633,19,0.5,0
11634,1,0.166667,1
11634,2,0.166667,0
11634,5,0.166667,0
11634,11,0.166667,0
11634,15,0.166667,0
11634,16,0.166667,0
11635,5,0.5,1
11635,9,0.5,0
11636,5,0.5,1
11636,11,0.5,0
11637,5,0.25,1
11637,11,0.25,0
11637,16,0.25,0
11637,19,0.25,0
11638,5,0.333333,1
11638,11,0.333333,0
11638,16,0.333333,0
11639,5,0.25,1
11639,9,0.25,0
11639,11,0.25,0
11639,19,0.25,0
11640,2,0.333333,1
11640,5,0.333333,0
11640,11,0.333333,0
11641,1,0.2,1
11641,2,0.2,0
11641,11,0.2,0
11641,12,0.2,0
11641,15,0.2,0
11642,1,0.166667,1
11642,2,0.166667,0
11642,5,0.166667,0
11642,11,0.166667,0
11642,16,0.166667,0
11642,19,0.166667,0
11643,1,0.25,1
11643,2,0.25,0
11643,11,0.25,0
11643,14,0.25,0
11644,9,0.333333,1
11644,19,0.333333,0
11644,7,0.333333,0
11645,1,0.5,1
11645,11,0.5,0
11646,2,1.0,1
11647,1,0.25,1
11647,12,0.25,0
11647,14,0.25,0
11647,9,0.25,0
11648,2,0.2,1
11648,5,0.2,0
11648,11,0.2,0
11648,16,0.2,0
11648,19,0.2,0
11649,11,0.5,1
11649,14,0.5,0
11650,5,0.333333,1
11650,11,0.333333,0
11650,16,0.333333,0
11651,1,0.5,1
11651,9,0.5,0
11652,11,0.5,1
11652,18,0.5,0
11653,5,0.5,1
11653,11,0.5,0
11654,1,0.25,1
11654,11,0.25,0
11654,15,0.25,0
11654,16,0.25,0
11655,5,1.0,1
11656,1,0.333333,1
11656,11,0.333333,0
11656,12,0.333333,0
11657,2,0.333333,1
11657,5,0.333333,0
11657,11,0.333333,0
11658,9,0.5,1
11658,11,0.5,0
11659,1,0.25,1
11659,2,0.25,0
11659,11,0.25,0
11659,14,0.25,0
11660,5,0.5,1
11660,11,0.5,0
11661,1,0.25,1
11661,5,0.25,0
11661,11,0.25,0
11661,7,0.25,0
11662,1,0.333333,1
11662,2,0.333333,0
11662,11,0.333333,0
11663,11,1.0,1
11664,5,0.25,1
11664,11,0.25,0
11664,14,0.25,0
11664,19,0.25,0
11665,2,0.333333,1
11665,5,0.333333,0
11665,11,0.333333,0
11666,11,0.333333,1
11666,12,0.333333,0
11666,14,0.333333,0
11667,1,0.333333,1
11667,5,0.333333,0
11667,14,0.333333,0
11668,1,1.0,1
11669,22,0.2,1
11669,2,0.2,0
11669,9,0.2,0
11669,11,0.2,0
11669,14,0.2,0
11670,5,0.5,1
11670,11,0.5,0
11671,14,1.0,1
11672,2,0.25,1
11672,11,0.25,0
11672,16,0.25,0
11672,19,0.25,0
11673,11,0.5,1
11673,14,0.5,0
11674,1,0.2,1
11674,2,0.2,0
11674,5,0.2,0
11674,11,0.2,0
11674,14,0.2,0
11675,2,0.333333,1
11675,11,0.333333,0
11675,19,0.333333,0
11676,9,0.166667,1
11676,11,0.166667,0
11676,16,0.166667,0
11676,3,0.166667,0
11676,8,0.166667,0
11676,13,0.166667,0
11677,2,0.25,1
11677,5,0.25,0
11677,14,0.25,0
11677,9,0.25,0
11678,2,0.5,1
11678,11,0.5,0
11679,1,0.25,1
11679,5,0.25,0
11679,11,0.25,0
11679,9,0.25,0
11680,2,0.25,1
11680,5,0.25,0
11680,11,0.25,0
11680,16,0.25,0
11681,5,0.5,1
11681,11,0.5,0
11682,1,0.5,1
11682,11,0.5,0
11683,2,0.5,1
11683,11,0.5,0
11684,1,0.25,1
11684,2,0.25,0
11684,11,0.25,0
11684,14,0.25,0
11685,5,0.333333,1
11685,11,0.333333,0
11685,19,0.333333,0
11686,1,0.2,1
11686,5,0.2,0
11686,11,0.2,0
11686,19,0.2,0
11686,9,0.2,0
11687,1,0.5,1
11687,11,0.5,0
11688,1,0.333333,1
11688,11,0.333333,0
11688,7,0.333333,0
11689,11,0.5,1
11689,16,0.5,0
11690,1,0.2,1
11690,2,0.2,0
11690,5,0.2,0
11690,19,0.2,0
11690,7,0.2,0
11691,2,0.5,1
11691,11,0.5,0
11692,11,1.0,1
11693,11,0.333333,1
11693,16,0.333333,0
11693,19,0.333333,0
11694,2,0.166667,1
11694,5,0.166667,0
11694,11,0.166667,0
11694,14,0.166667,0
11694,16,0.166667,0
11694,19,0.166667,0
11695,1,0.333333,1
11695,11,0.333333,0
11695,7,0.333333,0
11696,2,0.2,1
11696,5,0.2,0
11696,11,0.2,0
11696,16,0.2,0
11696,19,0.2,0
11697,11,0.5,1
11697,16,0.5,0
11698,2,0.5,1
11698,11,0.5,0
11699,5,0.25,1
11699,11,0.25,0
11699,16,0.25,0
11699,19,0.25,0
11700,1,0.333333,1
11700,2,0.333333,0
11700,11,0.333333,0
11701,2,0.25,1
11701,5,0.25,0
11701,11,0.25,0
11701,19,0.25,0
11702,1,0.142857,1
11702,2,0.142857,0
11702,5,0.142857,0
11702,9,0.142857,0
11702,11,0.142857,0
11702,14,0.142857,0
11702,16,0.142857,0
11703,5,0.2,1
11703,11,0.2,0
11703,15,0.2,0
11703,16,0.2,0
11703,18,0.2,0
11704,2,0.2,1
11704,5,0.2,0
11704,11,0.2,0
11704,14,0.2,0
11704,19,0.2,0
11705,5,0.5,1
11705,11,0.5,0
11706,1,0.333333,1
11706,2,0.333333,0
11706,11,0.333333,0
11707,2,0.333333,1
11707,5,0.333333,0
11707,11,0.333333,0
11708,1,0.333333,1
11708,2,0.333333,0
11708,11,0.333333,0
11709,1,0.333333,1
11709,2,0.333333,0
11709,11,0.333333,0
11710,5,0.333333,1
11710,11,0.333333,0
11710,16,0.333333,0
11711,1,0.25,1
11711,2,0.25,0
11711,16,0.25,0
11711,19,0.25,0
11712,11,0.5,1
11712,19,0.5,0
11713,2,0.5,1
11713,11,0.5,0
11714,1,0.333333,1
11714,5,0.333333,0
11714,11,0.333333,0
11715,5,0.5,1
11715,11,0.5,0
11716,5,0.5,1
11716,11,0.5,0
11717,1,0.166667,1
11717,2,0.166667,0
11717,9,0.166667,0
11717,11,0.166667,0
11717,19,0.166667,0
11717,7,0.166667,0
11718,2,0.5,1
11718,11,0.5,0
11719,5,0.333333,1
11719,11,0.333333,0
11719,16,0.333333,0
11720,5,0.333333,1
11720,11,0.333333,0
11720,19,0.333333,0
11721,1,0.25,1
11721,5,0.25,0
11721,11,0.25,0
11721,18,0.25,0
11722,5,1.0,1
11723,2,0.333333,1
11723,11,0.333333,0
11723,9,0.333333,0
11724,1,0.333333,1
11724,2,0.333333,0
11724,11,0.333333,0
11725,1,0.25,1
11725,2,0.25,0
11725,5,0.25,0
11725,11,0.25,0
11726,2,0.333333,1
11726,5,0.333333,0
11726,11,0.333333,0
11727,1,0.142857,1
11727,2,0.142857,0
11727,5,0.142857,0
11727,11,0.142857,0
11727,14,0.142857,0
11727,16,0.142857,0
11727,18,0.142857,0
11728,1,0.333333,1
11728,5,0.333333,0
11728,11,0.333333,0
11729,1,0.5,1
11729,11,0.5,0
11730,1,0.333333,1
11730,2,0.333333,0
11730,14,0.333333,0
11731,5,1.0,1
11732,1,0.25,1
11732,2,0.25,0
11732,14,0.25,0
11732,7,0.25,0
11733,2,0.333333,1
11733,11,0.333333,0
11733,16,0.333333,0
11734,16,0.5,1
11734,7,0.5,0
11735,2,0.25,1
11735,5,0.25,0
11735,11,0.25,0
11735,16,0.25,0
11736,2,0.25,1
11736,5,0.25,0
11736,11,0.25,0
11736,14,0.25,0
11737,1,0.25,1
11737,5,0.25,0
11737,11,0.25,0
11737,14,0.25,0
11738,2,0.25,1
11738,5,0.25,0
11738,11,0.25,0
11738,16,0.25,0
11739,1,0.25,1
11739,2,0.25,0
11739,5,0.25,0
11739,11,0.25,0
11740,1,0.2,1
11740,5,0.2,0
11740,11,0.2,0
11740,16,0.2,0
11740,9,0.2,0
11741,1,0.142857,1
11741,5,0.142857,0
11741,11,0.142857,0
11741,15,0.142857,0
11741,16,0.142857,0
11741,18,0.142857,0
11741,9,0.142857,0
11742,5,1.0,1
11743,1,0.333333,1
11743,5,0.333333,0
11743,11,0.333333,0
11744,1,0.166667,1
11744,2,0.166667,0
11744,5,0.166667,0
11744,9,0.166667,0
11744,11,0.166667,0
11744,16,0.166667,0
11745,1,0.333333,1
11745,2,0.333333,0
11745,11,0.333333,0
11746,11,0.2,1
11746,14,0.2,0
11746,16,0.2,0
11746,19,0.2,0
11746,7,0.2,0
11747,1,0.25,1
11747,2,0.25,0
11747,9,0.25,0
11747,11,0.25,0
11748,5,1.0,1
11749,1,0.333333,1
11749,9,0.333333,0
11749,11,0.333333,0
11750,5,0.333333,1
11750,11,0.333333,0
11750,16,0.333333,0
11751,1,0.5,1
11751,11,0.5,0
11752,11,0.333333,1
11752,14,0.333333,0
11752,19,0.333333,0
11753,5,0.5,1
11753,11,0.5,0
11754,1,0.5,1
11754,11,0.5,0
11755,1,0.25,1
11755,11,0.25,0
11755,15,0.25,0
11755,14,0.25,0
11756,1,0.25,1
11756,5,0.25,0
11756,11,0.25,0
11756,14,0.25,0
11757,1,0.125,1
11757,2,0.125,0
11757,5,0.125,0
11757,11,0.125,0
11757,12,0.125,0
11757,14,0.125,0
11757,16,0.125,0
11757,7,0.125,0
11758,19,1.0,1
11759,11,0.25,1
11759,15,0.25,0
11759,16,0.25,0
11759,18,0.25,0
11760,19,0.5,1
11760,7,0.5,0
11761,3,0.125,1
11761,6,0.125,0
11761,8,0.125,0
11761,17,0.125,0
11761,20,0.125,0
11761,23,0.125,0
11761,10,0.125,0
11761,7,0.125,0
11762,1,0.25,1
11762,5,0.25,0
11762,11,0.25,0
11762,14,0.25,0
11763,2,0.166667,1
11763,5,0.166667,0
11763,11,0.166667,0
11763,15,0.166667,0
11763,16,0.166667,0
11763,18,0.166667,0
11764,14,0.5,1
11764,19,0.5,0
11765,2,0.2,1
11765,11,0.2,0
11765,14,0.2,0
11765,16,0.2,0
11765,19,0.2,0
11766,1,0.333333,1
11766,5,0.333333,0
11766,11,0.333333,0
11767,1,0.25,1
11767,5,0.25,0
11767,11,0.25,0
11767,9,0.25,0
11768,2,1.0,1
11769,5,0.2,1
11769,11,0.2,0
11769,16,0.2,0
11769,18,0.2,0
11769,7,0.2,0
11770,2,0.5,1
11770,9,0.5,0
11771,2,0.25,1
11771,11,0.25,0
11771,14,0.25,0
11771,19,0.25,0
11772,5,0.5,1
11772,11,0.5,0
11773,16,0.333333,1
11773,18,0.333333,0
11773,19,0.333333,0
11774,2,0.2,1
11774,11,0.2,0
11774,14,0.2,0
11774,16,0.2,0
11774,19,0.2,0
11775,5,0.333333,1
11775,11,0.333333,0
11775,19,0.333333,0
11776,1,0.333333,1
11776,2,0.333333,0
11776,11,0.333333,0
11777,2,0.333333,1
11777,11,0.333333,0
11777,14,0.333333,0
11778,16,0.5,1
11778,19,0.5,0
11779,1,0.333333,1
11779,5,0.333333,0
11779,18,0.333333,0
11780,1,0.166667,1
11780,2,0.166667,0
11780,5,0.166667,0
11780,11,0.166667,0
11780,19,0.166667,0
11780,7,0.166667,0
11781,1,0.333333,1
11781,2,0.333333,0
11781,11,0.333333,0
11782,2,0.25,1
11782,5,0.25,0
11782,11,0.25,0
11782,16,0.25,0
11783,2,0.25,1
11783,5,0.25,0
11783,11,0.25,0
11783,14,0.25,0
11784,2,0.25,1
11784,9,0.25,0
11784,11,0.25,0
11784,14,0.25,0
11785,5,0.5,1
11785,19,0.5,0
11786,5,1.0,1
11787,11,0.5,1
11787,19,0.5,0
11788,1,1.0,1
11789,5,0.333333,1
11789,11,0.333333,0
11789,16,0.333333,0
11790,2,0.25,1
11790,11,0.25,0
11790,16,0.25,0
11790,19,0.25,0
11791,11,1.0,1
11792,5,0.25,1
11792,11,0.25,0
11792,16,0.25,0
11792,19,0.25,0
11793,1,0.333333,1
11793,2,0.333333,0
11793,11,0.333333,0
11794,1,0.2,1
11794,5,0.2,0
11794,11,0.2,0
11794,15,0.2,0
11794,18,0.2,0
11795,1,0.25,1
11795,2,0.25,0
11795,11,0.25,0
11795,7,0.25,0
11796,5,0.5,1
11796,11,0.5,0
11797,5,0.25,1
11797,11,0.25,0
11797,14,0.25,0
11797,16,0.25,0
11798,14,0.25,1
11798,16,0.25,0
11798,19,0.25,0
11798,7,0.25,0
11799,2,0.25,1
11799,5,0.25,0
11799,11,0.25,0
11799,14,0.25,0
11800,2,0.5,1
11800,11,0.5,0
11801,1,0.2,1
11801,2,0.2,0
11801,5,0.2,0
11801,11,0.2,0
11801,16,0.2,0
11802,1,0.5,1
11802,9,0.5,0
11803,1,0.2,1
11803,2,0.2,0
11803,5,0.2,0
11803,11,0.2,0
11803,16,0.2,0
11804,2,0.2,1
11804,11,0.2,0
11804,14,0.2,0
11804,16,0.2,0
11804,19,0.2,0
11805,5,0.25,1
11805,11,0.25,0
11805,16,0.25,0
11805,19,0.25,0
11806,2,0.2,1
11806,5,0.2,0
11806,11,0.2,0
11806,15,0.2,0
11806,16,0.2,0
11807,1,0.2,1
11807,2,0.2,0
11807,5,0.2,0
11807,11,0.2,0
11807,19,0.2,0
11808,2,0.5,1
11808,11,0.5,0
11809,11,0.5,1
11809,14,0.5,0
11810,1,1.0,1
11811,5,0.333333,1
11811,11,0.333333,0
11811,19,0.333333,0
11812,11,1.0,1
11813,5,0.333333,1
11813,11,0.333333,0
11813,14,0.333333,0
11814,11,0.333333,1
11814,15,0.333333,0
11814,16,0.333333,0
11815,11,1.0,1
11816,1,0.5,1
11816,11,0.5,0
11817,11,0.333333,1
11817,16,0.333333,0
11817,19,0.333333,0
11818,1,0.333333,1
11818,11,0.333333,0
11818,14,0.333333,0
11819,1,0.25,1
11819,2,0.25,0
11819,16,0.25,0
11819,19,0.25,0
11820,1,0.125,1
11820,2,0.125,0
11820,5,0.125,0
11820,11,0.125,0
11820,12,0.125,0
11820,16,0.125,0
11820,19,0.125,0
11820,7,0.125,0
11821,1,0.333333,1
11821,2,0.333333,0
11821,11,0.333333,0
11822,2,0.333333,1
11822,11,0.333333,0
11822,19,0.333333,0
11823,1,0.333333,1
11823,12,0.333333,0
11823,16,0.333333,0
11824,1,0.25,1
11824,2,0.25,0
11824,11,0.25,0
11824,14,0.25,0
11825,2,0.5,1
11825,11,0.5,0
11826,2,0.25,1
11826,5,0.25,0
11826,9,0.25,0
11826,11,0.25,0
11827,1,0.25,1
11827,5,0.25,0
11827,11,0.25,0
11827,7,0.25,0
11828,2,0.25,1
11828,5,0.25,0
11828,11,0.25,0
11828,14,0.25,0
11829,1,0.25,1
11829,2,0.25,0
11829,11,0.25,0
11829,16,0.25,0
11830,1,0.25,1
11830,2,0.25,0
11830,5,0.25,0
11830,11,0.25,0
11831,2,1.0,1
11832,2,0.5,1
11832,11,0.5,0
11833,2,1.0,1
11834,5,0.25,1
11834,14,0.25,0
11834,16,0.25,0
11834,19,0.25,0
11835,2,0.333333,1
11835,11,0.333333,0
11835,16,0.333333,0
11836,1,0.166667,1
11836,2,0.166667,0
11836,5,0.166667,0
11836,11,0.166667,0
11836,16,0.166667,0
11836,19,0.166667,0
11837,11,0.5,1
11837,16,0.5,0
11838,1,0.333333,1
11838,2,0.333333,0
11838,14,0.333333,0
11839,2,0.333333,1
11839,11,0.333333,0
11839,14,0.333333,0
11840,5,0.333333,1
11840,11,0.333333,0
11840,16,0.333333,0
11841,2,0.25,1
11841,11,0.25,0
11841,14,0.25,0
11841,9,0.25,0
11842,1,0.25,1
11842,2,0.25,0
11842,11,0.25,0
11842,12,0.25,0
11843,1,0.166667,1
11843,2,0.166667,0
11843,9,0.166667,0
11843,11,0.166667,0
11843,14,0.166667,0
11843,16,0.166667,0
11844,2,0.25,1
11844,5,0.25,0
11844,11,0.25,0
11844,14,0.25,0
11845,11,0.333333,1
11845,16,0.333333,0
11845,19,0.333333,0
11846,11,0.5,1
11846,14,0.5,0
11847,5,1.0,1
11848,11,1.0,1
11849,19,1.0,1
11850,2,0.333333,1
11850,5,0.333333,0
11850,11,0.333333,0
11851,1,0.5,1
11851,5,0.5,0
11852,2,0.25,1
11852,5,0.25,0
11852,11,0.25,0
11852,9,0.25,0
11853,1,0.2,1
11853,2,0.2,0
11853,11,0.2,0
11853,14,0.2,0
11853,16,0.2,0
11854,2,0.2,1
11854,11,0.2,0
11854,14,0.2,0
11854,16,0.2,0
11854,19,0.2,0
11855,11,1.0,1
11856,16,1.0,1
11857,1,0.25,1
11857,2,0.25,0
11857,11,0.25,0
11857,9,0.25,0
11858,2,0.25,1
11858,5,0.25,0
11858,11,0.25,0
11858,16,0.25,0
11859,2,0.5,1
11859,11,0.5,0
11860,5,0.25,1
11860,11,0.25,0
11860,16,0.25,0
11860,19,0.25,0
11861,5,0.5,1
11861,11,0.5,0
11862,1,0.333333,1
11862,2,0.333333,0
11862,11,0.333333,0
11863,11,1.0,1
11864,5,0.333333,1
11864,11,0.333333,0
11864,19,0.333333,0
11865,1,0.333333,1
11865,2,0.333333,0
11865,5,0.333333,0
11866,1,0.25,1
11866,5,0.25,0
11866,11,0.25,0
11866,16,0.25,0
11867,1,0.333333,1
11867,2,0.333333,0
11867,11,0.333333,0
11868,1,0.333333,1
11868,5,0.333333,0
11868,11,0.333333,0
11869,5,0.5,1
11869,11,0.5,0
11870,5,1.0,1
11871,1,0.333333,1
11871,2,0.333333,0
11871,11,0.333333,0
11872,1,0.333333,1
11872,5,0.333333,0
11872,11,0.333333,0
11873,1,0.333333,1
11873,11,0.333333,0
11873,14,0.333333,0
11874,1,0.5,1
11874,5,0.5,0
11875,1,0.2,1
11875,2,0.2,0
11875,5,0.2,0
11875,11,0.2,0
11875,14,0.2,0
11876,2,0.5,1
11876,11,0.5,0
11877,1,0.333333,1
11877,2,0.333333,0
11877,11,0.333333,0
11878,1,0.25,1
11878,5,0.25,0
11878,11,0.25,0
11878,16,0.25,0
11879,5,0.166667,1
11879,11,0.166667,0
11879,14,0.166667,0
11879,16,0.166667,0
11879,19,0.166667,0
11879,7,0.166667,0
11880,2,0.333333,1
11880,5,0.333333,0
11880,11,0.333333,0
11881,2,1.0,1
11882,11,0.5,1
11882,19,0.5,0
11883,2,0.25,1
11883,9,0.25,0
11883,11,0.25,0
11883,14,0.25,0
11884,2,0.25,1
11884,5,0.25,0
11884,14,0.25,0
11884,16,0.25,0
11885,5,0.25,1
11885,11,0.25,0
11885,14,0.25,0
11885,16,0.25,0
11886,1,0.25,1
11886,2,0.25,0
11886,11,0.25,0
11886,14,0.25,0
11887,5,0.5,1
11887,16,0.5,0
11888,11,0.333333,1
11888,14,0.333333,0
11888,9,0.333333,0
11889,1,0.333333,1
11889,5,0.333333,0
11889,9,0.333333,0
11890,5,0.333333,1
11890,11,0.333333,0
11890,16,0.333333,0
11891,1,0.333333,1
11891,2,0.333333,0
11891,11,0.333333,0
11892,5,0.5,1
11892,11,0.5,0
11893,1,0.2,1
11893,2,0.2,0
11893,5,0.2,0
11893,11,0.2,0
11893,19,0.2,0
11894,5,0.333333,1
11894,11,0.333333,0
11894,19,0.333333,0
11895,2,0.333333,1
11895,11,0.333333,0
11895,18,0.333333,0
11896,5,1.0,1
11897,2,0.5,1
11897,11,0.5,0
11898,1,0.25,1
11898,2,0.25,0
11898,5,0.25,0
11898,11,0.25,0
11899,1,0.333333,1
11899,2,0.333333,0
11899,11,0.333333,0
11900,5,0.5,1
11900,11,0.5,0
11901,1,0.5,1
11901,11,0.5,0
11902,1,0.25,1
11902,2,0.25,0
11902,11,0.25,0
11902,14,0.25,0
11903,1,0.333333,1
11903,2,0.333333,0
11903,14,0.333333,0
11904,1,0.333333,1
11904,2,0.333333,0
11904,11,0.333333,0
11905,2,0.5,1
11905,11,0.5,0
11906,1,0.5,1
11906,11,0.5,0
11907,5,0.5,1
11907,11,0.5,0
11908,11,0.5,1
11908,16,0.5,0
11909,11,1.0,1
11910,2,0.333333,1
11910,5,0.333333,0
11910,11,0.333333,0
11911,5,0.25,1
11911,11,0.25,0
11911,16,0.25,0
11911,19,0.25,0
11912,5,0.166667,1
11912,11,0.166667,0
11912,14,0.166667,0
11912,16,0.166667,0
11912,19,0.166667,0
11912,7,0.166667,0
11913,2,0.333333,1
11913,5,0.333333,0
11913,11,0.333333,0
11914,11,0.5,1
11914,16,0.5,0
11915,1,0.2,1
11915,5,0.2,0
11915,11,0.2,0
11915,14,0.2,0
11915,19,0.2,0
11916,5,0.25,1
11916,11,0.25,0
11916,19,0.25,0
11916,7,0.25,0
11917,11,1.0,1
11918,5,0.5,1
11918,11,0.5,0
11919,1,0.25,1
11919,2,0.25,0
11919,5,0.25,0
11919,11,0.25,0
11920,5,0.5,1
11920,18,0.5,0
11921,5,0.5,1
11921,11,0.5,0
11922,2,0.5,1
11922,11,0.5,0
11923,11,1.0,1
11924,5,0.5,1
11924,11,0.5,0
11925,1,0.25,1
11925,2,0.25,0
11925,5,0.25,0
11925,11,0.25,0
11926,1,0.25,1
11926,5,0.25,0
11926,11,0.25,0
11926,15,0.25,0
11927,5,0.333333,1
11927,11,0.333333,0
11927,16,0.333333,0
11928,5,0.5,1
11928,11,0.5,0
11929,1,0.2,1
11929,2,0.2,0
11929,5,0.2,0
11929,11,0.2,0
11929,14,0.2,0
11930,11,0.333333,1
11930,16,0.333333,0
11930,19,0.333333,0
11931,5,0.2,1
11931,11,0.2,0
11931,14,0.2,0
11931,19,0.2,0
11931,7,0.2,0
11932,2,0.333333,1
11932,5,0.333333,0
11932,11,0.333333,0
11933,2,1.0,1
11934,11,0.25,1
11934,14,0.25,0
11934,19,0.25,0
11934,7,0.25,0
11935,1,0.25,1
11935,5,0.25,0
11935,11,0.25,0
11935,15,0.25,0
11936,11,0.5,1
11936,19,0.5,0
11937,1,0.333333,1
11937,11,0.333333,0
11937,7,0.333333,0
11938,11,1.0,1
11939,11,0.333333,1
11939,16,0.333333,0
11939,18,0.333333,0
11940,2,0.5,1
11940,9,0.5,0
11941,16,0.5,1
11941,18,0.5,0
11942,11,0.333333,1
11942,16,0.333333,0
11942,19,0.333333,0
11943,9,0.333333,1
11943,11,0.333333,0
11943,14,0.333333,0
11944,1,0.25,1
11944,2,0.25,0
11944,11,0.25,0
11944,7,0.25,0
11945,5,0.5,1
11945,11,0.5,0
11946,5,1.0,1
11947,1,0.5,1
11947,11,0.5,0
11948,1,0.5,1
11948,2,0.5,0
11949,2,0.5,1
11949,14,0.5,0
11950,5,0.2,1
11950,11,0.2,0
11950,15,0.2,0
11950,16,0.2,0
11950,19,0.2,0
11951,1,0.2,1
11951,2,0.2,0
11951,5,0.2,0
11951,11,0.2,0
11951,7,0.2,0
11952,1,1.0,1
11953,2,0.25,1
11953,11,0.25,0
11953,14,0.25,0
11953,19,0.25,0
11954,1,0.333333,1
11954,5,0.333333,0
11954,11,0.333333,0
11955,1,0.125,1
11955,2,0.125,0
11955,5,0.125,0
11955,11,0.125,0
11955,12,0.125,0
11955,15,0.125,0
11955,16,0.125,0
11955,19,0.125,0
11956,2,1.0,1
11957,1,0.25,1
11957,2,0.25,0
11957,5,0.25,0
11957,9,0.25,0
11958,2,0.333333,1
11958,5,0.333333,0
11958,11,0.333333,0
11959,2,0.333333,1
11959,11,0.333333,0
11959,14,0.333333,0
11960,2,0.333333,1
11960,11,0.333333,0
11960,14,0.333333,0
11961,2,0.25,1
11961,5,0.25,0
11961,11,0.25,0
11961,16,0.25,0
11962,1,1.0,1
11963,5,0.333333,1
11963,11,0.333333,0
11963,9,0.333333,0
11964,1,0.333333,1
11964,2,0.333333,0
11964,11,0.333333,0
11965,1,0.333333,1
11965,5,0.333333,0
11965,11,0.333333,0
11966,1,0.333333,1
11966,5,0.333333,0
11966,11,0.333333,0
11967,2,0.333333,1
11967,11,0.333333,0
11967,7,0.333333,0
11968,2,0.5,1
11968,9,0.5,0
11969,1,0.333333,1
11969,2,0.333333,0
11969,11,0.333333,0
11970,1,0.333333,1
11970,5,0.333333,0
11970,11,0.333333,0
11971,2,0.5,1
11971,11,0.5,0
11972,9,0.333333,1
11972,11,0.333333,0
11972,14,0.333333,0
11973,11,1.0,1
11974,1,0.25,1
11974,5,0.25,0
11974,11,0.25,0
11974,19,0.25,0
11975,2,0.166667,1
11975,5,0.166667,0
11975,11,0.166667,0
11975,14,0.166667,0
11975,16,0.166667,0
11975,19,0.166667,0
11976,2,0.2,1
11976,11,0.2,0
11976,12,0.2,0
11976,14,0.2,0
11976,9,0.2,0
11977,1,0.25,1
11977,2,0.25,0
11977,11,0.25,0
11977,7,0.25,0
11978,1,0.5,1
11978,11,0.5,0
11979,2,0.333333,1
11979,5,0.333333,0
11979,11,0.333333,0
11980,1,0.25,1
11980,2,0.25,0
11980,11,0.25,0
11980,9,0.25,0
11981,1,0.25,1
11981,5,0.25,0
11981,11,0.25,0
11981,9,0.25,0
11982,5,0.2,1
11982,9,0.2,0
11982,11,0.2,0
11982,16,0.2,0
11982,19,0.2,0
11983,2,0.333333,1
11983,5,0.333333,0
11983,11,0.333333,0
11984,1,0.25,1
11984,9,0.25,0
11984,11,0.25,0
11984,7,0.25,0
11985,1,0.25,1
11985,9,0.25,0
11985,14,0.25,0
11985,19,0.25,0
11986,11,1.0,1
11987,5,0.5,1
11987,11,0.5,0
11988,5,0.333333,1
11988,11,0.333333,0
11988,19,0.333333,0
11989,2,0.333333,1
11989,11,0.333333,0
11989,19,0.333333,0
11990,1,0.142857,1
11990,2,0.142857,0
11990,5,0.142857,0
11990,11,0.142857,0
11990,14,0.142857,0
11990,19,0.142857,0
11990,7,0.142857,0
11991,5,0.5,1
11991,11,0.5,0
11992,1,0.333333,1
11992,2,0.333333,0
11992,11,0.333333,0
11993,2,0.333333,1
11993,14,0.333333,0
11993,19,0.333333,0
11994,5,0.5,1
11994,11,0.5,0
11995,5,0.5,1
11995,16,0.5,0
11996,1,0.333333,1
11996,2,0.333333,0
11996,11,0.333333,0
11997,16,1.0,1
11998,1,0.25,1
11998,2,0.25,0
11998,11,0.25,0
11998,9,0.25,0
11999,2,0.333333,1
11999,11,0.333333,0
11999,14,0.333333,0
12000,1,0.2,1
12000,2,0.2,0
12000,5,0.2,0
12000,11,0.2,0
12000,14,0.2,0
12001,1,1.0,1
12002,1,0.2,1
12002,2,0.2,0
12002,9,0.2,0
12002,11,0.2,0
12002,19,0.2,0
12003,5,0.333333,1
12003,11,0.333333,0
12003,18,0.333333,0
12004,1,0.25,1
12004,2,0.25,0
12004,11,0.25,0
12004,14,0.25,0
12005,1,0.25,1
12005,2,0.25,0
12005,11,0.25,0
12005,16,0.25,0
12006,11,1.0,1
12007,1,0.2,1
12007,5,0.2,0
12007,11,0.2,0
12007,16,0.2,0
12007,19,0.2,0
12008,2,0.5,1
12008,11,0.5,0
12009,16,1.0,1
12010,1,0.333333,1
12010,5,0.333333,0
12010,11,0.333333,0
12011,5,1.0,1
12012,1,0.25,1
12012,5,0.25,0
12012,11,0.25,0
12012,9,0.25,0
12013,11,0.333333,1
12013,14,0.333333,0
12013,16,0.333333,0
12014,9,0.333333,1
12014,11,0.333333,0
12014,19,0.333333,0
12015,1,0.25,1
12015,2,0.25,0
12015,11,0.25,0
12015,14,0.25,0
12016,11,0.5,1
12016,14,0.5,0
12017,1,1.0,1
12018,5,0.333333,1
12018,11,0.333333,0
12018,19,0.333333,0
12019,2,0.333333,1
12019,9,0.333333,0
12019,15,0.333333,0
12020,11,0.5,1
12020,19,0.5,0
12021,14,0.333333,1
12021,16,0.333333,0
12021,19,0.333333,0
12022,11,0.5,1
12022,15,0.5,0
12023,5,0.2,1
12023,11,0.2,0
12023,14,0.2,0
12023,16,0.2,0
12023,19,0.2,0
12024,5,1.0,1
12025,2,0.25,1
12025,5,0.25,0
12025,11,0.25,0
12025,9,0.25,0
12026,5,0.333333,1
12026,11,0.333333,0
12026,16,0.333333,0
12027,5,0.5,1
12027,11,0.5,0
12028,1,0.25,1
12028,5,0.25,0
12028,11,0.25,0
12028,7,0.25,0
12029,1,0.2,1
12029,2,0.2,0
12029,9,0.2,0
12029,11,0.2,0
12029,19,0.2,0
12030,11,0.25,1
12030,15,0.25,0
12030,16,0.25,0
12030,18,0.25,0
12031,11,0.5,1
12031,19,0.5,0
12032,1,0.2,1
12032,2,0.2,0
12032,11,0.2,0
12032,14,0.2,0
12032,19,0.2,0
12033,1,0.333333,1
12033,2,0.333333,0
12033,11,0.333333,0
12034,1,0.142857,1
12034,2,0.142857,0
12034,5,0.142857,0
12034,9,0.142857,0
12034,11,0.142857,0
12034,14,0.142857,0
12034,16,0.142857,0
12035,5,0.333333,1
12035,11,0.333333,0
12035,19,0.333333,0
12036,1,0.166667,1
12036,2,0.166667,0
12036,9,0.166667,0
12036,14,0.166667,0
12036,16,0.166667,0
12036,19,0.166667,0
12037,11,1.0,1
12038,1,0.333333,1
12038,11,0.333333,0
12038,9,0.333333,0
12039,1,0.333333,1
12039,2,0.333333,0
12039,11,0.333333,0
12040,2,0.333333,1
12040,5,0.333333,0
12040,11,0.333333,0
12041,2,0.2,1
12041,11,0.2,0
12041,14,0.2,0
12041,19,0.2,0
12041,7,0.2,0
12042,9,0.333333,1
12042,11,0.333333,0
12042,18,0.333333,0
12043,1,0.5,1
12043,11,0.5,0
12044,2,0.5,1
12044,11,0.5,0
12045,1,0.25,1
12045,2,0.25,0
12045,11,0.25,0
12045,14,0.25,0
12046,1,0.2,1
12046,2,0.2,0
12046,5,0.2,0
12046,9,0.2,0
12046,11,0.2,0
12047,1,0.2,1
12047,5,0.2,0
12047,11,0.2,0
12047,14,0.2,0
12047,9,0.2,0
12048,1,0.25,1
12048,2,0.25,0
12048,11,0.25,0
12048,19,0.25,0
12049,5,0.5,1
12049,11,0.5,0
12050,1,0.333333,1
12050,2,0.333333,0
12050,11,0.333333,0
12051,5,0.5,1
12051,11,0.5,0
12052,2,0.5,1
12052,11,0.5,0
12053,11,0.5,1
12053,19,0.5,0
12054,2,0.5,1
12054,14,0.5,0
12055,5,0.5,1
12055,11,0.5,0
12056,2,0.2,1
12056,5,0.2,0
12056,11,0.2,0
12056,14,0.2,0
12056,9,0.2,0
12057,1,0.142857,1
12057,5,0.142857,0
12057,11,0.142857,0
12057,15,0.142857,0
12057,16,0.142857,0
12057,18,0.142857,0
12057,9,0.142857,0
12058,1,0.333333,1
12058,2,0.333333,0
12058,11,0.333333,0
12059,2,0.5,1
12059,11,0.5,0
12060,5,0.2,1
12060,14,0.2,0
12060,18,0.2,0
12060,19,0.2,0
12060,7,0.2,0
12061,1,0.25,1
12061,2,0.25,0
12061,5,0.25,0
12061,19,0.25,0
12062,1,0.25,1
12062,2,0.25,0
12062,5,0.25,0
12062,11,0.25,0
12063,1,1.0,1
12064,1,0.333333,1
12064,11,0.333333,0
12064,19,0.333333,0
12065,1,0.333333,1
12065,11,0.333333,0
12065,9,0.333333,0
12066,1,0.333333,1
12066,11,0.333333,0
12066,16,0.333333,0
12067,5,1.0,1
12068,2,0.166667,1
12068,5,0.166667,0
12068,14,0.166667,0
12068,16,0.166667,0
12068,19,0.166667,0
12068,7,0.166667,0
12069,1,0.2,1
12069,2,0.2,0
12069,11,0.2,0
12069,12,0.2,0
12069,14,0.2,0
12070,2,0.333333,1
12070,11,0.333333,0
12070,14,0.333333,0
12071,2,0.5,1
12071,11,0.5,0
12072,11,0.25,1
12072,15,0.25,0
12072,16,0.25,0
12072,7,0.25,0
12073,1,0.25,1
12073,2,0.25,0
12073,11,0.25,0
12073,14,0.25,0
12074,1,0.2,1
12074,2,0.2,0
12074,9,0.2,0
12074,11,0.2,0
12074,14,0.2,0
12075,5,0.333333,1
12075,11,0.333333,0
12075,19,0.333333,0
12076,16,0.25,1
12076,18,0.25,0
12076,19,0.25,0
12076,7,0.25,0
12077,1,0.25,1
12077,2,0.25,0
12077,5,0.25,0
12077,11,0.25,0
12078,5,0.25,1
12078,9,0.25,0
12078,11,0.25,0
12078,16,0.25,0
12079,1,0.2,1
12079,2,0.2,0
12079,11,0.2,0
12079,12,0.2,0
12079,16,0.2,0
12080,1,0.333333,1
12080,11,0.333333,0
12080,12,0.333333,0
12081,1,0.333333,1
12081,2,0.333333,0
12081,19,0.333333,0
12082,2,0.333333,1
12082,11,0.333333,0
12082,19,0.333333,0
12083,1,0.2,1
12083,2,0.2,0
12083,5,0.2,0
12083,11,0.2,0
12083,16,0.2,0
12084,11,1.0,1
12085,5,0.333333,1
12085,11,0.333333,0
12085,19,0.333333,0
12086,5,0.5,1
12086,11,0.5,0
12087,2,0.5,1
12087,5,0.5,0
12088,1,0.5,1
12088,11,0.5,0
12089,5,0.25,1
12089,11,0.25,0
12089,16,0.25,0
12089,19,0.25,0
12090,2,0.2,1
12090,5,0.2,0
12090,11,0.2,0
12090,14,0.2,0
12090,19,0.2,0
12091,2,0.5,1
12091,11,0.5,0
12092,2,0.333333,1
12092,5,0.333333,0
12092,11,0.333333,0
12093,5,1.0,1
12094,2,0.2,1
12094,5,0.2,0
12094,11,0.2,0
12094,14,0.2,0
12094,19,0.2,0
12095,1,0.5,1
12095,11,0.5,0
12096,11,0.25,1
12096,12,0.25,0
12096,14,0.25,0
12096,9,0.25,0
12097,6,0.5,1
12097,20,0.5,0
12098,11,0.25,1
12098,16,0.25,0
12098,19,0.25,0
12098,7,0.25,0
12099,1,0.25,1
12099,2,0.25,0
12099,11,0.25,0
12099,14,0.25,0
12100,11,0.25,1
12100,16,0.25,0
12100,18,0.25,0
12100,19,0.25,0
12101,5,0.5,1
12101,11,0.5,0
12102,1,0.5,1
12102,11,0.5,0
12103,1,0.25,1
12103,11,0.25,0
12103,14,0.25,0
12103,16,0.25,0
12104,1,0.166667,1
12104,9,0.166667,0
12104,11,0.166667,0
12104,16,0.166667,0
12104,19,0.166667,0
12104,7,0.166667,0
12105,5,0.5,1
12105,11,0.5,0
12106,2,0.2,1
12106,5,0.2,0
12106,11,0.2,0
12106,14,0.2,0
12106,19,0.2,0
12107,1,0.25,1
12107,2,0.25,0
12107,5,0.25,0
12107,11,0.25,0
12108,5,0.25,1
12108,11,0.25,0
12108,16,0.25,0
12108,19,0.25,0
12109,2,0.333333,1
12109,11,0.333333,0
12109,7,0.333333,0
12110,2,0.166667,1
12110,5,0.166667,0
12110,11,0.166667,0
12110,14,0.166667,0
12110,19,0.166667,0
12110,7,0.166667,0
12111,16,0.5,1
12111,19,0.5,0
12112,1,0.333333,1
12112,5,0.333333,0
12112,11,0.333333,0
12113,5,0.5,1
12113,11,0.5,0
12114,2,0.5,1
12114,16,0.5,0
12115,11,0.333333,1
12115,14,0.333333,0
12115,19,0.333333,0
12116,2,0.25,1
12116,9,0.25,0
12116,11,0.25,0
12116,14,0.25,0
12117,5,0.25,1
12117,11,0.25,0
12117,16,0.25,0
12117,19,0.25,0
12118,11,1.0,1
12119,5,0.25,1
12119,11,0.25,0
12119,16,0.25,0
12119,7,0.25,0
12120,1,0.333333,1
12120,2,0.333333,0
12120,14,0.333333,0
12121,5,0.25,1
12121,11,0.25,0
12121,16,0.25,0
12121,19,0.25,0
12122,1,0.333333,1
12122,9,0.333333,0
12122,11,0.333333,0
12123,2,0.25,1
12123,5,0.25,0
12123,11,0.25,0
12123,14,0.25,0
12124,2,0.2,1
12124,5,0.2,0
12124,11,0.2,0
12124,14,0.2,0
12124,19,0.2,0
12125,2,0.25,1
12125,11,0.25,0
12125,14,0.25,0
12125,7,0.25,0
12126,1,0.333333,1
12126,5,0.333333,0
12126,11,0.333333,0
12127,1,0.25,1
12127,5,0.25,0
12127,11,0.25,0
12127,7,0.25,0
12128,2,1.0,1
12129,1,0.333333,1
12129,2,0.333333,0
12129,11,0.333333,0
12130,1,0.2,1
12130,2,0.2,0
12130,5,0.2,0
12130,11,0.2,0
12130,19,0.2,0
12131,1,0.25,1
12131,2,0.25,0
12131,5,0.25,0
12131,11,0.25,0
12132,5,0.25,1
12132,11,0.25,0
12132,16,0.25,0
12132,7,0.25,0
12133,5,0.2,1
12133,11,0.2,0
12133,12,0.2,0
12133,18,0.2,0
12133,19,0.2,0
12134,1,0.25,1
12134,2,0.25,0
12134,9,0.25,0
12134,11,0.25,0
12135,5,0.25,1
12135,11,0.25,0
12135,16,0.25,0
12135,19,0.25,0
12136,1,0.25,1
12136,5,0.25,0
12136,11,0.25,0
12136,19,0.25,0
12137,1,0.5,1
12137,11,0.5,0
12138,2,0.25,1
12138,11,0.25,0
12138,14,0.25,0
12138,16,0.25,0
12139,11,1.0,1
12140,14,0.333333,1
12140,16,0.333333,0
12140,9,0.333333,0
12141,1,0.5,1
12141,5,0.5,0
12142,1,0.25,1
12142,5,0.25,0
12142,11,0.25,0
12142,15,0.25,0
12143,1,0.25,1
12143,2,0.25,0
12143,5,0.25,0
12143,11,0.25,0
12144,1,0.25,1
12144,2,0.25,0
12144,11,0.25,0
12144,14,0.25,0
12145,5,0.25,1
12145,11,0.25,0
12145,16,0.25,0
12145,19,0.25,0
12146,2,0.333333,1
12146,5,0.333333,0
12146,11,0.333333,0
12147,11,1.0,1
12148,5,0.25,1
12148,12,0.25,0
12148,14,0.25,0
12148,9,0.25,0
12149,1,0.25,1
12149,2,0.25,0
12149,11,0.25,0
12149,14,0.25,0
12150,5,0.333333,1
12150,11,0.333333,0
12150,19,0.333333,0
12151,5,0.5,1
12151,11,0.5,0
12152,1,0.5,1
12152,2,0.5,0
12153,1,0.25,1
12153,9,0.25,0
12153,16,0.25,0
12153,18,0.25,0
12154,1,0.25,1
12154,5,0.25,0
12154,11,0.25,0
12154,16,0.25,0
12155,2,0.5,1
12155,11,0.5,0
12156,5,0.5,1
12156,11,0.5,0
12157,1,0.5,1
12157,2,0.5,0
12158,11,0.5,1
12158,19,0.5,0
12159,11,0.333333,1
12159,16,0.333333,0
12159,19,0.333333,0
12160,11,1.0,1
12161,5,0.333333,1
12161,11,0.333333,0
12161,19,0.333333,0
12162,5,0.333333,1
12162,11,0.333333,0
12162,14,0.333333,0
12163,1,0.2,1
12163,2,0.2,0
12163,5,0.2,0
12163,11,0.2,0
12163,16,0.2,0
12164,1,0.5,1
12164,11,0.5,0
12165,11,0.5,1
12165,16,0.5,0
12166,1,0.333333,1
12166,5,0.333333,0
12166,11,0.333333,0
12167,5,0.5,1
12167,11,0.5,0
12168,1,0.2,1
12168,2,0.2,0
12168,5,0.2,0
12168,11,0.2,0
12168,19,0.2,0
12169,5,0.333333,1
12169,11,0.333333,0
12169,19,0.333333,0
12170,2,0.5,1
12170,11,0.5,0
12171,1,0.2,1
12171,2,0.2,0
12171,11,0.2,0
12171,14,0.2,0
12171,16,0.2,0
12172,1,0.5,1
12172,5,0.5,0
12173,2,0.333333,1
12173,11,0.333333,0
12173,19,0.333333,0
12174,11,0.5,1
12174,19,0.5,0
12175,5,0.333333,1
12175,11,0.333333,0
12175,16,0.333333,0
12176,18,1.0,1
12177,1,0.2,1
12177,2,0.2,0
12177,5,0.2,0
12177,11,0.2,0
12177,14,0.2,0
12178,2,0.333333,1
12178,11,0.333333,0
12178,14,0.333333,0
12179,2,0.25,1
12179,14,0.25,0
12179,16,0.25,0
12179,19,0.25,0
12180,1,0.25,1
12180,2,0.25,0
12180,5,0.25,0
12180,11,0.25,0
12181,1,0.2,1
12181,2,0.2,0
12181,5,0.2,0
12181,11,0.2,0
12181,16,0.2,0
12182,1,1.0,1
12183,1,0.25,1
12183,2,0.25,0
12183,5,0.25,0
12183,11,0.25,0
12184,5,1.0,1
12185,11,0.333333,1
12185,19,0.333333,0
12185,7,0.333333,0
12186,2,0.2,1
12186,11,0.2,0
12186,14,0.2,0
12186,16,0.2,0
12186,19,0.2,0
12187,2,0.5,1
12187,11,0.5,0
12188,1,0.25,1
12188,5,0.25,0
12188,11,0.25,0
12188,18,0.25,0
12189,1,1.0,1
12190,1,0.2,1
12190,2,0.2,0
12190,5,0.2,0
12190,11,0.2,0
12190,14,0.2,0
12191,2,0.25,1
12191,11,0.25,0
12191,14,0.25,0
12191,19,0.25,0
12192,2,0.25,1
12192,5,0.25,0
12192,9,0.25,0
12192,11,0.25,0
12193,14,0.5,1
12193,19,0.5,0
12194,1,0.333333,1
12194,5,0.333333,0
12194,11,0.333333,0
12195,2,0.2,1
12195,5,0.2,0
12195,11,0.2,0
12195,14,0.2,0
12195,16,0.2,0
12196,1,0.25,1
12196,2,0.25,0
12196,11,0.25,0
12196,14,0.25,0
12197,1,0.2,1
12197,2,0.2,0
12197,5,0.2,0
12197,11,0.2,0
12197,19,0.2,0
12198,1,0.2,1
12198,2,0.2,0
12198,9,0.2,0
12198,12,0.2,0
12198,14,0.2,0
12199,1,0.25,1
12199,5,0.25,0
12199,11,0.25,0
12199,19,0.25,0
12200,2,1.0,1
12201,5,0.333333,1
12201,11,0.333333,0
12201,19,0.333333,0
12202,1,0.333333,1
12202,2,0.333333,0
12202,11,0.333333,0
12203,1,0.2,1
12203,2,0.2,0
12203,11,0.2,0
12203,16,0.2,0
12203,19,0.2,0
12204,5,0.333333,1
12204,11,0.333333,0
12204,19,0.333333,0
12205,1,0.333333,1
12205,14,0.333333,0
12205,19,0.333333,0
12206,5,0.333333,1
12206,11,0.333333,0
12206,19,0.333333,0
12207,1,0.166667,1
12207,2,0.166667,0
12207,5,0.166667,0
12207,11,0.166667,0
12207,16,0.166667,0
12207,18,0.166667,0
12208,5,0.5,1
12208,11,0.5,0
12209,11,0.333333,1
12209,14,0.333333,0
12209,16,0.333333,0
12210,1,1.0,1
12211,1,0.166667,1
12211,2,0.166667,0
12211,5,0.166667,0
12211,11,0.166667,0
12211,16,0.166667,0
12211,19,0.166667,0
12212,1,0.166667,1
12212,2,0.166667,0
12212,5,0.166667,0
12212,11,0.166667,0
12212,16,0.166667,0
12212,19,0.166667,0
12213,11,0.333333,1
12213,12,0.333333,0
12213,19,0.333333,0
12214,5,0.5,1
12214,11,0.5,0
12215,11,0.5,1
12215,14,0.5,0
12216,2,0.25,1
12216,11,0.25,0
12216,16,0.25,0
12216,9,0.25,0
12217,1,0.25,1
12217,5,0.25,0
12217,11,0.25,0
12217,16,0.25,0
12218,2,0.5,1
12218,11,0.5,0
12219,1,0.25,1
12219,11,0.25,0
12219,15,0.25,0
12219,7,0.25,0
12220,1,0.142857,1
12220,2,0.142857,0
12220,11,0.142857,0
12220,14,0.142857,0
12220,16,0.142857,0
12220,19,0.142857,0
12220,7,0.142857,0
12221,16,1.0,1
12222,5,0.2,1
12222,11,0.2,0
12222,16,0.2,0
12222,19,0.2,0
12222,7,0.2,0
12223,2,0.5,1
12223,9,0.5,0
12224,1,0.5,1
12224,2,0.5,0
12225,2,0.333333,1
12225,5,0.333333,0
12225,11,0.333333,0
12226,1,0.25,1
12226,2,0.25,0
12226,5,0.25,0
12226,11,0.25,0
12227,5,0.142857,1
12227,11,0.142857,0
12227,12,0.142857,0
12227,16,0.142857,0
12227,18,0.142857,0
12227,19,0.142857,0
12227,9,0.142857,0
12228,1,0.25,1
12228,5,0.25,0
12228,11,0.25,0
12228,19,0.25,0
12229,2,0.5,1
12229,11,0.5,0
12230,2,0.2,1
12230,5,0.2,0
12230,11,0.2,0
12230,14,0.2,0
12230,9,0.2,0
12231,1,0.2,1
12231,2,0.2,0
12231,11,0.2,0
12231,12,0.2,0
12231,19,0.2,0
12232,2,0.5,1
12232,11,0.5,0
12233,5,0.5,1
12233,11,0.5,0
12234,1,0.25,1
12234,2,0.25,0
12234,9,0.25,0
12234,11,0.25,0
12235,5,0.25,1
12235,11,0.25,0
12235,16,0.25,0
12235,19,0.25,0
12236,1,0.333333,1
12236,2,0.333333,0
12236,11,0.333333,0
12237,2,0.25,1
12237,11,0.25,0
12237,14,0.25,0
12237,16,0.25,0
12238,1,0.333333,1
12238,2,0.333333,0
12238,5,0.333333,0
12239,1,0.25,1
12239,2,0.25,0
12239,11,0.25,0
12239,16,0.25,0
12240,1,0.5,1
12240,2,0.5,0
12241,2,0.25,1
12241,5,0.25,0
12241,11,0.25,0
12241,16,0.25,0
12242,5,0.25,1
12242,9,0.25,0
12242,11,0.25,0
12242,19,0.25,0
12243,5,0.333333,1
12243,16,0.333333,0
12243,19,0.333333,0
12244,2,0.333333,1
12244,11,0.333333,0
12244,16,0.333333,0
12245,2,0.333333,1
12245,5,0.333333,0
12245,11,0.333333,0
12246,1,0.333333,1
12246,5,0.333333,0
12246,11,0.333333,0
12247,11,0.5,1
12247,16,0.5,0
12248,1,0.333333,1
12248,2,0.333333,0
12248,5,0.333333,0
12249,1,0.25,1
12249,2,0.25,0
12249,12,0.25,0
12249,19,0.25,0
12250,2,0.5,1
12250,11,0.5,0
12251,1,0.333333,1
12251,11,0.333333,0
12251,9,0.333333,0
12252,5,0.333333,1
12252,9,0.333333,0
12252,11,0.333333,0
12253,11,0.333333,1
12253,19,0.333333,0
12253,7,0.333333,0
12254,5,0.5,1
12254,11,0.5,0
12255,1,0.333333,1
12255,2,0.333333,0
12255,11,0.333333,0
12256,11,1.0,1
12257,9,0.333333,1
12257,11,0.333333,0
12257,12,0.333333,0
12258,1,0.333333,1
12258,11,0.333333,0
12258,9,0.333333,0
12259,2,0.25,1
12259,11,0.25,0
12259,14,0.25,0
12259,19,0.25,0
12260,1,0.2,1
12260,2,0.2,0
12260,5,0.2,0
12260,11,0.2,0
12260,16,0.2,0
12261,1,1.0,1
12262,1,0.333333,1
12262,2,0.333333,0
12262,11,0.333333,0
12263,1,0.5,1
12263,11,0.5,0
12264,1,0.25,1
12264,5,0.25,0
12264,11,0.25,0
12264,16,0.25,0
12265,2,0.333333,1
12265,5,0.333333,0
12265,11,0.333333,0
12266,1,0.2,1
12266,2,0.2,0
12266,5,0.2,0
12266,11,0.2,0
12266,16,0.2,0
12267,2,0.5,1
12267,11,0.5,0
12268,1,0.166667,1
12268,2,0.166667,0
12268,5,0.166667,0
12268,9,0.166667,0
12268,11,0.166667,0
12268,16,0.166667,0
12269,2,0.5,1
12269,11,0.5,0
12270,1,1.0,1
12271,5,0.333333,1
12271,11,0.333333,0
12271,19,0.333333,0
12272,2,1.0,1
12273,5,0.5,1
12273,11,0.5,0
12274,2,0.2,1
12274,5,0.2,0
12274,11,0.2,0
12274,14,0.2,0
12274,19,0.2,0
12275,1,0.25,1
12275,2,0.25,0
12275,5,0.25,0
12275,11,0.25,0
12276,2,0.2,1
12276,5,0.2,0
12276,11,0.2,0
12276,14,0.2,0
12276,9,0.2,0
12277,1,0.2,1
12277,2,0.2,0
12277,11,0.2,0
12277,16,0.2,0
12277,19,0.2,0
12278,2,1.0,1
12279,2,0.333333,1
12279,11,0.333333,0
12279,14,0.333333,0
12280,1,0.333333,1
12280,2,0.333333,0
12280,11,0.333333,0
12281,1,0.5,1
12281,2,0.5,0
12282,1,1.0,1
12283,1,0.333333,1
12283,2,0.333333,0
12283,11,0.333333,0
12284,5,0.333333,1
12284,9,0.333333,0
12284,11,0.333333,0
12285,1,0.166667,1
12285,2,0.166667,0
12285,9,0.166667,0
12285,11,0.166667,0
12285,12,0.166667,0
12285,14,0.166667,0
12286,1,0.5,1
12286,9,0.5,0
12287,11,0.333333,1
12287,14,0.333333,0
12287,19,0.333333,0
12288,2,0.2,1
12288,5,0.2,0
12288,11,0.2,0
12288,14,0.2,0
12288,19,0.2,0
12289,9,0.333333,1
12289,11,0.333333,0
12289,19,0.333333,0
12290,1,0.2,1
12290,2,0.2,0
12290,5,0.2,0
12290,9,0.2,0
12290,11,0.2,0
12291,5,0.25,1
12291,9,0.25,0
12291,11,0.25,0
12291,7,0.25,0
12292,5,0.333333,1
12292,11,0.333333,0
12292,19,0.333333,0
12293,2,0.333333,1
12293,11,0.333333,0
12293,19,0.333333,0
12294,1,0.2,1
12294,2,0.2,0
12294,5,0.2,0
12294,11,0.2,0
12294,14,0.2,0
12295,2,0.5,1
12295,11,0.5,0
12296,5,1.0,1
12297,1,0.166667,1
12297,2,0.166667,0
12297,5,0.166667,0
12297,11,0.166667,0
12297,12,0.166667,0
12297,14,0.166667,0
12298,2,0.2,1
12298,5,0.2,0
12298,11,0.2,0
12298,14,0.2,0
12298,19,0.2,0
12299,2,0.2,1
12299,5,0.2,0
12299,11,0.2,0
12299,16,0.2,0
12299,7,0.2,0
12300,2,0.2,1
12300,5,0.2,0
12300,11,0.2,0
12300,14,0.2,0
12300,19,0.2,0
12301,1,0.333333,1
12301,2,0.333333,0
12301,11,0.333333,0
12302,1,0.333333,1
12302,2,0.333333,0
12302,11,0.333333,0
12303,5,0.166667,1
12303,11,0.166667,0
12303,6,0.166667,0
12303,8,0.166667,0
12303,13,0.166667,0
12303,7,0.166667,0
12304,1,0.25,1
12304,2,0.25,0
12304,14,0.25,0
12304,7,0.25,0
12305,11,0.333333,1
12305,14,0.333333,0
12305,19,0.333333,0
12306,5,0.333333,1
12306,11,0.333333,0
12306,16,0.333333,0
12307,1,0.333333,1
12307,2,0.333333,0
12307,11,0.333333,0
12308,11,0.5,1
12308,14,0.5,0
12309,19,1.0,1
12310,2,0.333333,1
12310,5,0.333333,0
12310,11,0.333333,0
12311,1,0.333333,1
12311,11,0.333333,0
12311,12,0.333333,0
12312,1,0.25,1
12312,2,0.25,0
12312,11,0.25,0
12312,14,0.25,0
12313,5,0.5,1
12313,11,0.5,0
12314,1,0.2,1
12314,5,0.2,0
12314,9,0.2,0
12314,11,0.2,0
12314,7,0.2,0
12315,11,1.0,1
12316,5,0.2,1
12316,9,0.2,0
12316,11,0.2,0
12316,19,0.2,0
12316,7,0.2,0
12317,2,0.333333,1
12317,5,0.333333,0
12317,19,0.333333,0
12318,5,0.5,1
12318,9,0.5,0
12319,1,0.2,1
12319,2,0.2,0
12319,5,0.2,0
12319,11,0.2,0
12319,16,0.2,0
12320,1,1.0,1
12321,5,0.5,1
12321,11,0.5,0
12322,5,0.333333,1
12322,11,0.333333,0
12322,19,0.333333,0
12323,5,0.5,1
12323,14,0.5,0
12324,2,0.333333,1
12324,5,0.333333,0
12324,11,0.333333,0
12325,2,0.5,1
12325,11,0.5,0
12326,1,0.25,1
12326,5,0.25,0
12326,11,0.25,0
12326,18,0.25,0
12327,1,0.2,1
12327,2,0.2,0
12327,5,0.2,0
12327,9,0.2,0
12327,11,0.2,0
12328,2,0.25,1
12328,11,0.25,0
12328,14,0.25,0
12328,19,0.25,0
12329,1,0.333333,1
12329,5,0.333333,0
12329,11,0.333333,0
12330,1,0.5,1
12330,11,0.5,0
12331,1,0.166667,1
12331,5,0.166667,0
12331,11,0.166667,0
12331,15,0.166667,0
12331,16,0.166667,0
12331,18,0.166667,0
12332,1,0.25,1
12332,2,0.25,0
12332,11,0.25,0
12332,19,0.25,0
12333,1,0.25,1
12333,2,0.25,0
12333,5,0.25,0
12333,11,0.25,0
12334,1,0.333333,1
12334,9,0.333333,0
12334,11,0.333333,0
12335,11,0.5,1
12335,14,0.5,0
12336,2,0.333333,1
12336,5,0.333333,0
12336,11,0.333333,0
12337,14,0.333333,1
12337,16,0.333333,0
12337,19,0.333333,0
12338,5,0.5,1
12338,11,0.5,0
12339,5,0.333333,1
12339,11,0.333333,0
12339,16,0.333333,0
12340,1,0.25,1
12340,2,0.25,0
12340,14,0.25,0
12340,16,0.25,0
12341,1,0.166667,1
12341,2,0.166667,0
12341,5,0.166667,0
12341,11,0.166667,0
12341,16,0.166667,0
12341,19,0.166667,0
12342,5,1.0,1
12343,1,0.25,1
12343,2,0.25,0
12343,11,0.25,0
12343,14,0.25,0
12344,1,0.2,1
12344,2,0.2,0
12344,5,0.2,0
12344,11,0.2,0
12344,9,0.2,0
12345,11,0.5,1
12345,19,0.5,0
12346,1,0.2,1
12346,2,0.2,0
12346,5,0.2,0
12346,11,0.2,0
12346,19,0.2,0
12347,2,0.333333,1
12347,5,0.333333,0
12347,9,0.333333,0
12348,1,0.142857,1
12348,2,0.142857,0
12348,9,0.142857,0
12348,11,0.142857,0
12348,14,0.142857,0
12348,19,0.142857,0
12348,7,0.142857,0
12349,1,0.142857,1
12349,2,0.142857,0
12349,5,0.142857,0
12349,11,0.142857,0
12349,14,0.142857,0
12349,16,0.142857,0
12349,19,0.142857,0
12350,5,0.333333,1
12350,9,0.333333,0
12350,11,0.333333,0
12351,5,0.333333,1
12351,9,0.333333,0
12351,11,0.333333,0
12352,1,0.5,1
12352,11,0.5,0
12353,1,0.333333,1
12353,11,0.333333,0
12353,14,0.333333,0
12354,11,1.0,1
12355,1,0.25,1
12355,2,0.25,0
12355,11,0.25,0
12355,7,0.25,0
12356,1,0.5,1
12356,16,0.5,0
12357,1,0.25,1
12357,2,0.25,0
12357,5,0.25,0
12357,11,0.25,0
12358,1,0.333333,1
12358,2,0.333333,0
12358,11,0.333333,0
12359,5,0.333333,1
12359,11,0.333333,0
12359,19,0.333333,0
12360,5,1.0,1
12361,2,0.25,1
12361,11,0.25,0
12361,14,0.25,0
12361,19,0.25,0
12362,1,0.333333,1
12362,5,0.333333,0
12362,11,0.333333,0
12363,2,0.333333,1
12363,5,0.333333,0
12363,11,0.333333,0
12364,2,0.5,1
12364,11,0.5,0
12365,1,0.25,1
12365,11,0.25,0
12365,9,0.25,0
12365,7,0.25,0
12366,2,1.0,1
12367,1,1.0,1
12368,2,0.25,1
12368,5,0.25,0
12368,9,0.25,0
12368,11,0.25,0
12369,2,0.5,1
12369,11,0.5,0
12370,1,0.5,1
12370,11,0.5,0
12371,1,0.2,1
12371,2,0.2,0
12371,11,0.2,0
12371,14,0.2,0
12371,19,0.2,0
12372,1,0.2,1
12372,2,0.2,0
12372,11,0.2,0
12372,16,0.2,0
12372,7,0.2,0
12373,1,0.25,1
12373,5,0.25,0
12373,11,0.25,0
12373,19,0.25,0
12374,2,0.25,1
12374,5,0.25,0
12374,11,0.25,0
12374,19,0.25,0
12375,5,1.0,1
12376,2,0.333333,1
12376,11,0.333333,0
12376,16,0.333333,0
12377,1,1.0,1
12378,2,1.0,1
12379,1,0.5,1
12379,2,0.5,0
12380,1,0.25,1
12380,5,0.25,0
12380,11,0.25,0
12380,16,0.25,0
12381,1,0.142857,1
12381,2,0.142857,0
12381,5,0.142857,0
12381,11,0.142857,0
12381,15,0.142857,0
12381,14,0.142857,0
12381,16,0.142857,0
12382,1,0.5,1
12382,7,0.5,0
12383,2,0.333333,1
12383,11,0.333333,0
12383,16,0.333333,0
12384,1,0.25,1
12384,5,0.25,0
12384,9,0.25,0
12384,11,0.25,0
12385,1,0.25,1
12385,2,0.25,0
12385,5,0.25,0
12385,11,0.25,0
12386,1,0.5,1
12386,11,0.5,0
12387,11,1.0,1
12388,5,0.333333,1
12388,11,0.333333,0
12388,19,0.333333,0
12389,2,0.25,1
12389,11,0.25,0
12389,14,0.25,0
12389,19,0.25,0
12390,1,0.25,1
12390,2,0.25,0
12390,11,0.25,0
12390,14,0.25,0
12391,1,0.333333,1
12391,2,0.333333,0
12391,11,0.333333,0
12392,2,0.5,1
12392,11,0.5,0
12393,1,0.333333,1
12393,2,0.333333,0
12393,11,0.333333,0
12394,1,0.25,1
12394,5,0.25,0
12394,11,0.25,0
12394,16,0.25,0
12395,1,0.333333,1
12395,11,0.333333,0
12395,16,0.333333,0
12396,5,0.333333,1
12396,11,0.333333,0
12396,16,0.333333,0
12397,1,0.25,1
12397,2,0.25,0
12397,11,0.25,0
12397,14,0.25,0
12398,5,0.5,1
12398,11,0.5,0
12399,5,0.333333,1
12399,11,0.333333,0
12399,16,0.333333,0
12400,5,0.5,1
12400,11,0.5,0
12401,1,0.2,1
12401,2,0.2,0
12401,5,0.2,0
12401,11,0.2,0
12401,16,0.2,0
12402,1,0.5,1
12402,11,0.5,0
12403,2,0.2,1
12403,14,0.2,0
12403,16,0.2,0
12403,9,0.2,0
12403,7,0.2,0
12404,5,1.0,1
12405,2,0.25,1
12405,5,0.25,0
12405,11,0.25,0
12405,19,0.25,0
12406,5,1.0,1
12407,2,0.25,1
12407,5,0.25,0
12407,11,0.25,0
12407,14,0.25,0
12408,11,0.5,1
12408,19,0.5,0
12409,2,0.333333,1
12409,5,0.333333,0
12409,11,0.333333,0
12410,5,1.0,1
12411,1,0.333333,1
12411,2,0.333333,0
12411,11,0.333333,0
12412,1,0.333333,1
12412,9,0.333333,0
12412,11,0.333333,0
12413,1,0.5,1
12413,11,0.5,0
12414,5,0.5,1
12414,11,0.5,0
12415,1,0.2,1
12415,5,0.2,0
12415,9,0.2,0
12415,11,0.2,0
12415,14,0.2,0
12416,1,0.2,1
12416,9,0.2,0
12416,11,0.2,0
12416,12,0.2,0
12416,16,0.2,0
12417,1,0.166667,1
12417,2,0.166667,0
12417,11,0.166667,0
12417,12,0.166667,0
12417,14,0.166667,0
12417,9,0.166667,0
12418,1,0.333333,1
12418,9,0.333333,0
12418,11,0.333333,0
12419,11,0.333333,1
12419,16,0.333333,0
12419,18,0.333333,0
12420,2,0.5,1
12420,11,0.5,0
12421,1,0.25,1
12421,2,0.25,0
12421,5,0.25,0
12421,11,0.25,0
12422,11,0.333333,1
12422,15,0.333333,0
12422,18,0.333333,0
12423,1,0.166667,1
12423,5,0.166667,0
12423,9,0.166667,0
12423,11,0.166667,0
12423,18,0.166667,0
12423,7,0.166667,0
12424,11,1.0,1
12425,1,0.25,1
12425,11,0.25,0
12425,15,0.25,0
12425,9,0.25,0
12426,16,1.0,1
12427,2,0.5,1
12427,11,0.5,0
12428,5,0.25,1
12428,11,0.25,0
12428,19,0.25,0
12428,9,0.25,0
12429,15,1.0,1
12430,14,1.0,1
12431,1,0.333333,1
12431,9,0.333333,0
12431,11,0.333333,0
12432,1,0.2,1
12432,2,0.2,0
12432,5,0.2,0
12432,9,0.2,0
12432,11,0.2,0
12433,11,0.5,1
12433,19,0.5,0
12434,1,0.25,1
12434,5,0.25,0
12434,11,0.25,0
12434,9,0.25,0
12435,1,0.2,1
12435,2,0.2,0
12435,11,0.2,0
12435,14,0.2,0
12435,16,0.2,0
12436,1,0.5,1
12436,11,0.5,0
12437,1,0.2,1
12437,2,0.2,0
12437,11,0.2,0
12437,16,0.2,0
12437,19,0.2,0
12438,5,0.333333,1
12438,11,0.333333,0
12438,19,0.333333,0
12439,1,0.333333,1
12439,2,0.333333,0
12439,11,0.333333,0
12440,1,0.25,1
12440,5,0.25,0
12440,9,0.25,0
12440,11,0.25,0
12441,1,0.333333,1
12441,2,0.333333,0
12441,5,0.333333,0
12442,2,0.2,1
12442,5,0.2,0
12442,9,0.2,0
12442,11,0.2,0
12442,14,0.2,0
12443,9,0.5,1
12443,11,0.5,0
12444,9,1.0,1
12445,1,0.25,1
12445,5,0.25,0
12445,11,0.25,0
12445,14,0.25,0
12446,2,0.25,1
12446,9,0.25,0
12446,11,0.25,0
12446,14,0.25,0
12447,1,0.5,1
12447,11,0.5,0
12448,1,0.2,1
12448,5,0.2,0
12448,11,0.2,0
12448,14,0.2,0
12448,16,0.2,0
12449,1,0.333333,1
12449,2,0.333333,0
12449,5,0.333333,0
12450,2,0.5,1
12450,11,0.5,0
12451,5,0.333333,1
12451,11,0.333333,0
12451,15,0.333333,0
12452,1,0.25,1
12452,11,0.25,0
12452,9,0.25,0
12452,7,0.25,0
12453,1,0.166667,1
12453,5,0.166667,0
12453,11,0.166667,0
12453,14,0.166667,0
12453,9,0.166667,0
12453,7,0.166667,0
12454,1,0.142857,1
12454,2,0.142857,0
12454,5,0.142857,0
12454,11,0.142857,0
12454,15,0.142857,0
12454,16,0.142857,0
12454,18,0.142857,0
12455,5,1.0,1
12456,1,0.2,1
12456,2,0.2,0
12456,5,0.2,0
12456,11,0.2,0
12456,14,0.2,0
12457,5,0.333333,1
12457,9,0.333333,0
12457,16,0.333333,0
12458,1,0.333333,1
12458,2,0.333333,0
12458,11,0.333333,0
12459,11,0.5,1
12459,14,0.5,0
12460,1,0.333333,1
12460,2,0.333333,0
12460,7,0.333333,0
12461,1,0.2,1
12461,5,0.2,0
12461,11,0.2,0
12461,15,0.2,0
12461,16,0.2,0
12462,11,1.0,1
12463,2,0.333333,1
12463,5,0.333333,0
12463,11,0.333333,0
12464,2,0.25,1
12464,5,0.25,0
12464,9,0.25,0
12464,7,0.25,0
12465,11,0.333333,1
12465,14,0.333333,0
12465,19,0.333333,0
12466,2,0.333333,1
12466,11,0.333333,0
12466,9,0.333333,0
12467,2,0.2,1
12467,11,0.2,0
12467,14,0.2,0
12467,16,0.2,0
12467,19,0.2,0
12468,5,0.333333,1
12468,9,0.333333,0
12468,11,0.333333,0
12469,1,0.25,1
12469,5,0.25,0
12469,11,0.25,0
12469,9,0.25,0
12470,5,0.333333,1
12470,11,0.333333,0
12470,16,0.333333,0
12471,1,0.25,1
12471,5,0.25,0
12471,11,0.25,0
12471,14,0.25,0
12472,2,0.333333,1
12472,11,0.333333,0
12472,14,0.333333,0
12473,5,0.333333,1
12473,9,0.333333,0
12473,11,0.333333,0
12474,1,0.5,1
12474,11,0.5,0
12475,1,0.333333,1
12475,2,0.333333,0
12475,11,0.333333,0
12476,2,0.25,1
12476,5,0.25,0
12476,11,0.25,0
12476,16,0.25,0
12477,2,0.333333,1
12477,5,0.333333,0
12477,11,0.333333,0
12478,1,0.25,1
12478,9,0.25,0
12478,11,0.25,0
12478,18,0.25,0
12479,1,0.090909,1
12479,2,0.090909,0
12479,5,0.090909,0
12479,12,0.090909,0
12479,15,0.090909,0
12479,14,0.090909,0
12479,16,0.090909,0
12479,18,0.090909,0
12479,19,0.090909,0
12479,9,0.090909,0
12479,7,0.090909,0
12480,11,0.5,1
12480,14,0.5,0
12481,2,0.25,1
12481,5,0.25,0
12481,11,0.25,0
12481,14,0.25,0
12482,1,0.25,1
12482,16,0.25,0
12482,18,0.25,0
12482,19,0.25,0
12483,1,0.25,1
12483,2,0.25,0
12483,11,0.25,0
12483,14,0.25,0
12484,14,0.5,1
12484,7,0.5,0
12485,2,0.25,1
12485,5,0.25,0
12485,11,0.25,0
12485,19,0.25,0
12486,2,0.333333,1
12486,9,0.333333,0
12486,11,0.333333,0
12487,11,1.0,1
12488,1,0.2,1
12488,2,0.2,0
12488,5,0.2,0
12488,11,0.2,0
12488,16,0.2,0
12489,11,1.0,1
12490,2,0.333333,1
12490,5,0.333333,0
12490,11,0.333333,0
12491,2,0.25,1
12491,5,0.25,0
12491,9,0.25,0
12491,11,0.25,0
12492,1,0.25,1
12492,2,0.25,0
12492,5,0.25,0
12492,11,0.25,0
12493,2,0.333333,1
12493,11,0.333333,0
12493,19,0.333333,0
12494,1,0.5,1
12494,11,0.5,0
12495,1,0.333333,1
12495,11,0.333333,0
12495,15,0.333333,0
12496,11,1.0,1
12497,2,0.25,1
12497,5,0.25,0
12497,11,0.25,0
12497,14,0.25,0
12498,1,0.5,1
12498,2,0.5,0
12499,16,1.0,1
12500,9,0.333333,1
12500,16,0.333333,0
12500,7,0.333333,0
12501,1,0.2,1
12501,5,0.2,0
12501,11,0.2,0
12501,16,0.2,0
12501,19,0.2,0
12502,2,0.25,1
12502,9,0.25,0
12502,11,0.25,0
12502,14,0.25,0
12503,1,0.5,1
12503,11,0.5,0
12504,5,0.5,1
12504,16,0.5,0
12505,5,0.333333,1
12505,11,0.333333,0
12505,16,0.333333,0
12506,5,0.333333,1
12506,11,0.333333,0
12506,19,0.333333,0
12507,1,0.5,1
12507,9,0.5,0
12508,5,0.333333,1
12508,11,0.333333,0
12508,16,0.333333,0
12509,11,1.0,1
12510,2,0.333333,1
12510,5,0.333333,0
12510,11,0.333333,0
12511,16,0.5,1
12511,19,0.5,0
12512,2,0.5,1
12512,11,0.5,0
12513,2,0.333333,1
12513,11,0.333333,0
12513,14,0.333333,0
12514,2,0.25,1
12514,5,0.25,0
12514,9,0.25,0
12514,11,0.25,0
12515,1,0.333333,1
12515,2,0.333333,0
12515,11,0.333333,0
12516,9,0.333333,1
12516,15,0.333333,0
12516,18,0.333333,0
12517,1,0.2,1
12517,2,0.2,0
12517,5,0.2,0
12517,9,0.2,0
12517,11,0.2,0
12518,2,0.5,1
12518,11,0.5,0
12519,5,0.333333,1
12519,11,0.333333,0
12519,19,0.333333,0
12520,2,0.25,1
12520,9,0.25,0
12520,11,0.25,0
12520,14,0.25,0
12521,1,0.333333,1
12521,2,0.333333,0
12521,11,0.333333,0
12522,2,0.333333,1
12522,9,0.333333,0
12522,11,0.333333,0
12523,5,0.5,1
12523,11,0.5,0
12524,11,1.0,1
12525,8,1.0,1
12526,5,0.333333,1
12526,11,0.333333,0
12526,16,0.333333,0
12527,1,0.166667,1
12527,2,0.166667,0
12527,11,0.166667,0
12527,15,0.166667,0
12527,16,0.166667,0
12527,18,0.166667,0
12528,9,1.0,1
12529,5,0.5,1
12529,11,0.5,0
12530,1,0.2,1
12530,2,0.2,0
12530,11,0.2,0
12530,14,0.2,0
12530,7,0.2,0
12531,11,1.0,1
12532,1,0.25,1
12532,2,0.25,0
12532,11,0.25,0
12532,7,0.25,0
12533,1,0.2,1
12533,5,0.2,0
12533,9,0.2,0
12533,11,0.2,0
12533,12,0.2,0
12534,1,0.333333,1
12534,9,0.333333,0
12534,11,0.333333,0
12535,5,0.333333,1
12535,11,0.333333,0
12535,9,0.333333,0
12536,11,0.333333,1
12536,14,0.333333,0
12536,16,0.333333,0
12537,1,0.5,1
12537,5,0.5,0
12538,1,0.25,1
12538,5,0.25,0
12538,9,0.25,0
12538,11,0.25,0
12539,11,1.0,1
12540,2,0.5,1
12540,11,0.5,0
12541,5,0.5,1
12541,11,0.5,0
12542,2,0.5,1
12542,11,0.5,0
12543,2,0.333333,1
12543,9,0.333333,0
12543,11,0.333333,0
12544,1,0.5,1
12544,11,0.5,0
12545,11,1.0,1
12546,2,0.333333,1
12546,11,0.333333,0
12546,14,0.333333,0
12547,1,0.142857,1
12547,2,0.142857,0
12547,11,0.142857,0
12547,14,0.142857,0
12547,16,0.142857,0
12547,18,0.142857,0
12547,7,0.142857,0
12548,1,0.5,1
12548,2,0.5,0
12549,2,0.5,1
12549,11,0.5,0
12550,1,0.25,1
12550,5,0.25,0
12550,19,0.25,0
12550,9,0.25,0
12551,1,0.25,1
12551,2,0.25,0
12551,11,0.25,0
12551,16,0.25,0
12552,5,0.2,1
12552,11,0.2,0
12552,16,0.2,0
12552,18,0.2,0
12552,19,0.2,0
12553,1,0.2,1
12553,5,0.2,0
12553,9,0.2,0
12553,11,0.2,0
12553,19,0.2,0
12554,11,1.0,1
12555,5,0.5,1
12555,11,0.5,0
12556,1,0.333333,1
12556,12,0.333333,0
12556,16,0.333333,0
12557,1,0.333333,1
12557,11,0.333333,0
12557,14,0.333333,0
12558,1,0.166667,1
12558,5,0.166667,0
12558,11,0.166667,0
12558,16,0.166667,0
12558,18,0.166667,0
12558,7,0.166667,0
12559,1,0.2,1
12559,5,0.2,0
12559,9,0.2,0
12559,11,0.2,0
12559,7,0.2,0
12560,5,0.333333,1
12560,11,0.333333,0
12560,19,0.333333,0
12561,11,0.333333,1
12561,16,0.333333,0
12561,9,0.333333,0
12562,1,0.25,1
12562,11,0.25,0
12562,14,0.25,0
12562,7,0.25,0
12563,2,0.25,1
12563,11,0.25,0
12563,14,0.25,0
12563,7,0.25,0
12564,1,0.333333,1
12564,2,0.333333,0
12564,11,0.333333,0
12565,1,0.25,1
12565,9,0.25,0
12565,11,0.25,0
12565,7,0.25,0
12566,2,0.333333,1
12566,11,0.333333,0
12566,14,0.333333,0
12567,2,0.25,1
12567,9,0.25,0
12567,11,0.25,0
12567,16,0.25,0
12568,2,0.5,1
12568,11,0.5,0
12569,1,0.25,1
12569,2,0.25,0
12569,9,0.25,0
12569,11,0.25,0
12570,1,0.2,1
12570,2,0.2,0
12570,11,0.2,0
12570,19,0.2,0
12570,7,0.2,0
12571,1,0.333333,1
12571,9,0.333333,0
12571,11,0.333333,0
12572,5,0.5,1
12572,11,0.5,0
12573,5,0.5,1
12573,19,0.5,0
12574,2,0.5,1
12574,18,0.5,0
12575,2,0.333333,1
12575,5,0.333333,0
12575,11,0.333333,0
12576,5,0.333333,1
12576,9,0.333333,0
12576,15,0.333333,0
12577,1,0.333333,1
12577,11,0.333333,0
12577,16,0.333333,0
12578,1,1.0,1
12579,1,0.25,1
12579,5,0.25,0
12579,14,0.25,0
12579,16,0.25,0
12580,1,0.166667,1
12580,2,0.166667,0
12580,11,0.166667,0
12580,16,0.166667,0
12580,19,0.166667,0
12580,7,0.166667,0
12581,1,0.333333,1
12581,2,0.333333,0
12581,9,0.333333,0
12582,11,0.333333,1
12582,16,0.333333,0
12582,19,0.333333,0
12583,2,0.333333,1
12583,11,0.333333,0
12583,16,0.333333,0
12584,1,0.25,1
12584,5,0.25,0
12584,11,0.25,0
12584,7,0.25,0
12585,1,0.333333,1
12585,11,0.333333,0
12585,9,0.333333,0
12586,1,0.25,1
12586,2,0.25,0
12586,11,0.25,0
12586,15,0.25,0
12587,5,0.5,1
12587,11,0.5,0
12588,1,0.25,1
12588,5,0.25,0
12588,11,0.25,0
12588,7,0.25,0
12589,11,1.0,1
12590,1,0.25,1
12590,5,0.25,0
12590,9,0.25,0
12590,11,0.25,0
12591,1,0.25,1
12591,2,0.25,0
12591,5,0.25,0
12591,11,0.25,0
12592,1,0.333333,1
12592,5,0.333333,0
12592,9,0.333333,0
12593,1,0.25,1
12593,2,0.25,0
12593,9,0.25,0
12593,11,0.25,0
12594,14,0.333333,1
12594,16,0.333333,0
12594,19,0.333333,0
12595,2,0.333333,1
12595,5,0.333333,0
12595,11,0.333333,0
12596,1,0.25,1
12596,2,0.25,0
12596,11,0.25,0
12596,14,0.25,0
12597,5,0.25,1
12597,9,0.25,0
12597,11,0.25,0
12597,19,0.25,0
12598,11,1.0,1
12599,11,0.5,1
12599,14,0.5,0
12600,2,0.25,1
12600,5,0.25,0
12600,11,0.25,0
12600,16,0.25,0
12601,1,0.5,1
12601,9,0.5,0
12602,1,0.333333,1
12602,9,0.333333,0
12602,7,0.333333,0
12603,5,0.5,1
12603,11,0.5,0
12604,1,0.25,1
12604,2,0.25,0
12604,5,0.25,0
12604,11,0.25,0
12605,2,1.0,1
12606,2,0.5,1
12606,11,0.5,0
12607,5,0.5,1
12607,11,0.5,0
12608,2,0.5,1
12608,14,0.5,0
12609,1,0.333333,1
12609,9,0.333333,0
12609,11,0.333333,0
12610,9,0.5,1
12610,11,0.5,0
12611,1,0.333333,1
12611,5,0.333333,0
12611,15,0.333333,0
12612,1,1.0,1
12613,1,0.2,1
12613,2,0.2,0
12613,5,0.2,0
12613,11,0.2,0
12613,16,0.2,0
12614,9,0.5,1
12614,16,0.5,0
12615,1,0.2,1
12615,2,0.2,0
12615,11,0.2,0
12615,14,0.2,0
12615,7,0.2,0
12616,2,0.333333,1
12616,11,0.333333,0
12616,10,0.333333,0
12617,2,0.333333,1
12617,5,0.333333,0
12617,11,0.333333,0
12618,1,0.166667,1
12618,5,0.166667,0
12618,9,0.166667,0
12618,11,0.166667,0
12618,12,0.166667,0
12618,18,0.166667,0
12619,1,0.25,1
12619,2,0.25,0
12619,5,0.25,0
12619,11,0.25,0
12620,5,0.25,1
12620,11,0.25,0
12620,19,0.25,0
12620,9,0.25,0
12621,5,0.2,1
12621,9,0.2,0
12621,11,0.2,0
12621,14,0.2,0
12621,19,0.2,0
12622,11,1.0,1
12623,1,0.25,1
12623,2,0.25,0
12623,11,0.25,0
12623,14,0.25,0
12624,2,0.5,1
12624,9,0.5,0
12625,5,0.333333,1
12625,9,0.333333,0
12625,11,0.333333,0
12626,2,0.25,1
12626,5,0.25,0
12626,11,0.25,0
12626,14,0.25,0
12627,1,1.0,1
12628,1,0.166667,1
12628,2,0.166667,0
12628,5,0.166667,0
12628,11,0.166667,0
12628,19,0.166667,0
12628,7,0.166667,0
12629,2,0.333333,1
12629,9,0.333333,0
12629,11,0.333333,0
12630,1,0.333333,1
12630,9,0.333333,0
12630,11,0.333333,0
12631,11,0.25,1
12631,16,0.25,0
12631,19,0.25,0
12631,9,0.25,0
12632,1,1.0,1
12633,9,0.333333,1
12633,11,0.333333,0
12633,18,0.333333,0
12634,2,0.2,1
12634,9,0.2,0
12634,11,0.2,0
12634,16,0.2,0
12634,19,0.2,0
12635,2,0.333333,1
12635,5,0.333333,0
12635,11,0.333333,0
12636,2,0.2,1
12636,5,0.2,0
12636,11,0.2,0
12636,16,0.2,0
12636,18,0.2,0
12637,5,0.5,1
12637,11,0.5,0
12638,2,0.25,1
12638,5,0.25,0
12638,9,0.25,0
12638,11,0.25,0
12639,2,0.5,1
12639,11,0.5,0
12640,1,0.25,1
12640,2,0.25,0
12640,5,0.25,0
12640,11,0.25,0
12641,1,0.333333,1
12641,11,0.333333,0
12641,18,0.333333,0
12642,5,0.5,1
12642,11,0.5,0
12643,11,0.5,1
12643,19,0.5,0
12644,2,0.5,1
12644,5,0.5,0
12645,1,0.5,1
12645,11,0.5,0
12646,1,0.2,1
12646,5,0.2,0
12646,11,0.2,0
12646,16,0.2,0
12646,19,0.2,0
12647,1,0.25,1
12647,2,0.25,0
12647,11,0.25,0
12647,19,0.25,0
12648,11,0.25,1
12648,14,0.25,0
12648,16,0.25,0
12648,19,0.25,0
12649,1,1.0,1
12650,15,0.5,1
12650,18,0.5,0
12651,5,0.333333,1
12651,11,0.333333,0
12651,16,0.333333,0
12652,1,0.25,1
12652,2,0.25,0
12652,11,0.25,0
12652,14,0.25,0
12653,1,0.5,1
12653,11,0.5,0
12654,14,1.0,1
12655,1,0.25,1
12655,2,0.25,0
12655,5,0.25,0
12655,11,0.25,0
12656,1,0.25,1
12656,2,0.25,0
12656,11,0.25,0
12656,19,0.25,0
12657,1,0.333333,1
12657,11,0.333333,0
12657,14,0.333333,0
12658,1,0.2,1
12658,5,0.2,0
12658,9,0.2,0
12658,16,0.2,0
12658,19,0.2,0
12659,1,1.0,1
12660,2,0.2,1
12660,5,0.2,0
12660,11,0.2,0
12660,16,0.2,0
12660,19,0.2,0
12661,2,0.25,1
12661,5,0.25,0
12661,9,0.25,0
12661,11,0.25,0
12662,1,0.166667,1
12662,2,0.166667,0
12662,5,0.166667,0
12662,11,0.166667,0
12662,14,0.166667,0
12662,16,0.166667,0
12663,2,0.25,1
12663,5,0.25,0
12663,11,0.25,0
12663,16,0.25,0
12664,5,0.333333,1
12664,11,0.333333,0
12664,16,0.333333,0
12665,11,0.333333,1
12665,14,0.333333,0
12665,19,0.333333,0
12666,1,0.166667,1
12666,2,0.166667,0
12666,9,0.166667,0
12666,11,0.166667,0
12666,14,0.166667,0
12666,16,0.166667,0
12667,1,0.5,1
12667,11,0.5,0
12668,1,0.333333,1
12668,2,0.333333,0
12668,11,0.333333,0
12669,5,1.0,1
12670,1,0.166667,1
12670,2,0.166667,0
12670,5,0.166667,0
12670,11,0.166667,0
12670,14,0.166667,0
12670,16,0.166667,0
12671,1,0.2,1
12671,5,0.2,0
12671,11,0.2,0
12671,16,0.2,0
12671,7,0.2,0
12672,1,0.25,1
12672,2,0.25,0
12672,5,0.25,0
12672,11,0.25,0
12673,1,0.25,1
12673,9,0.25,0
12673,11,0.25,0
12673,15,0.25,0
12674,5,0.166667,1
12674,11,0.166667,0
12674,14,0.166667,0
12674,16,0.166667,0
12674,18,0.166667,0
12674,19,0.166667,0
12675,1,0.5,1
12675,11,0.5,0
12676,11,1.0,1
12677,2,0.333333,1
12677,5,0.333333,0
12677,11,0.333333,0
12678,1,0.5,1
12678,14,0.5,0
12679,1,0.25,1
12679,5,0.25,0
12679,11,0.25,0
12679,16,0.25,0
12680,5,0.333333,1
12680,16,0.333333,0
12680,18,0.333333,0
12681,2,0.25,1
12681,11,0.25,0
12681,19,0.25,0
12681,7,0.25,0
12682,1,0.25,1
12682,2,0.25,0
12682,11,0.25,0
12682,14,0.25,0
12683,1,0.25,1
12683,5,0.25,0
12683,11,0.25,0
12683,7,0.25,0
12684,1,0.25,1
12684,5,0.25,0
12684,14,0.25,0
12684,16,0.25,0
12685,1,0.5,1
12685,16,0.5,0
12686,5,0.333333,1
12686,9,0.333333,0
12686,11,0.333333,0
12687,2,0.25,1
12687,5,0.25,0
12687,11,0.25,0
12687,9,0.25,0
12688,1,0.2,1
12688,2,0.2,0
12688,5,0.2,0
12688,11,0.2,0
12688,7,0.2,0
12689,2,1.0,1
12690,11,0.5,1
12690,14,0.5,0
12691,11,1.0,1
12692,2,0.333333,1
12692,5,0.333333,0
12692,11,0.333333,0
12693,1,0.5,1
12693,11,0.5,0
12694,5,0.25,1
12694,11,0.25,0
12694,16,0.25,0
12694,19,0.25,0
12695,1,0.333333,1
12695,2,0.333333,0
12695,11,0.333333,0
12696,1,0.25,1
12696,2,0.25,0
12696,11,0.25,0
12696,14,0.25,0
12697,16,0.5,1
12697,19,0.5,0
12698,1,1.0,1
12699,5,0.25,1
12699,11,0.25,0
12699,16,0.25,0
12699,19,0.25,0
12700,11,0.5,1
12700,14,0.5,0
12701,1,0.25,1
12701,5,0.25,0
12701,11,0.25,0
12701,15,0.25,0
12702,1,0.2,1
12702,5,0.2,0
12702,11,0.2,0
12702,14,0.2,0
12702,16,0.2,0
12703,11,1.0,1
12704,1,0.333333,1
12704,2,0.333333,0
12704,14,0.333333,0
12705,2,0.25,1
12705,11,0.25,0
12705,14,0.25,0
12705,16,0.25,0
12706,1,0.2,1
12706,5,0.2,0
12706,11,0.2,0
12706,14,0.2,0
12706,19,0.2,0
12707,5,0.333333,1
12707,11,0.333333,0
12707,19,0.333333,0
12708,1,0.25,1
12708,2,0.25,0
12708,11,0.25,0
12708,16,0.25,0
12709,1,0.5,1
12709,11,0.5,0
12710,11,0.5,1
12710,9,0.5,0
12711,11,0.5,1
12711,19,0.5,0
12712,11,0.333333,1
12712,14,0.333333,0
12712,19,0.333333,0
12713,1,1.0,1
12714,1,0.5,1
12714,16,0.5,0
12715,2,0.333333,1
12715,11,0.333333,0
12715,7,0.333333,0
12716,1,0.25,1
12716,11,0.25,0
12716,14,0.25,0
12716,7,0.25,0
12717,2,0.333333,1
12717,5,0.333333,0
12717,11,0.333333,0
12718,1,0.5,1
12718,11,0.5,0
12719,14,0.5,1
12719,16,0.5,0
12720,16,0.5,1
12720,19,0.5,0
12721,1,0.333333,1
12721,2,0.333333,0
12721,11,0.333333,0
12722,2,0.333333,1
12722,5,0.333333,0
12722,11,0.333333,0
12723,5,1.0,1
12724,2,0.5,1
12724,11,0.5,0
12725,11,1.0,1
12726,5,0.25,1
12726,9,0.25,0
12726,11,0.25,0
12726,19,0.25,0
12727,5,0.5,1
12727,11,0.5,0
12728,1,0.333333,1
12728,2,0.333333,0
12728,11,0.333333,0
12729,1,0.333333,1
12729,11,0.333333,0
12729,14,0.333333,0
12730,2,1.0,1
12731,11,1.0,1
12732,1,0.333333,1
12732,2,0.333333,0
12732,11,0.333333,0
12733,14,0.5,1
12733,19,0.5,0
12734,1,0.25,1
12734,2,0.25,0
12734,5,0.25,0
12734,11,0.25,0
12735,5,0.2,1
12735,11,0.2,0
12735,14,0.2,0
12735,16,0.2,0
12735,19,0.2,0
12736,5,0.5,1
12736,11,0.5,0
12737,1,0.5,1
12737,11,0.5,0
12738,5,0.333333,1
12738,9,0.333333,0
12738,11,0.333333,0
12739,1,0.333333,1
12739,5,0.333333,0
12739,11,0.333333,0
12740,1,0.2,1
12740,2,0.2,0
12740,5,0.2,0
12740,11,0.2,0
12740,19,0.2,0
12741,5,0.333333,1
12741,11,0.333333,0
12741,16,0.333333,0
12742,5,1.0,1
12743,5,0.333333,1
12743,14,0.333333,0
12743,16,0.333333,0
12744,2,0.333333,1
12744,14,0.333333,0
12744,16,0.333333,0
12745,1,0.2,1
12745,2,0.2,0
12745,11,0.2,0
12745,16,0.2,0
12745,19,0.2,0
12746,2,0.5,1
12746,11,0.5,0
12747,1,0.166667,1
12747,2,0.166667,0
12747,11,0.166667,0
12747,12,0.166667,0
12747,16,0.166667,0
12747,19,0.166667,0
12748,1,0.333333,1
12748,11,0.333333,0
12748,7,0.333333,0
12749,5,0.333333,1
12749,9,0.333333,0
12749,7,0.333333,0
12750,1,0.2,1
12750,2,0.2,0
12750,11,0.2,0
12750,16,0.2,0
12750,19,0.2,0
12751,1,0.25,1
12751,2,0.25,0
12751,11,0.25,0
12751,9,0.25,0
12752,5,0.5,1
12752,11,0.5,0
12753,1,1.0,1
12754,1,0.25,1
12754,2,0.25,0
12754,11,0.25,0
12754,12,0.25,0
12755,1,0.25,1
12755,5,0.25,0
12755,11,0.25,0
12755,12,0.25,0
12756,11,1.0,1
12757,2,0.333333,1
12757,14,0.333333,0
12757,19,0.333333,0
12758,5,1.0,1
12759,11,0.333333,1
12759,14,0.333333,0
12759,19,0.333333,0
12760,1,0.333333,1
12760,5,0.333333,0
12760,11,0.333333,0
12761,2,0.333333,1
12761,5,0.333333,0
12761,19,0.333333,0
12762,1,0.333333,1
12762,2,0.333333,0
12762,14,0.333333,0
12763,2,0.5,1
12763,5,0.5,0
12764,1,0.25,1
12764,15,0.25,0
12764,18,0.25,0
12764,7,0.25,0
12765,2,0.5,1
12765,14,0.5,0
12766,1,0.5,1
12766,11,0.5,0
12767,2,0.333333,1
12767,11,0.333333,0
12767,16,0.333333,0
12768,1,0.25,1
12768,2,0.25,0
12768,11,0.25,0
12768,16,0.25,0
12769,5,0.5,1
12769,11,0.5,0
12770,9,0.5,1
12770,11,0.5,0
12771,2,0.5,1
12771,11,0.5,0
12772,11,1.0,1
12773,19,1.0,1
12774,1,0.2,1
12774,2,0.2,0
12774,11,0.2,0
12774,14,0.2,0
12774,16,0.2,0
12775,1,0.333333,1
12775,2,0.333333,0
12775,11,0.333333,0
12776,2,0.333333,1
12776,5,0.333333,0
12776,11,0.333333,0
12777,2,0.333333,1
12777,11,0.333333,0
12777,16,0.333333,0
12778,1,0.25,1
12778,5,0.25,0
12778,11,0.25,0
12778,19,0.25,0
12779,1,0.5,1
12779,12,0.5,0
12780,11,0.333333,1
12780,16,0.333333,0
12780,19,0.333333,0
12781,1,1.0,1
12782,11,0.25,1
12782,16,0.25,0
12782,18,0.25,0
12782,19,0.25,0
12783,5,1.0,1
12784,11,0.5,1
12784,15,0.5,0
12785,1,0.333333,1
12785,2,0.333333,0
12785,11,0.333333,0
12786,5,0.333333,1
12786,9,0.333333,0
12786,16,0.333333,0
12787,2,0.333333,1
12787,5,0.333333,0
12787,11,0.333333,0
12788,1,0.25,1
12788,2,0.25,0
12788,11,0.25,0
12788,14,0.25,0
12789,1,0.25,1
12789,5,0.25,0
12789,11,0.25,0
12789,7,0.25,0
12790,2,0.2,1
12790,5,0.2,0
12790,9,0.2,0
12790,11,0.2,0
12790,14,0.2,0
12791,11,0.5,1
12791,9,0.5,0
12792,11,0.333333,1
12792,14,0.333333,0
12792,19,0.333333,0
12793,5,0.333333,1
12793,11,0.333333,0
12793,9,0.333333,0
12794,5,0.5,1
12794,11,0.5,0
12795,2,0.333333,1
12795,11,0.333333,0
12795,14,0.333333,0
12796,1,0.5,1
12796,11,0.5,0
12797,1,0.2,1
12797,2,0.2,0
12797,5,0.2,0
12797,11,0.2,0
12797,16,0.2,0
12798,1,0.25,1
12798,2,0.25,0
12798,11,0.25,0
12798,14,0.25,0
12799,1,0.25,1
12799,2,0.25,0
12799,5,0.25,0
12799,11,0.25,0
12800,14,1.0,1
12801,5,1.0,1
12802,2,0.5,1
12802,11,0.5,0
12803,2,0.25,1
12803,5,0.25,0
12803,11,0.25,0
12803,14,0.25,0
12804,5,0.25,1
12804,11,0.25,0
12804,14,0.25,0
12804,19,0.25,0
12805,2,0.25,1
12805,5,0.25,0
12805,11,0.25,0
12805,16,0.25,0
12806,1,0.142857,1
12806,2,0.142857,0
12806,5,0.142857,0
12806,9,0.142857,0
12806,11,0.142857,0
12806,16,0.142857,0
12806,19,0.142857,0
12807,1,0.333333,1
12807,2,0.333333,0
12807,11,0.333333,0
12808,1,0.166667,1
12808,2,0.166667,0
12808,11,0.166667,0
12808,14,0.166667,0
12808,16,0.166667,0
12808,19,0.166667,0
12809,2,0.5,1
12809,11,0.5,0
12810,5,0.5,1
12810,11,0.5,0
12811,2,0.333333,1
12811,5,0.333333,0
12811,9,0.333333,0
12812,2,0.5,1
12812,5,0.5,0
12813,2,0.5,1
12813,11,0.5,0
12814,2,0.5,1
12814,5,0.5,0
12815,2,0.5,1
12815,11,0.5,0
12816,2,0.2,1
12816,5,0.2,0
12816,11,0.2,0
12816,16,0.2,0
12816,19,0.2,0
12817,11,0.333333,1
12817,16,0.333333,0
12817,19,0.333333,0
12818,11,0.333333,1
12818,14,0.333333,0
12818,19,0.333333,0
12819,2,0.5,1
12819,11,0.5,0
12820,5,1.0,1
12821,5,0.25,1
12821,11,0.25,0
12821,19,0.25,0
12821,9,0.25,0
12822,1,0.25,1
12822,2,0.25,0
12822,5,0.25,0
12822,11,0.25,0
12823,2,0.333333,1
12823,5,0.333333,0
12823,11,0.333333,0
12824,1,0.166667,1
12824,2,0.166667,0
12824,5,0.166667,0
12824,11,0.166667,0
12824,16,0.166667,0
12824,18,0.166667,0
12825,1,0.5,1
12825,11,0.5,0
12826,5,0.25,1
12826,9,0.25,0
12826,11,0.25,0
12826,19,0.25,0
12827,11,1.0,1
12828,5,0.5,1
12828,11,0.5,0
12829,1,0.333333,1
12829,2,0.333333,0
12829,11,0.333333,0
12830,5,0.25,1
12830,11,0.25,0
12830,14,0.25,0
12830,16,0.25,0
12831,2,0.2,1
12831,11,0.2,0
12831,14,0.2,0
12831,19,0.2,0
12831,7,0.2,0
12832,1,0.5,1
12832,11,0.5,0
12833,2,0.5,1
12833,5,0.5,0
12834,2,0.5,1
12834,11,0.5,0
12835,3,0.333333,1
12835,6,0.333333,0
12835,7,0.333333,0
12836,5,0.5,1
12836,14,0.5,0
12837,2,0.333333,1
12837,11,0.333333,0
12837,9,0.333333,0
12838,11,1.0,1
12839,1,0.333333,1
12839,11,0.333333,0
12839,15,0.333333,0
12840,1,0.5,1
12840,11,0.5,0
12841,1,0.333333,1
12841,2,0.333333,0
12841,11,0.333333,0
12842,18,1.0,1
12843,1,0.333333,1
12843,2,0.333333,0
12843,11,0.333333,0
12844,5,0.2,1
12844,11,0.2,0
12844,16,0.2,0
12844,19,0.2,0
12844,7,0.2,0
12845,1,0.142857,1
12845,2,0.142857,0
12845,9,0.142857,0
12845,11,0.142857,0
12845,12,0.142857,0
12845,16,0.142857,0
12845,7,0.142857,0
12846,2,0.5,1
12846,14,0.5,0
12847,16,0.5,1
12847,19,0.5,0
12848,11,0.333333,1
12848,14,0.333333,0
12848,16,0.333333,0
12849,1,0.333333,1
12849,11,0.333333,0
12849,16,0.333333,0
12850,1,0.333333,1
12850,11,0.333333,0
12850,14,0.333333,0
12851,5,0.333333,1
12851,16,0.333333,0
12851,19,0.333333,0
12852,5,0.5,1
12852,11,0.5,0
12853,14,0.5,1
12853,7,0.5,0
12854,1,0.25,1
12854,2,0.25,0
12854,5,0.25,0
12854,11,0.25,0
12855,1,0.5,1
12855,2,0.5,0
12856,2,0.5,1
12856,11,0.5,0
12857,1,0.166667,1
12857,5,0.166667,0
12857,11,0.166667,0
12857,15,0.166667,0
12857,16,0.166667,0
12857,18,0.166667,0
12858,2,0.333333,1
12858,5,0.333333,0
12858,14,0.333333,0
12859,2,0.333333,1
12859,11,0.333333,0
12859,16,0.333333,0
12860,9,0.2,1
12860,15,0.2,0
12860,16,0.2,0
12860,18,0.2,0
12860,7,0.2,0
12861,15,0.333333,1
12861,16,0.333333,0
12861,18,0.333333,0
12862,2,0.25,1
12862,5,0.25,0
12862,11,0.25,0
12862,16,0.25,0
12863,11,0.333333,1
12863,16,0.333333,0
12863,19,0.333333,0
12864,1,0.5,1
12864,2,0.5,0
12865,2,0.333333,1
12865,5,0.333333,0
12865,11,0.333333,0
12866,1,0.333333,1
12866,2,0.333333,0
12866,11,0.333333,0
12867,5,0.25,1
12867,11,0.25,0
12867,14,0.25,0
12867,16,0.25,0
12868,5,0.333333,1
12868,11,0.333333,0
12868,14,0.333333,0
12869,9,0.333333,1
12869,11,0.333333,0
12869,14,0.333333,0
12870,1,0.2,1
12870,2,0.2,0
12870,5,0.2,0
12870,11,0.2,0
12870,7,0.2,0
12871,2,0.333333,1
12871,11,0.333333,0
12871,9,0.333333,0
12872,1,0.142857,1
12872,2,0.142857,0
12872,5,0.142857,0
12872,14,0.142857,0
12872,16,0.142857,0
12872,18,0.142857,0
12872,19,0.142857,0
12873,1,0.333333,1
12873,2,0.333333,0
12873,11,0.333333,0
12874,5,0.333333,1
12874,9,0.333333,0
12874,11,0.333333,0
12875,2,0.333333,1
12875,11,0.333333,0
12875,9,0.333333,0
12876,5,0.5,1
12876,11,0.5,0
12877,2,0.25,1
12877,5,0.25,0
12877,11,0.25,0
12877,14,0.25,0
12878,2,0.5,1
12878,5,0.5,0
12879,1,0.333333,1
12879,11,0.333333,0
12879,9,0.333333,0
12880,11,1.0,1
12881,9,0.333333,1
12881,11,0.333333,0
12881,19,0.333333,0
12882,2,0.2,1
12882,5,0.2,0
12882,11,0.2,0
12882,14,0.2,0
12882,19,0.2,0
12883,1,0.333333,1
12883,2,0.333333,0
12883,11,0.333333,0
12884,5,0.25,1
12884,11,0.25,0
12884,14,0.25,0
12884,16,0.25,0
12885,1,0.333333,1
12885,2,0.333333,0
12885,11,0.333333,0
12886,5,0.333333,1
12886,11,0.333333,0
12886,14,0.333333,0
12887,5,1.0,1
12888,9,0.5,1
12888,11,0.5,0
12889,5,0.333333,1
12889,11,0.333333,0
12889,16,0.333333,0
12890,1,0.2,1
12890,5,0.2,0
12890,11,0.2,0
12890,19,0.2,0
12890,7,0.2,0
12891,1,0.25,1
12891,5,0.25,0
12891,11,0.25,0
12891,9,0.25,0
12892,1,0.5,1
12892,2,0.5,0
12893,2,0.333333,1
12893,11,0.333333,0
12893,14,0.333333,0
12894,1,0.5,1
12894,5,0.5,0
12895,1,0.25,1
12895,2,0.25,0
12895,11,0.25,0
12895,14,0.25,0
12896,2,0.25,1
12896,5,0.25,0
12896,14,0.25,0
12896,16,0.25,0
12897,11,0.25,1
12897,16,0.25,0
12897,19,0.25,0
12897,7,0.25,0
12898,5,0.333333,1
12898,11,0.333333,0
12898,7,0.333333,0
12899,2,1.0,1
12900,1,1.0,1
12901,1,0.2,1
12901,5,0.2,0
12901,11,0.2,0
12901,16,0.2,0
12901,18,0.2,0
12902,9,0.142857,1
12902,6,0.142857,0
12902,8,0.142857,0
12902,17,0.142857,0
12902,20,0.142857,0
12902,23,0.142857,0
12902,10,0.142857,0
12903,5,0.25,1
12903,11,0.25,0
12903,14,0.25,0
12903,19,0.25,0
12904,1,0.25,1
12904,5,0.25,0
12904,11,0.25,0
12904,14,0.25,0
12905,11,0.333333,1
12905,16,0.333333,0
12905,19,0.333333,0
12906,2,0.5,1
12906,11,0.5,0
12907,5,0.333333,1
12907,11,0.333333,0
12907,16,0.333333,0
12908,11,1.0,1
12909,2,0.5,1
12909,11,0.5,0
12910,1,0.25,1
12910,2,0.25,0
12910,11,0.25,0
12910,14,0.25,0
12911,1,0.333333,1
12911,2,0.333333,0
12911,14,0.333333,0
12912,5,0.25,1
12912,11,0.25,0
12912,16,0.25,0
12912,19,0.25,0
12913,1,0.333333,1
12913,2,0.333333,0
12913,14,0.333333,0
12914,1,0.5,1
12914,18,0.5,0
12915,1,0.2,1
12915,2,0.2,0
12915,5,0.2,0
12915,11,0.2,0
12915,19,0.2,0
12916,2,0.333333,1
12916,14,0.333333,0
12916,19,0.333333,0
12917,1,1.0,1
12918,1,0.333333,1
12918,2,0.333333,0
12918,11,0.333333,0
12919,5,0.25,1
12919,11,0.25,0
12919,14,0.25,0
12919,19,0.25,0
12920,5,0.25,1
12920,11,0.25,0
12920,16,0.25,0
12920,19,0.25,0
12921,1,0.25,1
12921,2,0.25,0
12921,11,0.25,0
12921,14,0.25,0
12922,5,1.0,1
12923,11,0.5,1
12923,19,0.5,0
12924,2,0.333333,1
12924,11,0.333333,0
12924,14,0.333333,0
12925,2,0.25,1
12925,11,0.25,0
12925,14,0.25,0
12925,19,0.25,0
12926,2,0.2,1
12926,12,0.2,0
12926,16,0.2,0
12926,19,0.2,0
12926,9,0.2,0
12927,2,0.333333,1
12927,5,0.333333,0
12927,11,0.333333,0
12928,1,0.166667,1
12928,2,0.166667,0
12928,11,0.166667,0
12928,14,0.166667,0
12928,19,0.166667,0
12928,7,0.166667,0
12929,15,1.0,1
12930,1,0.5,1
12930,2,0.5,0
12931,1,0.333333,1
12931,11,0.333333,0
12931,14,0.333333,0
12932,14,0.5,1
12932,19,0.5,0
12933,5,0.2,1
12933,11,0.2,0
12933,12,0.2,0
12933,15,0.2,0
12933,14,0.2,0
12934,1,0.166667,1
12934,2,0.166667,0
12934,5,0.166667,0
12934,9,0.166667,0
12934,11,0.166667,0
12934,19,0.166667,0
12935,5,0.25,1
12935,11,0.25,0
12935,14,0.25,0
12935,16,0.25,0
12936,2,0.5,1
12936,11,0.5,0
12937,1,0.333333,1
12937,5,0.333333,0
12937,11,0.333333,0
12938,2,0.166667,1
12938,5,0.166667,0
12938,11,0.166667,0
12938,14,0.166667,0
12938,16,0.166667,0
12938,19,0.166667,0
12939,5,0.333333,1
12939,11,0.333333,0
12939,19,0.333333,0
12940,2,0.333333,1
12940,5,0.333333,0
12940,11,0.333333,0
12941,1,1.0,1
12942,1,0.5,1
12942,11,0.5,0
12943,2,0.25,1
12943,11,0.25,0
12943,14,0.25,0
12943,7,0.25,0
12944,11,1.0,1
12945,1,0.2,1
12945,2,0.2,0
12945,5,0.2,0
12945,9,0.2,0
12945,11,0.2,0
12946,1,0.333333,1
12946,2,0.333333,0
12946,11,0.333333,0
12947,2,0.25,1
12947,11,0.25,0
12947,14,0.25,0
12947,19,0.25,0
12948,5,0.2,1
12948,11,0.2,0
12948,16,0.2,0
12948,18,0.2,0
12948,19,0.2,0
12949,2,0.5,1
12949,11,0.5,0
12950,2,0.2,1
12950,5,0.2,0
12950,11,0.2,0
12950,14,0.2,0
12950,16,0.2,0
12951,1,0.333333,1
12951,11,0.333333,0
12951,15,0.333333,0
12952,11,0.5,1
12952,14,0.5,0
12953,5,0.2,1
12953,11,0.2,0
12953,16,0.2,0
12953,18,0.2,0
12953,9,0.2,0
12954,19,1.0,1
12955,1,0.333333,1
12955,2,0.333333,0
12955,16,0.333333,0
12956,1,0.25,1
12956,2,0.25,0
12956,11,0.25,0
12956,14,0.25,0
12957,2,0.333333,1
12957,11,0.333333,0
12957,9,0.333333,0
12958,2,0.5,1
12958,11,0.5,0
12959,1,0.2,1
12959,2,0.2,0
12959,11,0.2,0
12959,14,0.2,0
12959,9,0.2,0
12960,14,1.0,1
12961,1,0.25,1
12961,2,0.25,0
12961,5,0.25,0
12961,11,0.25,0
12962,2,0.5,1
12962,11,0.5,0
12963,11,0.25,1
12963,19,0.25,0
12963,9,0.25,0
12963,7,0.25,0
12964,2,1.0,1
12965,1,0.333333,1
12965,5,0.333333,0
12965,7,0.333333,0
12966,1,0.25,1
12966,2,0.25,0
12966,5,0.25,0
12966,11,0.25,0
12967,1,0.2,1
12967,5,0.2,0
12967,9,0.2,0
12967,11,0.2,0
12967,7,0.2,0
12968,2,0.2,1
12968,5,0.2,0
12968,11,0.2,0
12968,14,0.2,0
12968,7,0.2,0
12969,5,0.5,1
12969,11,0.5,0
12970,12,1.0,1
12971,5,0.5,1
12971,16,0.5,0
12972,5,0.5,1
12972,11,0.5,0
12973,1,0.25,1
12973,2,0.25,0
12973,5,0.25,0
12973,11,0.25,0
12974,1,0.333333,1
12974,2,0.333333,0
12974,5,0.333333,0
12975,2,0.333333,1
12975,11,0.333333,0
12975,14,0.333333,0
12976,2,0.333333,1
12976,11,0.333333,0
12976,7,0.333333,0
12977,5,0.333333,1
12977,16,0.333333,0
12977,19,0.333333,0
12978,2,0.5,1
12978,11,0.5,0
12979,2,0.25,1
12979,5,0.25,0
12979,11,0.25,0
12979,16,0.25,0
12980,1,0.5,1
12980,19,0.5,0
12981,1,0.333333,1
12981,5,0.333333,0
12981,11,0.333333,0
12982,1,0.5,1
12982,19,0.5,0
12983,14,0.25,1
12983,16,0.25,0
12983,19,0.25,0
12983,9,0.25,0
12984,5,0.5,1
12984,11,0.5,0
12985,14,1.0,1
12986,19,1.0,1
12987,11,0.333333,1
12987,14,0.333333,0
12987,16,0.333333,0
12988,1,0.333333,1
12988,2,0.333333,0
12988,11,0.333333,0
12989,2,0.333333,1
12989,5,0.333333,0
12989,11,0.333333,0
12990,2,0.333333,1
12990,5,0.333333,0
12990,16,0.333333,0
12991,1,0.333333,1
12991,5,0.333333,0
12991,11,0.333333,0
12992,1,0.25,1
12992,2,0.25,0
12992,11,0.25,0
12992,16,0.25,0
12993,16,0.5,1
12993,19,0.5,0
12994,11,0.333333,1
12994,16,0.333333,0
12994,19,0.333333,0
12995,1,0.333333,1
12995,2,0.333333,0
12995,14,0.333333,0
12996,1,0.333333,1
12996,2,0.333333,0
12996,11,0.333333,0
12997,1,0.25,1
12997,5,0.25,0
12997,11,0.25,0
12997,14,0.25,0
12998,2,0.25,1
12998,5,0.25,0
12998,11,0.25,0
12998,14,0.25,0
12999,1,0.333333,1
12999,2,0.333333,0
12999,11,0.333333,0
13000,11,0.5,1
13000,19,0.5,0
13001,2,0.333333,1
13001,11,0.333333,0
13001,14,0.333333,0
13002,11,1.0,1
13003,1,0.166667,1
13003,11,0.166667,0
13003,12,0.166667,0
13003,19,0.166667,0
13003,9,0.166667,0
13003,7,0.166667,0
13004,1,0.2,1
13004,5,0.2,0
13004,11,0.2,0
13004,14,0.2,0
13004,7,0.2,0
13005,1,0.5,1
13005,11,0.5,0
13006,1,0.25,1
13006,5,0.25,0
13006,11,0.25,0
13006,14,0.25,0
13007,1,0.2,1
13007,11,0.2,0
13007,14,0.2,0
13007,16,0.2,0
13007,19,0.2,0
13008,2,1.0,1
13009,1,0.25,1
13009,2,0.25,0
13009,11,0.25,0
13009,14,0.25,0
13010,1,0.25,1
13010,5,0.25,0
13010,11,0.25,0
13010,7,0.25,0
13011,1,0.5,1
13011,19,0.5,0
13012,2,0.5,1
13012,11,0.5,0
13013,5,0.333333,1
13013,18,0.333333,0
13013,9,0.333333,0
13014,2,0.333333,1
13014,11,0.333333,0
13014,14,0.333333,0
13015,1,0.5,1
13015,11,0.5,0
13016,11,1.0,1
13017,5,0.333333,1
13017,11,0.333333,0
13017,19,0.333333,0
13018,1,0.333333,1
13018,5,0.333333,0
13018,16,0.333333,0
13019,1,0.333333,1
13019,5,0.333333,0
13019,19,0.333333,0
13020,1,0.5,1
13020,11,0.5,0
13021,1,0.142857,1
13021,2,0.142857,0
13021,5,0.142857,0
13021,11,0.142857,0
13021,14,0.142857,0
13021,19,0.142857,0
13021,7,0.142857,0
13022,1,0.333333,1
13022,9,0.333333,0
13022,11,0.333333,0
13023,1,0.142857,1
13023,2,0.142857,0
13023,5,0.142857,0
13023,11,0.142857,0
13023,14,0.142857,0
13023,16,0.142857,0
13023,18,0.142857,0
13024,5,0.166667,1
13024,11,0.166667,0
13024,16,0.166667,0
13024,3,0.166667,0
13024,20,0.166667,0
13024,10,0.166667,0
13025,2,0.2,1
13025,11,0.2,0
13025,15,0.2,0
13025,16,0.2,0
13025,18,0.2,0
13026,1,0.5,1
13026,14,0.5,0
13027,5,0.333333,1
13027,11,0.333333,0
13027,19,0.333333,0
13028,1,0.25,1
13028,2,0.25,0
13028,11,0.25,0
13028,16,0.25,0
13029,1,0.166667,1
13029,2,0.166667,0
13029,9,0.166667,0
13029,11,0.166667,0
13029,18,0.166667,0
13029,7,0.166667,0
13030,2,0.333333,1
13030,5,0.333333,0
13030,11,0.333333,0
13031,14,1.0,1
13032,1,0.5,1
13032,11,0.5,0
13033,2,0.333333,1
13033,5,0.333333,0
13033,11,0.333333,0
13034,1,0.2,1
13034,2,0.2,0
13034,5,0.2,0
13034,11,0.2,0
13034,15,0.2,0
13035,1,0.25,1
13035,2,0.25,0
13035,5,0.25,0
13035,11,0.25,0
13036,1,0.333333,1
13036,5,0.333333,0
13036,11,0.333333,0
13037,1,0.333333,1
13037,11,0.333333,0
13037,19,0.333333,0
13038,9,0.5,1
13038,11,0.5,0
13039,1,0.5,1
13039,14,0.5,0
13040,1,0.333333,1
13040,5,0.333333,0
13040,11,0.333333,0
13041,5,0.333333,1
13041,16,0.333333,0
13041,19,0.333333,0
13042,2,0.25,1
13042,11,0.25,0
13042,16,0.25,0
13042,7,0.25,0
13043,2,0.5,1
13043,11,0.5,0
13044,11,1.0,1
13045,1,0.25,1
13045,2,0.25,0
13045,11,0.25,0
13045,16,0.25,0
13046,11,0.5,1
13046,19,0.5,0
13047,1,0.333333,1
13047,2,0.333333,0
13047,11,0.333333,0
13048,5,0.5,1
13048,11,0.5,0
13049,1,0.5,1
13049,7,0.5,0
13050,2,0.333333,1
13050,11,0.333333,0
13050,14,0.333333,0
13051,2,0.5,1
13051,11,0.5,0
13052,5,0.333333,1
13052,11,0.333333,0
13052,19,0.333333,0
13053,1,0.25,1
13053,2,0.25,0
13053,11,0.25,0
13053,14,0.25,0
13054,11,0.333333,1
13054,16,0.333333,0
13054,9,0.333333,0
13055,1,0.2,1
13055,2,0.2,0
13055,11,0.2,0
13055,14,0.2,0
13055,19,0.2,0
13056,1,0.25,1
13056,2,0.25,0
13056,11,0.25,0
13056,18,0.25,0
13057,2,0.5,1
13057,11,0.5,0
13058,2,0.333333,1
13058,5,0.333333,0
13058,11,0.333333,0
13059,1,0.166667,1
13059,9,0.166667,0
13059,11,0.166667,0
13059,12,0.166667,0
13059,14,0.166667,0
13059,7,0.166667,0
13060,5,0.333333,1
13060,11,0.333333,0
13060,16,0.333333,0
13061,1,0.5,1
13061,11,0.5,0
13062,1,0.25,1
13062,2,0.25,0
13062,9,0.25,0
13062,11,0.25,0
13063,1,0.25,1
13063,11,0.25,0
13063,16,0.25,0
13063,19,0.25,0
13064,5,0.25,1
13064,9,0.25,0
13064,12,0.25,0
13064,14,0.25,0
13065,1,0.5,1
13065,11,0.5,0
13066,16,1.0,1
13067,2,0.333333,1
13067,11,0.333333,0
13067,14,0.333333,0
13068,2,0.333333,1
13068,5,0.333333,0
13068,11,0.333333,0
13069,11,0.5,1
13069,14,0.5,0
13070,1,0.333333,1
13070,2,0.333333,0
13070,11,0.333333,0
13071,1,0.5,1
13071,11,0.5,0
13072,1,0.333333,1
13072,2,0.333333,0
13072,11,0.333333,0
13073,1,0.333333,1
13073,5,0.333333,0
13073,11,0.333333,0
13074,16,1.0,1
13075,16,0.5,1
13075,18,0.5,0
13076,1,0.142857,1
13076,2,0.142857,0
13076,5,0.142857,0
13076,11,0.142857,0
13076,15,0.142857,0
13076,14,0.142857,0
13076,7,0.142857,0
13077,14,1.0,1
13078,2,0.25,1
13078,11,0.25,0
13078,16,0.25,0
13078,7,0.25,0
13079,1,0.333333,1
13079,2,0.333333,0
13079,11,0.333333,0
13080,1,0.25,1
13080,11,0.25,0
13080,14,0.25,0
13080,7,0.25,0
13081,1,0.2,1
13081,5,0.2,0
13081,9,0.2,0
13081,19,0.2,0
13081,7,0.2,0
13082,1,1.0,1
13083,2,0.333333,1
13083,5,0.333333,0
13083,11,0.333333,0
13084,1,0.2,1
13084,2,0.2,0
13084,5,0.2,0
13084,11,0.2,0
13084,19,0.2,0
13085,19,0.5,1
13085,9,0.5,0
13086,1,0.25,1
13086,11,0.25,0
13086,15,0.25,0
13086,16,0.25,0
13087,5,0.333333,1
13087,11,0.333333,0
13087,19,0.333333,0
13088,11,0.333333,1
13088,15,0.333333,0
13088,19,0.333333,0
13089,5,0.2,1
13089,11,0.2,0
13089,14,0.2,0
13089,16,0.2,0
13089,19,0.2,0
13090,2,0.333333,1
13090,5,0.333333,0
13090,11,0.333333,0
13091,1,0.333333,1
13091,2,0.333333,0
13091,11,0.333333,0
13092,1,0.2,1
13092,5,0.2,0
13092,11,0.2,0
13092,15,0.2,0
13092,7,0.2,0
13093,2,0.5,1
13093,11,0.5,0
13094,1,0.25,1
13094,11,0.25,0
13094,12,0.25,0
13094,16,0.25,0
13095,1,0.333333,1
13095,11,0.333333,0
13095,14,0.333333,0
13096,1,0.333333,1
13096,2,0.333333,0
13096,5,0.333333,0
13097,2,1.0,1
13098,2,0.5,1
13098,5,0.5,0
13099,11,0.25,1
13099,14,0.25,0
13099,16,0.25,0
13099,19,0.25,0
13100,9,0.25,1
13100,11,0.25,0
13100,14,0.25,0
13100,19,0.25,0
13101,1,0.25,1
13101,2,0.25,0
13101,5,0.25,0
13101,11,0.25,0
13102,2,0.333333,1
13102,11,0.333333,0
13102,14,0.333333,0
13103,11,0.333333,1
13103,16,0.333333,0
13103,19,0.333333,0
13104,5,0.333333,1
13104,11,0.333333,0
13104,16,0.333333,0
13105,2,0.333333,1
13105,11,0.333333,0
13105,14,0.333333,0
13106,1,0.333333,1
13106,11,0.333333,0
13106,14,0.333333,0
13107,1,0.25,1
13107,2,0.25,0
13107,11,0.25,0
13107,9,0.25,0
13108,16,1.0,1
13109,2,0.333333,1
13109,5,0.333333,0
13109,11,0.333333,0
13110,1,0.2,1
13110,5,0.2,0
13110,11,0.2,0
13110,18,0.2,0
13110,9,0.2,0
13111,2,0.333333,1
13111,5,0.333333,0
13111,11,0.333333,0
13112,1,1.0,1
13113,1,1.0,1
13114,1,0.25,1
13114,9,0.25,0
13114,11,0.25,0
13114,7,0.25,0
13115,1,0.5,1
13115,11,0.5,0
13116,5,0.333333,1
13116,11,0.333333,0
13116,16,0.333333,0
13117,2,0.333333,1
13117,5,0.333333,0
13117,11,0.333333,0
13118,1,0.2,1
13118,2,0.2,0
13118,5,0.2,0
13118,9,0.2,0
13118,11,0.2,0
13119,14,0.5,1
13119,16,0.5,0
13120,2,0.5,1
13120,14,0.5,0
13121,11,0.5,1
13121,19,0.5,0
13122,16,0.5,1
13122,19,0.5,0
13123,1,0.142857,1
13123,2,0.142857,0
13123,5,0.142857,0
13123,11,0.142857,0
13123,12,0.142857,0
13123,16,0.142857,0
13123,9,0.142857,0
13124,11,0.5,1
13124,7,0.5,0
13125,1,0.333333,1
13125,2,0.333333,0
13125,11,0.333333,0
13126,5,0.333333,1
13126,11,0.333333,0
13126,16,0.333333,0
13127,5,0.333333,1
13127,11,0.333333,0
13127,14,0.333333,0
13128,11,0.5,1
13128,16,0.5,0
13129,2,0.5,1
13129,11,0.5,0
13130,5,0.25,1
13130,11,0.25,0
13130,19,0.25,0
13130,7,0.25,0
13131,1,0.5,1
13131,19,0.5,0
13132,1,0.333333,1
13132,11,0.333333,0
13132,19,0.333333,0
13133,2,0.5,1
13133,16,0.5,0
13134,5,1.0,1
13135,1,0.2,1
13135,2,0.2,0
13135,11,0.2,0
13135,15,0.2,0
13135,16,0.2,0
13136,1,0.166667,1
13136,2,0.166667,0
13136,11,0.166667,0
13136,14,0.166667,0
13136,19,0.166667,0
13136,7,0.166667,0
13137,1,0.5,1
13137,11,0.5,0
13138,11,0.5,1
13138,15,0.5,0
13139,1,0.25,1
13139,2,0.25,0
13139,5,0.25,0
13139,11,0.25,0
13140,1,0.25,1
13140,11,0.25,0
13140,19,0.25,0
13140,9,0.25,0
13141,2,0.25,1
13141,5,0.25,0
13141,11,0.25,0
13141,9,0.25,0
13142,1,0.333333,1
13142,5,0.333333,0
13142,11,0.333333,0
13143,1,0.333333,1
13143,9,0.333333,0
13143,11,0.333333,0
13144,1,0.2,1
13144,2,0.2,0
13144,11,0.2,0
13144,14,0.2,0
13144,7,0.2,0
13145,1,0.25,1
13145,5,0.25,0
13145,11,0.25,0
13145,14,0.25,0
13146,11,0.333333,1
13146,14,0.333333,0
13146,19,0.333333,0
13147,5,0.333333,1
13147,11,0.333333,0
13147,18,0.333333,0
13148,2,0.5,1
13148,5,0.5,0
13149,1,0.25,1
13149,2,0.25,0
13149,11,0.25,0
13149,7,0.25,0
13150,2,0.333333,1
13150,5,0.333333,0
13150,11,0.333333,0
13151,1,0.25,1
13151,5,0.25,0
13151,11,0.25,0
13151,16,0.25,0
13152,1,0.333333,1
13152,2,0.333333,0
13152,16,0.333333,0
13153,1,0.5,1
13153,7,0.5,0
13154,1,1.0,1
13155,2,0.25,1
13155,5,0.25,0
13155,11,0.25,0
13155,19,0.25,0
13156,2,0.333333,1
13156,11,0.333333,0
13156,14,0.333333,0
13157,2,0.25,1
13157,11,0.25,0
13157,14,0.25,0
13157,19,0.25,0
13158,2,0.5,1
13158,5,0.5,0
13159,5,0.25,1
13159,11,0.25,0
13159,16,0.25,0
13159,19,0.25,0
13160,2,0.333333,1
13160,5,0.333333,0
13160,11,0.333333,0
13161,1,0.142857,1
13161,2,0.142857,0
13161,5,0.142857,0
13161,11,0.142857,0
13161,15,0.142857,0
13161,16,0.142857,0
13161,19,0.142857,0
13162,5,0.333333,1
13162,18,0.333333,0
13162,9,0.333333,0
13163,1,0.333333,1
13163,2,0.333333,0
13163,11,0.333333,0
13164,1,0.25,1
13164,2,0.25,0
13164,14,0.25,0
13164,7,0.25,0
13165,1,0.333333,1
13165,2,0.333333,0
13165,11,0.333333,0
13166,2,0.5,1
13166,11,0.5,0
13167,2,0.333333,1
13167,11,0.333333,0
13167,14,0.333333,0
13168,1,0.333333,1
13168,11,0.333333,0
13168,9,0.333333,0
13169,1,0.333333,1
13169,2,0.333333,0
13169,11,0.333333,0
13170,2,0.5,1
13170,5,0.5,0
13171,16,1.0,1
13172,11,0.333333,1
13172,16,0.333333,0
13172,19,0.333333,0
13173,1,0.333333,1
13173,2,0.333333,0
13173,11,0.333333,0
13174,11,0.5,1
13174,19,0.5,0
13175,2,0.333333,1
13175,5,0.333333,0
13175,11,0.333333,0
13176,2,0.25,1
13176,5,0.25,0
13176,11,0.25,0
13176,16,0.25,0
13177,1,0.5,1
13177,2,0.5,0
13178,2,0.5,1
13178,5,0.5,0
13179,5,0.5,1
13179,16,0.5,0
13180,11,0.333333,1
13180,16,0.333333,0
13180,19,0.333333,0
13181,5,0.5,1
13181,11,0.5,0
13182,1,0.333333,1
13182,2,0.333333,0
13182,11,0.333333,0
13183,2,0.5,1
13183,5,0.5,0
13184,16,1.0,1
13185,5,0.5,1
13185,11,0.5,0
13186,11,0.2,1
13186,14,0.2,0
13186,16,0.2,0
13186,19,0.2,0
13186,7,0.2,0
13187,1,0.5,1
13187,11,0.5,0
13188,2,0.333333,1
13188,11,0.333333,0
13188,14,0.333333,0
13189,1,0.333333,1
13189,2,0.333333,0
13189,16,0.333333,0
13190,2,0.5,1
13190,5,0.5,0
13191,1,0.5,1
13191,11,0.5,0
13192,2,0.2,1
13192,5,0.2,0
13192,11,0.2,0
13192,16,0.2,0
13192,7,0.2,0
13193,2,0.333333,1
13193,11,0.333333,0
13193,14,0.333333,0
13194,2,0.333333,1
13194,11,0.333333,0
13194,14,0.333333,0
13195,2,0.25,1
13195,11,0.25,0
13195,14,0.25,0
13195,16,0.25,0
13196,2,0.5,1
13196,11,0.5,0
13197,2,0.5,1
13197,11,0.5,0
13198,2,0.333333,1
13198,11,0.333333,0
13198,18,0.333333,0
13199,2,0.25,1
13199,5,0.25,0
13199,9,0.25,0
13199,11,0.25,0
13200,9,0.25,1
13200,11,0.25,0
13200,14,0.25,0
13200,16,0.25,0
13201,5,0.333333,1
13201,11,0.333333,0
13201,18,0.333333,0
13202,5,0.2,1
13202,9,0.2,0
13202,11,0.2,0
13202,14,0.2,0
13202,19,0.2,0
13203,5,0.2,1
13203,11,0.2,0
13203,16,0.2,0
13203,18,0.2,0
13203,19,0.2,0
13204,1,0.25,1
13204,5,0.25,0
13204,11,0.25,0
13204,14,0.25,0
13205,1,0.333333,1
13205,2,0.333333,0
13205,11,0.333333,0
13206,2,0.5,1
13206,5,0.5,0
13207,11,0.333333,1
13207,14,0.333333,0
13207,19,0.333333,0
13208,2,0.25,1
13208,11,0.25,0
13208,14,0.25,0
13208,16,0.25,0
13209,1,0.2,1
13209,2,0.2,0
13209,11,0.2,0
13209,14,0.2,0
13209,7,0.2,0
13210,1,0.2,1
13210,2,0.2,0
13210,11,0.2,0
13210,15,0.2,0
13210,18,0.2,0
13211,11,0.5,1
13211,9,0.5,0
13212,1,0.2,1
13212,2,0.2,0
13212,11,0.2,0
13212,15,0.2,0
13212,16,0.2,0
13213,1,0.142857,1
13213,2,0.142857,0
13213,11,0.142857,0
13213,12,0.142857,0
13213,14,0.142857,0
13213,16,0.142857,0
13213,7,0.142857,0
13214,2,0.333333,1
13214,11,0.333333,0
13214,14,0.333333,0
13215,1,0.25,1
13215,2,0.25,0
13215,5,0.25,0
13215,11,0.25,0
13216,1,0.2,1
13216,2,0.2,0
13216,5,0.2,0
13216,11,0.2,0
13216,16,0.2,0
13217,1,0.25,1
13217,5,0.25,0
13217,14,0.25,0
13217,16,0.25,0
13218,1,0.5,1
13218,2,0.5,0
13219,1,1.0,1
13220,1,0.5,1
13220,2,0.5,0
13221,1,0.25,1
13221,2,0.25,0
13221,11,0.25,0
13221,14,0.25,0
13222,1,0.142857,1
13222,2,0.142857,0
13222,5,0.142857,0
13222,14,0.142857,0
13222,16,0.142857,0
13222,18,0.142857,0
13222,19,0.142857,0
13223,11,0.25,1
13223,14,0.25,0
13223,19,0.25,0
13223,7,0.25,0
13224,11,0.333333,1
13224,16,0.333333,0
13224,19,0.333333,0
13225,1,0.166667,1
13225,11,0.166667,0
13225,15,0.166667,0
13225,16,0.166667,0
13225,18,0.166667,0
13225,7,0.166667,0
13226,1,0.333333,1
13226,11,0.333333,0
13226,14,0.333333,0
13227,2,1.0,1
13228,2,1.0,1
13229,2,0.333333,1
13229,5,0.333333,0
13229,11,0.333333,0
13230,5,0.25,1
13230,11,0.25,0
13230,16,0.25,0
13230,19,0.25,0
13231,1,0.166667,1
13231,5,0.166667,0
13231,11,0.166667,0
13231,18,0.166667,0
13231,9,0.166667,0
13231,7,0.166667,0
13232,1,1.0,1
13233,20,1.0,1
13234,1,0.25,1
13234,2,0.25,0
13234,5,0.25,0
13234,11,0.25,0
13235,11,1.0,1
13236,5,0.5,1
13236,11,0.5,0
13237,11,0.333333,1
13237,15,0.333333,0
13237,19,0.333333,0
13238,2,1.0,1
13239,1,0.333333,1
13239,2,0.333333,0
13239,11,0.333333,0
13240,1,0.125,1
13240,2,0.125,0
13240,5,0.125,0
13240,11,0.125,0
13240,14,0.125,0
13240,16,0.125,0
13240,19,0.125,0
13240,7,0.125,0
13241,1,1.0,1
13242,1,0.25,1
13242,14,0.25,0
13242,9,0.25,0
13242,7,0.25,0
13243,1,0.333333,1
13243,2,0.333333,0
13243,11,0.333333,0
13244,1,0.5,1
13244,11,0.5,0
13245,11,0.5,1
13245,16,0.5,0
13246,1,0.5,1
13246,5,0.5,0
13247,2,0.25,1
13247,11,0.25,0
13247,14,0.25,0
13247,19,0.25,0
13248,2,0.25,1
13248,11,0.25,0
13248,14,0.25,0
13248,19,0.25,0
13249,1,0.333333,1
13249,11,0.333333,0
13249,15,0.333333,0
13250,1,0.25,1
13250,2,0.25,0
13250,14,0.25,0
13250,16,0.25,0
13251,3,0.333333,1
13251,6,0.333333,0
13251,13,0.333333,0
13252,1,1.0,1
13253,1,0.5,1
13253,2,0.5,0
13254,1,0.5,1
13254,11,0.5,0
13255,1,0.5,1
13255,11,0.5,0
13256,5,0.25,1
13256,11,0.25,0
13256,16,0.25,0
13256,19,0.25,0
13257,1,0.2,1
13257,2,0.2,0
13257,5,0.2,0
13257,11,0.2,0
13257,16,0.2,0
13258,2,1.0,1
13259,1,0.25,1
13259,2,0.25,0
13259,5,0.25,0
13259,11,0.25,0
13260,1,0.333333,1
13260,11,0.333333,0
13260,18,0.333333,0
13261,1,0.25,1
13261,5,0.25,0
13261,11,0.25,0
13261,16,0.25,0
13262,1,0.333333,1
13262,2,0.333333,0
13262,11,0.333333,0
13263,1,0.333333,1
13263,5,0.333333,0
13263,11,0.333333,0
13264,5,0.5,1
13264,11,0.5,0
13265,1,0.333333,1
13265,5,0.333333,0
13265,11,0.333333,0
13266,5,1.0,1
13267,1,0.5,1
13267,7,0.5,0
13268,5,0.5,1
13268,11,0.5,0
13269,1,0.25,1
13269,2,0.25,0
13269,11,0.25,0
13269,14,0.25,0
13270,5,0.25,1
13270,11,0.25,0
13270,18,0.25,0
13270,19,0.25,0
13271,2,0.5,1
13271,11,0.5,0
13272,5,0.333333,1
13272,11,0.333333,0
13272,16,0.333333,0
13273,11,1.0,1
13274,2,0.333333,1
13274,5,0.333333,0
13274,11,0.333333,0
13275,2,0.333333,1
13275,11,0.333333,0
13275,19,0.333333,0
13276,1,0.333333,1
13276,2,0.333333,0
13276,11,0.333333,0
13277,5,0.5,1
13277,11,0.5,0
13278,2,0.333333,1
13278,11,0.333333,0
13278,16,0.333333,0
13279,1,0.2,1
13279,2,0.2,0
13279,11,0.2,0
13279,14,0.2,0
13279,7,0.2,0
13280,5,0.333333,1
13280,11,0.333333,0
13280,14,0.333333,0
13281,5,0.333333,1
13281,11,0.333333,0
13281,19,0.333333,0
13282,1,0.2,1
13282,5,0.2,0
13282,11,0.2,0
13282,16,0.2,0
13282,19,0.2,0
13283,5,0.25,1
13283,11,0.25,0
13283,14,0.25,0
13283,19,0.25,0
13284,2,0.333333,1
13284,5,0.333333,0
13284,11,0.333333,0
13285,1,0.333333,1
13285,5,0.333333,0
13285,11,0.333333,0
13286,5,0.333333,1
13286,11,0.333333,0
13286,19,0.333333,0
13287,2,0.333333,1
13287,11,0.333333,0
13287,14,0.333333,0
13288,2,0.25,1
13288,5,0.25,0
13288,11,0.25,0
13288,16,0.25,0
13289,1,0.333333,1
13289,11,0.333333,0
13289,15,0.333333,0
13290,1,0.2,1
13290,5,0.2,0
13290,11,0.2,0
13290,14,0.2,0
13290,7,0.2,0
13291,2,0.5,1
13291,11,0.5,0
13292,5,0.5,1
13292,11,0.5,0
13293,2,0.2,1
13293,5,0.2,0
13293,11,0.2,0
13293,15,0.2,0
13293,16,0.2,0
13294,2,0.333333,1
13294,11,0.333333,0
13294,16,0.333333,0
13295,2,0.25,1
13295,5,0.25,0
13295,11,0.25,0
13295,14,0.25,0
13296,1,0.333333,1
13296,5,0.333333,0
13296,11,0.333333,0
13297,1,0.333333,1
13297,2,0.333333,0
13297,11,0.333333,0
13298,1,0.333333,1
13298,2,0.333333,0
13298,11,0.333333,0
13299,1,0.2,1
13299,2,0.2,0
13299,5,0.2,0
13299,11,0.2,0
13299,19,0.2,0
13300,5,0.333333,1
13300,11,0.333333,0
13300,16,0.333333,0
13301,1,0.2,1
13301,2,0.2,0
13301,5,0.2,0
13301,11,0.2,0
13301,14,0.2,0
13302,5,0.333333,1
13302,11,0.333333,0
13302,18,0.333333,0
13303,11,0.25,1
13303,14,0.25,0
13303,16,0.25,0
13303,7,0.25,0
13304,1,1.0,1
13305,5,0.5,1
13305,16,0.5,0
13306,1,0.2,1
13306,2,0.2,0
13306,5,0.2,0
13306,11,0.2,0
13306,14,0.2,0
13307,1,0.2,1
13307,2,0.2,0
13307,5,0.2,0
13307,11,0.2,0
13307,7,0.2,0
13308,1,0.166667,1
13308,2,0.166667,0
13308,5,0.166667,0
13308,11,0.166667,0
13308,16,0.166667,0
13308,19,0.166667,0
13309,5,0.5,1
13309,11,0.5,0
13310,5,0.5,1
13310,11,0.5,0
13311,2,0.5,1
13311,5,0.5,0
13312,2,0.333333,1
13312,5,0.333333,0
13312,11,0.333333,0
13313,2,0.25,1
13313,5,0.25,0
13313,14,0.25,0
13313,16,0.25,0
13314,9,0.5,1
13314,11,0.5,0
13315,2,0.25,1
13315,5,0.25,0
13315,11,0.25,0
13315,14,0.25,0
13316,5,0.5,1
13316,11,0.5,0
13317,1,0.333333,1
13317,2,0.333333,0
13317,11,0.333333,0
13318,1,0.333333,1
13318,2,0.333333,0
13318,11,0.333333,0
13319,2,0.333333,1
13319,11,0.333333,0
13319,16,0.333333,0
13320,5,0.333333,1
13320,9,0.333333,0
13320,11,0.333333,0
13321,2,0.333333,1
13321,9,0.333333,0
13321,11,0.333333,0
13322,5,0.25,1
13322,14,0.25,0
13322,9,0.25,0
13322,7,0.25,0
13323,11,0.333333,1
13323,16,0.333333,0
13323,19,0.333333,0
13324,11,1.0,1
13325,2,0.142857,1
13325,5,0.142857,0
13325,11,0.142857,0
13325,14,0.142857,0
13325,16,0.142857,0
13325,18,0.142857,0
13325,19,0.142857,0
13326,5,0.2,1
13326,9,0.2,0
13326,11,0.2,0
13326,16,0.2,0
13326,19,0.2,0
13327,16,0.5,1
13327,18,0.5,0
13328,3,1.0,1
13329,5,1.0,1
13330,1,0.333333,1
13330,2,0.333333,0
13330,11,0.333333,0
13331,11,1.0,1
13332,1,0.25,1
13332,2,0.25,0
13332,11,0.25,0
13332,14,0.25,0
13333,1,0.5,1
13333,11,0.5,0
13334,11,0.5,1
13334,16,0.5,0
13335,5,0.333333,1
13335,11,0.333333,0
13335,16,0.333333,0
13336,16,0.5,1
13336,19,0.5,0
13337,2,0.166667,1
13337,5,0.166667,0
13337,9,0.166667,0
13337,11,0.166667,0
13337,14,0.166667,0
13337,16,0.166667,0
13338,5,0.333333,1
13338,9,0.333333,0
13338,11,0.333333,0
13339,1,0.5,1
13339,11,0.5,0
13340,1,0.2,1
13340,5,0.2,0
13340,11,0.2,0
13340,15,0.2,0
13340,18,0.2,0
13341,1,0.25,1
13341,2,0.25,0
13341,11,0.25,0
13341,14,0.25,0
13342,1,0.333333,1
13342,2,0.333333,0
13342,11,0.333333,0
13343,5,0.25,1
13343,11,0.25,0
13343,16,0.25,0
13343,19,0.25,0
13344,2,0.25,1
13344,5,0.25,0
13344,11,0.25,0
13344,14,0.25,0
13345,1,0.5,1
13345,14,0.5,0
13346,1,0.25,1
13346,11,0.25,0
13346,19,0.25,0
13346,9,0.25,0
13347,1,0.333333,1
13347,5,0.333333,0
13347,11,0.333333,0
13348,11,0.333333,1
13348,16,0.333333,0
13348,19,0.333333,0
13349,2,1.0,1
13350,1,0.333333,1
13350,2,0.333333,0
13350,11,0.333333,0
13351,11,0.333333,1
13351,14,0.333333,0
13351,16,0.333333,0
13352,1,0.2,1
13352,2,0.2,0
13352,5,0.2,0
13352,11,0.2,0
13352,16,0.2,0
13353,2,0.25,1
13353,11,0.25,0
13353,16,0.25,0
13353,9,0.25,0
13354,1,0.25,1
13354,2,0.25,0
13354,11,0.25,0
13354,14,0.25,0
13355,2,1.0,1
13356,1,0.333333,1
13356,2,0.333333,0
13356,11,0.333333,0
13357,11,0.333333,1
13357,14,0.333333,0
13357,19,0.333333,0
13358,5,0.333333,1
13358,11,0.333333,0
13358,9,0.333333,0
13359,1,0.25,1
13359,5,0.25,0
13359,11,0.25,0
13359,16,0.25,0
13360,1,0.2,1
13360,2,0.2,0
13360,12,0.2,0
13360,16,0.2,0
13360,9,0.2,0
13361,1,0.25,1
13361,11,0.25,0
13361,18,0.25,0
13361,9,0.25,0
13362,1,0.25,1
13362,5,0.25,0
13362,11,0.25,0
13362,19,0.25,0
13363,1,1.0,1
13364,2,0.5,1
13364,11,0.5,0
13365,1,0.333333,1
13365,11,0.333333,0
13365,16,0.333333,0
13366,1,1.0,1
13367,2,0.333333,1
13367,5,0.333333,0
13367,11,0.333333,0
13368,5,0.333333,1
13368,11,0.333333,0
13368,16,0.333333,0
13369,5,0.333333,1
13369,11,0.333333,0
13369,7,0.333333,0
13370,11,0.25,1
13370,16,0.25,0
13370,18,0.25,0
13370,19,0.25,0
13371,1,0.125,1
13371,2,0.125,0
13371,5,0.125,0
13371,9,0.125,0
13371,11,0.125,0
13371,14,0.125,0
13371,16,0.125,0
13371,7,0.125,0
13372,1,0.166667,1
13372,5,0.166667,0
13372,9,0.166667,0
13372,11,0.166667,0
13372,19,0.166667,0
13372,7,0.166667,0
13373,5,0.333333,1
13373,9,0.333333,0
13373,11,0.333333,0
13374,11,0.5,1
13374,16,0.5,0
13375,2,0.333333,1
13375,14,0.333333,0
13375,19,0.333333,0
13376,8,1.0,1
13377,2,0.2,1
13377,5,0.2,0
13377,11,0.2,0
13377,15,0.2,0
13377,7,0.2,0
13378,2,0.5,1
13378,14,0.5,0
13379,1,0.2,1
13379,9,0.2,0
13379,11,0.2,0
13379,16,0.2,0
13379,19,0.2,0
13380,1,0.333333,1
13380,2,0.333333,0
13380,11,0.333333,0
13381,2,0.333333,1
13381,11,0.333333,0
13381,19,0.333333,0
13382,1,0.333333,1
13382,2,0.333333,0
13382,11,0.333333,0
13383,2,0.333333,1
13383,11,0.333333,0
13383,14,0.333333,0
13384,11,1.0,1
13385,1,0.333333,1
13385,2,0.333333,0
13385,14,0.333333,0
13386,1,0.25,1
13386,2,0.25,0
13386,11,0.25,0
13386,14,0.25,0
13387,1,0.333333,1
13387,5,0.333333,0
13387,11,0.333333,0
13388,2,0.2,1
13388,5,0.2,0
13388,11,0.2,0
13388,16,0.2,0
13388,9,0.2,0
13389,14,0.333333,1
13389,16,0.333333,0
13389,18,0.333333,0
13390,2,0.25,1
13390,5,0.25,0
13390,11,0.25,0
13390,14,0.25,0
13391,1,0.25,1
13391,2,0.25,0
13391,11,0.25,0
13391,16,0.25,0
13392,1,0.333333,1
13392,11,0.333333,0
13392,19,0.333333,0
13393,11,0.5,1
13393,16,0.5,0
13394,1,0.142857,1
13394,2,0.142857,0
13394,11,0.142857,0
13394,12,0.142857,0
13394,14,0.142857,0
13394,16,0.142857,0
13394,19,0.142857,0
13395,1,0.25,1
13395,5,0.25,0
13395,11,0.25,0
13395,16,0.25,0
13396,1,0.25,1
13396,11,0.25,0
13396,15,0.25,0
13396,9,0.25,0
13397,2,0.5,1
13397,11,0.5,0
13398,16,0.5,1
13398,7,0.5,0
13399,9,0.333333,1
13399,12,0.333333,0
13399,14,0.333333,0
13400,2,1.0,1
13401,1,1.0,1
13402,2,0.25,1
13402,5,0.25,0
13402,11,0.25,0
13402,14,0.25,0
13403,5,0.333333,1
13403,9,0.333333,0
13403,11,0.333333,0
13404,5,0.5,1
13404,11,0.5,0
13405,1,0.333333,1
13405,2,0.333333,0
13405,9,0.333333,0
13406,1,0.25,1
13406,9,0.25,0
13406,16,0.25,0
13406,19,0.25,0
13407,1,0.333333,1
13407,2,0.333333,0
13407,11,0.333333,0
13408,1,0.2,1
13408,2,0.2,0
13408,5,0.2,0
13408,9,0.2,0
13408,11,0.2,0
13409,5,0.5,1
13409,11,0.5,0
13410,1,0.5,1
13410,11,0.5,0
13411,2,0.5,1
13411,11,0.5,0
13412,2,0.25,1
13412,11,0.25,0
13412,16,0.25,0
13412,7,0.25,0
13413,2,0.5,1
13413,5,0.5,0
13414,1,0.5,1
13414,16,0.5,0
13415,5,0.333333,1
13415,9,0.333333,0
13415,11,0.333333,0
13416,2,0.333333,1
13416,5,0.333333,0
13416,11,0.333333,0
13417,1,0.2,1
13417,2,0.2,0
13417,5,0.2,0
13417,9,0.2,0
13417,11,0.2,0
13418,5,0.25,1
13418,11,0.25,0
13418,16,0.25,0
13418,19,0.25,0
13419,1,0.5,1
13419,11,0.5,0
13420,2,0.333333,1
13420,5,0.333333,0
13420,11,0.333333,0
13421,5,0.2,1
13421,11,0.2,0
13421,16,0.2,0
13421,19,0.2,0
13421,9,0.2,0
13422,2,0.142857,1
13422,5,0.142857,0
13422,9,0.142857,0
13422,11,0.142857,0
13422,14,0.142857,0
13422,16,0.142857,0
13422,19,0.142857,0
13423,1,0.333333,1
13423,9,0.333333,0
13423,19,0.333333,0
13424,1,0.125,1
13424,2,0.125,0
13424,12,0.125,0
13424,15,0.125,0
13424,14,0.125,0
13424,16,0.125,0
13424,18,0.125,0
13424,9,0.125,0
13425,16,0.5,1
13425,19,0.5,0
13426,11,1.0,1
13427,11,0.5,1
13427,19,0.5,0
13428,5,0.5,1
13428,19,0.5,0
13429,1,0.333333,1
13429,11,0.333333,0
13429,16,0.333333,0
13430,2,0.333333,1
13430,14,0.333333,0
13430,19,0.333333,0
13431,1,0.333333,1
13431,11,0.333333,0
13431,14,0.333333,0
13432,14,1.0,1
13433,1,0.333333,1
13433,2,0.333333,0
13433,11,0.333333,0
13434,11,1.0,1
13435,2,0.333333,1
13435,5,0.333333,0
13435,11,0.333333,0
13436,1,0.333333,1
13436,5,0.333333,0
13436,11,0.333333,0
13437,1,0.333333,1
13437,2,0.333333,0
13437,11,0.333333,0
13438,1,0.333333,1
13438,2,0.333333,0
13438,11,0.333333,0
13439,2,0.333333,1
13439,11,0.333333,0
13439,9,0.333333,0
13440,1,0.5,1
13440,11,0.5,0
13441,1,0.2,1
13441,5,0.2,0
13441,11,0.2,0
13441,14,0.2,0
13441,19,0.2,0
13442,1,0.5,1
13442,2,0.5,0
13443,1,0.333333,1
13443,2,0.333333,0
13443,11,0.333333,0
13444,1,0.5,1
13444,11,0.5,0
13445,1,0.166667,1
13445,5,0.166667,0
13445,9,0.166667,0
13445,11,0.166667,0
13445,16,0.166667,0
13445,18,0.166667,0
13446,1,0.25,1
13446,2,0.25,0
13446,11,0.25,0
13446,16,0.25,0
13447,1,0.5,1
13447,11,0.5,0
13448,2,0.5,1
13448,14,0.5,0
13449,1,1.0,1
13450,5,0.25,1
13450,11,0.25,0
13450,14,0.25,0
13450,19,0.25,0
13451,2,0.333333,1
13451,5,0.333333,0
13451,11,0.333333,0
13452,1,0.25,1
13452,2,0.25,0
13452,5,0.25,0
13452,11,0.25,0
13453,2,0.2,1
13453,5,0.2,0
13453,11,0.2,0
13453,14,0.2,0
13453,16,0.2,0
13454,1,0.2,1
13454,5,0.2,0
13454,11,0.2,0
13454,14,0.2,0
13454,7,0.2,0
13455,1,0.5,1
13455,11,0.5,0
13456,9,0.25,1
13456,11,0.25,0
13456,12,0.25,0
13456,18,0.25,0
13457,1,0.25,1
13457,2,0.25,0
13457,11,0.25,0
13457,15,0.25,0
13458,1,0.333333,1
13458,9,0.333333,0
13458,11,0.333333,0
13459,9,0.5,1
13459,11,0.5,0
13460,2,0.333333,1
13460,9,0.333333,0
13460,14,0.333333,0
13461,1,0.333333,1
13461,5,0.333333,0
13461,11,0.333333,0
13462,11,0.5,1
13462,19,0.5,0
13463,2,0.333333,1
13463,11,0.333333,0
13463,14,0.333333,0
13464,1,0.2,1
13464,2,0.2,0
13464,5,0.2,0
13464,11,0.2,0
13464,19,0.2,0
13465,1,0.25,1
13465,9,0.25,0
13465,11,0.25,0
13465,19,0.25,0
13466,1,0.25,1
13466,5,0.25,0
13466,11,0.25,0
13466,7,0.25,0
13467,1,0.333333,1
13467,11,0.333333,0
13467,14,0.333333,0
13468,2,0.5,1
13468,11,0.5,0
13469,1,0.333333,1
13469,11,0.333333,0
13469,16,0.333333,0
13470,11,0.5,1
13470,15,0.5,0
13471,1,0.2,1
13471,9,0.2,0
13471,11,0.2,0
13471,12,0.2,0
13471,7,0.2,0
13472,1,1.0,1
13473,2,0.2,1
13473,5,0.2,0
13473,9,0.2,0
13473,11,0.2,0
13473,19,0.2,0
13474,2,0.5,1
13474,11,0.5,0
13475,2,0.25,1
13475,11,0.25,0
13475,14,0.25,0
13475,19,0.25,0
13476,2,0.333333,1
13476,9,0.333333,0
13476,14,0.333333,0
13477,2,0.5,1
13477,11,0.5,0
13478,11,0.5,1
13478,9,0.5,0
13479,1,0.25,1
13479,2,0.25,0
13479,11,0.25,0
13479,15,0.25,0
13480,2,0.5,1
13480,11,0.5,0
13481,16,0.5,1
13481,7,0.5,0
13482,5,0.333333,1
13482,11,0.333333,0
13482,14,0.333333,0
13483,1,0.5,1
13483,9,0.5,0
13484,1,0.333333,1
13484,5,0.333333,0
13484,11,0.333333,0
13485,1,0.25,1
13485,11,0.25,0
13485,14,0.25,0
13485,19,0.25,0
13486,2,0.5,1
13486,11,0.5,0
13487,2,0.142857,1
13487,16,0.142857,0
13487,3,0.142857,0
13487,6,0.142857,0
13487,13,0.142857,0
13487,20,0.142857,0
13487,10,0.142857,0
13488,2,0.2,1
13488,11,0.2,0
13488,14,0.2,0
13488,19,0.2,0
13488,9,0.2,0
13489,11,1.0,1
13490,11,0.333333,1
13490,16,0.333333,0
13490,19,0.333333,0
13491,1,0.5,1
13491,2,0.5,0
13492,1,0.5,1
13492,9,0.5,0
13493,2,0.5,1
13493,11,0.5,0
13494,5,1.0,1
13495,2,0.333333,1
13495,5,0.333333,0
13495,11,0.333333,0
13496,16,0.333333,1
13496,18,0.333333,0
13496,7,0.333333,0
13497,1,0.25,1
13497,5,0.25,0
13497,9,0.25,0
13497,11,0.25,0
13498,1,0.333333,1
13498,11,0.333333,0
13498,14,0.333333,0
13499,1,0.333333,1
13499,5,0.333333,0
13499,11,0.333333,0
13500,2,0.5,1
13500,19,0.5,0
13501,5,0.25,1
13501,9,0.25,0
13501,11,0.25,0
13501,19,0.25,0
13502,14,0.5,1
13502,19,0.5,0
13503,2,0.333333,1
13503,9,0.333333,0
13503,11,0.333333,0
13504,2,0.333333,1
13504,5,0.333333,0
13504,11,0.333333,0
13505,1,0.25,1
13505,2,0.25,0
13505,5,0.25,0
13505,11,0.25,0
13506,5,0.5,1
13506,19,0.5,0
13507,2,0.333333,1
13507,11,0.333333,0
13507,14,0.333333,0
13508,2,0.5,1
13508,11,0.5,0
13509,1,0.333333,1
13509,2,0.333333,0
13509,11,0.333333,0
13510,2,1.0,1
13511,1,0.333333,1
13511,2,0.333333,0
13511,11,0.333333,0
13512,2,0.333333,1
13512,11,0.333333,0
13512,19,0.333333,0
13513,1,0.333333,1
13513,11,0.333333,0
13513,18,0.333333,0
13514,5,0.166667,1
13514,9,0.166667,0
13514,11,0.166667,0
13514,14,0.166667,0
13514,16,0.166667,0
13514,19,0.166667,0
13515,2,0.333333,1
13515,11,0.333333,0
13515,19,0.333333,0
13516,1,0.333333,1
13516,5,0.333333,0
13516,11,0.333333,0
13517,1,0.5,1
13517,11,0.5,0
13518,11,0.5,1
13518,14,0.5,0
13519,1,0.5,1
13519,2,0.5,0
13520,1,0.333333,1
13520,2,0.333333,0
13520,14,0.333333,0
13521,5,1.0,1
13522,1,0.2,1
13522,5,0.2,0
13522,11,0.2,0
13522,16,0.2,0
13522,19,0.2,0
13523,1,0.5,1
13523,19,0.5,0
13524,1,0.333333,1
13524,2,0.333333,0
13524,11,0.333333,0
13525,11,1.0,1
13526,1,0.5,1
13526,11,0.5,0
13527,14,0.5,1
13527,19,0.5,0
13528,11,0.333333,1
13528,14,0.333333,0
13528,19,0.333333,0
13529,2,0.5,1
13529,11,0.5,0
13530,5,0.333333,1
13530,11,0.333333,0
13530,19,0.333333,0
13531,5,0.25,1
13531,11,0.25,0
13531,16,0.25,0
13531,7,0.25,0
13532,2,0.5,1
13532,11,0.5,0
13533,16,0.5,1
13533,18,0.5,0
13534,11,0.333333,1
13534,16,0.333333,0
13534,19,0.333333,0
13535,1,0.25,1
13535,2,0.25,0
13535,11,0.25,0
13535,14,0.25,0
13536,14,0.5,1
13536,19,0.5,0
13537,1,0.166667,1
13537,2,0.166667,0
13537,5,0.166667,0
13537,11,0.166667,0
13537,16,0.166667,0
13537,18,0.166667,0
13538,1,0.5,1
13538,14,0.5,0
13539,5,0.25,1
13539,11,0.25,0
13539,16,0.25,0
13539,7,0.25,0
13540,5,1.0,1
13541,1,1.0,1
13542,1,0.25,1
13542,2,0.25,0
13542,5,0.25,0
13542,11,0.25,0
13543,11,0.5,1
13543,19,0.5,0
13544,11,0.333333,1
13544,16,0.333333,0
13544,19,0.333333,0
13545,2,0.333333,1
13545,5,0.333333,0
13545,11,0.333333,0
13546,5,0.333333,1
13546,11,0.333333,0
13546,16,0.333333,0
13547,1,0.333333,1
13547,11,0.333333,0
13547,7,0.333333,0
13548,5,0.25,1
13548,11,0.25,0
13548,16,0.25,0
13548,19,0.25,0
13549,14,1.0,1
13550,2,0.5,1
13550,11,0.5,0
13551,5,0.5,1
13551,11,0.5,0
13552,11,0.25,1
13552,16,0.25,0
13552,18,0.25,0
13552,19,0.25,0
13553,1,0.25,1
13553,2,0.25,0
13553,11,0.25,0
13553,14,0.25,0
13554,1,0.333333,1
13554,2,0.333333,0
13554,11,0.333333,0
13555,1,0.333333,1
13555,2,0.333333,0
13555,11,0.333333,0
13556,1,0.25,1
13556,2,0.25,0
13556,11,0.25,0
13556,14,0.25,0
13557,16,1.0,1
13558,11,0.25,1
13558,16,0.25,0
13558,19,0.25,0
13558,7,0.25,0
13559,1,0.2,1
13559,2,0.2,0
13559,11,0.2,0
13559,14,0.2,0
13559,16,0.2,0
13560,1,0.2,1
13560,2,0.2,0
13560,11,0.2,0
13560,16,0.2,0
13560,19,0.2,0
13561,1,0.333333,1
13561,2,0.333333,0
13561,11,0.333333,0
13562,14,0.333333,1
13562,16,0.333333,0
13562,19,0.333333,0
13563,1,0.2,1
13563,5,0.2,0
13563,11,0.2,0
13563,12,0.2,0
13563,19,0.2,0
13564,1,0.142857,1
13564,2,0.142857,0
13564,11,0.142857,0
13564,12,0.142857,0
13564,14,0.142857,0
13564,16,0.142857,0
13564,9,0.142857,0
13565,11,0.5,1
13565,16,0.5,0
13566,1,0.25,1
13566,2,0.25,0
13566,11,0.25,0
13566,14,0.25,0
13567,5,0.142857,1
13567,11,0.142857,0
13567,12,0.142857,0
13567,14,0.142857,0
13567,16,0.142857,0
13567,19,0.142857,0
13567,9,0.142857,0
13568,2,0.25,1
13568,11,0.25,0
13568,16,0.25,0
13568,19,0.25,0
13569,1,0.2,1
13569,2,0.2,0
13569,5,0.2,0
13569,11,0.2,0
13569,16,0.2,0
13570,1,0.5,1
13570,14,0.5,0
13571,1,0.5,1
13571,11,0.5,0
13572,1,0.5,1
13572,16,0.5,0
13573,1,0.142857,1
13573,2,0.142857,0
13573,5,0.142857,0
13573,9,0.142857,0
13573,11,0.142857,0
13573,12,0.142857,0
13573,14,0.142857,0
13574,5,0.25,1
13574,11,0.25,0
13574,16,0.25,0
13574,19,0.25,0
13575,5,0.25,1
13575,11,0.25,0
13575,16,0.25,0
13575,18,0.25,0
13576,1,0.333333,1
13576,11,0.333333,0
13576,16,0.333333,0
13577,5,0.333333,1
13577,11,0.333333,0
13577,19,0.333333,0
13578,2,0.5,1
13578,11,0.5,0
13579,1,0.5,1
13579,11,0.5,0
13580,2,0.142857,1
13580,5,0.142857,0
13580,12,0.142857,0
13580,14,0.142857,0
13580,16,0.142857,0
13580,18,0.142857,0
13580,9,0.142857,0
13581,11,0.25,1
13581,14,0.25,0
13581,16,0.25,0
13581,7,0.25,0
13582,1,0.333333,1
13582,14,0.333333,0
13582,16,0.333333,0
13583,1,0.2,1
13583,2,0.2,0
13583,5,0.2,0
13583,11,0.2,0
13583,19,0.2,0
13584,16,1.0,1
13585,1,0.333333,1
13585,2,0.333333,0
13585,14,0.333333,0
13586,1,0.25,1
13586,2,0.25,0
13586,11,0.25,0
13586,14,0.25,0
13587,2,0.25,1
13587,11,0.25,0
13587,16,0.25,0
13587,19,0.25,0
13588,11,0.333333,1
13588,16,0.333333,0
13588,19,0.333333,0
13589,1,0.333333,1
13589,5,0.333333,0
13589,11,0.333333,0
13590,1,0.5,1
13590,11,0.5,0
13591,1,0.25,1
13591,2,0.25,0
13591,11,0.25,0
13591,16,0.25,0
13592,1,0.5,1
13592,14,0.5,0
13593,11,1.0,1
13594,1,0.25,1
13594,11,0.25,0
13594,16,0.25,0
13594,19,0.25,0
13595,1,0.2,1
13595,11,0.2,0
13595,12,0.2,0
13595,14,0.2,0
13595,16,0.2,0
13596,1,0.5,1
13596,11,0.5,0
13597,2,0.2,1
13597,5,0.2,0
13597,11,0.2,0
13597,14,0.2,0
13597,16,0.2,0
13598,2,0.25,1
13598,11,0.25,0
13598,14,0.25,0
13598,16,0.25,0
13599,1,0.25,1
13599,2,0.25,0
13599,11,0.25,0
13599,14,0.25,0
13600,2,0.5,1
13600,11,0.5,0
13601,1,0.2,1
13601,2,0.2,0
13601,11,0.2,0
13601,14,0.2,0
13601,19,0.2,0
13602,1,1.0,1
13603,14,1.0,1
13604,1,0.333333,1
13604,2,0.333333,0
13604,14,0.333333,0
13605,11,0.333333,1
13605,16,0.333333,0
13605,19,0.333333,0
13606,1,0.25,1
13606,2,0.25,0
13606,5,0.25,0
13606,11,0.25,0
13607,1,0.25,1
13607,11,0.25,0
13607,16,0.25,0
13607,19,0.25,0
13608,11,0.333333,1
13608,14,0.333333,0
13608,16,0.333333,0
13609,1,0.333333,1
13609,2,0.333333,0
13609,14,0.333333,0
13610,1,0.2,1
13610,11,0.2,0
13610,12,0.2,0
13610,16,0.2,0
13610,19,0.2,0
13611,1,0.5,1
13611,11,0.5,0
13612,1,0.25,1
13612,2,0.25,0
13612,11,0.25,0
13612,16,0.25,0
13613,1,0.5,1
13613,11,0.5,0
13614,16,0.5,1
13614,19,0.5,0
13615,1,1.0,1
13616,1,0.5,1
13616,2,0.5,0
13617,1,0.25,1
13617,2,0.25,0
13617,14,0.25,0
13617,7,0.25,0
13618,14,0.5,1
13618,19,0.5,0
13619,2,0.25,1
13619,5,0.25,0
13619,11,0.25,0
13619,14,0.25,0
13620,16,0.5,1
13620,19,0.5,0
13621,1,0.5,1
13621,14,0.5,0
13622,2,0.333333,1
13622,11,0.333333,0
13622,14,0.333333,0
13623,1,0.5,1
13623,2,0.5,0
13624,2,0.5,1
13624,11,0.5,0
13625,2,0.333333,1
13625,11,0.333333,0
13625,14,0.333333,0
13626,11,0.5,1
13626,16,0.5,0
13627,2,0.25,1
13627,11,0.25,0
13627,14,0.25,0
13627,16,0.25,0
13628,2,0.25,1
13628,11,0.25,0
13628,12,0.25,0
13628,14,0.25,0
13629,1,0.5,1
13629,2,0.5,0
13630,11,0.333333,1
13630,14,0.333333,0
13630,19,0.333333,0
13631,14,0.5,1
13631,19,0.5,0
13632,5,0.333333,1
13632,11,0.333333,0
13632,16,0.333333,0
13633,2,0.25,1
13633,5,0.25,0
13633,11,0.25,0
13633,16,0.25,0
13634,11,0.25,1
13634,16,0.25,0
13634,19,0.25,0
13634,7,0.25,0
13635,1,0.2,1
13635,5,0.2,0
13635,11,0.2,0
13635,19,0.2,0
13635,9,0.2,0
13636,1,0.333333,1
13636,2,0.333333,0
13636,14,0.333333,0
13637,11,0.333333,1
13637,16,0.333333,0
13637,19,0.333333,0
13638,11,0.333333,1
13638,16,0.333333,0
13638,19,0.333333,0
13639,2,0.333333,1
13639,14,0.333333,0
13639,19,0.333333,0
13640,11,0.333333,1
13640,16,0.333333,0
13640,19,0.333333,0
13641,1,0.166667,1
13641,2,0.166667,0
13641,5,0.166667,0
13641,11,0.166667,0
13641,14,0.166667,0
13641,16,0.166667,0
13642,1,0.5,1
13642,2,0.5,0
13643,14,1.0,1
13644,2,0.2,1
13644,5,0.2,0
13644,11,0.2,0
13644,14,0.2,0
13644,16,0.2,0
13645,1,0.5,1
13645,14,0.5,0
13646,1,0.5,1
13646,11,0.5,0
13647,1,0.5,1
13647,11,0.5,0
13648,1,0.333333,1
13648,11,0.333333,0
13648,19,0.333333,0
13649,19,1.0,1
13650,14,0.5,1
13650,19,0.5,0
13651,5,0.25,1
13651,11,0.25,0
13651,16,0.25,0
13651,19,0.25,0
13652,1,0.166667,1
13652,2,0.166667,0
13652,5,0.166667,0
13652,11,0.166667,0
13652,12,0.166667,0
13652,9,0.166667,0
13653,1,0.333333,1
13653,2,0.333333,0
13653,11,0.333333,0
13654,1,0.2,1
13654,5,0.2,0
13654,11,0.2,0
13654,16,0.2,0
13654,19,0.2,0
13655,2,0.333333,1
13655,5,0.333333,0
13655,11,0.333333,0
13656,2,0.5,1
13656,11,0.5,0
13657,1,0.5,1
13657,19,0.5,0
13658,1,0.2,1
13658,2,0.2,0
13658,11,0.2,0
13658,14,0.2,0
13658,16,0.2,0
13659,1,0.25,1
13659,2,0.25,0
13659,11,0.25,0
13659,16,0.25,0
13660,11,0.333333,1
13660,16,0.333333,0
13660,19,0.333333,0
13661,11,0.25,1
13661,16,0.25,0
13661,18,0.25,0
13661,19,0.25,0
13662,2,0.333333,1
13662,14,0.333333,0
13662,19,0.333333,0
13663,1,0.5,1
13663,14,0.5,0
13664,2,1.0,1
13665,1,0.25,1
13665,2,0.25,0
13665,11,0.25,0
13665,14,0.25,0
13666,1,0.5,1
13666,2,0.5,0
13667,16,1.0,1
13668,1,0.166667,1
13668,2,0.166667,0
13668,5,0.166667,0
13668,11,0.166667,0
13668,16,0.166667,0
13668,19,0.166667,0
13669,19,1.0,1
13670,19,1.0,1
13671,1,0.2,1
13671,2,0.2,0
13671,11,0.2,0
13671,14,0.2,0
13671,16,0.2,0
13672,16,0.333333,1
13672,19,0.333333,0
13672,7,0.333333,0
13673,1,0.333333,1
13673,18,0.333333,0
13673,7,0.333333,0
13674,2,0.333333,1
13674,11,0.333333,0
13674,14,0.333333,0
13675,1,0.25,1
13675,2,0.25,0
13675,11,0.25,0
13675,14,0.25,0
13676,1,0.25,1
13676,2,0.25,0
13676,11,0.25,0
13676,12,0.25,0
13677,1,0.333333,1
13677,11,0.333333,0
13677,16,0.333333,0
13678,1,0.25,1
13678,2,0.25,0
13678,5,0.25,0
13678,11,0.25,0
13679,14,0.333333,1
13679,16,0.333333,0
13679,19,0.333333,0
13680,19,1.0,1
13681,1,0.333333,1
13681,2,0.333333,0
13681,14,0.333333,0
13682,1,0.2,1
13682,2,0.2,0
13682,11,0.2,0
13682,14,0.2,0
13682,7,0.2,0
13683,11,0.5,1
13683,14,0.5,0
13684,2,0.333333,1
13684,5,0.333333,0
13684,11,0.333333,0
13685,1,0.5,1
13685,11,0.5,0
13686,1,0.25,1
13686,11,0.25,0
13686,15,0.25,0
13686,9,0.25,0
13687,2,0.25,1
13687,11,0.25,0
13687,14,0.25,0
13687,19,0.25,0
13688,1,0.5,1
13688,2,0.5,0
13689,11,0.333333,1
13689,16,0.333333,0
13689,19,0.333333,0
13690,1,0.5,1
13690,2,0.5,0
13691,1,0.25,1
13691,11,0.25,0
13691,14,0.25,0
13691,7,0.25,0
13692,1,0.333333,1
13692,2,0.333333,0
13692,11,0.333333,0
13693,11,1.0,1
13694,19,0.5,1
13694,9,0.5,0
13695,11,0.5,1
13695,19,0.5,0
13696,1,0.25,1
13696,2,0.25,0
13696,11,0.25,0
13696,19,0.25,0
13697,1,0.5,1
13697,2,0.5,0
13698,1,0.5,1
13698,2,0.5,0
13699,1,0.166667,1
13699,11,0.166667,0
13699,12,0.166667,0
13699,14,0.166667,0
13699,19,0.166667,0
13699,9,0.166667,0
13700,1,0.333333,1
13700,5,0.333333,0
13700,18,0.333333,0
13701,2,0.333333,1
13701,5,0.333333,0
13701,11,0.333333,0
13702,11,0.333333,1
13702,16,0.333333,0
13702,7,0.333333,0
13703,1,0.25,1
13703,2,0.25,0
13703,5,0.25,0
13703,11,0.25,0
13704,11,0.333333,1
13704,16,0.333333,0
13704,19,0.333333,0
13705,2,0.333333,1
13705,11,0.333333,0
13705,16,0.333333,0
13706,16,1.0,1
13707,5,0.333333,1
13707,16,0.333333,0
13707,9,0.333333,0
13708,1,0.25,1
13708,2,0.25,0
13708,11,0.25,0
13708,14,0.25,0
13709,1,0.166667,1
13709,11,0.166667,0
13709,14,0.166667,0
13709,16,0.166667,0
13709,19,0.166667,0
13709,7,0.166667,0
13710,11,0.333333,1
13710,16,0.333333,0
13710,19,0.333333,0
13711,1,0.5,1
13711,2,0.5,0
13712,5,0.333333,1
13712,14,0.333333,0
13712,16,0.333333,0
13713,1,0.125,1
13713,2,0.125,0
13713,11,0.125,0
13713,12,0.125,0
13713,14,0.125,0
13713,16,0.125,0
13713,19,0.125,0
13713,7,0.125,0
13714,2,0.333333,1
13714,11,0.333333,0
13714,14,0.333333,0
13715,1,0.5,1
13715,2,0.5,0
13716,14,0.5,1
13716,19,0.5,0
13717,1,0.25,1
13717,11,0.25,0
13717,16,0.25,0
13717,18,0.25,0
13718,2,0.5,1
13718,11,0.5,0
13719,5,0.333333,1
13719,11,0.333333,0
13719,16,0.333333,0
13720,14,1.0,1
13721,1,0.333333,1
13721,2,0.333333,0
13721,14,0.333333,0
13722,1,0.25,1
13722,2,0.25,0
13722,11,0.25,0
13722,14,0.25,0
13723,2,0.5,1
13723,11,0.5,0
13724,1,0.5,1
13724,7,0.5,0
13725,1,0.25,1
13725,2,0.25,0
13725,5,0.25,0
13725,11,0.25,0
13726,5,0.333333,1
13726,11,0.333333,0
13726,16,0.333333,0
13727,1,0.5,1
13727,11,0.5,0
13728,1,0.2,1
13728,2,0.2,0
13728,11,0.2,0
13728,14,0.2,0
13728,16,0.2,0
13729,5,0.5,1
13729,11,0.5,0
13730,1,0.333333,1
13730,5,0.333333,0
13730,11,0.333333,0
13731,1,0.333333,1
13731,2,0.333333,0
13731,14,0.333333,0
13732,16,0.5,1
13732,19,0.5,0
13733,5,0.25,1
13733,11,0.25,0
13733,19,0.25,0
13733,9,0.25,0
13734,1,0.5,1
13734,2,0.5,0
13735,2,0.2,1
13735,11,0.2,0
13735,14,0.2,0
13735,16,0.2,0
13735,19,0.2,0
13736,1,0.5,1
13736,14,0.5,0
13737,1,0.5,1
13737,2,0.5,0
13738,1,0.5,1
13738,11,0.5,0
13739,1,0.5,1
13739,2,0.5,0
13740,1,1.0,1
13741,1,1.0,1
13742,1,0.2,1
13742,11,0.2,0
13742,12,0.2,0
13742,16,0.2,0
13742,19,0.2,0
13743,1,0.333333,1
13743,5,0.333333,0
13743,11,0.333333,0
13744,11,0.25,1
13744,16,0.25,0
13744,19,0.25,0
13744,7,0.25,0
13745,1,0.5,1
13745,2,0.5,0
13746,11,0.5,1
13746,16,0.5,0
13747,1,0.5,1
13747,2,0.5,0
13748,1,0.25,1
13748,11,0.25,0
13748,14,0.25,0
13748,16,0.25,0
13749,1,0.2,1
13749,2,0.2,0
13749,5,0.2,0
13749,11,0.2,0
13749,16,0.2,0
13750,19,1.0,1
13751,1,0.166667,1
13751,11,0.166667,0
13751,12,0.166667,0
13751,14,0.166667,0
13751,16,0.166667,0
13751,19,0.166667,0
13752,1,0.333333,1
13752,2,0.333333,0
13752,14,0.333333,0
13753,11,0.333333,1
13753,16,0.333333,0
13753,19,0.333333,0
13754,1,0.2,1
13754,11,0.2,0
13754,15,0.2,0
13754,16,0.2,0
13754,18,0.2,0
13755,2,0.2,1
13755,5,0.2,0
13755,11,0.2,0
13755,14,0.2,0
13755,16,0.2,0
13756,11,0.25,1
13756,14,0.25,0
13756,16,0.25,0
13756,19,0.25,0
13757,2,0.25,1
13757,11,0.25,0
13757,14,0.25,0
13757,19,0.25,0
13758,11,0.5,1
13758,14,0.5,0
13759,1,0.25,1
13759,5,0.25,0
13759,11,0.25,0
13759,16,0.25,0
13760,16,0.5,1
13760,19,0.5,0
13761,1,0.5,1
13761,2,0.5,0
13762,2,0.2,1
13762,5,0.2,0
13762,11,0.2,0
13762,14,0.2,0
13762,16,0.2,0
13763,1,1.0,1
13764,2,0.25,1
13764,11,0.25,0
13764,14,0.25,0
13764,19,0.25,0
13765,1,0.2,1
13765,2,0.2,0
13765,11,0.2,0
13765,14,0.2,0
13765,16,0.2,0
13766,1,0.125,1
13766,2,0.125,0
13766,5,0.125,0
13766,11,0.125,0
13766,12,0.125,0
13766,14,0.125,0
13766,19,0.125,0
13766,9,0.125,0
13767,1,0.333333,1
13767,16,0.333333,0
13767,19,0.333333,0
13768,19,1.0,1
13769,1,0.5,1
13769,2,0.5,0
13770,2,0.333333,1
13770,11,0.333333,0
13770,19,0.333333,0
13771,14,0.2,1
13771,6,0.2,0
13771,8,0.2,0
13771,23,0.2,0
13771,10,0.2,0
13772,1,0.25,1
13772,11,0.25,0
13772,14,0.25,0
13772,19,0.25,0
13773,2,0.2,1
13773,5,0.2,0
13773,11,0.2,0
13773,16,0.2,0
13773,19,0.2,0
13774,11,0.333333,1
13774,16,0.333333,0
13774,19,0.333333,0
13775,14,1.0,1
13776,2,0.166667,1
13776,5,0.166667,0
13776,11,0.166667,0
13776,14,0.166667,0
13776,16,0.166667,0
13776,19,0.166667,0
13777,1,0.5,1
13777,11,0.5,0
13778,2,0.25,1
13778,5,0.25,0
13778,11,0.25,0
13778,16,0.25,0
13779,5,0.333333,1
13779,15,0.333333,0
13779,18,0.333333,0
13780,19,1.0,1
13781,1,0.2,1
13781,2,0.2,0
13781,11,0.2,0
13781,14,0.2,0
13781,7,0.2,0
13782,1,0.25,1
13782,2,0.25,0
13782,14,0.25,0
13782,16,0.25,0
13783,16,0.5,1
13783,19,0.5,0
13784,2,0.25,1
13784,5,0.25,0
13784,14,0.25,0
13784,16,0.25,0
13785,1,0.25,1
13785,2,0.25,0
13785,11,0.25,0
13785,16,0.25,0
13786,1,1.0,1
13787,2,0.166667,1
13787,5,0.166667,0
13787,11,0.166667,0
13787,14,0.166667,0
13787,16,0.166667,0
13787,7,0.166667,0
13788,11,0.5,1
13788,16,0.5,0
13789,1,0.2,1
13789,2,0.2,0
13789,11,0.2,0
13789,14,0.2,0
13789,16,0.2,0
13790,5,0.333333,1
13790,16,0.333333,0
13790,19,0.333333,0
13791,1,0.333333,1
13791,2,0.333333,0
13791,14,0.333333,0
13792,1,0.5,1
13792,11,0.5,0
13793,2,0.333333,1
13793,11,0.333333,0
13793,16,0.333333,0
13794,1,0.5,1
13794,11,0.5,0
13795,11,0.333333,1
13795,14,0.333333,0
13795,16,0.333333,0
13796,1,0.333333,1
13796,2,0.333333,0
13796,14,0.333333,0
13797,1,0.5,1
13797,14,0.5,0
13798,1,0.2,1
13798,5,0.2,0
13798,11,0.2,0
13798,16,0.2,0
13798,19,0.2,0
13799,5,0.333333,1
13799,11,0.333333,0
13799,16,0.333333,0
13800,1,0.333333,1
13800,2,0.333333,0
13800,16,0.333333,0
13801,1,0.333333,1
13801,11,0.333333,0
13801,7,0.333333,0
13802,1,0.5,1
13802,2,0.5,0
13803,14,0.5,1
13803,19,0.5,0
13804,14,0.333333,1
13804,16,0.333333,0
13804,19,0.333333,0
13805,2,0.333333,1
13805,11,0.333333,0
13805,14,0.333333,0
13806,14,0.5,1
13806,19,0.5,0
13807,2,1.0,1
13808,1,0.2,1
13808,2,0.2,0
13808,11,0.2,0
13808,14,0.2,0
13808,16,0.2,0
13809,2,0.333333,1
13809,11,0.333333,0
13809,14,0.333333,0
13810,5,0.2,1
13810,11,0.2,0
13810,16,0.2,0
13810,19,0.2,0
13810,7,0.2,0
13811,2,0.333333,1
13811,5,0.333333,0
13811,11,0.333333,0
13812,15,0.25,1
13812,16,0.25,0
13812,18,0.25,0
13812,19,0.25,0
13813,1,1.0,1
13814,20,0.5,1
13814,7,0.5,0
13815,14,1.0,1
13816,14,1.0,1
13817,1,0.25,1
13817,11,0.25,0
13817,16,0.25,0
13817,19,0.25,0
13818,14,1.0,1
13819,14,1.0,1
13820,14,1.0,1
13821,14,1.0,1
13822,16,0.5,1
13822,19,0.5,0
13823,2,0.2,1
13823,9,0.2,0
13823,11,0.2,0
13823,12,0.2,0
13823,14,0.2,0
13824,2,0.25,1
13824,12,0.25,0
13824,14,0.25,0
13824,9,0.25,0
13825,1,1.0,1
13826,12,0.333333,1
13826,14,0.333333,0
13826,9,0.333333,0
13827,5,0.25,1
13827,11,0.25,0
13827,16,0.25,0
13827,19,0.25,0
13828,1,0.5,1
13828,2,0.5,0
13829,1,0.333333,1
13829,2,0.333333,0
13829,11,0.333333,0
13830,2,1.0,1
13831,1,0.5,1
13831,19,0.5,0
13832,1,0.5,1
13832,2,0.5,0
13833,14,1.0,1
13834,1,0.333333,1
13834,11,0.333333,0
13834,14,0.333333,0
13835,2,0.25,1
13835,11,0.25,0
13835,14,0.25,0
13835,19,0.25,0
13836,19,1.0,1
13837,1,0.25,1
13837,2,0.25,0
13837,5,0.25,0
13837,11,0.25,0
13838,1,1.0,1
13839,15,0.5,1
13839,18,0.5,0
13840,2,0.333333,1
13840,5,0.333333,0
13840,11,0.333333,0
13841,2,0.333333,1
13841,11,0.333333,0
13841,14,0.333333,0
13842,1,0.333333,1
13842,2,0.333333,0
13842,11,0.333333,0
13843,1,0.2,1
13843,11,0.2,0
13843,14,0.2,0
13843,16,0.2,0
13843,7,0.2,0
13844,19,1.0,1
13845,1,0.333333,1
13845,16,0.333333,0
13845,19,0.333333,0
13846,2,0.25,1
13846,5,0.25,0
13846,11,0.25,0
13846,16,0.25,0
13847,1,0.333333,1
13847,5,0.333333,0
13847,11,0.333333,0
13848,11,0.5,1
13848,16,0.5,0
13849,1,0.2,1
13849,2,0.2,0
13849,5,0.2,0
13849,11,0.2,0
13849,16,0.2,0
13850,5,0.333333,1
13850,11,0.333333,0
13850,19,0.333333,0
13851,1,0.25,1
13851,11,0.25,0
13851,16,0.25,0
13851,19,0.25,0
13852,2,0.5,1
13852,11,0.5,0
13853,1,0.5,1
13853,16,0.5,0
13854,1,0.5,1
13854,2,0.5,0
13855,1,0.25,1
13855,2,0.25,0
13855,11,0.25,0
13855,14,0.25,0
13856,2,0.5,1
13856,5,0.5,0
13857,1,0.5,1
13857,2,0.5,0
13858,2,0.25,1
13858,5,0.25,0
13858,16,0.25,0
13858,9,0.25,0
13859,1,0.333333,1
13859,2,0.333333,0
13859,11,0.333333,0
13860,1,0.5,1
13860,2,0.5,0
13861,11,0.5,1
13861,14,0.5,0
13862,1,0.333333,1
13862,2,0.333333,0
13862,14,0.333333,0
13863,1,0.333333,1
13863,2,0.333333,0
13863,19,0.333333,0
13864,1,0.333333,1
13864,2,0.333333,0
13864,14,0.333333,0
13865,1,1.0,1
13866,1,0.5,1
13866,2,0.5,0
13867,1,1.0,1
13868,1,0.25,1
13868,11,0.25,0
13868,16,0.25,0
13868,19,0.25,0
13869,2,0.25,1
13869,5,0.25,0
13869,11,0.25,0
13869,16,0.25,0
13870,1,0.2,1
13870,11,0.2,0
13870,12,0.2,0
13870,9,0.2,0
13870,7,0.2,0
13871,11,0.333333,1
13871,14,0.333333,0
13871,16,0.333333,0
13872,1,0.5,1
13872,12,0.5,0
13873,16,1.0,1
13874,1,1.0,1
13875,2,0.2,1
13875,5,0.2,0
13875,11,0.2,0
13875,16,0.2,0
13875,19,0.2,0
13876,1,1.0,1
13877,1,0.25,1
13877,2,0.25,0
13877,11,0.25,0
13877,14,0.25,0
13878,1,0.25,1
13878,12,0.25,0
13878,14,0.25,0
13878,9,0.25,0
13879,2,0.333333,1
13879,5,0.333333,0
13879,11,0.333333,0
13880,11,0.333333,1
13880,14,0.333333,0
13880,19,0.333333,0
13881,2,0.5,1
13881,11,0.5,0
13882,15,0.333333,1
13882,16,0.333333,0
13882,18,0.333333,0
13883,5,0.333333,1
13883,11,0.333333,0
13883,19,0.333333,0
13884,1,0.333333,1
13884,5,0.333333,0
13884,19,0.333333,0
13885,2,0.2,1
13885,5,0.2,0
13885,14,0.2,0
13885,16,0.2,0
13885,9,0.2,0
13886,1,0.333333,1
13886,2,0.333333,0
13886,11,0.333333,0
13887,1,0.25,1
13887,2,0.25,0
13887,15,0.25,0
13887,16,0.25,0
13888,1,0.2,1
13888,2,0.2,0
13888,15,0.2,0
13888,18,0.2,0
13888,19,0.2,0
13889,16,1.0,1
13890,1,0.5,1
13890,2,0.5,0
13891,1,0.5,1
13891,2,0.5,0
13892,1,0.25,1
13892,5,0.25,0
13892,11,0.25,0
13892,19,0.25,0
13893,2,0.333333,1
13893,5,0.333333,0
13893,11,0.333333,0
13894,15,1.0,1
13895,1,0.25,1
13895,2,0.25,0
13895,11,0.25,0
13895,16,0.25,0
13896,1,0.166667,1
13896,2,0.166667,0
13896,5,0.166667,0
13896,11,0.166667,0
13896,16,0.166667,0
13896,19,0.166667,0
13897,11,0.333333,1
13897,3,0.333333,0
13897,21,0.333333,0
13898,1,0.333333,1
13898,2,0.333333,0
13898,15,0.333333,0
13899,2,0.25,1
13899,5,0.25,0
13899,11,0.25,0
13899,14,0.25,0
13900,2,0.5,1
13900,11,0.5,0
13901,2,0.333333,1
13901,11,0.333333,0
13901,14,0.333333,0
13902,1,0.333333,1
13902,2,0.333333,0
13902,5,0.333333,0
13903,11,0.5,1
13903,14,0.5,0
13904,1,0.5,1
13904,2,0.5,0
13905,2,0.5,1
13905,14,0.5,0
13906,2,1.0,1
13907,1,1.0,1
13908,11,1.0,1
13909,5,0.5,1
13909,16,0.5,0
13910,2,1.0,1
13911,1,0.5,1
13911,11,0.5,0
13912,11,0.333333,1
13912,14,0.333333,0
13912,19,0.333333,0
13913,5,0.333333,1
13913,11,0.333333,0
13913,16,0.333333,0
13914,1,0.166667,1
13914,5,0.166667,0
13914,11,0.166667,0
13914,14,0.166667,0
13914,18,0.166667,0
13914,9,0.166667,0
13915,1,0.333333,1
13915,11,0.333333,0
13915,18,0.333333,0
13916,1,0.2,1
13916,2,0.2,0
13916,11,0.2,0
13916,16,0.2,0
13916,7,0.2,0
13917,5,0.333333,1
13917,11,0.333333,0
13917,19,0.333333,0
13918,19,1.0,1
13919,2,0.5,1
13919,14,0.5,0
13920,5,0.25,1
13920,11,0.25,0
13920,14,0.25,0
13920,19,0.25,0
13921,2,0.333333,1
13921,11,0.333333,0
13921,16,0.333333,0
13922,1,0.333333,1
13922,2,0.333333,0
13922,11,0.333333,0
13923,1,0.25,1
13923,15,0.25,0
13923,16,0.25,0
13923,18,0.25,0
13924,11,0.5,1
13924,14,0.5,0
13925,1,0.333333,1
13925,2,0.333333,0
13925,11,0.333333,0
13926,5,0.25,1
13926,11,0.25,0
13926,16,0.25,0
13926,19,0.25,0
13927,2,0.333333,1
13927,11,0.333333,0
13927,19,0.333333,0
13928,1,0.5,1
13928,2,0.5,0
13929,1,0.25,1
13929,11,0.25,0
13929,16,0.25,0
13929,19,0.25,0
13930,11,0.25,1
13930,16,0.25,0
13930,19,0.25,0
13930,7,0.25,0
13931,16,0.5,1
13931,19,0.5,0
13932,11,0.5,1
13932,14,0.5,0
13933,11,0.5,1
13933,14,0.5,0
13934,1,0.333333,1
13934,5,0.333333,0
13934,11,0.333333,0
13935,2,0.333333,1
13935,14,0.333333,0
13935,19,0.333333,0
13936,1,0.333333,1
13936,2,0.333333,0
13936,16,0.333333,0
13937,1,0.25,1
13937,2,0.25,0
13937,11,0.25,0
13937,14,0.25,0
13938,1,0.5,1
13938,14,0.5,0
13939,1,0.5,1
13939,15,0.5,0
13940,1,0.25,1
13940,2,0.25,0
13940,11,0.25,0
13940,16,0.25,0
13941,16,1.0,1
13942,2,0.25,1
13942,14,0.25,0
13942,19,0.25,0
13942,9,0.25,0
13943,11,0.333333,1
13943,16,0.333333,0
13943,7,0.333333,0
13944,1,0.25,1
13944,2,0.25,0
13944,14,0.25,0
13944,9,0.25,0
13945,1,0.25,1
13945,2,0.25,0
13945,5,0.25,0
13945,14,0.25,0
13946,1,0.333333,1
13946,16,0.333333,0
13946,19,0.333333,0
13947,1,1.0,1
13948,11,1.0,1
13949,1,0.5,1
13949,14,0.5,0
13950,5,0.333333,1
13950,16,0.333333,0
13950,9,0.333333,0
13951,1,0.333333,1
13951,16,0.333333,0
13951,19,0.333333,0
13952,1,1.0,1
13953,1,0.2,1
13953,5,0.2,0
13953,11,0.2,0
13953,16,0.2,0
13953,7,0.2,0
13954,1,1.0,1
13955,5,0.5,1
13955,16,0.5,0
13956,1,0.333333,1
13956,2,0.333333,0
13956,14,0.333333,0
13957,1,0.2,1
13957,2,0.2,0
13957,11,0.2,0
13957,17,0.2,0
13957,20,0.2,0
13958,16,0.5,1
13958,19,0.5,0
13959,1,0.5,1
13959,2,0.5,0
13960,19,1.0,1
13961,5,0.333333,1
13961,16,0.333333,0
13961,19,0.333333,0
13962,16,0.5,1
13962,19,0.5,0
13963,16,0.5,1
13963,19,0.5,0
13964,1,0.333333,1
13964,11,0.333333,0
13964,14,0.333333,0
13965,2,0.166667,1
13965,5,0.166667,0
13965,11,0.166667,0
13965,15,0.166667,0
13965,16,0.166667,0
13965,7,0.166667,0
13966,2,0.333333,1
13966,11,0.333333,0
13966,16,0.333333,0
13967,1,1.0,1
13968,5,0.333333,1
13968,11,0.333333,0
13968,16,0.333333,0
13969,11,0.333333,1
13969,16,0.333333,0
13969,19,0.333333,0
13970,1,0.333333,1
13970,2,0.333333,0
13970,11,0.333333,0
13971,1,0.2,1
13971,2,0.2,0
13971,11,0.2,0
13971,14,0.2,0
13971,16,0.2,0
13972,1,0.333333,1
13972,2,0.333333,0
13972,5,0.333333,0
13973,11,0.2,1
13973,14,0.2,0
13973,16,0.2,0
13973,19,0.2,0
13973,7,0.2,0
13974,1,0.5,1
13974,2,0.5,0
13975,2,0.333333,1
13975,11,0.333333,0
13975,16,0.333333,0
13976,1,0.333333,1
13976,2,0.333333,0
13976,11,0.333333,0
13977,1,0.5,1
13977,11,0.5,0
13978,5,0.333333,1
13978,14,0.333333,0
13978,16,0.333333,0
13979,11,0.333333,1
13979,14,0.333333,0
13979,19,0.333333,0
13980,5,0.5,1
13980,11,0.5,0
13981,1,0.142857,1
13981,2,0.142857,0
13981,11,0.142857,0
13981,12,0.142857,0
13981,14,0.142857,0
13981,9,0.142857,0
13981,7,0.142857,0
13982,1,0.5,1
13982,2,0.5,0
13983,11,0.333333,1
13983,16,0.333333,0
13983,19,0.333333,0
13984,2,1.0,1
13985,11,0.333333,1
13985,16,0.333333,0
13985,19,0.333333,0
13986,14,1.0,1
13987,1,0.25,1
13987,11,0.25,0
13987,14,0.25,0
13987,16,0.25,0
13988,1,0.5,1
13988,11,0.5,0
13989,2,0.5,1
13989,11,0.5,0
13990,19,1.0,1
13991,11,0.5,1
13991,16,0.5,0
13992,1,0.2,1
13992,5,0.2,0
13992,11,0.2,0
13992,16,0.2,0
13992,19,0.2,0
13993,1,0.25,1
13993,2,0.25,0
13993,11,0.25,0
13993,14,0.25,0
13994,2,0.5,1
13994,11,0.5,0
13995,16,0.5,1
13995,7,0.5,0
13996,2,0.5,1
13996,14,0.5,0
13997,5,0.333333,1
13997,11,0.333333,0
13997,16,0.333333,0
13998,1,1.0,1
13999,16,0.5,1
13999,18,0.5,0
14000,1,0.25,1
14000,11,0.25,0
14000,14,0.25,0
14000,19,0.25,0
14001,14,0.5,1
14001,16,0.5,0
14002,1,0.333333,1
14002,2,0.333333,0
14002,11,0.333333,0
14003,5,0.25,1
14003,11,0.25,0
14003,16,0.25,0
14003,19,0.25,0
14004,5,0.25,1
14004,11,0.25,0
14004,16,0.25,0
14004,19,0.25,0
14005,1,0.25,1
14005,2,0.25,0
14005,11,0.25,0
14005,19,0.25,0
14006,2,0.5,1
14006,11,0.5,0
14007,2,1.0,1
14008,5,0.333333,1
14008,16,0.333333,0
14008,19,0.333333,0
14009,5,0.5,1
14009,11,0.5,0
14010,1,0.333333,1
14010,2,0.333333,0
14010,11,0.333333,0
14011,15,0.333333,1
14011,16,0.333333,0
14011,18,0.333333,0
14012,1,0.2,1
14012,2,0.2,0
14012,11,0.2,0
14012,14,0.2,0
14012,16,0.2,0
14013,1,0.25,1
14013,2,0.25,0
14013,11,0.25,0
14013,14,0.25,0
14014,1,0.333333,1
14014,2,0.333333,0
14014,11,0.333333,0
14015,5,0.333333,1
14015,11,0.333333,0
14015,9,0.333333,0
14016,1,0.2,1
14016,2,0.2,0
14016,11,0.2,0
14016,14,0.2,0
14016,16,0.2,0
14017,2,0.5,1
14017,16,0.5,0
14018,1,0.166667,1
14018,2,0.166667,0
14018,5,0.166667,0
14018,11,0.166667,0
14018,16,0.166667,0
14018,19,0.166667,0
14019,1,0.333333,1
14019,11,0.333333,0
14019,7,0.333333,0
14020,2,0.5,1
14020,16,0.5,0
14021,2,0.2,1
14021,5,0.2,0
14021,11,0.2,0
14021,14,0.2,0
14021,16,0.2,0
14022,1,0.333333,1
14022,12,0.333333,0
14022,9,0.333333,0
14023,1,0.333333,1
14023,5,0.333333,0
14023,18,0.333333,0
14024,16,1.0,1
14025,2,0.25,1
14025,11,0.25,0
14025,14,0.25,0
14025,19,0.25,0
14026,1,0.5,1
14026,11,0.5,0
14027,16,0.5,1
14027,18,0.5,0
14028,1,0.25,1
14028,2,0.25,0
14028,16,0.25,0
14028,19,0.25,0
14029,1,0.5,1
14029,2,0.5,0
14030,5,0.25,1
14030,11,0.25,0
14030,15,0.25,0
14030,16,0.25,0
14031,5,1.0,1
14032,1,0.333333,1
14032,2,0.333333,0
14032,14,0.333333,0
14033,2,0.25,1
14033,11,0.25,0
14033,16,0.25,0
14033,19,0.25,0
14034,16,0.5,1
14034,19,0.5,0
14035,11,0.5,1
14035,16,0.5,0
14036,1,0.5,1
14036,9,0.5,0
14037,2,0.2,1
14037,5,0.2,0
14037,11,0.2,0
14037,15,0.2,0
14037,16,0.2,0
14038,1,0.166667,1
14038,2,0.166667,0
14038,12,0.166667,0
14038,14,0.166667,0
14038,19,0.166667,0
14038,9,0.166667,0
14039,11,0.333333,1
14039,16,0.333333,0
14039,19,0.333333,0
14040,1,0.25,1
14040,5,0.25,0
14040,11,0.25,0
14040,19,0.25,0
14041,2,0.5,1
14041,11,0.5,0
14042,1,0.25,1
14042,11,0.25,0
14042,19,0.25,0
14042,7,0.25,0
14043,1,0.333333,1
14043,5,0.333333,0
14043,11,0.333333,0
14044,14,0.5,1
14044,16,0.5,0
14045,11,0.5,1
14045,16,0.5,0
14046,1,0.333333,1
14046,2,0.333333,0
14046,11,0.333333,0
14047,2,0.5,1
14047,14,0.5,0
14048,16,0.5,1
14048,19,0.5,0
14049,2,0.333333,1
14049,5,0.333333,0
14049,11,0.333333,0
14050,5,0.5,1
14050,11,0.5,0
14051,11,1.0,1
14052,1,0.5,1
14052,2,0.5,0
14053,16,0.5,1
14053,19,0.5,0
14054,1,0.333333,1
14054,2,0.333333,0
14054,11,0.333333,0
14055,16,0.5,1
14055,19,0.5,0
14056,2,0.2,1
14056,5,0.2,0
14056,11,0.2,0
14056,14,0.2,0
14056,16,0.2,0
14057,1,1.0,1
14058,16,1.0,1
14059,2,0.5,1
14059,11,0.5,0
14060,14,0.333333,1
14060,16,0.333333,0
14060,19,0.333333,0
14061,1,0.333333,1
14061,2,0.333333,0
14061,11,0.333333,0
14062,1,0.333333,1
14062,2,0.333333,0
14062,16,0.333333,0
14063,1,0.5,1
14063,14,0.5,0
14064,1,0.2,1
14064,11,0.2,0
14064,12,0.2,0
14064,16,0.2,0
14064,19,0.2,0
14065,1,0.333333,1
14065,18,0.333333,0
14065,7,0.333333,0
14066,2,1.0,1
14067,16,1.0,1
14068,5,0.5,1
14068,11,0.5,0
14069,1,0.333333,1
14069,2,0.333333,0
14069,11,0.333333,0
14070,11,0.333333,1
14070,14,0.333333,0
14070,16,0.333333,0
14071,2,0.333333,1
14071,11,0.333333,0
14071,16,0.333333,0
14072,1,0.25,1
14072,2,0.25,0
14072,11,0.25,0
14072,14,0.25,0
14073,1,0.5,1
14073,14,0.5,0
14074,2,0.333333,1
14074,11,0.333333,0
14074,14,0.333333,0
14075,11,0.5,1
14075,19,0.5,0
14076,14,1.0,1
14077,1,0.333333,1
14077,5,0.333333,0
14077,11,0.333333,0
14078,14,0.5,1
14078,19,0.5,0
14079,5,0.25,1
14079,11,0.25,0
14079,14,0.25,0
14079,16,0.25,0
14080,1,0.25,1
14080,2,0.25,0
14080,5,0.25,0
14080,11,0.25,0
14081,2,0.333333,1
14081,14,0.333333,0
14081,16,0.333333,0
14082,5,0.5,1
14082,11,0.5,0
14083,1,1.0,1
14084,1,0.5,1
14084,11,0.5,0
14085,1,0.5,1
14085,2,0.5,0
14086,11,0.25,1
14086,16,0.25,0
14086,19,0.25,0
14086,7,0.25,0
14087,2,0.2,1
14087,5,0.2,0
14087,11,0.2,0
14087,14,0.2,0
14087,16,0.2,0
14088,1,1.0,1
14089,1,0.5,1
14089,2,0.5,0
14090,5,0.333333,1
14090,11,0.333333,0
14090,19,0.333333,0
14091,1,0.5,1
14091,2,0.5,0
14092,1,0.333333,1
14092,2,0.333333,0
14092,11,0.333333,0
14093,2,0.2,1
14093,5,0.2,0
14093,11,0.2,0
14093,14,0.2,0
14093,7,0.2,0
14094,1,0.166667,1
14094,2,0.166667,0
14094,5,0.166667,0
14094,11,0.166667,0
14094,16,0.166667,0
14094,19,0.166667,0
14095,1,0.2,1
14095,11,0.2,0
14095,14,0.2,0
14095,16,0.2,0
14095,18,0.2,0
14096,1,0.142857,1
14096,2,0.142857,0
14096,5,0.142857,0
14096,11,0.142857,0
14096,12,0.142857,0
14096,14,0.142857,0
14096,7,0.142857,0
14097,2,0.5,1
14097,11,0.5,0
14098,11,0.333333,1
14098,14,0.333333,0
14098,19,0.333333,0
14099,2,0.5,1
14099,11,0.5,0
14100,1,0.2,1
14100,2,0.2,0
14100,11,0.2,0
14100,14,0.2,0
14100,16,0.2,0
14101,14,0.5,1
14101,19,0.5,0
14102,1,0.5,1
14102,11,0.5,0
14103,2,0.333333,1
14103,5,0.333333,0
14103,11,0.333333,0
14104,1,0.5,1
14104,2,0.5,0
14105,1,0.166667,1
14105,2,0.166667,0
14105,11,0.166667,0
14105,14,0.166667,0
14105,16,0.166667,0
14105,19,0.166667,0
14106,1,0.5,1
14106,14,0.5,0
14107,5,0.333333,1
14107,16,0.333333,0
14107,19,0.333333,0
14108,5,0.25,1
14108,11,0.25,0
14108,16,0.25,0
14108,19,0.25,0
14109,16,0.5,1
14109,19,0.5,0
14110,2,0.25,1
14110,5,0.25,0
14110,11,0.25,0
14110,16,0.25,0
14111,5,0.25,1
14111,11,0.25,0
14111,16,0.25,0
14111,19,0.25,0
14112,14,1.0,1
14113,5,0.2,1
14113,11,0.2,0
14113,14,0.2,0
14113,16,0.2,0
14113,19,0.2,0
14114,1,0.25,1
14114,2,0.25,0
14114,11,0.25,0
14114,16,0.25,0
14115,1,0.5,1
14115,11,0.5,0
14116,1,0.333333,1
14116,2,0.333333,0
14116,14,0.333333,0
14117,1,0.5,1
14117,11,0.5,0
14118,16,0.333333,1
14118,18,0.333333,0
14118,9,0.333333,0
14119,16,0.5,1
14119,19,0.5,0
14120,2,0.25,1
14120,11,0.25,0
14120,14,0.25,0
14120,19,0.25,0
14121,2,0.166667,1
14121,5,0.166667,0
14121,11,0.166667,0
14121,15,0.166667,0
14121,16,0.166667,0
14121,18,0.166667,0
14122,1,0.5,1
14122,11,0.5,0
14123,11,0.5,1
14123,7,0.5,0
14124,11,0.5,1
14124,16,0.5,0
14125,14,0.5,1
14125,18,0.5,0
14126,2,0.5,1
14126,11,0.5,0
14127,14,0.25,1
14127,16,0.25,0
14127,19,0.25,0
14127,7,0.25,0
14128,1,0.25,1
14128,11,0.25,0
14128,16,0.25,0
14128,7,0.25,0
14129,11,0.5,1
14129,19,0.5,0
14130,1,1.0,1
14131,14,0.5,1
14131,16,0.5,0
14132,1,0.333333,1
14132,2,0.333333,0
14132,14,0.333333,0
14133,11,0.333333,1
14133,16,0.333333,0
14133,7,0.333333,0
14134,1,0.333333,1
14134,2,0.333333,0
14134,11,0.333333,0
14135,1,0.2,1
14135,2,0.2,0
14135,5,0.2,0
14135,14,0.2,0
14135,19,0.2,0
14136,5,0.25,1
14136,11,0.25,0
14136,16,0.25,0
14136,19,0.25,0
14137,1,0.333333,1
14137,14,0.333333,0
14137,16,0.333333,0
14138,11,1.0,1
14139,1,0.333333,1
14139,2,0.333333,0
14139,5,0.333333,0
14140,1,0.333333,1
14140,2,0.333333,0
14140,14,0.333333,0
14141,2,0.25,1
14141,5,0.25,0
14141,11,0.25,0
14141,14,0.25,0
14142,1,0.5,1
14142,11,0.5,0
14143,1,0.5,1
14143,11,0.5,0
14144,11,0.5,1
14144,14,0.5,0
14145,5,0.333333,1
14145,11,0.333333,0
14145,19,0.333333,0
14146,1,0.5,1
14146,9,0.5,0
14147,1,1.0,1
14148,1,1.0,1
14149,1,0.25,1
14149,11,0.25,0
14149,16,0.25,0
14149,19,0.25,0
14150,1,0.5,1
14150,2,0.5,0
14151,1,0.333333,1
14151,2,0.333333,0
14151,11,0.333333,0
14152,14,1.0,1
14153,1,0.5,1
14153,14,0.5,0
14154,14,1.0,1
14155,1,0.333333,1
14155,2,0.333333,0
14155,11,0.333333,0
14156,1,0.333333,1
14156,11,0.333333,0
14156,14,0.333333,0
14157,16,1.0,1
14158,2,0.333333,1
14158,11,0.333333,0
14158,14,0.333333,0
14159,1,0.333333,1
14159,2,0.333333,0
14159,5,0.333333,0
14160,1,0.5,1
14160,14,0.5,0
14161,1,0.5,1
14161,14,0.5,0
14162,1,0.5,1
14162,2,0.5,0
14163,2,0.333333,1
14163,14,0.333333,0
14163,19,0.333333,0
14164,2,0.5,1
14164,14,0.5,0
14165,11,0.5,1
14165,19,0.5,0
14166,2,1.0,1
14167,1,0.2,1
14167,2,0.2,0
14167,11,0.2,0
14167,16,0.2,0
14167,20,0.2,0
14168,2,0.333333,1
14168,14,0.333333,0
14168,19,0.333333,0
14169,11,0.333333,1
14169,14,0.333333,0
14169,19,0.333333,0
14170,1,0.5,1
14170,2,0.5,0
14171,5,0.333333,1
14171,11,0.333333,0
14171,19,0.333333,0
14172,5,0.5,1
14172,19,0.5,0
14173,2,0.333333,1
14173,11,0.333333,0
14173,16,0.333333,0
14174,1,0.5,1
14174,12,0.5,0
14175,1,0.5,1
14175,15,0.5,0
14176,1,0.333333,1
14176,2,0.333333,0
14176,5,0.333333,0
14177,5,1.0,1
14178,11,1.0,1
14179,1,0.5,1
14179,2,0.5,0
14180,1,0.2,1
14180,2,0.2,0
14180,5,0.2,0
14180,11,0.2,0
14180,16,0.2,0
14181,11,0.333333,1
14181,16,0.333333,0
14181,19,0.333333,0
14182,1,0.25,1
14182,16,0.25,0
14182,19,0.25,0
14182,7,0.25,0
14183,5,1.0,1
14184,1,0.5,1
14184,2,0.5,0
14185,2,0.5,1
14185,14,0.5,0
14186,2,0.5,1
14186,14,0.5,0
14187,14,0.333333,1
14187,16,0.333333,0
14187,19,0.333333,0
14188,5,0.333333,1
14188,11,0.333333,0
14188,19,0.333333,0
14189,16,1.0,1
14190,11,0.25,1
14190,14,0.25,0
14190,16,0.25,0
14190,19,0.25,0
14191,1,0.333333,1
14191,16,0.333333,0
14191,19,0.333333,0
14192,1,0.5,1
14192,19,0.5,0
14193,11,0.2,1
14193,15,0.2,0
14193,16,0.2,0
14193,18,0.2,0
14193,7,0.2,0
14194,2,0.5,1
14194,11,0.5,0
14195,11,0.333333,1
14195,16,0.333333,0
14195,19,0.333333,0
14196,1,0.25,1
14196,2,0.25,0
14196,11,0.25,0
14196,14,0.25,0
14197,1,0.2,1
14197,2,0.2,0
14197,11,0.2,0
14197,14,0.2,0
14197,16,0.2,0
14198,1,1.0,1
14199,1,0.333333,1
14199,5,0.333333,0
14199,11,0.333333,0
14200,1,0.333333,1
14200,2,0.333333,0
14200,14,0.333333,0
14201,1,0.333333,1
14201,2,0.333333,0
14201,14,0.333333,0
14202,1,0.5,1
14202,19,0.5,0
14203,2,0.333333,1
14203,11,0.333333,0
14203,16,0.333333,0
14204,1,0.333333,1
14204,5,0.333333,0
14204,19,0.333333,0
14205,15,0.333333,1
14205,16,0.333333,0
14205,18,0.333333,0
14206,1,0.5,1
14206,19,0.5,0
14207,1,1.0,1
14208,2,0.333333,1
14208,11,0.333333,0
14208,14,0.333333,0
14209,2,0.333333,1
14209,11,0.333333,0
14209,14,0.333333,0
14210,1,0.5,1
14210,2,0.5,0
14211,2,0.333333,1
14211,11,0.333333,0
14211,14,0.333333,0
14212,1,0.25,1
14212,2,0.25,0
14212,5,0.25,0
14212,11,0.25,0
14213,1,0.25,1
14213,5,0.25,0
14213,11,0.25,0
14213,14,0.25,0
14214,1,0.25,1
14214,5,0.25,0
14214,11,0.25,0
14214,14,0.25,0
14215,2,1.0,1
14216,1,0.333333,1
14216,2,0.333333,0
14216,14,0.333333,0
14217,2,0.25,1
14217,11,0.25,0
14217,14,0.25,0
14217,16,0.25,0
14218,2,1.0,1
14219,15,0.333333,1
14219,16,0.333333,0
14219,18,0.333333,0
14220,1,0.25,1
14220,2,0.25,0
14220,11,0.25,0
14220,14,0.25,0
14221,15,0.5,1
14221,16,0.5,0
14222,16,0.5,1
14222,19,0.5,0
14223,1,0.333333,1
14223,2,0.333333,0
14223,11,0.333333,0
14224,16,1.0,1
14225,1,0.333333,1
14225,2,0.333333,0
14225,11,0.333333,0
14226,5,0.25,1
14226,11,0.25,0
14226,16,0.25,0
14226,19,0.25,0
14227,2,0.5,1
14227,11,0.5,0
14228,11,0.333333,1
14228,16,0.333333,0
14228,19,0.333333,0
14229,2,0.333333,1
14229,5,0.333333,0
14229,11,0.333333,0
14230,2,0.2,1
14230,5,0.2,0
14230,11,0.2,0
14230,14,0.2,0
14230,19,0.2,0
14231,1,0.25,1
14231,2,0.25,0
14231,11,0.25,0
14231,19,0.25,0
14232,19,1.0,1
14233,1,0.5,1
14233,2,0.5,0
14234,2,0.5,1
14234,11,0.5,0
14235,1,1.0,1
14236,5,0.5,1
14236,16,0.5,0
14237,14,0.333333,1
14237,16,0.333333,0
14237,19,0.333333,0
14238,1,0.5,1
14238,11,0.5,0
14239,2,0.333333,1
14239,11,0.333333,0
14239,7,0.333333,0
14240,2,0.25,1
14240,5,0.25,0
14240,16,0.25,0
14240,19,0.25,0
14241,2,0.5,1
14241,14,0.5,0
14242,5,0.25,1
14242,11,0.25,0
14242,16,0.25,0
14242,19,0.25,0
14243,1,0.5,1
14243,2,0.5,0
14244,2,0.5,1
14244,5,0.5,0
14245,5,0.333333,1
14245,11,0.333333,0
14245,16,0.333333,0
14246,1,0.333333,1
14246,11,0.333333,0
14246,14,0.333333,0
14247,2,0.333333,1
14247,11,0.333333,0
14247,7,0.333333,0
14248,2,0.333333,1
14248,5,0.333333,0
14248,11,0.333333,0
14249,1,0.25,1
14249,12,0.25,0
14249,14,0.25,0
14249,9,0.25,0
14250,16,1.0,1
14251,1,0.5,1
14251,2,0.5,0
14252,1,0.2,1
14252,2,0.2,0
14252,11,0.2,0
14252,14,0.2,0
14252,7,0.2,0
14253,11,0.5,1
14253,19,0.5,0
14254,1,1.0,1
14255,1,1.0,1
14256,1,0.2,1
14256,5,0.2,0
14256,14,0.2,0
14256,19,0.2,0
14256,9,0.2,0
14257,11,0.25,1
14257,15,0.25,0
14257,16,0.25,0
14257,7,0.25,0
14258,2,0.333333,1
14258,14,0.333333,0
14258,16,0.333333,0
14259,1,0.5,1
14259,2,0.5,0
14260,2,1.0,1
14261,16,0.333333,1
14261,18,0.333333,0
14261,19,0.333333,0
14262,1,0.25,1
14262,2,0.25,0
14262,11,0.25,0
14262,14,0.25,0
14263,1,0.5,1
14263,11,0.5,0
14264,19,1.0,1
14265,1,0.333333,1
14265,2,0.333333,0
14265,11,0.333333,0
14266,5,0.333333,1
14266,11,0.333333,0
14266,16,0.333333,0
14267,5,0.333333,1
14267,11,0.333333,0
14267,16,0.333333,0
14268,11,0.5,1
14268,14,0.5,0
14269,1,0.142857,1
14269,2,0.142857,0
14269,5,0.142857,0
14269,11,0.142857,0
14269,15,0.142857,0
14269,16,0.142857,0
14269,18,0.142857,0
14270,1,0.333333,1
14270,2,0.333333,0
14270,14,0.333333,0
14271,1,0.25,1
14271,11,0.25,0
14271,16,0.25,0
14271,19,0.25,0
14272,1,0.5,1
14272,2,0.5,0
14273,5,0.333333,1
14273,11,0.333333,0
14273,16,0.333333,0
14274,1,0.142857,1
14274,2,0.142857,0
14274,11,0.142857,0
14274,14,0.142857,0
14274,16,0.142857,0
14274,19,0.142857,0
14274,7,0.142857,0
14275,2,0.5,1
14275,11,0.5,0
14276,1,0.25,1
14276,2,0.25,0
14276,5,0.25,0
14276,11,0.25,0
14277,5,0.25,1
14277,11,0.25,0
14277,16,0.25,0
14277,19,0.25,0
14278,2,0.25,1
14278,11,0.25,0
14278,16,0.25,0
14278,7,0.25,0
14279,19,1.0,1
14280,12,0.5,1
14280,18,0.5,0
14281,11,0.5,1
14281,16,0.5,0
14282,1,0.25,1
14282,5,0.25,0
14282,11,0.25,0
14282,7,0.25,0
14283,1,0.166667,1
14283,2,0.166667,0
14283,5,0.166667,0
14283,11,0.166667,0
14283,14,0.166667,0
14283,19,0.166667,0
14284,1,0.25,1
14284,2,0.25,0
14284,5,0.25,0
14284,11,0.25,0
14285,1,0.333333,1
14285,16,0.333333,0
14285,7,0.333333,0
14286,5,0.25,1
14286,11,0.25,0
14286,14,0.25,0
14286,16,0.25,0
14287,1,0.2,1
14287,2,0.2,0
14287,11,0.2,0
14287,14,0.2,0
14287,7,0.2,0
14288,5,0.5,1
14288,11,0.5,0
14289,2,1.0,1
14290,11,1.0,1
14291,11,0.5,1
14291,20,0.5,0
14292,1,0.5,1
14292,11,0.5,0
14293,1,1.0,1
14294,2,1.0,1
14295,2,0.5,1
14295,11,0.5,0
14296,11,0.333333,1
14296,14,0.333333,0
14296,16,0.333333,0
14297,11,0.333333,1
14297,14,0.333333,0
14297,19,0.333333,0
14298,1,0.5,1
14298,11,0.5,0
14299,1,0.333333,1
14299,11,0.333333,0
14299,19,0.333333,0
14300,2,0.333333,1
14300,11,0.333333,0
14300,14,0.333333,0
14301,5,0.25,1
14301,11,0.25,0
14301,16,0.25,0
14301,7,0.25,0
14302,1,0.333333,1
14302,11,0.333333,0
14302,14,0.333333,0
14303,1,0.333333,1
14303,2,0.333333,0
14303,11,0.333333,0
14304,2,0.25,1
14304,5,0.25,0
14304,11,0.25,0
14304,14,0.25,0
14305,2,0.25,1
14305,5,0.25,0
14305,14,0.25,0
14305,19,0.25,0
14306,1,0.2,1
14306,5,0.2,0
14306,11,0.2,0
14306,14,0.2,0
14306,16,0.2,0
14307,2,0.333333,1
14307,14,0.333333,0
14307,19,0.333333,0
14308,2,0.5,1
14308,5,0.5,0
14309,1,0.25,1
14309,2,0.25,0
14309,11,0.25,0
14309,14,0.25,0
14310,5,0.5,1
14310,11,0.5,0
14311,2,0.166667,1
14311,11,0.166667,0
14311,14,0.166667,0
14311,16,0.166667,0
14311,19,0.166667,0
14311,7,0.166667,0
14312,5,0.333333,1
14312,11,0.333333,0
14312,18,0.333333,0
14313,1,0.333333,1
14313,5,0.333333,0
14313,11,0.333333,0
14314,5,0.25,1
14314,11,0.25,0
14314,16,0.25,0
14314,19,0.25,0
14315,1,0.333333,1
14315,2,0.333333,0
14315,11,0.333333,0
14316,1,0.5,1
14316,11,0.5,0
14317,16,0.333333,1
14317,19,0.333333,0
14317,7,0.333333,0
14318,2,0.5,1
14318,5,0.5,0
14319,14,1.0,1
14320,1,1.0,1
14321,2,0.5,1
14321,11,0.5,0
14322,5,0.333333,1
14322,11,0.333333,0
14322,16,0.333333,0
14323,2,0.333333,1
14323,5,0.333333,0
14323,16,0.333333,0
14324,1,0.25,1
14324,2,0.25,0
14324,11,0.25,0
14324,14,0.25,0
14325,11,0.2,1
14325,14,0.2,0
14325,16,0.2,0
14325,19,0.2,0
14325,9,0.2,0
14326,1,0.333333,1
14326,2,0.333333,0
14326,11,0.333333,0
14327,14,1.0,1
14328,11,0.5,1
14328,14,0.5,0
14329,1,0.25,1
14329,2,0.25,0
14329,11,0.25,0
14329,14,0.25,0
14330,2,0.5,1
14330,5,0.5,0
14331,5,0.333333,1
14331,11,0.333333,0
14331,19,0.333333,0
14332,5,0.25,1
14332,11,0.25,0
14332,16,0.25,0
14332,19,0.25,0
14333,1,0.25,1
14333,2,0.25,0
14333,11,0.25,0
14333,7,0.25,0
14334,1,1.0,1
14335,11,0.333333,1
14335,14,0.333333,0
14335,19,0.333333,0
14336,1,0.25,1
14336,5,0.25,0
14336,11,0.25,0
14336,19,0.25,0
14337,2,0.5,1
14337,11,0.5,0
14338,5,1.0,1
14339,1,1.0,1
14340,5,0.2,1
14340,11,0.2,0
14340,16,0.2,0
14340,9,0.2,0
14340,7,0.2,0
14341,5,0.333333,1
14341,11,0.333333,0
14341,14,0.333333,0
14342,2,0.25,1
14342,5,0.25,0
14342,11,0.25,0
14342,7,0.25,0
14343,1,0.333333,1
14343,5,0.333333,0
14343,11,0.333333,0
14344,1,0.25,1
14344,2,0.25,0
14344,11,0.25,0
14344,14,0.25,0
14345,2,0.333333,1
14345,5,0.333333,0
14345,11,0.333333,0
14346,1,0.5,1
14346,2,0.5,0
14347,11,0.5,1
14347,19,0.5,0
14348,16,0.5,1
14348,19,0.5,0
14349,11,0.5,1
14349,19,0.5,0
14350,2,0.333333,1
14350,11,0.333333,0
14350,14,0.333333,0
14351,1,0.2,1
14351,2,0.2,0
14351,11,0.2,0
14351,16,0.2,0
14351,7,0.2,0
14352,5,1.0,1
14353,5,1.0,1
14354,11,0.333333,1
14354,16,0.333333,0
14354,19,0.333333,0
14355,1,0.25,1
14355,2,0.25,0
14355,5,0.25,0
14355,11,0.25,0
14356,1,1.0,1
14357,5,0.5,1
14357,11,0.5,0
14358,1,0.333333,1
14358,11,0.333333,0
14358,14,0.333333,0
14359,1,0.142857,1
14359,2,0.142857,0
14359,5,0.142857,0
14359,11,0.142857,0
14359,15,0.142857,0
14359,14,0.142857,0
14359,16,0.142857,0
14360,1,0.5,1
14360,16,0.5,0
14361,5,0.333333,1
14361,11,0.333333,0
14361,18,0.333333,0
14362,1,1.0,1
14363,5,0.25,1
14363,11,0.25,0
14363,16,0.25,0
14363,19,0.25,0
14364,1,0.25,1
14364,2,0.25,0
14364,11,0.25,0
14364,19,0.25,0
14365,5,0.5,1
14365,11,0.5,0
14366,11,0.5,1
14366,16,0.5,0
14367,2,0.333333,1
14367,11,0.333333,0
14367,14,0.333333,0
14368,1,0.25,1
14368,5,0.25,0
14368,11,0.25,0
14368,16,0.25,0
14369,11,0.2,1
14369,15,0.2,0
14369,16,0.2,0
14369,18,0.2,0
14369,7,0.2,0
14370,5,0.333333,1
14370,11,0.333333,0
14370,16,0.333333,0
14371,1,0.333333,1
14371,11,0.333333,0
14371,14,0.333333,0
14372,1,0.5,1
14372,5,0.5,0
14373,5,0.5,1
14373,19,0.5,0
14374,16,0.333333,1
14374,18,0.333333,0
14374,19,0.333333,0
14375,1,0.25,1
14375,5,0.25,0
14375,18,0.25,0
14375,19,0.25,0
14376,2,0.333333,1
14376,11,0.333333,0
14376,19,0.333333,0
14377,11,0.5,1
14377,16,0.5,0
14378,1,0.5,1
14378,2,0.5,0
14379,1,0.25,1
14379,11,0.25,0
14379,16,0.25,0
14379,19,0.25,0
14380,5,0.5,1
14380,11,0.5,0
14381,1,0.25,1
14381,2,0.25,0
14381,11,0.25,0
14381,14,0.25,0
14382,1,0.333333,1
14382,2,0.333333,0
14382,5,0.333333,0
14383,5,0.333333,1
14383,18,0.333333,0
14383,19,0.333333,0
14384,1,0.333333,1
14384,5,0.333333,0
14384,11,0.333333,0
14385,2,0.333333,1
14385,5,0.333333,0
14385,11,0.333333,0
14386,1,1.0,1
14387,2,0.5,1
14387,11,0.5,0
14388,1,0.5,1
14388,11,0.5,0
14389,1,0.333333,1
14389,2,0.333333,0
14389,16,0.333333,0
14390,1,0.5,1
14390,11,0.5,0
14391,2,0.5,1
14391,11,0.5,0
14392,1,0.2,1
14392,5,0.2,0
14392,11,0.2,0
14392,15,0.2,0
14392,16,0.2,0
14393,1,0.5,1
14393,2,0.5,0
14394,2,0.333333,1
14394,5,0.333333,0
14394,11,0.333333,0
14395,1,0.333333,1
14395,2,0.333333,0
14395,11,0.333333,0
14396,11,0.333333,1
14396,16,0.333333,0
14396,19,0.333333,0
14397,14,1.0,1
14398,11,0.333333,1
14398,16,0.333333,0
14398,19,0.333333,0
14399,5,0.5,1
14399,11,0.5,0
14400,1,0.25,1
14400,11,0.25,0
14400,16,0.25,0
14400,19,0.25,0
14401,5,0.5,1
14401,14,0.5,0
14402,2,0.333333,1
14402,5,0.333333,0
14402,14,0.333333,0
14403,1,0.5,1
14403,5,0.5,0
14404,11,0.333333,1
14404,14,0.333333,0
14404,19,0.333333,0
14405,1,0.5,1
14405,2,0.5,0
14406,11,0.5,1
14406,14,0.5,0
14407,1,0.333333,1
14407,5,0.333333,0
14407,11,0.333333,0
14408,18,1.0,1
14409,11,1.0,1
14410,11,0.333333,1
14410,19,0.333333,0
14410,7,0.333333,0
14411,11,0.333333,1
14411,14,0.333333,0
14411,19,0.333333,0
14412,1,0.333333,1
14412,2,0.333333,0
14412,11,0.333333,0
14413,2,0.333333,1
14413,5,0.333333,0
14413,11,0.333333,0
14414,1,0.333333,1
14414,2,0.333333,0
14414,18,0.333333,0
14415,11,0.25,1
14415,15,0.25,0
14415,16,0.25,0
14415,7,0.25,0
14416,2,0.5,1
14416,11,0.5,0
14417,16,0.5,1
14417,18,0.5,0
14418,1,0.333333,1
14418,2,0.333333,0
14418,14,0.333333,0
14419,2,0.25,1
14419,5,0.25,0
14419,11,0.25,0
14419,14,0.25,0
14420,2,0.333333,1
14420,5,0.333333,0
14420,11,0.333333,0
14421,11,0.25,1
14421,14,0.25,0
14421,16,0.25,0
14421,19,0.25,0
14422,2,0.5,1
14422,11,0.5,0
14423,1,1.0,1
14424,5,0.333333,1
14424,11,0.333333,0
14424,19,0.333333,0
14425,2,0.333333,1
14425,5,0.333333,0
14425,14,0.333333,0
14426,2,0.5,1
14426,5,0.5,0
14427,1,0.5,1
14427,2,0.5,0
14428,1,0.25,1
14428,2,0.25,0
14428,11,0.25,0
14428,18,0.25,0
14429,1,0.5,1
14429,2,0.5,0
14430,1,1.0,1
14431,1,0.333333,1
14431,2,0.333333,0
14431,11,0.333333,0
14432,5,0.5,1
14432,11,0.5,0
14433,2,0.333333,1
14433,11,0.333333,0
14433,19,0.333333,0
14434,11,0.333333,1
14434,14,0.333333,0
14434,19,0.333333,0
14435,2,0.5,1
14435,5,0.5,0
14436,1,0.25,1
14436,11,0.25,0
14436,16,0.25,0
14436,7,0.25,0
14437,2,0.25,1
14437,5,0.25,0
14437,11,0.25,0
14437,19,0.25,0
14438,5,0.333333,1
14438,11,0.333333,0
14438,19,0.333333,0
14439,5,1.0,1
14440,5,0.333333,1
14440,11,0.333333,0
14440,16,0.333333,0
14441,11,0.333333,1
14441,14,0.333333,0
14441,19,0.333333,0
14442,1,0.25,1
14442,2,0.25,0
14442,11,0.25,0
14442,19,0.25,0
14443,2,0.333333,1
14443,5,0.333333,0
14443,11,0.333333,0
14444,1,0.25,1
14444,2,0.25,0
14444,11,0.25,0
14444,14,0.25,0
14445,5,0.5,1
14445,11,0.5,0
14446,5,0.333333,1
14446,11,0.333333,0
14446,16,0.333333,0
14447,5,0.5,1
14447,11,0.5,0
14448,2,0.2,1
14448,5,0.2,0
14448,11,0.2,0
14448,14,0.2,0
14448,16,0.2,0
14449,5,0.5,1
14449,11,0.5,0
14450,1,0.333333,1
14450,2,0.333333,0
14450,11,0.333333,0
14451,11,0.333333,1
14451,14,0.333333,0
14451,19,0.333333,0
14452,1,0.25,1
14452,2,0.25,0
14452,5,0.25,0
14452,11,0.25,0
14453,11,0.5,1
14453,7,0.5,0
14454,1,0.333333,1
14454,5,0.333333,0
14454,11,0.333333,0
14455,14,0.25,1
14455,16,0.25,0
14455,18,0.25,0
14455,19,0.25,0
14456,1,0.5,1
14456,11,0.5,0
14457,2,0.333333,1
14457,5,0.333333,0
14457,11,0.333333,0
14458,11,0.333333,1
14458,16,0.333333,0
14458,19,0.333333,0
14459,1,0.5,1
14459,11,0.5,0
14460,5,0.5,1
14460,16,0.5,0
14461,1,0.2,1
14461,5,0.2,0
14461,11,0.2,0
14461,14,0.2,0
14461,7,0.2,0
14462,2,0.333333,1
14462,5,0.333333,0
14462,11,0.333333,0
14463,11,0.5,1
14463,4,0.5,0
14464,1,0.5,1
14464,11,0.5,0
14465,2,0.5,1
14465,11,0.5,0
14466,2,0.333333,1
14466,11,0.333333,0
14466,14,0.333333,0
14467,11,0.5,1
14467,14,0.5,0
14468,2,1.0,1
14469,5,0.5,1
14469,19,0.5,0
14470,1,0.25,1
14470,2,0.25,0
14470,11,0.25,0
14470,7,0.25,0
14471,14,1.0,1
14472,2,0.333333,1
14472,11,0.333333,0
14472,14,0.333333,0
14473,1,0.166667,1
14473,2,0.166667,0
14473,5,0.166667,0
14473,11,0.166667,0
14473,12,0.166667,0
14473,16,0.166667,0
14474,5,0.5,1
14474,11,0.5,0
14475,11,0.5,1
14475,19,0.5,0
14476,1,0.166667,1
14476,2,0.166667,0
14476,5,0.166667,0
14476,11,0.166667,0
14476,14,0.166667,0
14476,7,0.166667,0
14477,5,0.5,1
14477,16,0.5,0
14478,2,0.25,1
14478,11,0.25,0
14478,14,0.25,0
14478,19,0.25,0
14479,5,0.333333,1
14479,11,0.333333,0
14479,14,0.333333,0
14480,1,0.333333,1
14480,5,0.333333,0
14480,11,0.333333,0
14481,2,1.0,1
14482,1,1.0,1
14483,1,0.5,1
14483,11,0.5,0
14484,5,0.25,1
14484,11,0.25,0
14484,3,0.25,0
14484,20,0.25,0
14485,2,0.5,1
14485,11,0.5,0
14486,1,0.333333,1
14486,2,0.333333,0
14486,11,0.333333,0
14487,1,0.5,1
14487,2,0.5,0
14488,11,0.5,1
14488,14,0.5,0
14489,1,1.0,1
14490,1,0.333333,1
14490,2,0.333333,0
14490,11,0.333333,0
14491,11,1.0,1
14492,5,0.5,1
14492,11,0.5,0
14493,11,1.0,1
14494,1,0.25,1
14494,2,0.25,0
14494,16,0.25,0
14494,19,0.25,0
14495,16,1.0,1
14496,16,1.0,1
14497,1,0.25,1
14497,2,0.25,0
14497,11,0.25,0
14497,7,0.25,0
14498,5,0.333333,1
14498,11,0.333333,0
14498,16,0.333333,0
14499,2,0.5,1
14499,11,0.5,0
14500,1,1.0,1
14501,1,0.166667,1
14501,2,0.166667,0
14501,5,0.166667,0
14501,11,0.166667,0
14501,16,0.166667,0
14501,18,0.166667,0
14502,2,0.333333,1
14502,11,0.333333,0
14502,16,0.333333,0
14503,2,0.333333,1
14503,5,0.333333,0
14503,19,0.333333,0
14504,5,0.333333,1
14504,11,0.333333,0
14504,19,0.333333,0
14505,1,0.166667,1
14505,2,0.166667,0
14505,11,0.166667,0
14505,14,0.166667,0
14505,16,0.166667,0
14505,19,0.166667,0
14506,1,1.0,1
14507,1,0.2,1
14507,2,0.2,0
14507,11,0.2,0
14507,14,0.2,0
14507,7,0.2,0
14508,1,0.333333,1
14508,2,0.333333,0
14508,11,0.333333,0
14509,2,0.5,1
14509,5,0.5,0
14510,1,0.333333,1
14510,2,0.333333,0
14510,11,0.333333,0
14511,2,0.5,1
14511,19,0.5,0
14512,5,0.333333,1
14512,11,0.333333,0
14512,19,0.333333,0
14513,5,0.25,1
14513,11,0.25,0
14513,14,0.25,0
14513,16,0.25,0
14514,1,1.0,1
14515,2,0.5,1
14515,11,0.5,0
14516,1,0.333333,1
14516,11,0.333333,0
14516,19,0.333333,0
14517,11,0.5,1
14517,19,0.5,0
14518,5,1.0,1
14519,1,0.25,1
14519,2,0.25,0
14519,5,0.25,0
14519,11,0.25,0
14520,2,0.5,1
14520,11,0.5,0
14521,5,0.5,1
14521,11,0.5,0
14522,11,1.0,1
14523,1,0.25,1
14523,5,0.25,0
14523,11,0.25,0
14523,9,0.25,0
14524,5,0.5,1
14524,11,0.5,0
14525,5,0.333333,1
14525,11,0.333333,0
14525,16,0.333333,0
14526,5,0.5,1
14526,11,0.5,0
14527,1,0.5,1
14527,11,0.5,0
14528,1,0.5,1
14528,5,0.5,0
14529,2,0.333333,1
14529,5,0.333333,0
14529,11,0.333333,0
14530,1,0.333333,1
14530,2,0.333333,0
14530,11,0.333333,0
14531,2,0.5,1
14531,11,0.5,0
14532,1,0.5,1
14532,2,0.5,0
14533,19,1.0,1
14534,1,0.25,1
14534,2,0.25,0
14534,11,0.25,0
14534,16,0.25,0
14535,5,0.25,1
14535,11,0.25,0
14535,16,0.25,0
14535,19,0.25,0
14536,1,0.5,1
14536,11,0.5,0
14537,19,1.0,1
14538,1,0.111111,1
14538,2,0.111111,0
14538,5,0.111111,0
14538,11,0.111111,0
14538,15,0.111111,0
14538,14,0.111111,0
14538,16,0.111111,0
14538,18,0.111111,0
14538,19,0.111111,0
14539,2,0.25,1
14539,5,0.25,0
14539,11,0.25,0
14539,14,0.25,0
14540,1,0.5,1
14540,5,0.5,0
14541,2,0.333333,1
14541,5,0.333333,0
14541,11,0.333333,0
14542,1,0.2,1
14542,2,0.2,0
14542,5,0.2,0
14542,11,0.2,0
14542,7,0.2,0
14543,1,0.2,1
14543,2,0.2,0
14543,5,0.2,0
14543,11,0.2,0
14543,19,0.2,0
14544,1,0.25,1
14544,2,0.25,0
14544,5,0.25,0
14544,11,0.25,0
14545,1,0.333333,1
14545,5,0.333333,0
14545,11,0.333333,0
14546,2,1.0,1
14547,1,0.25,1
14547,2,0.25,0
14547,11,0.25,0
14547,14,0.25,0
14548,12,0.2,1
14548,14,0.2,0
14548,19,0.2,0
14548,9,0.2,0
14548,7,0.2,0
14549,5,0.25,1
14549,11,0.25,0
14549,15,0.25,0
14549,18,0.25,0
14550,2,0.333333,1
14550,5,0.333333,0
14550,11,0.333333,0
14551,2,0.2,1
14551,5,0.2,0
14551,11,0.2,0
14551,16,0.2,0
14551,18,0.2,0
14552,1,0.25,1
14552,5,0.25,0
14552,11,0.25,0
14552,18,0.25,0
14553,1,0.5,1
14553,11,0.5,0
14554,2,0.5,1
14554,5,0.5,0
14555,1,0.333333,1
14555,5,0.333333,0
14555,19,0.333333,0
14556,2,0.333333,1
14556,5,0.333333,0
14556,11,0.333333,0
14557,1,0.5,1
14557,11,0.5,0
14558,1,0.333333,1
14558,5,0.333333,0
14558,11,0.333333,0
14559,1,0.333333,1
14559,11,0.333333,0
14559,16,0.333333,0
14560,5,0.333333,1
14560,11,0.333333,0
14560,15,0.333333,0
14561,1,0.142857,1
14561,2,0.142857,0
14561,5,0.142857,0
14561,14,0.142857,0
14561,16,0.142857,0
14561,18,0.142857,0
14561,19,0.142857,0
14562,2,0.5,1
14562,5,0.5,0
14563,14,1.0,1
14564,5,0.2,1
14564,11,0.2,0
14564,14,0.2,0
14564,16,0.2,0
14564,19,0.2,0
14565,5,0.333333,1
14565,16,0.333333,0
14565,19,0.333333,0
14566,5,0.333333,1
14566,11,0.333333,0
14566,14,0.333333,0
14567,1,0.2,1
14567,5,0.2,0
14567,11,0.2,0
14567,14,0.2,0
14567,19,0.2,0
14568,1,0.5,1
14568,11,0.5,0
14569,5,0.333333,1
14569,11,0.333333,0
14569,16,0.333333,0
14570,16,1.0,1
14571,1,0.25,1
14571,2,0.25,0
14571,5,0.25,0
14571,7,0.25,0
14572,5,0.25,1
14572,11,0.25,0
14572,16,0.25,0
14572,19,0.25,0
14573,1,0.25,1
14573,2,0.25,0
14573,11,0.25,0
14573,14,0.25,0
14574,14,1.0,1
14575,2,0.5,1
14575,11,0.5,0
14576,5,1.0,1
14577,15,0.5,1
14577,9,0.5,0
14578,1,0.142857,1
14578,2,0.142857,0
14578,5,0.142857,0
14578,14,0.142857,0
14578,16,0.142857,0
14578,18,0.142857,0
14578,19,0.142857,0
14579,11,0.5,1
14579,16,0.5,0
14580,2,0.333333,1
14580,5,0.333333,0
14580,11,0.333333,0
14581,2,0.25,1
14581,5,0.25,0
14581,11,0.25,0
14581,14,0.25,0
14582,2,0.2,1
14582,5,0.2,0
14582,11,0.2,0
14582,15,0.2,0
14582,16,0.2,0
14583,1,0.5,1
14583,19,0.5,0
14584,1,0.333333,1
14584,11,0.333333,0
14584,7,0.333333,0
14585,1,0.333333,1
14585,5,0.333333,0
14585,11,0.333333,0
14586,5,0.25,1
14586,11,0.25,0
14586,14,0.25,0
14586,19,0.25,0
14587,1,0.2,1
14587,2,0.2,0
14587,11,0.2,0
14587,14,0.2,0
14587,19,0.2,0
14588,1,0.5,1
14588,11,0.5,0
14589,2,1.0,1
14590,11,1.0,1
14591,5,0.5,1
14591,11,0.5,0
14592,1,0.25,1
14592,2,0.25,0
14592,5,0.25,0
14592,11,0.25,0
14593,11,1.0,1
14594,1,0.333333,1
14594,5,0.333333,0
14594,11,0.333333,0
14595,1,0.333333,1
14595,5,0.333333,0
14595,11,0.333333,0
14596,2,0.2,1
14596,5,0.2,0
14596,11,0.2,0
14596,16,0.2,0
14596,19,0.2,0
14597,11,0.25,1
14597,16,0.25,0
14597,19,0.25,0
14597,7,0.25,0
14598,1,0.333333,1
14598,2,0.333333,0
14598,11,0.333333,0
14599,1,0.5,1
14599,11,0.5,0
14600,1,0.333333,1
14600,5,0.333333,0
14600,11,0.333333,0
14601,2,0.333333,1
14601,5,0.333333,0
14601,11,0.333333,0
14602,5,0.333333,1
14602,11,0.333333,0
14602,16,0.333333,0
14603,2,0.333333,1
14603,5,0.333333,0
14603,16,0.333333,0
14604,5,0.333333,1
14604,11,0.333333,0
14604,19,0.333333,0
14605,1,0.5,1
14605,11,0.5,0
14606,1,0.25,1
14606,2,0.25,0
14606,14,0.25,0
14606,19,0.25,0
14607,1,0.5,1
14607,11,0.5,0
14608,5,0.333333,1
14608,11,0.333333,0
14608,19,0.333333,0
14609,2,0.333333,1
14609,11,0.333333,0
14609,16,0.333333,0
14610,14,0.5,1
14610,19,0.5,0
14611,1,0.333333,1
14611,5,0.333333,0
14611,16,0.333333,0
14612,2,0.333333,1
14612,11,0.333333,0
14612,14,0.333333,0
14613,1,0.333333,1
14613,2,0.333333,0
14613,11,0.333333,0
14614,1,0.25,1
14614,2,0.25,0
14614,5,0.25,0
14614,11,0.25,0
14615,1,0.5,1
14615,2,0.5,0
14616,11,1.0,1
14617,2,0.333333,1
14617,11,0.333333,0
14617,14,0.333333,0
14618,1,0.142857,1
14618,2,0.142857,0
14618,5,0.142857,0
14618,14,0.142857,0
14618,16,0.142857,0
14618,18,0.142857,0
14618,19,0.142857,0
14619,1,0.25,1
14619,2,0.25,0
14619,11,0.25,0
14619,16,0.25,0
14620,1,0.333333,1
14620,2,0.333333,0
14620,11,0.333333,0
14621,1,0.333333,1
14621,2,0.333333,0
14621,11,0.333333,0
14622,5,0.2,1
14622,11,0.2,0
14622,14,0.2,0
14622,16,0.2,0
14622,7,0.2,0
14623,1,0.25,1
14623,5,0.25,0
14623,11,0.25,0
14623,16,0.25,0
14624,14,1.0,1
14625,2,0.2,1
14625,5,0.2,0
14625,11,0.2,0
14625,16,0.2,0
14625,7,0.2,0
14626,5,0.5,1
14626,11,0.5,0
14627,5,0.5,1
14627,11,0.5,0
14628,1,0.25,1
14628,2,0.25,0
14628,11,0.25,0
14628,16,0.25,0
14629,1,0.125,1
14629,2,0.125,0
14629,5,0.125,0
14629,15,0.125,0
14629,14,0.125,0
14629,16,0.125,0
14629,18,0.125,0
14629,19,0.125,0
14630,5,0.5,1
14630,11,0.5,0
14631,11,0.333333,1
14631,14,0.333333,0
14631,19,0.333333,0
14632,11,0.5,1
14632,14,0.5,0
14633,11,1.0,1
14634,1,0.333333,1
14634,5,0.333333,0
14634,11,0.333333,0
14635,5,0.5,1
14635,19,0.5,0
14636,19,1.0,1
14637,2,0.166667,1
14637,5,0.166667,0
14637,11,0.166667,0
14637,14,0.166667,0
14637,16,0.166667,0
14637,19,0.166667,0
14638,1,0.25,1
14638,5,0.25,0
14638,11,0.25,0
14638,7,0.25,0
14639,5,1.0,1
14640,5,0.25,1
14640,11,0.25,0
14640,16,0.25,0
14640,19,0.25,0
14641,1,0.25,1
14641,2,0.25,0
14641,11,0.25,0
14641,7,0.25,0
14642,5,1.0,1
14643,14,0.5,1
14643,19,0.5,0
14644,1,0.142857,1
14644,2,0.142857,0
14644,5,0.142857,0
14644,14,0.142857,0
14644,16,0.142857,0
14644,18,0.142857,0
14644,19,0.142857,0
14645,11,1.0,1
14646,11,1.0,1
14647,14,0.333333,1
14647,6,0.333333,0
14647,20,0.333333,0
14648,1,0.2,1
14648,5,0.2,0
14648,11,0.2,0
14648,19,0.2,0
14648,7,0.2,0
14649,1,1.0,1
14650,1,0.5,1
14650,11,0.5,0
14651,1,0.25,1
14651,2,0.25,0
14651,11,0.25,0
14651,19,0.25,0
14652,11,0.25,1
14652,16,0.25,0
14652,18,0.25,0
14652,19,0.25,0
14653,2,0.333333,1
14653,16,0.333333,0
14653,9,0.333333,0
14654,1,0.166667,1
14654,2,0.166667,0
14654,5,0.166667,0
14654,11,0.166667,0
14654,14,0.166667,0
14654,7,0.166667,0
14655,2,1.0,1
14656,1,0.25,1
14656,2,0.25,0
14656,5,0.25,0
14656,11,0.25,0
14657,1,0.25,1
14657,2,0.25,0
14657,5,0.25,0
14657,11,0.25,0
14658,1,0.333333,1
14658,2,0.333333,0
14658,11,0.333333,0
14659,5,0.5,1
14659,16,0.5,0
14660,5,0.333333,1
14660,11,0.333333,0
14660,19,0.333333,0
14661,1,0.333333,1
14661,2,0.333333,0
14661,5,0.333333,0
14662,1,1.0,1
14663,1,1.0,1
14664,1,0.333333,1
14664,5,0.333333,0
14664,11,0.333333,0
14665,2,0.5,1
14665,11,0.5,0
14666,2,0.333333,1
14666,11,0.333333,0
14666,12,0.333333,0
14667,1,0.25,1
14667,2,0.25,0
14667,5,0.25,0
14667,11,0.25,0
14668,1,0.333333,1
14668,11,0.333333,0
14668,7,0.333333,0
14669,2,0.333333,1
14669,11,0.333333,0
14669,19,0.333333,0
14670,2,0.25,1
14670,11,0.25,0
14670,16,0.25,0
14670,7,0.25,0
14671,1,0.5,1
14671,2,0.5,0
14672,19,1.0,1
14673,2,0.5,1
14673,11,0.5,0
14674,11,0.333333,1
14674,16,0.333333,0
14674,7,0.333333,0
14675,1,0.333333,1
14675,2,0.333333,0
14675,11,0.333333,0
14676,1,0.2,1
14676,2,0.2,0
14676,5,0.2,0
14676,11,0.2,0
14676,19,0.2,0
14677,1,0.333333,1
14677,2,0.333333,0
14677,16,0.333333,0
14678,5,0.5,1
14678,11,0.5,0
14679,5,0.5,1
14679,11,0.5,0
14680,2,0.333333,1
14680,14,0.333333,0
14680,19,0.333333,0
14681,2,0.5,1
14681,5,0.5,0
14682,1,0.25,1
14682,2,0.25,0
14682,5,0.25,0
14682,11,0.25,0
14683,2,0.333333,1
14683,5,0.333333,0
14683,11,0.333333,0
14684,5,0.5,1
14684,11,0.5,0
14685,2,0.333333,1
14685,5,0.333333,0
14685,11,0.333333,0
14686,1,0.5,1
14686,19,0.5,0
14687,1,0.5,1
14687,11,0.5,0
14688,1,0.333333,1
14688,5,0.333333,0
14688,11,0.333333,0
14689,1,0.5,1
14689,11,0.5,0
14690,1,0.166667,1
14690,2,0.166667,0
14690,5,0.166667,0
14690,11,0.166667,0
14690,9,0.166667,0
14690,7,0.166667,0
14691,1,0.333333,1
14691,2,0.333333,0
14691,11,0.333333,0
14692,2,0.333333,1
14692,5,0.333333,0
14692,19,0.333333,0
14693,1,0.25,1
14693,11,0.25,0
14693,16,0.25,0
14693,7,0.25,0
14694,5,0.333333,1
14694,11,0.333333,0
14694,16,0.333333,0
14695,2,0.5,1
14695,5,0.5,0
14696,1,0.333333,1
14696,2,0.333333,0
14696,5,0.333333,0
14697,1,0.2,1
14697,2,0.2,0
14697,5,0.2,0
14697,11,0.2,0
14697,16,0.2,0
14698,2,0.5,1
14698,11,0.5,0
14699,1,0.333333,1
14699,5,0.333333,0
14699,11,0.333333,0
14700,1,0.333333,1
14700,2,0.333333,0
14700,11,0.333333,0
14701,5,0.333333,1
14701,11,0.333333,0
14701,16,0.333333,0
14702,14,0.5,1
14702,16,0.5,0
14703,2,0.333333,1
14703,11,0.333333,0
14703,14,0.333333,0
14704,1,0.333333,1
14704,2,0.333333,0
14704,11,0.333333,0
14705,2,0.333333,1
14705,5,0.333333,0
14705,11,0.333333,0
14706,1,0.333333,1
14706,5,0.333333,0
14706,11,0.333333,0
14707,1,0.333333,1
14707,11,0.333333,0
14707,16,0.333333,0
14708,1,0.333333,1
14708,5,0.333333,0
14708,11,0.333333,0
14709,1,0.333333,1
14709,2,0.333333,0
14709,11,0.333333,0
14710,11,0.5,1
14710,16,0.5,0
14711,11,0.5,1
14711,7,0.5,0
14712,1,0.333333,1
14712,2,0.333333,0
14712,11,0.333333,0
14713,2,0.25,1
14713,5,0.25,0
14713,11,0.25,0
14713,16,0.25,0
14714,1,0.25,1
14714,2,0.25,0
14714,5,0.25,0
14714,11,0.25,0
14715,2,1.0,1
14716,1,0.5,1
14716,11,0.5,0
14717,5,0.333333,1
14717,11,0.333333,0
14717,16,0.333333,0
14718,1,0.2,1
14718,2,0.2,0
14718,5,0.2,0
14718,11,0.2,0
14718,14,0.2,0
14719,2,0.5,1
14719,5,0.5,0
14720,1,0.2,1
14720,2,0.2,0
14720,5,0.2,0
14720,11,0.2,0
14720,16,0.2,0
14721,1,0.5,1
14721,5,0.5,0
14722,5,0.5,1
14722,11,0.5,0
14723,5,0.5,1
14723,11,0.5,0
14724,2,0.333333,1
14724,5,0.333333,0
14724,11,0.333333,0
14725,1,0.25,1
14725,5,0.25,0
14725,11,0.25,0
14725,19,0.25,0
14726,1,0.25,1
14726,2,0.25,0
14726,11,0.25,0
14726,14,0.25,0
14727,1,0.333333,1
14727,2,0.333333,0
14727,11,0.333333,0
14728,1,0.2,1
14728,2,0.2,0
14728,11,0.2,0
14728,16,0.2,0
14728,7,0.2,0
14729,1,0.5,1
14729,2,0.5,0
14730,1,0.333333,1
14730,2,0.333333,0
14730,11,0.333333,0
14731,1,0.25,1
14731,5,0.25,0
14731,11,0.25,0
14731,14,0.25,0
14732,5,0.2,1
14732,11,0.2,0
14732,16,0.2,0
14732,18,0.2,0
14732,19,0.2,0
14733,5,1.0,1
14734,1,0.166667,1
14734,2,0.166667,0
14734,5,0.166667,0
14734,11,0.166667,0
14734,14,0.166667,0
14734,16,0.166667,0
14735,1,0.333333,1
14735,5,0.333333,0
14735,11,0.333333,0
14736,2,0.5,1
14736,11,0.5,0
14737,5,0.5,1
14737,11,0.5,0
14738,5,0.333333,1
14738,11,0.333333,0
14738,9,0.333333,0
14739,1,0.25,1
14739,2,0.25,0
14739,11,0.25,0
14739,7,0.25,0
14740,1,0.333333,1
14740,2,0.333333,0
14740,11,0.333333,0
14741,5,0.5,1
14741,11,0.5,0
14742,2,0.333333,1
14742,11,0.333333,0
14742,14,0.333333,0
14743,11,0.5,1
14743,15,0.5,0
14744,1,0.333333,1
14744,11,0.333333,0
14744,18,0.333333,0
14745,5,0.5,1
14745,11,0.5,0
14746,1,0.5,1
14746,5,0.5,0
14747,2,0.333333,1
14747,11,0.333333,0
14747,14,0.333333,0
14748,2,0.333333,1
14748,5,0.333333,0
14748,11,0.333333,0
14749,2,0.25,1
14749,5,0.25,0
14749,11,0.25,0
14749,9,0.25,0
14750,14,0.5,1
14750,7,0.5,0
14751,5,0.5,1
14751,11,0.5,0
14752,5,0.333333,1
14752,11,0.333333,0
14752,7,0.333333,0
14753,1,0.333333,1
14753,2,0.333333,0
14753,11,0.333333,0
14754,2,0.25,1
14754,11,0.25,0
14754,16,0.25,0
14754,19,0.25,0
14755,11,1.0,1
14756,2,0.333333,1
14756,11,0.333333,0
14756,14,0.333333,0
14757,11,0.5,1
14757,19,0.5,0
14758,2,0.333333,1
14758,11,0.333333,0
14758,14,0.333333,0
14759,1,0.5,1
14759,11,0.5,0
14760,2,0.333333,1
14760,5,0.333333,0
14760,11,0.333333,0
14761,2,0.333333,1
14761,9,0.333333,0
14761,11,0.333333,0
14762,5,0.5,1
14762,11,0.5,0
14763,1,0.5,1
14763,11,0.5,0
14764,5,0.333333,1
14764,11,0.333333,0
14764,16,0.333333,0
14765,2,0.333333,1
14765,5,0.333333,0
14765,11,0.333333,0
14766,1,0.5,1
14766,2,0.5,0
14767,1,1.0,1
14768,5,0.333333,1
14768,11,0.333333,0
14768,16,0.333333,0
14769,5,0.5,1
14769,11,0.5,0
14770,1,0.25,1
14770,2,0.25,0
14770,11,0.25,0
14770,15,0.25,0
14771,2,0.25,1
14771,11,0.25,0
14771,14,0.25,0
14771,16,0.25,0
14772,1,0.333333,1
14772,11,0.333333,0
14772,16,0.333333,0
14773,5,0.5,1
14773,19,0.5,0
14774,2,0.166667,1
14774,5,0.166667,0
14774,11,0.166667,0
14774,14,0.166667,0
14774,16,0.166667,0
14774,19,0.166667,0
14775,2,0.333333,1
14775,5,0.333333,0
14775,11,0.333333,0
14776,5,0.5,1
14776,16,0.5,0
14777,5,0.5,1
14777,11,0.5,0
14778,1,0.333333,1
14778,11,0.333333,0
14778,14,0.333333,0
14779,5,0.5,1
14779,19,0.5,0
14780,5,0.5,1
14780,16,0.5,0
14781,2,0.333333,1
14781,11,0.333333,0
14781,14,0.333333,0
14782,11,1.0,1
14783,2,0.5,1
14783,11,0.5,0
14784,2,0.5,1
14784,11,0.5,0
14785,1,0.5,1
14785,5,0.5,0
14786,2,0.2,1
14786,11,0.2,0
14786,14,0.2,0
14786,16,0.2,0
14786,19,0.2,0
14787,1,0.5,1
14787,11,0.5,0
14788,1,0.333333,1
14788,5,0.333333,0
14788,11,0.333333,0
14789,1,0.25,1
14789,2,0.25,0
14789,5,0.25,0
14789,14,0.25,0
14790,1,0.25,1
14790,5,0.25,0
14790,11,0.25,0
14790,19,0.25,0
14791,2,0.333333,1
14791,11,0.333333,0
14791,14,0.333333,0
14792,5,0.25,1
14792,11,0.25,0
14792,16,0.25,0
14792,19,0.25,0
14793,2,0.333333,1
14793,5,0.333333,0
14793,11,0.333333,0
14794,2,1.0,1
14795,1,1.0,1
14796,2,1.0,1
14797,5,0.5,1
14797,11,0.5,0
14798,5,0.2,1
14798,11,0.2,0
14798,15,0.2,0
14798,16,0.2,0
14798,18,0.2,0
14799,1,0.333333,1
14799,5,0.333333,0
14799,11,0.333333,0
14800,11,0.25,1
14800,14,0.25,0
14800,16,0.25,0
14800,7,0.25,0
14801,5,0.333333,1
14801,11,0.333333,0
14801,19,0.333333,0
14802,1,0.25,1
14802,2,0.25,0
14802,5,0.25,0
14802,11,0.25,0
14803,11,1.0,1
14804,2,0.5,1
14804,11,0.5,0
14805,1,0.2,1
14805,5,0.2,0
14805,11,0.2,0
14805,14,0.2,0
14805,16,0.2,0
14806,5,0.333333,1
14806,16,0.333333,0
14806,18,0.333333,0
14807,21,1.0,1
14808,2,0.2,1
14808,5,0.2,0
14808,11,0.2,0
14808,16,0.2,0
14808,7,0.2,0
14809,1,0.5,1
14809,9,0.5,0
14810,5,0.5,1
14810,11,0.5,0
14811,2,1.0,1
14812,2,0.333333,1
14812,11,0.333333,0
14812,16,0.333333,0
14813,1,0.333333,1
14813,2,0.333333,0
14813,11,0.333333,0
14814,2,0.2,1
14814,5,0.2,0
14814,11,0.2,0
14814,16,0.2,0
14814,19,0.2,0
14815,11,0.5,1
14815,16,0.5,0
14816,1,0.333333,1
14816,2,0.333333,0
14816,11,0.333333,0
14817,2,0.333333,1
14817,11,0.333333,0
14817,19,0.333333,0
14818,1,0.166667,1
14818,2,0.166667,0
14818,5,0.166667,0
14818,16,0.166667,0
14818,9,0.166667,0
14818,7,0.166667,0
14819,5,0.5,1
14819,11,0.5,0
14820,1,0.5,1
14820,11,0.5,0
14821,11,0.333333,1
14821,16,0.333333,0
14821,19,0.333333,0
14822,1,0.25,1
14822,2,0.25,0
14822,11,0.25,0
14822,14,0.25,0
14823,1,0.2,1
14823,2,0.2,0
14823,5,0.2,0
14823,11,0.2,0
14823,16,0.2,0
14824,16,1.0,1
14825,1,0.333333,1
14825,11,0.333333,0
14825,7,0.333333,0
14826,5,0.5,1
14826,16,0.5,0
14827,1,0.333333,1
14827,2,0.333333,0
14827,11,0.333333,0
14828,1,0.333333,1
14828,2,0.333333,0
14828,11,0.333333,0
14829,1,0.333333,1
14829,2,0.333333,0
14829,11,0.333333,0
14830,1,0.25,1
14830,2,0.25,0
14830,11,0.25,0
14830,19,0.25,0
14831,1,0.2,1
14831,2,0.2,0
14831,9,0.2,0
14831,15,0.2,0
14831,7,0.2,0
14832,1,0.333333,1
14832,2,0.333333,0
14832,11,0.333333,0
14833,1,0.5,1
14833,11,0.5,0
14834,1,0.166667,1
14834,2,0.166667,0
14834,5,0.166667,0
14834,11,0.166667,0
14834,19,0.166667,0
14834,9,0.166667,0
14835,2,0.333333,1
14835,5,0.333333,0
14835,11,0.333333,0
14836,1,0.25,1
14836,2,0.25,0
14836,11,0.25,0
14836,7,0.25,0
14837,2,0.333333,1
14837,5,0.333333,0
14837,11,0.333333,0
14838,2,0.333333,1
14838,11,0.333333,0
14838,9,0.333333,0
14839,11,1.0,1
14840,1,0.166667,1
14840,2,0.166667,0
14840,5,0.166667,0
14840,11,0.166667,0
14840,14,0.166667,0
14840,19,0.166667,0
14841,1,0.5,1
14841,9,0.5,0
14842,1,0.111111,1
14842,2,0.111111,0
14842,5,0.111111,0
14842,11,0.111111,0
14842,12,0.111111,0
14842,14,0.111111,0
14842,16,0.111111,0
14842,19,0.111111,0
14842,9,0.111111,0
14843,2,0.5,1
14843,14,0.5,0
14844,1,0.333333,1
14844,11,0.333333,0
14844,7,0.333333,0
14845,5,0.25,1
14845,11,0.25,0
14845,16,0.25,0
14845,19,0.25,0
14846,6,0.333333,1
14846,13,0.333333,0
14846,10,0.333333,0
14847,5,0.333333,1
14847,11,0.333333,0
14847,16,0.333333,0
14848,1,0.5,1
14848,11,0.5,0
14849,1,0.333333,1
14849,2,0.333333,0
14849,11,0.333333,0
14850,1,0.333333,1
14850,2,0.333333,0
14850,11,0.333333,0
14851,1,0.333333,1
14851,2,0.333333,0
14851,11,0.333333,0
14852,2,0.2,1
14852,5,0.2,0
14852,11,0.2,0
14852,16,0.2,0
14852,19,0.2,0
14853,1,0.5,1
14853,11,0.5,0
14854,1,0.25,1
14854,2,0.25,0
14854,11,0.25,0
14854,14,0.25,0
14855,2,0.333333,1
14855,5,0.333333,0
14855,11,0.333333,0
14856,2,0.5,1
14856,11,0.5,0
14857,1,0.333333,1
14857,11,0.333333,0
14857,7,0.333333,0
14858,1,0.166667,1
14858,2,0.166667,0
14858,5,0.166667,0
14858,11,0.166667,0
14858,14,0.166667,0
14858,16,0.166667,0
14859,1,0.2,1
14859,5,0.2,0
14859,11,0.2,0
14859,19,0.2,0
14859,7,0.2,0
14860,1,0.2,1
14860,2,0.2,0
14860,5,0.2,0
14860,9,0.2,0
14860,11,0.2,0
14861,1,0.25,1
14861,11,0.25,0
14861,16,0.25,0
14861,19,0.25,0
14862,16,1.0,1
14863,2,0.333333,1
14863,5,0.333333,0
14863,11,0.333333,0
14864,1,0.333333,1
14864,2,0.333333,0
14864,11,0.333333,0
14865,15,1.0,1
14866,1,0.25,1
14866,2,0.25,0
14866,11,0.25,0
14866,7,0.25,0
14867,1,0.2,1
14867,5,0.2,0
14867,11,0.2,0
14867,16,0.2,0
14867,19,0.2,0
14868,1,0.25,1
14868,2,0.25,0
14868,11,0.25,0
14868,9,0.25,0
14869,1,0.333333,1
14869,5,0.333333,0
14869,11,0.333333,0
14870,19,1.0,1
14871,5,0.25,1
14871,11,0.25,0
14871,19,0.25,0
14871,7,0.25,0
14872,1,0.5,1
14872,2,0.5,0
14873,5,0.5,1
14873,11,0.5,0
14874,1,0.333333,1
14874,2,0.333333,0
14874,11,0.333333,0
14875,11,0.5,1
14875,16,0.5,0
14876,2,0.333333,1
14876,5,0.333333,0
14876,11,0.333333,0
14877,5,0.25,1
14877,11,0.25,0
14877,14,0.25,0
14877,16,0.25,0
14878,1,0.333333,1
14878,5,0.333333,0
14878,15,0.333333,0
14879,1,0.166667,1
14879,2,0.166667,0
14879,5,0.166667,0
14879,11,0.166667,0
14879,15,0.166667,0
14879,7,0.166667,0
14880,11,0.333333,1
14880,14,0.333333,0
14880,16,0.333333,0
14881,1,0.25,1
14881,12,0.25,0
14881,9,0.25,0
14881,7,0.25,0
14882,1,0.333333,1
14882,2,0.333333,0
14882,11,0.333333,0
14883,1,0.5,1
14883,11,0.5,0
14884,2,0.2,1
14884,5,0.2,0
14884,11,0.2,0
14884,15,0.2,0
14884,16,0.2,0
14885,2,0.5,1
14885,5,0.5,0
14886,2,0.2,1
14886,9,0.2,0
14886,11,0.2,0
14886,16,0.2,0
14886,19,0.2,0
14887,11,1.0,1
14888,11,0.5,1
14888,14,0.5,0
14889,2,0.25,1
14889,11,0.25,0
14889,12,0.25,0
14889,14,0.25,0
14890,16,1.0,1
14891,11,1.0,1
14892,1,0.333333,1
14892,2,0.333333,0
14892,11,0.333333,0
14893,1,0.5,1
14893,11,0.5,0
14894,11,0.25,1
14894,14,0.25,0
14894,16,0.25,0
14894,19,0.25,0
14895,1,0.333333,1
14895,5,0.333333,0
14895,16,0.333333,0
14896,11,0.5,1
14896,16,0.5,0
14897,14,1.0,1
14898,1,0.333333,1
14898,11,0.333333,0
14898,15,0.333333,0
14899,2,0.333333,1
14899,5,0.333333,0
14899,11,0.333333,0
14900,1,0.5,1
14900,11,0.5,0
14901,1,0.333333,1
14901,11,0.333333,0
14901,16,0.333333,0
14902,1,0.333333,1
14902,11,0.333333,0
14902,16,0.333333,0
14903,5,0.333333,1
14903,11,0.333333,0
14903,16,0.333333,0
14904,1,0.333333,1
14904,2,0.333333,0
14904,11,0.333333,0
14905,1,0.2,1
14905,11,0.2,0
14905,12,0.2,0
14905,18,0.2,0
14905,7,0.2,0
14906,2,0.25,1
14906,5,0.25,0
14906,11,0.25,0
14906,16,0.25,0
14907,1,0.333333,1
14907,2,0.333333,0
14907,11,0.333333,0
14908,1,0.25,1
14908,2,0.25,0
14908,11,0.25,0
14908,14,0.25,0
14909,1,0.333333,1
14909,5,0.333333,0
14909,11,0.333333,0
14910,1,0.25,1
14910,2,0.25,0
14910,5,0.25,0
14910,11,0.25,0
14911,2,0.25,1
14911,11,0.25,0
14911,16,0.25,0
14911,9,0.25,0
14912,2,0.5,1
14912,11,0.5,0
14913,5,1.0,1
14914,11,0.5,1
14914,19,0.5,0
14915,2,0.333333,1
14915,9,0.333333,0
14915,11,0.333333,0
14916,2,0.333333,1
14916,14,0.333333,0
14916,16,0.333333,0
14917,5,0.333333,1
14917,9,0.333333,0
14917,11,0.333333,0
14918,5,0.333333,1
14918,11,0.333333,0
14918,16,0.333333,0
14919,1,0.2,1
14919,2,0.2,0
14919,5,0.2,0
14919,11,0.2,0
14919,16,0.2,0
14920,2,0.333333,1
14920,5,0.333333,0
14920,11,0.333333,0
14921,1,0.142857,1
14921,2,0.142857,0
14921,9,0.142857,0
14921,11,0.142857,0
14921,12,0.142857,0
14921,14,0.142857,0
14921,7,0.142857,0
14922,2,0.25,1
14922,11,0.25,0
14922,14,0.25,0
14922,7,0.25,0
14923,1,0.142857,1
14923,2,0.142857,0
14923,5,0.142857,0
14923,11,0.142857,0
14923,15,0.142857,0
14923,14,0.142857,0
14923,16,0.142857,0
14924,2,0.2,1
14924,5,0.2,0
14924,11,0.2,0
14924,16,0.2,0
14924,19,0.2,0
14925,2,0.333333,1
14925,5,0.333333,0
14925,11,0.333333,0
14926,5,0.5,1
14926,11,0.5,0
14927,2,0.5,1
14927,11,0.5,0
14928,5,0.333333,1
14928,11,0.333333,0
14928,19,0.333333,0
14929,2,0.25,1
14929,5,0.25,0
14929,11,0.25,0
14929,9,0.25,0
14930,2,0.166667,1
14930,5,0.166667,0
14930,9,0.166667,0
14930,11,0.166667,0
14930,14,0.166667,0
14930,16,0.166667,0
14931,2,0.166667,1
14931,5,0.166667,0
14931,11,0.166667,0
14931,16,0.166667,0
14931,19,0.166667,0
14931,7,0.166667,0
14932,1,0.25,1
14932,5,0.25,0
14932,11,0.25,0
14932,9,0.25,0
14933,2,0.333333,1
14933,5,0.333333,0
14933,11,0.333333,0
14934,16,0.5,1
14934,19,0.5,0
14935,2,0.5,1
14935,11,0.5,0
14936,11,0.333333,1
14936,14,0.333333,0
14936,19,0.333333,0
14937,1,0.5,1
14937,9,0.5,0
14938,1,0.333333,1
14938,9,0.333333,0
14938,11,0.333333,0
14939,2,0.5,1
14939,11,0.5,0
14940,5,0.333333,1
14940,11,0.333333,0
14940,19,0.333333,0
14941,1,0.2,1
14941,2,0.2,0
14941,11,0.2,0
14941,14,0.2,0
14941,16,0.2,0
14942,2,1.0,1
14943,1,0.25,1
14943,2,0.25,0
14943,12,0.25,0
14943,9,0.25,0
14944,1,0.25,1
14944,2,0.25,0
14944,12,0.25,0
14944,14,0.25,0
14945,2,0.25,1
14945,5,0.25,0
14945,15,0.25,0
14945,16,0.25,0
14946,1,0.333333,1
14946,11,0.333333,0
14946,16,0.333333,0
14947,5,0.5,1
14947,11,0.5,0
14948,16,0.5,1
14948,7,0.5,0
14949,5,0.333333,1
14949,14,0.333333,0
14949,16,0.333333,0
14950,1,0.25,1
14950,5,0.25,0
14950,11,0.25,0
14950,19,0.25,0
14951,2,0.333333,1
14951,5,0.333333,0
14951,11,0.333333,0
14952,11,0.333333,1
14952,14,0.333333,0
14952,9,0.333333,0
14953,2,0.25,1
14953,11,0.25,0
14953,19,0.25,0
14953,7,0.25,0
14954,5,0.25,1
14954,11,0.25,0
14954,14,0.25,0
14954,16,0.25,0
14955,1,0.166667,1
14955,5,0.166667,0
14955,9,0.166667,0
14955,15,0.166667,0
14955,16,0.166667,0
14955,7,0.166667,0
14956,2,0.25,1
14956,5,0.25,0
14956,11,0.25,0
14956,19,0.25,0
14957,1,0.333333,1
14957,5,0.333333,0
14957,11,0.333333,0
14958,1,0.333333,1
14958,2,0.333333,0
14958,11,0.333333,0
14959,2,1.0,1
14960,1,0.25,1
14960,5,0.25,0
14960,11,0.25,0
14960,9,0.25,0
14961,11,0.333333,1
14961,19,0.333333,0
14961,9,0.333333,0
14962,5,1.0,1
14963,2,0.333333,1
14963,11,0.333333,0
14963,14,0.333333,0
14964,1,0.25,1
14964,2,0.25,0
14964,5,0.25,0
14964,11,0.25,0
14965,1,0.5,1
14965,11,0.5,0
14966,2,0.333333,1
14966,5,0.333333,0
14966,11,0.333333,0
14967,1,0.333333,1
14967,2,0.333333,0
14967,11,0.333333,0
14968,9,0.25,1
14968,11,0.25,0
14968,12,0.25,0
14968,16,0.25,0
14969,1,0.166667,1
14969,2,0.166667,0
14969,5,0.166667,0
14969,11,0.166667,0
14969,16,0.166667,0
14969,19,0.166667,0
14970,5,0.2,1
14970,14,0.2,0
14970,16,0.2,0
14970,19,0.2,0
14970,7,0.2,0
14971,1,0.5,1
14971,2,0.5,0
14972,2,0.333333,1
14972,9,0.333333,0
14972,11,0.333333,0
14973,19,1.0,1
14974,1,0.25,1
14974,2,0.25,0
14974,11,0.25,0
14974,7,0.25,0
14975,11,0.333333,1
14975,16,0.333333,0
14975,19,0.333333,0
14976,1,0.166667,1
14976,2,0.166667,0
14976,11,0.166667,0
14976,14,0.166667,0
14976,16,0.166667,0
14976,9,0.166667,0
14977,14,0.5,1
14977,19,0.5,0
14978,2,0.333333,1
14978,11,0.333333,0
14978,14,0.333333,0
14979,1,0.5,1
14979,19,0.5,0
14980,1,0.25,1
14980,11,0.25,0
14980,14,0.25,0
14980,7,0.25,0
14981,1,0.5,1
14981,2,0.5,0
14982,1,0.5,1
14982,11,0.5,0
14983,14,0.5,1
14983,19,0.5,0
14984,1,0.333333,1
14984,2,0.333333,0
14984,11,0.333333,0
14985,2,0.333333,1
14985,14,0.333333,0
14985,7,0.333333,0
14986,2,0.5,1
14986,14,0.5,0
14987,11,0.333333,1
14987,16,0.333333,0
14987,18,0.333333,0
14988,2,1.0,1
14989,5,0.25,1
14989,11,0.25,0
14989,14,0.25,0
14989,19,0.25,0
14990,2,0.2,1
14990,5,0.2,0
14990,11,0.2,0
14990,14,0.2,0
14990,19,0.2,0
14991,1,1.0,1
14992,11,0.333333,1
14992,19,0.333333,0
14992,7,0.333333,0
14993,5,0.333333,1
14993,11,0.333333,0
14993,16,0.333333,0
14994,1,0.5,1
14994,18,0.5,0
14995,1,0.333333,1
14995,5,0.333333,0
14995,11,0.333333,0
14996,16,0.5,1
14996,18,0.5,0
14997,2,0.25,1
14997,11,0.25,0
14997,14,0.25,0
14997,19,0.25,0
14998,16,0.5,1
14998,19,0.5,0
14999,1,0.333333,1
14999,2,0.333333,0
14999,14,0.333333,0
15000,1,0.5,1
15000,14,0.5,0
15001,1,1.0,1
15002,1,0.5,1
15002,2,0.5,0
15003,1,0.2,1
15003,12,0.2,0
15003,15,0.2,0
15003,16,0.2,0
15003,18,0.2,0
15004,2,0.5,1
15004,11,0.5,0
15005,2,0.5,1
15005,14,0.5,0
15006,1,0.2,1
15006,2,0.2,0
15006,11,0.2,0
15006,12,0.2,0
15006,9,0.2,0
15007,1,0.333333,1
15007,2,0.333333,0
15007,11,0.333333,0
15008,2,0.5,1
15008,16,0.5,0
15009,19,1.0,1
15010,1,1.0,1
15011,2,0.25,1
15011,11,0.25,0
15011,16,0.25,0
15011,7,0.25,0
15012,1,1.0,1
15013,1,0.5,1
15013,14,0.5,0
15014,1,0.5,1
15014,11,0.5,0
15015,2,1.0,1
15016,1,0.5,1
15016,2,0.5,0
15017,1,0.25,1
15017,2,0.25,0
15017,5,0.25,0
15017,11,0.25,0
15018,1,0.333333,1
15018,5,0.333333,0
15018,14,0.333333,0
15019,2,0.5,1
15019,11,0.5,0
15020,2,0.166667,1
15020,5,0.166667,0
15020,11,0.166667,0
15020,14,0.166667,0
15020,16,0.166667,0
15020,7,0.166667,0
15021,1,1.0,1
15022,1,0.333333,1
15022,16,0.333333,0
15022,19,0.333333,0
15023,16,0.5,1
15023,19,0.5,0
15024,2,0.333333,1
15024,11,0.333333,0
15024,14,0.333333,0
15025,1,0.333333,1
15025,2,0.333333,0
15025,11,0.333333,0
15026,2,0.25,1
15026,5,0.25,0
15026,16,0.25,0
15026,19,0.25,0
15027,1,0.25,1
15027,5,0.25,0
15027,11,0.25,0
15027,19,0.25,0
15028,2,0.333333,1
15028,11,0.333333,0
15028,14,0.333333,0
15029,11,0.5,1
15029,19,0.5,0
15030,1,0.5,1
15030,11,0.5,0
15031,5,0.333333,1
15031,11,0.333333,0
15031,16,0.333333,0
15032,1,0.333333,1
15032,2,0.333333,0
15032,14,0.333333,0
15033,2,0.5,1
15033,11,0.5,0
15034,1,0.333333,1
15034,5,0.333333,0
15034,11,0.333333,0
15035,1,0.25,1
15035,2,0.25,0
15035,5,0.25,0
15035,11,0.25,0
15036,1,0.25,1
15036,2,0.25,0
15036,11,0.25,0
15036,14,0.25,0
15037,2,0.5,1
15037,14,0.5,0
15038,1,0.5,1
15038,2,0.5,0
15039,2,0.333333,1
15039,14,0.333333,0
15039,16,0.333333,0
15040,1,1.0,1
15041,2,0.5,1
15041,14,0.5,0
15042,2,0.25,1
15042,11,0.25,0
15042,14,0.25,0
15042,19,0.25,0
15043,1,0.25,1
15043,5,0.25,0
15043,11,0.25,0
15043,14,0.25,0
15044,1,0.2,1
15044,2,0.2,0
15044,11,0.2,0
15044,19,0.2,0
15044,7,0.2,0
15045,1,0.5,1
15045,9,0.5,0
15046,1,0.25,1
15046,2,0.25,0
15046,5,0.25,0
15046,11,0.25,0
15047,1,0.5,1
15047,11,0.5,0
15048,1,0.5,1
15048,14,0.5,0
15049,1,0.5,1
15049,14,0.5,0
15050,2,0.25,1
15050,11,0.25,0
15050,16,0.25,0
15050,19,0.25,0
15051,1,0.25,1
15051,2,0.25,0
15051,11,0.25,0
15051,14,0.25,0
15052,2,0.2,1
15052,5,0.2,0
15052,11,0.2,0
15052,14,0.2,0
15052,19,0.2,0
15053,2,0.5,1
15053,11,0.5,0
15054,1,0.5,1
15054,2,0.5,0
15055,1,0.166667,1
15055,2,0.166667,0
15055,11,0.166667,0
15055,14,0.166667,0
15055,16,0.166667,0
15055,19,0.166667,0
15056,14,0.333333,1
15056,16,0.333333,0
15056,19,0.333333,0
15057,1,0.25,1
15057,2,0.25,0
15057,11,0.25,0
15057,14,0.25,0
15058,1,0.333333,1
15058,2,0.333333,0
15058,14,0.333333,0
15059,5,0.5,1
15059,16,0.5,0
15060,11,0.333333,1
15060,16,0.333333,0
15060,19,0.333333,0
15061,1,0.5,1
15061,11,0.5,0
15062,1,0.5,1
15062,11,0.5,0
15063,1,0.5,1
15063,11,0.5,0
15064,2,1.0,1
15065,1,0.333333,1
15065,5,0.333333,0
15065,11,0.333333,0
15066,1,0.25,1
15066,2,0.25,0
15066,11,0.25,0
15066,14,0.25,0
15067,1,0.333333,1
15067,11,0.333333,0
15067,7,0.333333,0
15068,1,0.5,1
15068,11,0.5,0
15069,11,0.25,1
15069,16,0.25,0
15069,19,0.25,0
15069,7,0.25,0
15070,1,0.25,1
15070,11,0.25,0
15070,14,0.25,0
15070,16,0.25,0
15071,1,0.2,1
15071,2,0.2,0
15071,14,0.2,0
15071,16,0.2,0
15071,19,0.2,0
15072,16,1.0,1
15073,1,0.333333,1
15073,2,0.333333,0
15073,16,0.333333,0
15074,1,0.333333,1
15074,2,0.333333,0
15074,14,0.333333,0
15075,1,0.25,1
15075,5,0.25,0
15075,11,0.25,0
15075,14,0.25,0
15076,1,0.5,1
15076,11,0.5,0
15077,1,0.25,1
15077,5,0.25,0
15077,11,0.25,0
15077,14,0.25,0
