game_key,developer_key,allocation_factor,is_primary
1,9028,1.0,1
2,3331,1.0,1
3,3408,1.0,1
4,4534,1.0,1
5,7823,1.0,1
6,3330,1.0,1
7,8905,0.333333,1
7,3463,0.333333,0
7,8906,0.333333,0
8,9173,1.0,1
9,5242,1.0,1
10,8843,1.0,1
11,4340,1.0,1
12,6482,1.0,1
13,4578,1.0,1
14,3995,0.5,1
14,5064,0.5,0
15,266,1.0,1
16,1141,1.0,1
17,1406,1.0,1
18,7306,1.0,1
19,9299,1.0,1
20,56,0.5,1
20,226,0.5,0
21,6780,1.0,1
22,6577,1.0,1
23,4511,1.0,1
24,9655,0.5,1
24,4109,0.5,0
25,7534,1.0,1
26,8603,1.0,1
27,9990,0.5,1
27,10051,0.5,0
28,11741,1.0,1
29,7935,1.0,1
30,11967,1.0,1
31,4937,1.0,1
32,7967,0.5,1
32,5589,0.5,0
33,6607,1.0,1
34,5098,1.0,1
35,5805,1.0,1
36,6609,1.0,1
37,7544,1.0,1
38,4387,1.0,1
39,11736,0.5,1
39,8683,0.5,0
40,2247,1.0,1
41,10832,1.0,1
42,8742,1.0,1
43,1993,1.0,1
44,6970,1.0,1
45,10677,1.0,1
46,3599,1.0,1
47,8154,1.0,1
48,10663,1.0,1
49,8276,1.0,1
50,892,1.0,1
51,12027,1.0,1
52,8181,1.0,1
53,217,1.0,1
54,2278,1.0,1
55,7102,1.0,1
56,22,1.0,1
57,11916,1.0,1
58,10832,1.0,1
59,31,0.5,1
59,3568,0.5,0
60,8859,1.0,1
61,9031,1.0,1
62,5403,1.0,1
63,4370,1.0,1
64,5515,0.5,1
64,3423,0.5,0
65,11339,1.0,1
66,5201,0.166667,1
66,6218,0.166667,0
66,4725,0.166667,0
66,9685,0.166667,0
66,11157,0.166667,0
66,5912,0.166667,0
67,7767,1.0,1
68,4971,1.0,1
69,9716,1.0,1
70,7493,1.0,1
71,10409,1.0,1
72,6380,1.0,1
73,9492,1.0,1
74,12069,1.0,1
75,3644,1.0,1
76,6517,1.0,1
77,8334,1.0,1
78,6480,1.0,1
79,5098,1.0,1
80,1117,1.0,1
81,10763,1.0,1
82,4415,1.0,1
83,9555,1.0,1
84,3545,1.0,1
85,4462,1.0,1
86,10677,0.5,1
86,3976,0.5,0
87,4800,0.25,1
87,5264,0.25,0
87,5032,0.25,0
87,2639,0.25,0
88,9352,1.0,1
89,9474,1.0,1
90,10701,1.0,1
91,1720,1.0,1
92,9231,1.0,1
93,6194,1.0,1
94,573,0.5,1
94,3777,0.5,0
95,122,1.0,1
96,5911,1.0,1
97,3977,1.0,1
98,6550,1.0,1
99,892,0.5,1
99,3278,0.5,0
100,3345,1.0,1
101,2459,1.0,1
102,9930,1.0,1
103,3386,1.0,1
104,10773,1.0,1
105,8535,1.0,1
106,528,1.0,1
107,9028,1.0,1
108,1201,1.0,1
109,6182,1.0,1
110,3281,1.0,1
111,6587,1.0,1
112,5996,0.5,1
112,8880,0.5,0
113,4909,1.0,1
114,154,1.0,1
115,7783,1.0,1
116,8679,1.0,1
117,11478,1.0,1
118,9502,1.0,1
119,9973,1.0,1
120,4504,1.0,1
121,4501,1.0,1
122,6930,1.0,1
123,562,0.5,1
123,2769,0.5,0
124,2357,1.0,1
125,1802,1.0,1
126,4826,1.0,1
127,9891,1.0,1
128,9558,1.0,1
129,8141,1.0,1
130,2119,1.0,1
131,9028,1.0,1
132,6248,1.0,1
133,1508,1.0,1
134,4944,1.0,1
135,4623,1.0,1
136,9542,1.0,1
137,3189,1.0,1
138,6791,1.0,1
139,2530,1.0,1
140,6835,0.5,1
140,3013,0.5,0
141,8766,1.0,1
142,3189,1.0,1
143,6052,1.0,1
144,3328,1.0,1
145,3430,1.0,1
146,4999,1.0,1
147,12071,1.0,1
148,1759,1.0,1
149,3114,1.0,1
150,10259,1.0,1
151,10719,1.0,1
152,8963,1.0,1
153,5932,1.0,1
154,6670,1.0,1
155,8911,1.0,1
156,9355,1.0,1
157,2834,1.0,1
158,4994,1.0,1
159,271,1.0,1
160,10194,1.0,1
161,11097,1.0,1
162,11301,1.0,1
163,4018,1.0,1
164,6859,1.0,1
165,562,0.5,1
165,1718,0.5,0
166,59,0.5,1
166,2520,0.5,0
167,11570,1.0,1
168,10379,1.0,1
169,10494,1.0,1
170,5545,0.333333,1
170,2599,0.333333,0
170,6229,0.333333,0
171,4125,1.0,1
172,627,1.0,1
173,10435,1.0,1
174,2250,1.0,1
175,10791,1.0,1
176,889,1.0,1
177,1950,1.0,1
178,3963,1.0,1
179,9464,1.0,1
180,8366,1.0,1
181,9157,1.0,1
182,276,1.0,1
183,7386,1.0,1
184,2145,1.0,1
185,8083,1.0,1
186,1034,1.0,1
187,5919,1.0,1
188,11615,1.0,1
189,2242,1.0,1
190,1536,1.0,1
191,3929,1.0,1
192,6160,1.0,1
193,7833,1.0,1
194,7875,1.0,1
195,11052,1.0,1
196,4753,0.333333,1
196,5718,0.333333,0
196,5712,0.333333,0
197,1476,1.0,1
198,9914,1.0,1
199,9304,1.0,1
200,9626,1.0,1
201,10048,1.0,1
202,10989,1.0,1
203,11927,1.0,1
204,1318,1.0,1
205,5110,1.0,1
206,3031,1.0,1
207,2727,0.5,1
207,10465,0.5,0
208,7900,0.5,1
208,7805,0.5,0
209,11622,1.0,1
210,7232,1.0,1
211,428,1.0,1
212,5126,1.0,1
213,5585,1.0,1
214,5987,1.0,1
215,5088,1.0,1
216,6214,1.0,1
217,3322,1.0,1
218,7485,1.0,1
219,8236,1.0,1
220,3323,1.0,1
221,8367,1.0,1
222,10928,1.0,1
223,562,1.0,1
224,6413,1.0,1
225,2042,1.0,1
226,9773,1.0,1
227,4541,0.5,1
227,1975,0.5,0
228,217,1.0,1
229,5137,1.0,1
230,8240,1.0,1
231,9028,1.0,1
232,3972,1.0,1
233,9303,1.0,1
234,5815,1.0,1
235,10785,1.0,1
236,6093,1.0,1
237,52,1.0,1
238,11280,1.0,1
239,6546,1.0,1
240,2180,1.0,1
241,9084,1.0,1
242,4186,1.0,1
243,11779,1.0,1
244,572,1.0,1
245,5665,1.0,1
246,1573,1.0,1
247,10113,0.2,1
247,1089,0.2,0
247,308,0.2,0
247,4204,0.2,0
247,4711,0.2,0
248,7370,1.0,1
249,10803,1.0,1
250,6760,0.5,1
250,5222,0.5,0
251,9446,1.0,1
252,2994,1.0,1
253,549,1.0,1
254,669,1.0,1
255,9025,1.0,1
256,7406,1.0,1
257,3928,1.0,1
258,11583,1.0,1
259,5472,1.0,1
260,9125,1.0,1
261,218,1.0,1
262,11299,1.0,1
263,8910,1.0,1
264,5627,1.0,1
265,11798,1.0,1
266,8520,1.0,1
267,5637,1.0,1
268,10837,1.0,1
269,4431,1.0,1
270,8978,1.0,1
271,10670,1.0,1
272,1699,1.0,1
273,7303,1.0,1
274,10551,1.0,1
275,3799,1.0,1
276,4250,1.0,1
277,1352,1.0,1
278,7071,0.5,1
278,7072,0.5,0
279,7356,1.0,1
280,7357,1.0,1
281,3641,0.5,1
281,3033,0.5,0
282,4510,1.0,1
283,10811,1.0,1
284,9107,1.0,1
285,11089,1.0,1
286,6060,1.0,1
287,1811,1.0,1
288,9165,1.0,1
289,7670,1.0,1
290,9543,1.0,1
291,6000,1.0,1
292,7583,1.0,1
293,6182,1.0,1
294,8831,1.0,1
295,10781,1.0,1
296,7992,1.0,1
297,10278,1.0,1
298,5895,1.0,1
299,3233,1.0,1
300,4838,1.0,1
301,3821,1.0,1
302,2381,1.0,1
303,11368,0.5,1
303,11571,0.5,0
304,6473,1.0,1
305,4547,1.0,1
306,3616,1.0,1
307,6859,1.0,1
308,7980,1.0,1
309,2841,1.0,1
310,10959,0.5,1
310,4861,0.5,0
311,3118,1.0,1
312,10876,1.0,1
313,1271,1.0,1
314,4678,1.0,1
315,7848,1.0,1
316,7496,1.0,1
317,10453,0.5,1
317,5962,0.5,0
318,9306,1.0,1
319,6689,1.0,1
320,3377,1.0,1
321,3231,0.5,1
321,2100,0.5,0
322,8340,1.0,1
323,9439,1.0,1
324,9415,0.25,1
324,1479,0.25,0
324,6330,0.25,0
324,1906,0.25,0
325,10057,1.0,1
326,3129,1.0,1
327,2856,1.0,1
328,1403,1.0,1
329,1802,1.0,1
330,11128,1.0,1
331,494,1.0,1
332,10759,1.0,1
333,4749,1.0,1
334,9667,1.0,1
335,2351,1.0,1
336,5311,1.0,1
337,5098,1.0,1
338,4568,1.0,1
339,1560,1.0,1
340,11357,1.0,1
341,925,1.0,1
342,5533,1.0,1
343,2937,1.0,1
344,5800,0.5,1
344,552,0.5,0
345,331,0.5,1
345,8987,0.5,0
346,4708,1.0,1
347,2818,1.0,1
348,3434,0.5,1
348,6226,0.5,0
349,3727,1.0,1
350,4182,0.5,1
350,11155,0.5,0
351,11837,1.0,1
352,10364,1.0,1
353,11200,1.0,1
354,10313,1.0,1
355,92,1.0,1
356,11604,1.0,1
357,2280,1.0,1
358,3239,0.5,1
358,1279,0.5,0
359,8201,1.0,1
360,1648,1.0,1
361,7108,1.0,1
362,3081,1.0,1
363,9316,1.0,1
364,3769,1.0,1
365,1256,1.0,1
366,1712,1.0,1
367,12041,1.0,1
368,11860,1.0,1
369,1276,1.0,1
370,6524,1.0,1
371,3907,1.0,1
372,1695,1.0,1
373,4415,1.0,1
374,3171,1.0,1
375,11231,0.5,1
375,11321,0.5,0
376,7456,0.5,1
376,8721,0.5,0
377,11896,1.0,1
378,2575,1.0,1
379,3215,1.0,1
380,7611,1.0,1
381,3425,1.0,1
382,3021,1.0,1
383,3700,1.0,1
384,7372,1.0,1
385,11577,1.0,1
386,9028,1.0,1
387,2722,0.083333,1
387,398,0.083333,0
387,9309,0.083333,0
387,8655,0.083333,0
387,8671,0.083333,0
387,9003,0.083333,0
387,2413,0.083333,0
387,5696,0.083333,0
387,10089,0.083333,0
387,10725,0.083333,0
387,11528,0.083333,0
387,5947,0.083333,0
388,6132,1.0,1
389,2668,0.333333,1
389,4072,0.333333,0
389,5622,0.333333,0
390,3854,1.0,1
391,4660,1.0,1
392,10849,1.0,1
393,10575,1.0,1
394,4676,1.0,1
395,174,1.0,1
396,3984,1.0,1
397,7332,1.0,1
398,5333,1.0,1
399,10768,1.0,1
400,10157,1.0,1
401,9437,1.0,1
402,1914,1.0,1
403,5684,1.0,1
404,9500,1.0,1
405,10200,1.0,1
406,693,1.0,1
407,622,1.0,1
408,11623,1.0,1
409,10451,1.0,1
410,3036,1.0,1
411,838,0.5,1
411,8710,0.5,0
412,7386,1.0,1
413,6932,1.0,1
414,10508,0.5,1
414,11496,0.5,0
415,6167,1.0,1
416,7650,1.0,1
417,10718,0.5,1
417,8841,0.5,0
418,4759,1.0,1
419,8966,0.333333,1
419,837,0.333333,0
419,11188,0.333333,0
420,8647,1.0,1
421,6717,1.0,1
422,6128,1.0,1
423,10148,1.0,1
424,8502,1.0,1
425,10929,1.0,1
426,1995,1.0,1
427,7038,1.0,1
428,5048,1.0,1
429,4316,1.0,1
430,2937,1.0,1
431,7964,1.0,1
432,4966,1.0,1
433,11755,1.0,1
434,9297,1.0,1
435,2557,1.0,1
436,6606,1.0,1
437,8326,1.0,1
438,3073,1.0,1
439,4039,1.0,1
440,4848,1.0,1
441,9055,1.0,1
442,3430,1.0,1
443,858,1.0,1
444,768,1.0,1
445,7563,1.0,1
446,6259,1.0,1
447,1360,1.0,1
448,2861,1.0,1
449,5890,1.0,1
450,6283,1.0,1
451,1785,1.0,1
452,5329,1.0,1
453,1604,1.0,1
454,3486,1.0,1
455,10182,1.0,1
456,6200,1.0,1
457,11074,1.0,1
458,7927,1.0,1
459,11676,1.0,1
460,623,0.5,1
460,2433,0.5,0
461,10066,1.0,1
462,8697,1.0,1
463,1952,1.0,1
464,313,1.0,1
465,317,1.0,1
466,8461,1.0,1
467,932,1.0,1
468,5098,1.0,1
469,11162,1.0,1
470,12007,1.0,1
471,8068,0.5,1
471,1999,0.5,0
472,9125,1.0,1
473,2498,1.0,1
474,8316,1.0,1
475,1208,1.0,1
476,466,1.0,1
477,11214,1.0,1
478,5438,1.0,1
479,376,1.0,1
480,6428,1.0,1
481,7864,1.0,1
482,8458,1.0,1
483,11401,1.0,1
484,884,1.0,1
485,709,1.0,1
486,9153,1.0,1
487,378,1.0,1
488,257,1.0,1
489,6618,1.0,1
490,1760,1.0,1
491,6145,1.0,1
492,3888,1.0,1
493,6940,1.0,1
494,4584,1.0,1
495,562,1.0,1
496,5922,1.0,1
497,4541,0.5,1
497,1975,0.5,0
498,1314,1.0,1
499,8412,0.5,1
499,9469,0.5,0
500,5902,1.0,1
501,9518,1.0,1
502,5995,1.0,1
503,11464,1.0,1
504,5345,1.0,1
505,2794,1.0,1
506,1110,1.0,1
507,5730,1.0,1
508,453,1.0,1
509,884,1.0,1
510,2011,1.0,1
511,9893,1.0,1
512,6530,0.5,1
512,9686,0.5,0
513,7590,1.0,1
514,1481,1.0,1
515,9143,1.0,1
516,11082,1.0,1
517,8434,1.0,1
518,6570,0.333333,1
518,694,0.333333,0
518,2831,0.333333,0
519,5361,1.0,1
520,1286,1.0,1
521,10205,1.0,1
522,4229,1.0,1
523,4088,1.0,1
524,796,1.0,1
525,11187,0.5,1
525,11327,0.5,0
526,5875,1.0,1
527,2670,1.0,1
528,9415,0.5,1
528,9948,0.5,0
529,3646,1.0,1
530,1485,1.0,1
531,236,1.0,1
532,8804,1.0,1
533,12077,1.0,1
534,9165,0.5,1
534,9034,0.5,0
535,3758,1.0,1
536,8482,1.0,1
537,4475,0.5,1
537,3537,0.5,0
538,14,1.0,1
539,11691,1.0,1
540,5689,1.0,1
541,11420,1.0,1
542,6793,1.0,1
543,11067,1.0,1
544,804,1.0,1
545,8086,1.0,1
546,1778,1.0,1
547,3148,0.5,1
547,8903,0.5,0
548,10226,0.5,1
548,3554,0.5,0
549,11166,1.0,1
550,7909,1.0,1
551,1282,1.0,1
552,4654,1.0,1
553,5306,1.0,1
554,6612,1.0,1
555,6341,1.0,1
556,8529,1.0,1
557,9109,1.0,1
558,1849,1.0,1
559,10553,1.0,1
560,1806,1.0,1
561,6506,1.0,1
562,945,1.0,1
563,8335,1.0,1
564,10568,1.0,1
565,12001,1.0,1
566,10281,1.0,1
567,2615,1.0,1
568,7274,1.0,1
569,9162,1.0,1
570,3045,1.0,1
571,8868,1.0,1
572,4062,1.0,1
573,4169,1.0,1
574,497,1.0,1
575,968,1.0,1
576,7135,1.0,1
577,6730,1.0,1
578,3907,1.0,1
579,2676,1.0,1
580,9028,1.0,1
581,7751,1.0,1
582,11780,1.0,1
583,9076,1.0,1
584,4622,1.0,1
585,5061,1.0,1
586,560,1.0,1
587,8705,1.0,1
588,4252,1.0,1
589,3561,1.0,1
590,3613,1.0,1
591,4884,1.0,1
592,3871,1.0,1
593,3419,1.0,1
594,8920,1.0,1
595,4226,1.0,1
596,11572,1.0,1
597,8185,0.5,1
597,4758,0.5,0
598,8658,1.0,1
599,5922,1.0,1
600,6546,1.0,1
601,1319,1.0,1
602,8282,1.0,1
603,3042,1.0,1
604,4710,1.0,1
605,869,1.0,1
606,743,1.0,1
607,9805,1.0,1
608,1716,1.0,1
609,5204,1.0,1
610,1257,1.0,1
611,721,1.0,1
612,7051,1.0,1
613,4069,1.0,1
614,9574,1.0,1
615,9326,0.5,1
615,11051,0.5,0
616,1942,1.0,1
617,6131,1.0,1
618,10764,1.0,1
619,9449,1.0,1
620,6961,1.0,1
621,2637,1.0,1
622,55,1.0,1
623,10275,1.0,1
624,2354,0.5,1
624,595,0.5,0
625,5102,0.5,1
625,4099,0.5,0
626,7807,1.0,1
627,2544,1.0,1
628,5626,1.0,1
629,286,1.0,1
630,2093,1.0,1
631,2722,0.066667,1
631,10089,0.066667,0
631,325,0.066667,0
631,5086,0.066667,0
631,11253,0.066667,0
631,1460,0.066667,0
631,8090,0.066667,0
631,6371,0.066667,0
631,1040,0.066667,0
631,1316,0.066667,0
631,1497,0.066667,0
631,2250,0.066667,0
631,6486,0.066667,0
631,10725,0.066667,0
631,546,0.066667,0
632,421,1.0,1
633,2197,1.0,1
634,5525,1.0,1
635,4521,1.0,1
636,7729,1.0,1
637,876,1.0,1
638,6315,1.0,1
639,9016,1.0,1
640,5211,1.0,1
641,8558,0.333333,1
641,6217,0.333333,0
641,10049,0.333333,0
642,8605,1.0,1
643,1893,1.0,1
644,2300,1.0,1
645,5126,1.0,1
646,8142,1.0,1
647,6302,1.0,1
648,6315,1.0,1
649,9082,1.0,1
650,6074,1.0,1
651,1804,1.0,1
652,4211,1.0,1
653,9747,1.0,1
654,9294,1.0,1
655,3534,1.0,1
656,4156,1.0,1
657,3999,0.5,1
657,9936,0.5,0
658,2268,1.0,1
659,2201,1.0,1
660,3460,1.0,1
661,8961,1.0,1
662,4463,1.0,1
663,8193,1.0,1
664,7957,1.0,1
665,10210,1.0,1
666,8154,1.0,1
667,8445,0.5,1
667,2846,0.5,0
668,10403,1.0,1
669,5064,0.5,1
669,9604,0.5,0
670,6622,1.0,1
671,1145,1.0,1
672,4161,1.0,1
673,3617,1.0,1
674,7658,1.0,1
675,8654,1.0,1
676,8600,1.0,1
677,7995,1.0,1
678,3430,1.0,1
679,9557,1.0,1
680,6794,1.0,1
681,11296,1.0,1
682,7169,1.0,1
683,3794,1.0,1
684,4067,1.0,1
685,5301,1.0,1
686,10505,1.0,1
687,9557,1.0,1
688,7896,1.0,1
689,5566,0.5,1
689,272,0.5,0
690,2648,1.0,1
691,4615,1.0,1
692,673,1.0,1
693,2046,1.0,1
694,3737,1.0,1
695,7957,1.0,1
696,1614,1.0,1
697,3905,1.0,1
698,7245,1.0,1
699,4113,1.0,1
700,6135,1.0,1
701,5401,1.0,1
702,1397,1.0,1
703,37,1.0,1
704,11223,1.0,1
705,3158,1.0,1
706,1467,1.0,1
707,3023,1.0,1
708,302,0.5,1
708,3841,0.5,0
709,8395,1.0,1
710,10386,1.0,1
711,9238,1.0,1
712,1774,1.0,1
713,4776,1.0,1
714,4530,1.0,1
715,9526,1.0,1
716,11186,1.0,1
717,61,1.0,1
718,10308,1.0,1
719,5616,1.0,1
720,10898,1.0,1
721,5736,1.0,1
722,3897,1.0,1
723,5165,1.0,1
724,6826,0.5,1
724,2781,0.5,0
725,9028,1.0,1
726,10325,1.0,1
727,9269,1.0,1
728,1214,1.0,1
729,6989,1.0,1
730,7714,1.0,1
731,3366,1.0,1
732,6179,1.0,1
733,6687,0.5,1
733,6822,0.5,0
734,9965,1.0,1
735,3513,1.0,1
736,3100,1.0,1
737,10277,1.0,1
738,8929,1.0,1
739,180,1.0,1
740,2625,1.0,1
741,442,1.0,1
742,5568,1.0,1
743,1736,1.0,1
744,1796,1.0,1
745,6904,1.0,1
746,8410,1.0,1
747,1754,1.0,1
748,11819,1.0,1
749,1802,1.0,1
750,7179,1.0,1
751,2682,1.0,1
752,5808,1.0,1
753,6106,1.0,1
754,2429,1.0,1
755,8434,1.0,1
756,3104,1.0,1
757,7531,1.0,1
758,2470,1.0,1
759,1382,1.0,1
760,6514,1.0,1
761,11618,0.5,1
761,6673,0.5,0
762,10171,1.0,1
763,9416,1.0,1
764,1763,1.0,1
765,5089,0.5,1
765,4479,0.5,0
766,8828,1.0,1
767,8687,1.0,1
768,2676,1.0,1
769,4707,1.0,1
770,7991,1.0,1
771,1811,1.0,1
772,7211,1.0,1
773,12018,1.0,1
774,6853,1.0,1
775,3285,1.0,1
776,6556,1.0,1
777,10874,1.0,1
778,5380,1.0,1
779,5126,1.0,1
780,8613,1.0,1
781,5404,1.0,1
782,11406,1.0,1
783,5470,1.0,1
784,544,1.0,1
785,10404,1.0,1
786,5100,1.0,1
787,2607,1.0,1
788,11715,1.0,1
789,3781,1.0,1
790,10744,1.0,1
791,8486,1.0,1
792,2209,1.0,1
793,3306,1.0,1
794,4437,1.0,1
795,9529,1.0,1
796,8309,1.0,1
797,2421,0.5,1
797,467,0.5,0
798,1187,1.0,1
799,10161,1.0,1
800,9121,0.5,1
800,3841,0.5,0
801,6052,1.0,1
802,8620,1.0,1
803,9662,1.0,1
804,8834,1.0,1
805,4273,1.0,1
806,6283,1.0,1
807,8793,1.0,1
808,3166,1.0,1
809,3596,1.0,1
810,9878,1.0,1
811,8356,1.0,1
812,1839,1.0,1
813,7703,1.0,1
814,8807,1.0,1
815,9739,1.0,1
816,10186,1.0,1
817,7803,1.0,1
818,194,1.0,1
819,3302,1.0,1
820,936,1.0,1
821,9480,1.0,1
822,10666,1.0,1
823,2898,1.0,1
824,3119,1.0,1
825,8661,1.0,1
826,6007,0.5,1
826,4381,0.5,0
827,9798,1.0,1
828,8226,1.0,1
829,3686,1.0,1
830,9599,1.0,1
831,3169,1.0,1
832,9049,1.0,1
833,1349,1.0,1
834,4260,1.0,1
835,5038,1.0,1
836,1785,1.0,1
837,7122,1.0,1
838,6008,1.0,1
839,766,1.0,1
840,3473,1.0,1
841,5121,1.0,1
842,1811,1.0,1
843,11999,1.0,1
844,7770,1.0,1
845,6088,1.0,1
846,1690,1.0,1
847,1538,1.0,1
848,2602,1.0,1
849,7215,1.0,1
850,9095,0.5,1
850,1114,0.5,0
851,11054,1.0,1
852,7969,0.5,1
852,133,0.5,0
853,9712,0.5,1
853,6139,0.5,0
854,5723,1.0,1
855,6853,1.0,1
856,4300,1.0,1
857,7974,0.5,1
857,1715,0.5,0
858,5652,1.0,1
859,8825,1.0,1
860,878,0.5,1
860,755,0.5,0
861,10618,1.0,1
862,1783,1.0,1
863,2846,0.5,1
863,8220,0.5,0
864,1356,1.0,1
865,7183,1.0,1
866,9781,1.0,1
867,7537,1.0,1
868,3815,1.0,1
869,2307,1.0,1
870,2991,1.0,1
871,11677,1.0,1
872,3983,1.0,1
873,6319,1.0,1
874,8188,1.0,1
875,11136,1.0,1
876,5397,1.0,1
877,10494,1.0,1
878,10788,1.0,1
879,7080,1.0,1
880,7591,1.0,1
881,8412,1.0,1
882,3117,0.333333,1
882,1322,0.333333,0
882,8290,0.333333,0
883,8957,1.0,1
884,11065,1.0,1
885,7492,1.0,1
886,1933,1.0,1
887,7895,1.0,1
888,2119,1.0,1
889,10839,1.0,1
890,8067,1.0,1
891,2278,1.0,1
892,9527,1.0,1
893,7043,1.0,1
894,3861,1.0,1
895,5484,1.0,1
896,4787,1.0,1
897,526,1.0,1
898,4589,1.0,1
899,4463,1.0,1
900,8700,1.0,1
901,7024,1.0,1
902,842,1.0,1
903,7957,1.0,1
904,4528,1.0,1
905,1227,1.0,1
906,9260,1.0,1
907,11678,1.0,1
908,5457,1.0,1
909,8463,1.0,1
910,10759,1.0,1
911,6095,1.0,1
912,2624,1.0,1
913,7431,1.0,1
914,9392,1.0,1
915,8975,1.0,1
916,7676,1.0,1
917,10822,1.0,1
918,11272,1.0,1
919,8025,1.0,1
920,8514,1.0,1
921,1941,1.0,1
922,6545,1.0,1
923,5857,1.0,1
924,2902,1.0,1
925,5126,1.0,1
926,10759,1.0,1
927,10287,1.0,1
928,5126,1.0,1
929,1239,1.0,1
930,6559,1.0,1
931,8017,1.0,1
932,5616,1.0,1
933,1859,1.0,1
934,10518,1.0,1
935,4601,1.0,1
936,3440,1.0,1
937,8262,1.0,1
938,6265,1.0,1
939,10435,1.0,1
940,829,0.5,1
940,1638,0.5,0
941,5104,1.0,1
942,773,1.0,1
943,1689,1.0,1
944,8418,1.0,1
945,6136,0.5,1
945,5047,0.5,0
946,10832,1.0,1
947,4130,1.0,1
948,1500,1.0,1
949,10386,1.0,1
950,6620,1.0,1
951,7291,1.0,1
952,7096,1.0,1
953,11175,0.5,1
953,334,0.5,0
954,952,1.0,1
955,11347,1.0,1
956,4716,1.0,1
957,7952,1.0,1
958,10159,1.0,1
959,5720,0.142857,1
959,1468,0.142857,0
959,1815,0.142857,0
959,5150,0.142857,0
959,6113,0.142857,0
959,6752,0.142857,0
959,10045,0.142857,0
960,4936,1.0,1
961,9129,1.0,1
962,6721,1.0,1
963,2577,1.0,1
964,9483,1.0,1
965,8638,1.0,1
966,2241,1.0,1
967,6335,1.0,1
968,1736,1.0,1
969,10003,1.0,1
970,1616,1.0,1
971,5098,1.0,1
972,9780,1.0,1
973,5570,1.0,1
974,5777,1.0,1
975,366,1.0,1
976,7892,1.0,1
977,7491,1.0,1
978,7296,1.0,1
979,11610,1.0,1
980,10613,1.0,1
981,3599,1.0,1
982,2159,1.0,1
983,2906,1.0,1
984,6322,1.0,1
985,11953,0.333333,1
985,11886,0.333333,0
985,11930,0.333333,0
986,10677,0.5,1
986,3976,0.5,0
987,4661,1.0,1
988,7197,1.0,1
989,421,1.0,1
990,7470,1.0,1
991,1411,1.0,1
992,10400,1.0,1
993,6298,1.0,1
994,10145,1.0,1
995,2262,0.333333,1
995,6558,0.333333,0
995,2376,0.333333,0
996,7543,1.0,1
997,2606,1.0,1
998,5621,1.0,1
999,6329,1.0,1
1000,8149,1.0,1
1001,3576,1.0,1
1002,2278,1.0,1
1003,8457,0.5,1
1003,2264,0.5,0
1004,5144,1.0,1
1005,3770,1.0,1
1006,9422,1.0,1
1007,7631,1.0,1
1008,9765,1.0,1
1009,562,0.5,1
1009,5210,0.5,0
1010,3043,1.0,1
1011,685,1.0,1
1012,10086,1.0,1
1013,6179,1.0,1
1014,8413,1.0,1
1015,9537,1.0,1
1016,4504,1.0,1
1017,6933,1.0,1
1018,7083,1.0,1
1019,11258,1.0,1
1020,4448,1.0,1
1021,8523,1.0,1
1022,420,1.0,1
1023,2064,1.0,1
1024,246,1.0,1
1025,10190,1.0,1
1026,11613,1.0,1
1027,4643,1.0,1
1028,699,1.0,1
1029,6370,1.0,1
1030,6188,1.0,1
1031,11927,1.0,1
1032,1921,1.0,1
1033,5568,1.0,1
1034,7638,1.0,1
1035,9632,1.0,1
1036,3787,1.0,1
1037,394,1.0,1
1038,1857,1.0,1
1039,3353,1.0,1
1040,1953,1.0,1
1041,1665,1.0,1
1042,11600,1.0,1
1043,8182,1.0,1
1044,3211,1.0,1
1045,2635,0.5,1
1045,1455,0.5,0
1046,108,1.0,1
1047,6230,1.0,1
1048,2838,1.0,1
1049,12106,1.0,1
1050,580,1.0,1
1051,11743,0.5,1
1051,5164,0.5,0
1052,1175,1.0,1
1053,6166,1.0,1
1054,11341,1.0,1
1055,9316,1.0,1
1056,1190,1.0,1
1057,4250,1.0,1
1058,8264,0.5,1
1058,9380,0.5,0
1059,4193,1.0,1
1060,241,1.0,1
1061,4640,1.0,1
1062,6670,1.0,1
1063,1807,1.0,1
1064,2007,1.0,1
1065,8824,1.0,1
1066,9826,1.0,1
1067,6925,1.0,1
1068,5614,1.0,1
1069,9885,1.0,1
1070,10876,1.0,1
1071,6384,1.0,1
1072,10832,1.0,1
1073,10155,1.0,1
1074,10335,1.0,1
1075,27,1.0,1
1076,4078,1.0,1
1077,1147,1.0,1
1078,10893,1.0,1
1079,10424,1.0,1
1080,7774,1.0,1
1081,3114,1.0,1
1082,379,1.0,1
1083,1451,1.0,1
1084,6245,1.0,1
1085,8665,1.0,1
1086,2503,1.0,1
1087,12020,1.0,1
1088,7526,1.0,1
1089,3878,1.0,1
1090,5782,1.0,1
1091,7110,1.0,1
1092,8553,0.5,1
1092,4158,0.5,0
1093,3118,1.0,1
1094,6053,1.0,1
1095,8864,1.0,1
1096,1601,1.0,1
1097,4167,1.0,1
1098,2477,1.0,1
1099,4781,1.0,1
1100,2039,1.0,1
1101,9911,1.0,1
1102,9560,1.0,1
1103,1160,1.0,1
1104,6777,1.0,1
1105,7712,1.0,1
1106,7350,0.5,1
1106,4953,0.5,0
1107,11433,1.0,1
1108,4802,0.333333,1
1108,346,0.333333,0
1108,11473,0.333333,0
1109,6835,1.0,1
1110,3043,1.0,1
1111,2690,1.0,1
1112,3856,1.0,1
1113,4617,1.0,1
1114,6641,1.0,1
1115,6729,0.333333,1
1115,848,0.333333,0
1115,7582,0.333333,0
1116,2756,0.5,1
1116,8507,0.5,0
1117,3228,1.0,1
1118,4251,1.0,1
1119,6160,1.0,1
1120,9859,1.0,1
1121,2081,1.0,1
1122,5926,1.0,1
1123,7086,1.0,1
1124,421,1.0,1
1125,5014,1.0,1
1126,7768,1.0,1
1127,8036,0.5,1
1127,3043,0.5,0
1128,10453,0.5,1
1128,5962,0.5,0
1129,1831,1.0,1
1130,3236,1.0,1
1131,6110,1.0,1
1132,4007,1.0,1
1133,3259,0.5,1
1133,10411,0.5,0
1134,1054,1.0,1
1135,9496,1.0,1
1136,5432,1.0,1
1137,2553,1.0,1
1138,9617,1.0,1
1139,10512,1.0,1
1140,8131,1.0,1
1141,8021,0.333333,1
1141,3337,0.333333,0
1141,3841,0.333333,0
1142,1930,1.0,1
1143,5904,1.0,1
1144,1757,1.0,1
1145,4464,1.0,1
1146,8825,1.0,1
1147,1891,1.0,1
1148,5126,1.0,1
1149,4896,1.0,1
1150,1349,1.0,1
1151,587,0.5,1
1151,319,0.5,0
1152,12036,1.0,1
1153,1443,1.0,1
1154,4710,1.0,1
1155,3311,1.0,1
1156,9711,1.0,1
1157,6707,1.0,1
1158,3595,1.0,1
1159,4023,1.0,1
1160,11518,1.0,1
1161,1031,1.0,1
1162,2682,1.0,1
1163,3745,1.0,1
1164,6210,1.0,1
1165,6371,1.0,1
1166,298,1.0,1
1167,10319,1.0,1
1168,10755,0.5,1
1168,9312,0.5,0
1169,11024,1.0,1
1170,3043,1.0,1
1171,9501,1.0,1
1172,5989,1.0,1
1173,9144,1.0,1
1174,10335,1.0,1
1175,1327,1.0,1
1176,1719,1.0,1
1177,8365,1.0,1
1178,8080,1.0,1
1179,6253,1.0,1
1180,1335,1.0,1
1181,4468,1.0,1
1182,2096,1.0,1
1183,1176,1.0,1
1184,7235,1.0,1
1185,9388,1.0,1
1186,11956,1.0,1
1187,1575,1.0,1
1188,7867,1.0,1
1189,4415,1.0,1
1190,3531,1.0,1
1191,10021,1.0,1
1192,7055,1.0,1
1193,6948,1.0,1
1194,8920,1.0,1
1195,8799,1.0,1
1196,5126,1.0,1
1197,2506,1.0,1
1198,11607,1.0,1
1199,3043,1.0,1
1200,2924,1.0,1
1201,10861,1.0,1
1202,2687,1.0,1
1203,4427,1.0,1
1204,2479,0.5,1
1204,8498,0.5,0
1205,7602,1.0,1
1206,7336,1.0,1
1207,10020,1.0,1
1208,1860,1.0,1
1209,6840,1.0,1
1210,11032,1.0,1
1211,9601,1.0,1
1212,2016,1.0,1
1213,10093,1.0,1
1214,5175,1.0,1
1215,8027,1.0,1
1216,9764,1.0,1
1217,4463,1.0,1
1218,5845,1.0,1
1219,3679,0.333333,1
1219,10307,0.333333,0
1219,8203,0.333333,0
1220,11221,1.0,1
1221,9176,1.0,1
1222,7632,1.0,1
1223,9114,1.0,1
1224,8343,1.0,1
1225,478,0.5,1
1225,7347,0.5,0
1226,1196,1.0,1
1227,10145,1.0,1
1228,1582,0.5,1
1228,9556,0.5,0
1229,2945,1.0,1
1230,6925,1.0,1
1231,9546,1.0,1
1232,5616,1.0,1
1233,5975,1.0,1
1234,5410,1.0,1
1235,9280,1.0,1
1236,3699,1.0,1
1237,8751,1.0,1
1238,4693,1.0,1
1239,1348,1.0,1
1240,8959,1.0,1
1241,9351,1.0,1
1242,5525,1.0,1
1243,1391,1.0,1
1244,6182,1.0,1
1245,11351,1.0,1
1246,11299,1.0,1
1247,818,1.0,1
1248,3593,1.0,1
1249,2441,1.0,1
1250,12043,1.0,1
1251,5492,1.0,1
1252,7455,1.0,1
1253,3998,1.0,1
1254,3658,1.0,1
1255,7021,1.0,1
1256,9146,1.0,1
1257,1902,1.0,1
1258,4367,1.0,1
1259,8392,1.0,1
1260,3889,1.0,1
1261,6179,1.0,1
1262,1064,1.0,1
1263,10871,1.0,1
1264,10293,1.0,1
1265,168,1.0,1
1266,2082,1.0,1
1267,4328,1.0,1
1268,4798,1.0,1
1269,3048,1.0,1
1270,3709,1.0,1
1271,10022,1.0,1
1272,6795,1.0,1
1273,585,1.0,1
1274,8399,1.0,1
1275,3461,1.0,1
1276,1366,1.0,1
1277,7957,1.0,1
1278,9746,1.0,1
1279,5048,1.0,1
1280,2168,1.0,1
1281,751,1.0,1
1282,10832,1.0,1
1283,7793,1.0,1
1284,11920,1.0,1
1285,3317,1.0,1
1286,3029,1.0,1
1287,11500,0.5,1
1287,11687,0.5,0
1288,6434,1.0,1
1289,8005,1.0,1
1290,4196,1.0,1
1291,9884,0.5,1
1291,5733,0.5,0
1292,760,1.0,1
1293,678,0.5,1
1293,993,0.5,0
1294,3944,1.0,1
1295,7140,1.0,1
1296,1756,1.0,1
1297,3736,0.5,1
1297,8042,0.5,0
1298,5635,1.0,1
1299,9212,1.0,1
1300,7702,1.0,1
1301,10007,1.0,1
1302,2967,1.0,1
1303,9950,1.0,1
1304,6968,1.0,1
1305,8512,1.0,1
1306,9660,1.0,1
1307,10338,1.0,1
1308,5147,0.25,1
1308,7329,0.25,0
1308,602,0.25,0
1308,1819,0.25,0
1309,8473,1.0,1
1310,9985,1.0,1
1311,3948,1.0,1
1312,10319,1.0,1
1313,7126,1.0,1
1314,773,1.0,1
1315,4206,0.5,1
1315,7897,0.5,0
1316,8118,1.0,1
1317,8654,1.0,1
1318,10466,1.0,1
1319,10976,1.0,1
1320,6147,1.0,1
1321,9395,1.0,1
1322,4042,1.0,1
1323,10278,1.0,1
1324,1796,1.0,1
1325,1347,1.0,1
1326,5781,1.0,1
1327,2180,1.0,1
1328,5809,1.0,1
1329,1956,1.0,1
1330,8778,1.0,1
1331,3046,0.5,1
1331,8633,0.5,0
1332,1002,1.0,1
1333,8877,1.0,1
1334,10281,1.0,1
1335,231,1.0,1
1336,2644,1.0,1
1337,4059,1.0,1
1338,6743,0.5,1
1338,10585,0.5,0
1339,2083,1.0,1
1340,5683,1.0,1
1341,8009,1.0,1
1342,11893,1.0,1
1343,2271,1.0,1
1344,3543,1.0,1
1345,5126,1.0,1
1346,8058,1.0,1
1347,10064,1.0,1
1348,8250,1.0,1
1349,6746,1.0,1
1350,2464,1.0,1
1351,2784,1.0,1
1352,10654,1.0,1
1353,6385,1.0,1
1354,10773,1.0,1
1355,224,1.0,1
1356,4008,1.0,1
1357,5347,1.0,1
1358,3890,1.0,1
1359,7514,1.0,1
1360,1131,1.0,1
1361,10800,1.0,1
1362,1845,1.0,1
1363,7780,1.0,1
1364,4269,1.0,1
1365,2060,1.0,1
1366,9603,1.0,1
1367,1901,1.0,1
1368,8590,1.0,1
1369,3019,1.0,1
1370,5126,1.0,1
1371,5741,1.0,1
1372,8519,1.0,1
1373,5685,1.0,1
1374,6905,1.0,1
1375,12121,1.0,1
1376,5906,1.0,1
1377,11140,0.5,1
1377,2425,0.5,0
1378,3987,1.0,1
1379,9533,1.0,1
1380,7894,1.0,1
1381,10453,0.5,1
1381,4577,0.5,0
1382,2395,0.5,1
1382,9340,0.5,0
1383,8823,0.333333,1
1383,7197,0.333333,0
1383,2878,0.333333,0
1384,5102,1.0,1
1385,10110,1.0,1
1386,2035,1.0,1
1387,7846,1.0,1
1388,8010,1.0,1
1389,12080,1.0,1
1390,7383,1.0,1
1391,4408,1.0,1
1392,11979,1.0,1
1393,11207,1.0,1
1394,1811,1.0,1
1395,3578,1.0,1
1396,10759,1.0,1
1397,562,0.5,1
1397,11737,0.5,0
1398,4334,1.0,1
1399,6240,0.5,1
1399,2570,0.5,0
1400,10876,1.0,1
1401,270,1.0,1
1402,9419,1.0,1
1403,10462,1.0,1
1404,10610,1.0,1
1405,253,0.5,1
1405,11368,0.5,0
1406,1210,1.0,1
1407,10287,1.0,1
1408,7403,1.0,1
1409,3198,1.0,1
1410,5958,1.0,1
1411,10245,0.25,1
1411,530,0.25,0
1411,512,0.25,0
1411,5009,0.25,0
1412,10377,1.0,1
1413,3558,1.0,1
1414,2738,1.0,1
1415,9020,0.5,1
1415,5062,0.5,0
1416,5377,0.5,1
1416,4302,0.5,0
1417,6176,0.5,1
1417,6027,0.5,0
1418,6670,1.0,1
1419,5512,1.0,1
1420,2101,0.5,1
1420,6691,0.5,0
1421,9373,1.0,1
1422,6430,1.0,1
1423,5155,0.5,1
1423,3451,0.5,0
1424,5613,1.0,1
1425,8973,1.0,1
1426,11532,1.0,1
1427,710,1.0,1
1428,6720,1.0,1
1429,1650,1.0,1
1430,6249,1.0,1
1431,1134,0.5,1
1431,5159,0.5,0
1432,7206,1.0,1
1433,22,1.0,1
1434,4093,0.5,1
1434,9580,0.5,0
1435,10270,1.0,1
1436,7006,1.0,1
1437,923,0.5,1
1437,755,0.5,0
1438,7941,1.0,1
1439,7007,1.0,1
1440,2513,1.0,1
1441,8325,1.0,1
1442,2364,1.0,1
1443,5682,1.0,1
1444,11349,0.5,1
1444,11350,0.5,0
1445,4263,1.0,1
1446,9587,1.0,1
1447,9421,1.0,1
1448,7429,1.0,1
1449,1980,1.0,1
1450,10467,1.0,1
1451,6661,0.5,1
1451,6539,0.5,0
1452,6835,0.5,1
1452,1926,0.5,0
1453,2180,1.0,1
1454,5980,1.0,1
1455,3245,1.0,1
1456,5126,1.0,1
1457,3010,1.0,1
1458,9457,1.0,1
1459,8183,1.0,1
1460,6681,1.0,1
1461,6696,1.0,1
1462,7915,1.0,1
1463,9524,1.0,1
1464,1174,1.0,1
1465,11671,1.0,1
1466,5762,1.0,1
1467,2037,1.0,1
1468,634,1.0,1
1469,9819,1.0,1
1470,8193,1.0,1
1471,6328,1.0,1
1472,7536,1.0,1
1473,10071,1.0,1
1474,9165,0.5,1
1474,9057,0.5,0
1475,1567,1.0,1
1476,4007,1.0,1
1477,10822,1.0,1
1478,5333,1.0,1
1479,1395,1.0,1
1480,4553,1.0,1
1481,6592,1.0,1
1482,5257,1.0,1
1483,6868,1.0,1
1484,2217,1.0,1
1485,11479,1.0,1
1486,8690,1.0,1
1487,5355,1.0,1
1488,8041,1.0,1
1489,10480,1.0,1
1490,8706,1.0,1
1491,10409,1.0,1
1492,159,1.0,1
1493,2060,1.0,1
1494,10084,0.5,1
1494,8861,0.5,0
1495,69,1.0,1
1496,8764,1.0,1
1497,11236,1.0,1
1498,10148,1.0,1
1499,9348,1.0,1
1500,3601,1.0,1
1501,9520,1.0,1
1502,9778,1.0,1
1503,10822,1.0,1
1504,1947,1.0,1
1505,7803,1.0,1
1506,782,1.0,1
1507,7313,1.0,1
1508,1905,1.0,1
1509,6796,1.0,1
1510,1661,1.0,1
1511,6835,0.5,1
1511,1926,0.5,0
1512,5465,1.0,1
1513,9214,1.0,1
1514,1589,1.0,1
1515,1982,1.0,1
1516,11724,1.0,1
1517,10261,1.0,1
1518,6258,1.0,1
1519,8940,1.0,1
1520,10297,1.0,1
1521,7711,1.0,1
1522,5689,1.0,1
1523,8973,1.0,1
1524,9028,1.0,1
1525,4987,1.0,1
1526,2995,1.0,1
1527,1044,1.0,1
1528,7099,0.5,1
1528,9706,0.5,0
1529,9500,1.0,1
1530,8549,1.0,1
1531,252,1.0,1
1532,5552,1.0,1
1533,9646,1.0,1
1534,3473,1.0,1
1535,2983,0.5,1
1535,9682,0.5,0
1536,2373,1.0,1
1537,7739,1.0,1
1538,5470,1.0,1
1539,8242,0.5,1
1539,6786,0.5,0
1540,9401,1.0,1
1541,6845,1.0,1
1542,2450,1.0,1
1543,744,1.0,1
1544,12118,1.0,1
1545,8511,1.0,1
1546,10243,1.0,1
1547,2559,1.0,1
1548,613,1.0,1
1549,4586,1.0,1
1550,10376,1.0,1
1551,4372,1.0,1
1552,1472,1.0,1
1553,1261,1.0,1
1554,10996,1.0,1
1555,11998,0.5,1
1555,12104,0.5,0
1556,8107,1.0,1
1557,5054,1.0,1
1558,6315,1.0,1
1559,5220,1.0,1
1560,2391,1.0,1
1561,6888,1.0,1
1562,8712,1.0,1
1563,6405,1.0,1
1564,2522,1.0,1
1565,8305,1.0,1
1566,2527,1.0,1
1567,4472,1.0,1
1568,10726,1.0,1
1569,9388,1.0,1
1570,2864,1.0,1
1571,2564,1.0,1
1572,211,0.5,1
1572,7684,0.5,0
1573,6137,1.0,1
1574,300,1.0,1
1575,1691,1.0,1
1576,7374,1.0,1
1577,9954,1.0,1
1578,5637,1.0,1
1579,1095,1.0,1
1580,881,0.5,1
1580,7215,0.5,0
1581,729,1.0,1
1582,10832,1.0,1
1583,8887,1.0,1
1584,11397,1.0,1
1585,8737,1.0,1
1586,2730,1.0,1
1587,9507,1.0,1
1588,2800,1.0,1
1589,850,1.0,1
1590,4111,1.0,1
1591,1582,1.0,1
1592,3440,1.0,1
1593,7718,1.0,1
1594,11786,1.0,1
1595,11319,1.0,1
1596,4573,1.0,1
1597,10935,1.0,1
1598,6872,1.0,1
1599,2446,1.0,1
1600,10698,1.0,1
1601,5395,1.0,1
1602,9459,1.0,1
1603,9962,1.0,1
1604,5119,1.0,1
1605,10587,1.0,1
1606,9365,1.0,1
1607,7864,1.0,1
1608,1592,1.0,1
1609,4730,1.0,1
1610,8447,1.0,1
1611,7524,1.0,1
1612,8113,1.0,1
1613,4793,0.5,1
1613,4221,0.5,0
1614,35,1.0,1
1615,949,1.0,1
1616,4658,1.0,1
1617,3682,1.0,1
1618,3026,1.0,1
1619,9165,0.5,1
1619,7904,0.5,0
1620,1796,1.0,1
1621,2166,1.0,1
1622,7677,1.0,1
1623,562,1.0,1
1624,5206,1.0,1
1625,2271,1.0,1
1626,7471,1.0,1
1627,5989,1.0,1
1628,11497,1.0,1
1629,6948,1.0,1
1630,9731,1.0,1
1631,7977,1.0,1
1632,5139,1.0,1
1633,5110,1.0,1
1634,770,1.0,1
1635,8657,1.0,1
1636,7713,1.0,1
1637,7766,1.0,1
1638,1802,1.0,1
1639,8710,1.0,1
1640,9165,0.5,1
1640,234,0.5,0
1641,7373,1.0,1
1642,5705,1.0,1
1643,10771,1.0,1
1644,10975,1.0,1
1645,10891,1.0,1
1646,11257,1.0,1
1647,6033,1.0,1
1648,10932,1.0,1
1649,331,0.5,1
1649,8987,0.5,0
1650,10771,1.0,1
1651,8253,1.0,1
1652,6705,1.0,1
1653,5083,1.0,1
1654,204,1.0,1
1655,4931,1.0,1
1656,1205,1.0,1
1657,1398,1.0,1
1658,2514,1.0,1
1659,11728,1.0,1
1660,5143,1.0,1
1661,331,0.5,1
1661,8987,0.5,0
1662,10013,1.0,1
1663,6449,1.0,1
1664,8711,1.0,1
1665,8985,1.0,1
1666,8445,0.5,1
1666,5140,0.5,0
1667,8517,1.0,1
1668,10227,1.0,1
1669,10810,1.0,1
1670,10029,1.0,1
1671,6138,1.0,1
1672,3725,1.0,1
1673,290,1.0,1
1674,6104,1.0,1
1675,5862,1.0,1
1676,2012,1.0,1
1677,392,1.0,1
1678,3384,1.0,1
1679,9309,1.0,1
1680,2460,1.0,1
1681,6182,1.0,1
1682,8410,1.0,1
1683,5083,1.0,1
1684,5584,1.0,1
1685,8730,1.0,1
1686,6284,1.0,1
1687,7477,1.0,1
1688,6086,1.0,1
1689,9761,1.0,1
1690,5965,0.5,1
1690,4317,0.5,0
1691,3603,1.0,1
1692,7944,1.0,1
1693,4541,0.25,1
1693,3537,0.25,0
1693,11652,0.25,0
1693,10667,0.25,0
1694,899,1.0,1
1695,10949,1.0,1
1696,2455,1.0,1
1697,11896,1.0,1
1698,9028,1.0,1
1699,2683,1.0,1
1700,5689,1.0,1
1701,11629,1.0,1
1702,1464,1.0,1
1703,8324,1.0,1
1704,8019,1.0,1
1705,5816,1.0,1
1706,7319,1.0,1
1707,11753,1.0,1
1708,4885,1.0,1
1709,251,1.0,1
1710,8901,1.0,1
1711,2749,1.0,1
1712,10677,0.333333,1
1712,3976,0.333333,0
1712,5603,0.333333,0
1713,1026,1.0,1
1714,3467,1.0,1
1715,2868,1.0,1
1716,11064,1.0,1
1717,11151,1.0,1
1718,2033,0.5,1
1718,10465,0.5,0
1719,10151,1.0,1
1720,10605,1.0,1
1721,10281,1.0,1
1722,7700,1.0,1
1723,2109,1.0,1
1724,8679,1.0,1
1725,4410,1.0,1
1726,1571,1.0,1
1727,331,0.5,1
1727,8987,0.5,0
1728,2585,1.0,1
1729,9482,0.5,1
1729,7490,0.5,0
1730,4779,1.0,1
1731,2809,1.0,1
1732,7720,0.5,1
1732,499,0.5,0
1733,11525,1.0,1
1734,993,1.0,1
1735,12007,1.0,1
1736,7850,1.0,1
1737,1332,1.0,1
1738,3929,1.0,1
1739,11108,1.0,1
1740,945,1.0,1
1741,7216,1.0,1
1742,5291,1.0,1
1743,7230,1.0,1
1744,1789,1.0,1
1745,7599,1.0,1
1746,6723,1.0,1
1747,9722,0.5,1
1747,10667,0.5,0
1748,1987,1.0,1
1749,4301,1.0,1
1750,6625,0.5,1
1750,8861,0.5,0
1751,5085,1.0,1
1752,2993,1.0,1
1753,11305,0.5,1
1753,9590,0.5,0
1754,6399,1.0,1
1755,10031,1.0,1
1756,11322,1.0,1
1757,6527,1.0,1
1758,3480,1.0,1
1759,9228,1.0,1
1760,5775,1.0,1
1761,6315,1.0,1
1762,6623,1.0,1
1763,9028,1.0,1
1764,8282,1.0,1
1765,4415,1.0,1
1766,4011,1.0,1
1767,1656,1.0,1
1768,10148,1.0,1
1769,10636,1.0,1
1770,11646,1.0,1
1771,4274,1.0,1
1772,847,1.0,1
1773,2024,1.0,1
1774,8094,1.0,1
1775,5692,1.0,1
1776,8451,1.0,1
1777,5459,1.0,1
1778,2344,1.0,1
1779,4033,1.0,1
1780,615,0.5,1
1780,5414,0.5,0
1781,846,0.5,1
1781,7509,0.5,0
1782,8458,1.0,1
1783,6121,0.5,1
1783,11154,0.5,0
1784,4888,1.0,1
1785,977,1.0,1
1786,7958,1.0,1
1787,5357,1.0,1
1788,4202,1.0,1
1789,9573,1.0,1
1790,476,1.0,1
1791,4212,1.0,1
1792,683,1.0,1
1793,10582,1.0,1
1794,10327,1.0,1
1795,9784,1.0,1
1796,6812,1.0,1
1797,4139,1.0,1
1798,1186,0.5,1
1798,10942,0.5,0
1799,9721,1.0,1
1800,10524,1.0,1
1801,8410,1.0,1
1802,6642,0.5,1
1802,675,0.5,0
1803,13,1.0,1
1804,1165,0.5,1
1804,3738,0.5,0
1805,5659,1.0,1
1806,5633,1.0,1
1807,11443,1.0,1
1808,9347,1.0,1
1809,7159,1.0,1
1810,7483,0.5,1
1810,8317,0.5,0
1811,10281,1.0,1
1812,3481,1.0,1
1813,2601,1.0,1
1814,8318,1.0,1
1815,198,1.0,1
1816,11067,1.0,1
1817,4947,1.0,1
1818,1521,1.0,1
1819,10079,1.0,1
1820,4045,1.0,1
1821,1773,1.0,1
1822,8050,1.0,1
1823,8485,1.0,1
1824,2136,1.0,1
1825,1312,1.0,1
1826,4983,0.25,1
1826,7619,0.25,0
1826,6525,0.25,0
1826,1766,0.25,0
1827,10182,1.0,1
1828,753,1.0,1
1829,10152,1.0,1
1830,4837,1.0,1
1831,10680,1.0,1
1832,346,1.0,1
1833,8827,0.5,1
1833,8436,0.5,0
1834,501,1.0,1
1835,2634,1.0,1
1836,3105,1.0,1
1837,10553,1.0,1
1838,11798,1.0,1
1839,2122,1.0,1
1840,9935,0.142857,1
1840,4935,0.142857,0
1840,5327,0.142857,0
1840,5715,0.142857,0
1840,1046,0.142857,0
1840,1677,0.142857,0
1840,1240,0.142857,0
1841,8967,1.0,1
1842,11661,1.0,1
1843,8083,1.0,1
1844,10772,1.0,1
1845,6751,0.5,1
1845,4086,0.5,0
1846,5314,1.0,1
1847,9316,1.0,1
1848,5807,1.0,1
1849,8223,1.0,1
1850,9478,1.0,1
1851,273,1.0,1
1852,2606,1.0,1
1853,4016,1.0,1
1854,4246,1.0,1
1855,3209,1.0,1
1856,10655,1.0,1
1857,2399,1.0,1
1858,7435,1.0,1
1859,10569,1.0,1
1860,3798,1.0,1
1861,6283,1.0,1
1862,5491,1.0,1
1863,10975,1.0,1
1864,2301,1.0,1
1865,2143,1.0,1
1866,8832,1.0,1
1867,7957,1.0,1
1868,1802,1.0,1
1869,2213,1.0,1
1870,7532,0.5,1
1870,9972,0.5,0
1871,3430,1.0,1
1872,6182,1.0,1
1873,289,1.0,1
1874,9426,1.0,1
1875,8121,1.0,1
1876,3937,1.0,1
1877,2671,1.0,1
1878,694,1.0,1
1879,4518,1.0,1
1880,9904,1.0,1
1881,1094,1.0,1
1882,8383,1.0,1
1883,6722,1.0,1
1884,9125,1.0,1
1885,9815,1.0,1
1886,11534,1.0,1
1887,8065,1.0,1
1888,261,1.0,1
1889,5375,1.0,1
1890,11299,1.0,1
1891,10366,1.0,1
1892,7917,1.0,1
1893,5632,1.0,1
1894,8804,1.0,1
1895,6914,1.0,1
1896,4859,0.5,1
1896,10738,0.5,0
1897,4688,1.0,1
1898,1068,1.0,1
1899,170,1.0,1
1900,2549,0.5,1
1900,6552,0.5,0
1901,7983,1.0,1
1902,5330,1.0,1
1903,7100,1.0,1
1904,4054,1.0,1
1905,10597,1.0,1
1906,9314,1.0,1
1907,2235,1.0,1
1908,7782,1.0,1
1909,2278,1.0,1
1910,8825,1.0,1
1911,4415,1.0,1
1912,1790,0.5,1
1912,4409,0.5,0
1913,3957,1.0,1
1914,5112,1.0,1
1915,788,1.0,1
1916,10077,1.0,1
1917,1497,1.0,1
1918,2733,1.0,1
1919,10661,1.0,1
1920,127,1.0,1
1921,5025,1.0,1
1922,11928,1.0,1
1923,7820,1.0,1
1924,11000,0.5,1
1924,355,0.5,0
1925,1700,1.0,1
1926,1621,1.0,1
1927,6850,1.0,1
1928,1201,1.0,1
1929,1627,1.0,1
1930,1880,1.0,1
1931,7227,1.0,1
1932,2839,1.0,1
1933,1832,1.0,1
1934,10683,1.0,1
1935,2422,1.0,1
1936,6835,0.5,1
1936,1926,0.5,0
1937,7047,1.0,1
1938,6251,1.0,1
1939,1811,1.0,1
1940,4543,1.0,1
1941,688,1.0,1
1942,2511,1.0,1
1943,7855,1.0,1
1944,1343,1.0,1
1945,11605,1.0,1
1946,9190,1.0,1
1947,2061,1.0,1
1948,1726,1.0,1
1949,5405,1.0,1
1950,8296,1.0,1
1951,6410,1.0,1
1952,218,1.0,1
1953,1927,1.0,1
1954,5213,1.0,1
1955,9415,0.333333,1
1955,3482,0.333333,0
1955,1479,0.333333,0
1956,6555,1.0,1
1957,7018,1.0,1
1958,1434,0.5,1
1958,9584,0.5,0
1959,10402,1.0,1
1960,9365,1.0,1
1961,5581,1.0,1
1962,9309,1.0,1
1963,3921,1.0,1
1964,7714,1.0,1
1965,3782,1.0,1
1966,5329,1.0,1
1967,3862,1.0,1
1968,562,0.5,1
1968,11737,0.5,0
1969,2782,1.0,1
1970,2849,1.0,1
1971,11366,1.0,1
1972,6434,1.0,1
1973,3198,0.5,1
1973,5370,0.5,0
1974,7957,1.0,1
1975,11725,1.0,1
1976,871,1.0,1
1977,7089,1.0,1
1978,8585,1.0,1
1979,2119,1.0,1
1980,2046,1.0,1
1981,1099,1.0,1
1982,7960,1.0,1
1983,10380,1.0,1
1984,5407,1.0,1
1985,3623,1.0,1
1986,4475,0.333333,1
1986,3537,0.333333,0
1986,5018,0.333333,0
1987,10186,1.0,1
1988,1017,1.0,1
1989,7130,1.0,1
1990,10827,1.0,1
1991,1372,1.0,1
1992,3808,0.5,1
1992,4642,0.5,0
1993,7391,1.0,1
1994,4942,1.0,1
1995,955,1.0,1
1996,6491,1.0,1
1997,2264,0.5,1
1997,8458,0.5,0
1998,439,1.0,1
1999,11885,1.0,1
2000,999,1.0,1
2001,4023,1.0,1
2002,8240,1.0,1
2003,1300,1.0,1
2004,5126,1.0,1
2005,4144,1.0,1
2006,8715,1.0,1
2007,9665,1.0,1
2008,4127,1.0,1
2009,4679,0.5,1
2009,9150,0.5,0
2010,6401,1.0,1
2011,1623,1.0,1
2012,7367,1.0,1
2013,7338,1.0,1
2014,3441,1.0,1
2015,5685,1.0,1
2016,3136,1.0,1
2017,5190,1.0,1
2018,5539,1.0,1
2019,20,1.0,1
2020,11008,1.0,1
2021,8625,1.0,1
2022,9652,1.0,1
2023,8066,1.0,1
2024,2937,1.0,1
2025,7009,1.0,1
2026,9407,1.0,1
2027,10242,1.0,1
2028,3365,1.0,1
2029,8615,1.0,1
2030,2027,1.0,1
2031,5126,1.0,1
2032,6205,1.0,1
2033,5592,1.0,1
2034,4481,1.0,1
2035,6790,1.0,1
2036,8488,1.0,1
2037,8473,1.0,1
2038,7222,0.5,1
2038,10306,0.5,0
2039,4303,0.5,1
2039,64,0.5,0
2040,5505,0.5,1
2040,2180,0.5,0
2041,350,1.0,1
2042,6465,1.0,1
2043,11681,1.0,1
2044,7957,1.0,1
2045,7864,1.0,1
2046,3538,1.0,1
2047,1220,1.0,1
2048,11119,1.0,1
2049,4425,1.0,1
2050,1279,1.0,1
2051,4445,1.0,1
2052,8279,1.0,1
2053,3074,1.0,1
2054,5574,1.0,1
2055,9967,1.0,1
2056,1206,1.0,1
2057,6146,1.0,1
2058,3488,1.0,1
2059,362,1.0,1
2060,5429,1.0,1
2061,9117,1.0,1
2062,9137,0.5,1
2062,9838,0.5,0
2063,10412,0.5,1
2063,10994,0.5,0
2064,2244,1.0,1
2065,9028,1.0,1
2066,9490,1.0,1
2067,5288,1.0,1
2068,7689,1.0,1
2069,300,1.0,1
2070,6313,1.0,1
2071,9196,1.0,1
2072,5193,1.0,1
2073,10394,1.0,1
2074,8097,1.0,1
2075,10164,1.0,1
2076,2996,1.0,1
2077,5686,1.0,1
2078,9230,1.0,1
2079,11159,0.5,1
2079,901,0.5,0
2080,7876,0.5,1
2080,3652,0.5,0
2081,2322,1.0,1
2082,3573,1.0,1
2083,15,1.0,1
2084,11700,1.0,1
2085,11319,1.0,1
2086,1277,1.0,1
2087,1607,1.0,1
2088,4594,1.0,1
2089,5886,1.0,1
2090,11907,1.0,1
2091,8825,1.0,1
2092,9287,1.0,1
2093,6125,1.0,1
2094,6780,1.0,1
2095,9342,1.0,1
2096,4421,1.0,1
2097,9791,1.0,1
2098,3301,0.5,1
2098,389,0.5,0
2099,9345,1.0,1
2100,894,1.0,1
2101,2606,1.0,1
2102,9338,1.0,1
2103,10257,1.0,1
2104,10773,1.0,1
2105,6835,0.5,1
2105,3013,0.5,0
2106,11593,1.0,1
2107,7873,1.0,1
2108,9319,1.0,1
2109,1394,1.0,1
2110,5126,1.0,1
2111,10370,1.0,1
2112,8117,1.0,1
2113,5300,1.0,1
2114,9165,1.0,1
2115,5602,1.0,1
2116,2019,0.25,1
2116,416,0.25,0
2116,6023,0.25,0
2116,11104,0.25,0
2117,6915,1.0,1
2118,6065,1.0,1
2119,10690,1.0,1
2120,10560,1.0,1
2121,3539,1.0,1
2122,5098,1.0,1
2123,11652,0.5,1
2123,10199,0.5,0
2124,10036,1.0,1
2125,10355,1.0,1
2126,6184,1.0,1
2127,11583,1.0,1
2128,7450,1.0,1
2129,5188,0.333333,1
2129,3894,0.333333,0
2129,4907,0.333333,0
2130,9365,1.0,1
2131,8125,1.0,1
2132,253,1.0,1
2133,1014,1.0,1
2134,7230,1.0,1
2135,11523,1.0,1
2136,1755,1.0,1
2137,11509,1.0,1
2138,10008,0.5,1
2138,11133,0.5,0
2139,8629,1.0,1
2140,7199,1.0,1
2141,4126,1.0,1
2142,9361,1.0,1
2143,7510,1.0,1
2144,2920,1.0,1
2145,9503,1.0,1
2146,5623,1.0,1
2147,9833,1.0,1
2148,11275,1.0,1
2149,10719,1.0,1
2150,4460,1.0,1
2151,2931,1.0,1
2152,7205,1.0,1
2153,7057,1.0,1
2154,801,1.0,1
2155,2717,1.0,1
2156,10165,1.0,1
2157,10924,1.0,1
2158,84,1.0,1
2159,11657,1.0,1
2160,10525,1.0,1
2161,7938,1.0,1
2162,9833,1.0,1
2163,4898,1.0,1
2164,1635,1.0,1
2165,4253,1.0,1
2166,936,1.0,1
2167,8727,0.5,1
2167,4260,0.5,0
2168,10838,1.0,1
2169,11187,0.5,1
2169,11327,0.5,0
2170,1246,1.0,1
2171,10066,1.0,1
2172,5610,0.5,1
2172,11392,0.5,0
2173,9450,1.0,1
2174,9361,1.0,1
2175,2601,1.0,1
2176,3153,1.0,1
2177,5577,1.0,1
2178,4611,1.0,1
2179,1980,1.0,1
2180,11211,1.0,1
2181,4291,1.0,1
2182,11368,0.5,1
2182,11571,0.5,0
2183,10784,1.0,1
2184,959,1.0,1
2185,5875,1.0,1
2186,4563,1.0,1
2187,3965,1.0,1
2188,2018,1.0,1
2189,11272,1.0,1
2190,4600,1.0,1
2191,9593,1.0,1
2192,7462,1.0,1
2193,3190,1.0,1
2194,5329,1.0,1
2195,11196,1.0,1
2196,6248,1.0,1
2197,41,1.0,1
2198,9017,1.0,1
2199,9269,1.0,1
2200,3043,1.0,1
2201,3579,1.0,1
2202,7621,0.5,1
2202,8934,0.5,0
2203,4649,1.0,1
2204,5884,1.0,1
2205,8931,1.0,1
2206,2183,1.0,1
2207,690,1.0,1
2208,1779,1.0,1
2209,4504,1.0,1
2210,10341,1.0,1
2211,4149,1.0,1
2212,5487,1.0,1
2213,606,0.5,1
2213,6019,0.5,0
2214,7790,1.0,1
2215,10719,1.0,1
2216,9295,1.0,1
2217,6182,1.0,1
2218,4103,1.0,1
2219,10989,1.0,1
2220,4541,1.0,1
2221,2253,1.0,1
2222,11393,1.0,1
2223,2040,0.5,1
2223,485,0.5,0
2224,679,1.0,1
2225,9554,1.0,1
2226,9165,1.0,1
2227,8673,1.0,1
2228,5036,1.0,1
2229,9485,1.0,1
2230,5083,1.0,1
2231,2126,1.0,1
2232,7916,1.0,1
2233,8311,1.0,1
2234,9723,0.5,1
2234,9886,0.5,0
2235,177,0.5,1
2235,3887,0.5,0
2236,9535,1.0,1
2237,9523,1.0,1
2238,5048,1.0,1
2239,2706,1.0,1
2240,6604,1.0,1
2241,11857,1.0,1
2242,7812,1.0,1
2243,1023,1.0,1
2244,3648,1.0,1
2245,3350,1.0,1
2246,2017,1.0,1
2247,1054,1.0,1
2248,628,1.0,1
2249,10232,1.0,1
2250,7993,1.0,1
2251,1498,1.0,1
2252,7868,1.0,1
2253,11896,1.0,1
2254,4666,1.0,1
2255,3929,1.0,1
2256,6082,1.0,1
2257,10591,1.0,1
2258,6601,1.0,1
2259,10344,1.0,1
2260,1686,1.0,1
2261,1751,1.0,1
2262,10724,1.0,1
2263,722,1.0,1
2264,8144,1.0,1
2265,2455,1.0,1
2266,3313,1.0,1
2267,8135,1.0,1
2268,10599,1.0,1
2269,2036,0.5,1
2269,2385,0.5,0
2270,7936,1.0,1
2271,6791,1.0,1
2272,3736,1.0,1
2273,6054,1.0,1
2274,3768,1.0,1
2275,8725,1.0,1
2276,8030,1.0,1
2277,7422,1.0,1
2278,525,1.0,1
2279,4659,1.0,1
2280,2735,0.5,1
2280,4463,0.5,0
2281,3395,0.333333,1
2281,1016,0.333333,0
2281,230,0.333333,0
2282,3282,1.0,1
2283,1838,0.076923,1
2283,9332,0.076923,0
2283,10580,0.076923,0
2283,6801,0.076923,0
2283,3203,0.076923,0
2283,8334,0.076923,0
2283,8743,0.076923,0
2283,2377,0.076923,0
2283,7436,0.076923,0
2283,1959,0.076923,0
2283,11408,0.076923,0
2283,6094,0.076923,0
2283,265,0.076923,0
2284,1582,1.0,1
2285,11678,1.0,1
2286,8028,1.0,1
2287,5273,1.0,1
2288,2301,1.0,1
2289,5145,1.0,1
2290,3319,1.0,1
2291,5126,1.0,1
2292,1529,1.0,1
2293,2257,1.0,1
2294,1652,1.0,1
2295,12015,1.0,1
2296,11563,1.0,1
2297,5897,1.0,1
2298,11584,1.0,1
2299,3625,1.0,1
2300,4167,1.0,1
2301,3633,1.0,1
2302,3362,1.0,1
2303,11118,1.0,1
2304,11574,1.0,1
2305,137,1.0,1
2306,8122,1.0,1
2307,7149,1.0,1
2308,344,1.0,1
2309,600,1.0,1
2310,9165,1.0,1
2311,11474,1.0,1
2312,10506,1.0,1
2313,1185,1.0,1
2314,1221,1.0,1
2315,2524,1.0,1
2316,366,1.0,1
2317,7830,1.0,1
2318,10215,1.0,1
2319,11678,1.0,1
2320,11571,0.5,1
2320,7154,0.5,0
2321,630,1.0,1
2322,7957,1.0,1
2323,3968,1.0,1
2324,7831,1.0,1
2325,7178,1.0,1
2326,1446,1.0,1
2327,9178,0.5,1
2327,10557,0.5,0
2328,1483,1.0,1
2329,5941,1.0,1
2330,5121,1.0,1
2331,9165,0.5,1
2331,2218,0.5,0
2332,8599,1.0,1
2333,5665,1.0,1
2334,4480,0.333333,1
2334,8197,0.333333,0
2334,7688,0.333333,0
2335,3384,1.0,1
2336,9239,1.0,1
2337,5230,1.0,1
2338,10892,1.0,1
2339,6748,1.0,1
2340,3107,1.0,1
2341,9810,0.5,1
2341,10461,0.5,0
2342,10281,1.0,1
2343,12076,0.5,1
2343,12000,0.5,0
2344,3564,1.0,1
2345,997,1.0,1
2346,10876,1.0,1
2347,2453,1.0,1
2348,10071,1.0,1
2349,919,1.0,1
2350,5183,1.0,1
2351,130,1.0,1
2352,892,1.0,1
2353,3994,1.0,1
2354,7868,1.0,1
2355,889,1.0,1
2356,7912,1.0,1
2357,2901,1.0,1
2358,303,1.0,1
2359,406,1.0,1
2360,2299,1.0,1
2361,3428,1.0,1
2362,217,1.0,1
2363,1222,1.0,1
2364,1582,0.5,1
2364,4288,0.5,0
2365,8414,1.0,1
2366,8526,1.0,1
2367,8183,1.0,1
2368,10978,0.333333,1
2368,8693,0.333333,0
2368,439,0.333333,0
2369,11266,1.0,1
2370,1949,1.0,1
2371,3606,0.5,1
2371,6393,0.5,0
2372,11360,1.0,1
2373,11718,1.0,1
2374,10148,1.0,1
2375,6568,1.0,1
2376,1376,1.0,1
2377,8722,1.0,1
2378,1765,1.0,1
2379,10798,0.333333,1
2379,6034,0.333333,0
2379,5346,0.333333,0
2380,7988,1.0,1
2381,4166,1.0,1
2382,2836,1.0,1
2383,8175,0.5,1
2383,2557,0.5,0
2384,5126,1.0,1
2385,10542,1.0,1
2386,2508,1.0,1
2387,11973,1.0,1
2388,8976,1.0,1
2389,4562,1.0,1
2390,975,1.0,1
2391,6941,0.5,1
2391,4451,0.5,0
2392,1400,1.0,1
2393,7864,1.0,1
2394,7261,1.0,1
2395,11303,1.0,1
2396,5252,1.0,1
2397,4076,1.0,1
2398,8783,1.0,1
2399,5597,1.0,1
2400,562,1.0,1
2401,5223,1.0,1
2402,12063,1.0,1
2403,7703,1.0,1
2404,3609,1.0,1
2405,8980,1.0,1
2406,3292,1.0,1
2407,1147,1.0,1
2408,7931,1.0,1
2409,11722,1.0,1
2410,9687,1.0,1
2411,10,1.0,1
2412,9013,1.0,1
2413,565,1.0,1
2414,3519,1.0,1
2415,9377,1.0,1
2416,9824,1.0,1
2417,11412,1.0,1
2418,3429,1.0,1
2419,8541,0.333333,1
2419,2955,0.333333,0
2419,4180,0.333333,0
2420,9762,1.0,1
2421,8531,1.0,1
2422,7497,0.5,1
2422,9199,0.5,0
2423,5983,0.5,1
2423,3340,0.5,0
2424,3743,1.0,1
2425,2898,1.0,1
2426,2468,1.0,1
2427,5214,1.0,1
2428,311,1.0,1
2429,1393,1.0,1
2430,2340,1.0,1
2431,8263,1.0,1
2432,1606,1.0,1
2433,11813,1.0,1
2434,7939,0.5,1
2434,6600,0.5,0
2435,2119,1.0,1
2436,11777,1.0,1
2437,8183,1.0,1
2438,3490,1.0,1
2439,4571,1.0,1
2440,8461,1.0,1
2441,2939,0.5,1
2441,8784,0.5,0
2442,306,1.0,1
2443,7852,1.0,1
2444,7194,0.5,1
2444,6318,0.5,0
2445,9739,1.0,1
2446,9165,1.0,1
2447,3195,1.0,1
2448,1705,1.0,1
2449,9249,1.0,1
2450,4878,1.0,1
2451,2558,0.5,1
2451,3157,0.5,0
2452,9087,1.0,1
2453,3853,0.5,1
2453,2454,0.5,0
2454,8539,1.0,1
2455,5040,1.0,1
2456,3932,1.0,1
2457,66,1.0,1
2458,7889,1.0,1
2459,2676,1.0,1
2460,2681,1.0,1
2461,4651,1.0,1
2462,2953,1.0,1
2463,8281,1.0,1
2464,7189,1.0,1
2465,1673,1.0,1
2466,11066,1.0,1
2467,2877,1.0,1
2468,4531,1.0,1
2469,2883,1.0,1
2470,5109,1.0,1
2471,4419,1.0,1
2472,3690,1.0,1
2473,3719,1.0,1
2474,2508,1.0,1
2475,5098,1.0,1
2476,12081,1.0,1
2477,147,1.0,1
2478,2157,1.0,1
2479,421,1.0,1
2480,9500,1.0,1
2481,11110,1.0,1
2482,6291,1.0,1
2483,8875,1.0,1
2484,1561,1.0,1
2485,9881,1.0,1
2486,10341,1.0,1
2487,5690,1.0,1
2488,2580,1.0,1
2489,5816,1.0,1
2490,4892,1.0,1
2491,144,1.0,1
2492,655,1.0,1
2493,9760,0.5,1
2493,3876,0.5,0
2494,7835,1.0,1
2495,11211,1.0,1
2496,3760,1.0,1
2497,10759,1.0,1
2498,562,1.0,1
2499,10875,1.0,1
2500,8166,1.0,1
2501,316,1.0,1
2502,5470,1.0,1
2503,1853,1.0,1
2504,7479,1.0,1
2505,7780,1.0,1
2506,6835,1.0,1
2507,8819,1.0,1
2508,5335,1.0,1
2509,12112,1.0,1
2510,291,0.5,1
2510,11268,0.5,0
2511,11399,1.0,1
2512,7555,1.0,1
2513,6963,1.0,1
2514,2389,1.0,1
2515,965,1.0,1
2516,10925,1.0,1
2517,4444,1.0,1
2518,10556,1.0,1
2519,7046,1.0,1
2520,1636,1.0,1
2521,11281,1.0,1
2522,11308,1.0,1
2523,11836,1.0,1
2524,9103,1.0,1
2525,6156,1.0,1
2526,1251,1.0,1
2527,2489,0.5,1
2527,605,0.5,0
2528,6171,1.0,1
2529,132,1.0,1
2530,6498,1.0,1
2531,6966,1.0,1
2532,11026,1.0,1
2533,9500,1.0,1
2534,1802,1.0,1
2535,11840,0.5,1
2535,11862,0.5,0
2536,2297,1.0,1
2537,1858,1.0,1
2538,5556,0.5,1
2538,947,0.5,0
2539,6438,1.0,1
2540,8431,1.0,1
2541,7401,1.0,1
2542,10516,1.0,1
2543,11486,1.0,1
2544,7634,1.0,1
2545,6061,1.0,1
2546,2255,1.0,1
2547,6444,1.0,1
2548,6986,1.0,1
2549,4926,1.0,1
2550,8272,0.5,1
2550,9126,0.5,0
2551,2184,1.0,1
2552,1525,1.0,1
2553,10773,1.0,1
2554,5184,1.0,1
2555,6841,0.5,1
2555,10994,0.5,0
2556,2460,1.0,1
2557,11821,1.0,1
2558,7365,1.0,1
2559,11368,0.5,1
2559,11571,0.5,0
2560,9647,1.0,1
2561,8459,1.0,1
2562,5083,1.0,1
2563,1252,0.5,1
2563,4295,0.5,0
2564,4084,1.0,1
2565,4492,1.0,1
2566,8753,1.0,1
2567,8659,1.0,1
2568,9064,0.5,1
2568,3188,0.5,0
2569,6592,1.0,1
2570,9297,0.5,1
2570,9312,0.5,0
2571,11333,1.0,1
2572,9523,1.0,1
2573,11299,1.0,1
2574,8496,1.0,1
2575,2801,1.0,1
2576,11010,1.0,1
2577,7791,1.0,1
2578,4066,1.0,1
2579,9346,1.0,1
2580,9402,1.0,1
2581,10929,1.0,1
2582,5012,1.0,1
2583,10254,1.0,1
2584,9503,1.0,1
2585,7757,1.0,1
2586,9436,1.0,1
2587,6828,1.0,1
2588,4191,1.0,1
2589,8265,1.0,1
2590,4502,1.0,1
2591,2726,1.0,1
2592,12020,1.0,1
2593,8907,1.0,1
2594,5663,1.0,1
2595,4378,1.0,1
2596,2849,1.0,1
2597,1175,1.0,1
2598,6717,1.0,1
2599,2486,1.0,1
2600,7477,1.0,1
2601,7262,1.0,1
2602,9844,1.0,1
2603,3248,1.0,1
2604,7964,0.5,1
2604,6293,0.5,0
2605,3270,1.0,1
2606,1931,1.0,1
2607,5059,1.0,1
2608,4371,0.5,1
2608,8215,0.5,0
2609,2768,0.5,1
2609,1886,0.5,0
2610,8425,0.5,1
2610,7523,0.5,0
2611,11300,1.0,1
2612,2859,1.0,1
2613,9328,1.0,1
2614,7182,1.0,1
2615,11479,1.0,1
2616,3473,1.0,1
2617,5136,1.0,1
2618,1387,1.0,1
2619,4477,1.0,1
2620,10975,1.0,1
2621,9028,1.0,1
2622,3430,1.0,1
2623,6853,1.0,1
2624,9312,1.0,1
2625,431,1.0,1
2626,11061,1.0,1
2627,2278,1.0,1
2628,10473,1.0,1
2629,10370,1.0,1
2630,3810,1.0,1
2631,11549,1.0,1
2632,331,1.0,1
2633,6692,1.0,1
2634,11740,1.0,1
2635,7333,1.0,1
2636,1882,1.0,1
2637,3445,1.0,1
2638,9739,1.0,1
2639,7764,1.0,1
2640,5111,1.0,1
2641,3899,1.0,1
2642,9314,1.0,1
2643,8726,0.5,1
2643,8627,0.5,0
2644,5560,1.0,1
2645,12017,1.0,1
2646,1640,1.0,1
2647,5675,1.0,1
2648,11685,1.0,1
2649,1328,1.0,1
2650,9522,1.0,1
2651,4079,1.0,1
2652,6930,1.0,1
2653,331,0.5,1
2653,8987,0.5,0
2654,5369,1.0,1
2655,1620,1.0,1
2656,7562,1.0,1
2657,11310,1.0,1
2658,2165,1.0,1
2659,7201,1.0,1
2660,4797,1.0,1
2661,3454,1.0,1
2662,9559,1.0,1
2663,832,1.0,1
2664,4218,1.0,1
2665,7196,1.0,1
2666,9547,1.0,1
2667,1436,1.0,1
2668,8070,1.0,1
2669,4415,1.0,1
2670,8630,1.0,1
2671,5193,1.0,1
2672,11376,1.0,1
2673,5005,1.0,1
2674,4406,1.0,1
2675,384,0.5,1
2675,8333,0.5,0
2676,1811,1.0,1
2677,6182,1.0,1
2678,9683,1.0,1
2679,8556,1.0,1
2680,4201,1.0,1
2681,7053,0.5,1
2681,4013,0.5,0
2682,11626,1.0,1
2683,10526,1.0,1
2684,10806,1.0,1
2685,236,1.0,1
2686,2838,1.0,1
2687,3704,1.0,1
2688,4329,1.0,1
2689,3726,1.0,1
2690,9253,1.0,1
2691,1308,1.0,1
2692,2491,1.0,1
2693,10648,1.0,1
2694,3453,1.0,1
2695,5816,0.5,1
2695,3742,0.5,0
2696,9011,1.0,1
2697,9028,1.0,1
2698,2866,1.0,1
2699,8224,1.0,1
2700,3535,0.5,1
2700,1572,0.5,0
2701,3276,1.0,1
2702,7482,1.0,1
2703,11918,1.0,1
2704,6990,1.0,1
2705,5587,1.0,1
2706,791,1.0,1
2707,2466,0.5,1
2707,4041,0.5,0
2708,9220,1.0,1
2709,2369,1.0,1
2710,1781,1.0,1
2711,11164,0.5,1
2711,4901,0.5,0
2712,6851,0.5,1
2712,2094,0.5,0
2713,2619,1.0,1
2714,3381,1.0,1
2715,32,1.0,1
2716,4026,1.0,1
2717,10503,1.0,1
2718,2049,1.0,1
2719,10713,1.0,1
2720,135,1.0,1
2721,11075,1.0,1
2722,5251,1.0,1
2723,6751,0.5,1
2723,4086,0.5,0
2724,8777,1.0,1
2725,8170,1.0,1
2726,6039,1.0,1
2727,2650,1.0,1
2728,8379,1.0,1
2729,10359,1.0,1
2730,377,1.0,1
2731,8962,1.0,1
2732,10041,1.0,1
2733,11329,1.0,1
2734,2417,1.0,1
2735,3910,1.0,1
2736,10460,1.0,1
2737,10896,1.0,1
2738,11618,0.5,1
2738,6673,0.5,0
2739,8131,0.5,1
2739,4038,0.5,0
2740,9115,1.0,1
2741,2275,1.0,1
2742,245,1.0,1
2743,12052,1.0,1
2744,3798,1.0,1
2745,10984,0.5,1
2745,352,0.5,0
2746,776,1.0,1
2747,5126,1.0,1
2748,6312,1.0,1
2749,3430,1.0,1
2750,3620,1.0,1
2751,1868,1.0,1
2752,8913,1.0,1
2753,2630,1.0,1
2754,6929,1.0,1
2755,10217,1.0,1
2756,9386,1.0,1
2757,1935,1.0,1
2758,4812,1.0,1
2759,6603,1.0,1
2760,2190,1.0,1
2761,7138,1.0,1
2762,10689,1.0,1
2763,8160,1.0,1
2764,3027,1.0,1
2765,7167,1.0,1
2766,5954,1.0,1
2767,111,1.0,1
2768,11116,1.0,1
2769,4412,1.0,1
2770,3434,0.5,1
2770,6226,0.5,0
2771,885,1.0,1
2772,8702,1.0,1
2773,6151,1.0,1
2774,2722,0.076923,1
2774,2413,0.076923,0
2774,1838,0.076923,0
2774,5086,0.076923,0
2774,7436,0.076923,0
2774,2315,0.076923,0
2774,10090,0.076923,0
2774,265,0.076923,0
2774,10537,0.076923,0
2774,8090,0.076923,0
2774,10725,0.076923,0
2774,6492,0.076923,0
2774,260,0.076923,0
2775,640,1.0,1
2776,25,0.5,1
2776,10719,0.5,0
2777,6751,0.5,1
2777,4086,0.5,0
2778,8607,1.0,1
2779,6775,1.0,1
2780,7373,1.0,1
2781,10322,1.0,1
2782,2492,1.0,1
2783,2498,1.0,1
2784,502,0.5,1
2784,773,0.5,0
2785,10691,1.0,1
2786,6503,1.0,1
2787,775,1.0,1
2788,11982,1.0,1
2789,9028,0.5,1
2789,10053,0.5,0
2790,8108,1.0,1
2791,8331,1.0,1
2792,4325,1.0,1
2793,3295,1.0,1
2794,4962,1.0,1
2795,9007,1.0,1
2796,1550,1.0,1
2797,2888,1.0,1
2798,6328,1.0,1
2799,9365,1.0,1
2800,5356,1.0,1
2801,3000,1.0,1
2802,9070,1.0,1
2803,8742,1.0,1
2804,1230,1.0,1
2805,3502,1.0,1
2806,9471,1.0,1
2807,4832,1.0,1
2808,7410,1.0,1
2809,9700,1.0,1
2810,4702,1.0,1
2811,11167,1.0,1
2812,9312,1.0,1
2813,6896,1.0,1
2814,3387,1.0,1
2815,10277,1.0,1
2816,11346,1.0,1
2817,3404,1.0,1
2818,11187,1.0,1
2819,3181,1.0,1
2820,5110,1.0,1
2821,9504,1.0,1
2822,3865,0.5,1
2822,4532,0.5,0
2823,8122,1.0,1
2824,8981,1.0,1
2825,8692,1.0,1
2826,4928,1.0,1
2827,12123,1.0,1
2828,6194,1.0,1
2829,6907,1.0,1
2830,3609,1.0,1
2831,2086,1.0,1
2832,9028,1.0,1
2833,7123,1.0,1
2834,11612,1.0,1
2835,3642,1.0,1
2836,4603,1.0,1
2837,3613,1.0,1
2838,9262,1.0,1
2839,2159,1.0,1
2840,2204,0.5,1
2840,4057,0.5,0
2841,6853,1.0,1
2842,9063,1.0,1
2843,4637,1.0,1
2844,5017,1.0,1
2845,4633,1.0,1
2846,2014,1.0,1
2847,5971,1.0,1
2848,2002,1.0,1
2849,2904,1.0,1
2850,3362,1.0,1
2851,2045,1.0,1
2852,11011,1.0,1
2853,759,1.0,1
2854,6494,1.0,1
2855,3128,1.0,1
2856,6123,1.0,1
2857,2058,1.0,1
2858,9808,1.0,1
2859,4920,1.0,1
2860,11534,1.0,1
2861,3335,1.0,1
2862,9079,1.0,1
2863,5348,1.0,1
2864,8756,1.0,1
2865,8473,1.0,1
2866,7042,1.0,1
2867,6939,1.0,1
2868,10825,1.0,1
2869,9083,1.0,1
2870,2180,1.0,1
2871,5975,1.0,1
2872,11002,1.0,1
2873,6232,1.0,1
2874,7144,1.0,1
2875,11808,0.5,1
2875,727,0.5,0
2876,3159,1.0,1
2877,10229,1.0,1
2878,3520,1.0,1
2879,1064,1.0,1
2880,2694,1.0,1
2881,10453,0.5,1
2881,4116,0.5,0
2882,1624,1.0,1
2883,2722,0.0625,1
2883,2413,0.0625,0
2883,10089,0.0625,0
2883,5696,0.0625,0
2883,8655,0.0625,0
2883,8671,0.0625,0
2883,11542,0.0625,0
2883,5947,0.0625,0
2883,2335,0.0625,0
2883,10852,0.0625,0
2883,407,0.0625,0
2883,10537,0.0625,0
2883,10725,0.0625,0
2883,4952,0.0625,0
2883,1049,0.0625,0
2883,265,0.0625,0
2884,9028,1.0,1
2885,6791,1.0,1
2886,10798,0.333333,1
2886,6034,0.333333,0
2886,5346,0.333333,0
2887,11517,1.0,1
2888,421,1.0,1
2889,742,0.5,1
2889,9671,0.5,0
2890,9394,1.0,1
2891,6497,1.0,1
2892,10948,1.0,1
2893,3966,1.0,1
2894,7766,1.0,1
2895,7186,1.0,1
2896,6216,1.0,1
2897,9282,1.0,1
2898,7821,1.0,1
2899,2387,0.142857,1
2899,3288,0.142857,0
2899,578,0.142857,0
2899,426,0.142857,0
2899,3079,0.142857,0
2899,2341,0.142857,0
2899,437,0.142857,0
2900,5596,1.0,1
2901,369,1.0,1
2902,1513,1.0,1
2903,2534,1.0,1
2904,3034,1.0,1
2905,4389,1.0,1
2906,10441,0.5,1
2906,5821,0.5,0
2907,11485,1.0,1
2908,290,1.0,1
2909,9165,0.5,1
2909,5370,0.5,0
2910,7970,1.0,1
2911,5967,1.0,1
2912,7778,1.0,1
2913,9138,1.0,1
2914,471,1.0,1
2915,3406,1.0,1
2916,10148,1.0,1
2917,8189,1.0,1
2918,8400,1.0,1
2919,10929,1.0,1
2920,9572,1.0,1
2921,5693,1.0,1
2922,8199,0.5,1
2922,11804,0.5,0
2923,6352,0.5,1
2923,9509,0.5,0
2924,1924,1.0,1
2925,9927,1.0,1
2926,10175,1.0,1
2927,6518,1.0,1
2928,9,1.0,1
2929,2643,1.0,1
2930,6548,1.0,1
2931,9829,1.0,1
2932,8669,1.0,1
2933,420,1.0,1
2934,8008,1.0,1
2935,8606,1.0,1
2936,8092,1.0,1
2937,6786,0.5,1
2937,5631,0.5,0
2938,6182,1.0,1
2939,3180,1.0,1
2940,2963,1.0,1
2941,7041,1.0,1
2942,5399,1.0,1
2943,511,1.0,1
2944,127,1.0,1
2945,5070,1.0,1
2946,11560,1.0,1
2947,9160,1.0,1
2948,5987,1.0,1
2949,1066,1.0,1
2950,5732,1.0,1
2951,9512,1.0,1
2952,1910,1.0,1
2953,7158,1.0,1
2954,2535,1.0,1
2955,3502,1.0,1
2956,10758,1.0,1
2957,531,1.0,1
2958,7886,1.0,1
2959,5488,1.0,1
2960,5361,1.0,1
2961,9008,1.0,1
2962,10857,1.0,1
2963,9042,1.0,1
2964,9330,1.0,1
2965,4247,1.0,1
2966,3538,1.0,1
2967,6054,1.0,1
2968,10430,1.0,1
2969,8261,1.0,1
2970,10350,1.0,1
2971,3592,1.0,1
2972,10239,1.0,1
2973,3782,1.0,1
2974,7316,1.0,1
2975,3133,1.0,1
2976,9367,1.0,1
2977,7254,1.0,1
2978,5725,1.0,1
2979,7828,1.0,1
2980,9180,1.0,1
2981,582,0.5,1
2981,6460,0.5,0
2982,10709,1.0,1
2983,3180,1.0,1
2984,8499,1.0,1
2985,4469,0.5,1
2985,4279,0.5,0
2986,9370,1.0,1
2987,2103,1.0,1
2988,1772,1.0,1
2989,10945,1.0,1
2990,1839,1.0,1
2991,1861,1.0,1
2992,7580,1.0,1
2993,4810,1.0,1
2994,2046,1.0,1
2995,1961,1.0,1
2996,10853,1.0,1
2997,1434,1.0,1
2998,8458,1.0,1
2999,3375,1.0,1
3000,656,1.0,1
3001,442,1.0,1
3002,11101,0.5,1
3002,4809,0.5,0
3003,11712,1.0,1
3004,9444,0.5,1
3004,5724,0.5,0
3005,1386,1.0,1
3006,10184,1.0,1
3007,5010,0.5,1
3007,1157,0.5,0
3008,8986,1.0,1
3009,8785,1.0,1
3010,10858,1.0,1
3011,1777,1.0,1
3012,7279,1.0,1
3013,9669,1.0,1
3014,2028,1.0,1
3015,9289,1.0,1
3016,6020,1.0,1
3017,2761,1.0,1
3018,7125,1.0,1
3019,8193,1.0,1
3020,2556,1.0,1
3021,9985,1.0,1
3022,10677,0.25,1
3022,3976,0.25,0
3022,10723,0.25,0
3022,7667,0.25,0
3023,7220,1.0,1
3024,3392,1.0,1
3025,1142,1.0,1
3026,2264,0.5,1
3026,8458,0.5,0
3027,9903,1.0,1
3028,9691,1.0,1
3029,9165,1.0,1
3030,11130,1.0,1
3031,12005,1.0,1
3032,9249,1.0,1
3033,10809,1.0,1
3034,7767,1.0,1
3035,1738,1.0,1
3036,2150,1.0,1
3037,3819,1.0,1
3038,10310,1.0,1
3039,8766,1.0,1
3040,7488,1.0,1
3041,3037,1.0,1
3042,8878,1.0,1
3043,10475,1.0,1
3044,6076,1.0,1
3045,7946,1.0,1
3046,7880,1.0,1
3047,5198,1.0,1
3048,504,1.0,1
3049,1811,1.0,1
3050,6455,1.0,1
3051,2637,1.0,1
3052,3751,1.0,1
3053,2682,1.0,1
3054,2371,0.5,1
3054,4047,0.5,0
3055,4337,1.0,1
3056,5116,1.0,1
3057,1683,1.0,1
3058,1899,1.0,1
3059,7012,1.0,1
3060,7492,1.0,1
3061,506,1.0,1
3062,10810,1.0,1
3063,475,1.0,1
3064,4070,1.0,1
3065,10543,1.0,1
3066,1366,1.0,1
3067,10323,1.0,1
3068,5716,0.333333,1
3068,11635,0.333333,0
3068,8714,0.333333,0
3069,2038,1.0,1
3070,6355,0.5,1
3070,3565,0.5,0
3071,5126,1.0,1
3072,2278,1.0,1
3073,10167,1.0,1
3074,5750,1.0,1
3075,5506,0.5,1
3075,5332,0.5,0
3076,2862,1.0,1
3077,3559,1.0,1
3078,3930,1.0,1
3079,8807,1.0,1
3080,8316,1.0,1
3081,3525,1.0,1
3082,1724,1.0,1
3083,245,1.0,1
3084,3529,1.0,1
3085,5405,1.0,1
3086,8314,1.0,1
3087,5629,1.0,1
3088,11804,0.5,1
3088,11578,0.5,0
3089,7204,1.0,1
3090,7175,1.0,1
3091,1893,1.0,1
3092,6004,1.0,1
3093,6796,1.0,1
3094,10043,1.0,1
3095,5834,1.0,1
3096,841,1.0,1
3097,8285,1.0,1
3098,3347,1.0,1
3099,9932,1.0,1
3100,371,1.0,1
3101,199,1.0,1
3102,2844,1.0,1
3103,7221,1.0,1
3104,3475,1.0,1
3105,2715,1.0,1
3106,1703,1.0,1
3107,1320,1.0,1
3108,3745,1.0,1
3109,3,1.0,1
3110,8543,1.0,1
3111,1039,1.0,1
3112,8673,1.0,1
3113,2548,1.0,1
3114,9675,1.0,1
3115,6224,1.0,1
3116,5120,1.0,1
3117,5067,1.0,1
3118,8807,1.0,1
3119,2026,1.0,1
3120,6677,1.0,1
3121,8225,1.0,1
3122,2398,1.0,1
3123,6888,1.0,1
3124,5413,1.0,1
3125,10586,1.0,1
3126,1142,1.0,1
3127,9343,1.0,1
3128,3251,1.0,1
3129,9949,1.0,1
3130,902,1.0,1
3131,11831,1.0,1
3132,10847,0.166667,1
3132,4034,0.166667,0
3132,482,0.166667,0
3132,5512,0.166667,0
3132,5908,0.166667,0
3132,164,0.166667,0
3133,5694,1.0,1
3134,3020,1.0,1
3135,11446,1.0,1
3136,6174,1.0,1
3137,11278,0.5,1
3137,417,0.5,0
3138,7492,1.0,1
3139,1694,1.0,1
3140,6356,1.0,1
3141,9217,1.0,1
3142,9484,1.0,1
3143,9578,1.0,1
3144,10,1.0,1
3145,6278,1.0,1
3146,619,1.0,1
3147,1659,1.0,1
3148,4133,1.0,1
3149,7784,1.0,1
3150,915,1.0,1
3151,1501,1.0,1
3152,889,1.0,1
3153,783,1.0,1
3154,2453,1.0,1
3155,7630,1.0,1
3156,145,1.0,1
3157,290,1.0,1
3158,950,1.0,1
3159,7390,1.0,1
3160,8677,1.0,1
3161,6380,1.0,1
3162,5529,1.0,1
3163,4770,1.0,1
3164,4415,1.0,1
3165,11246,1.0,1
3166,10975,1.0,1
3167,1443,1.0,1
3168,8573,1.0,1
3169,4240,1.0,1
3170,7648,1.0,1
3171,5791,1.0,1
3172,2806,1.0,1
3173,9441,1.0,1
3174,5433,1.0,1
3175,10014,1.0,1
3176,7610,1.0,1
3177,6682,1.0,1
3178,8958,1.0,1
3179,5361,1.0,1
3180,350,1.0,1
3181,3118,1.0,1
3182,7022,1.0,1
3183,6826,0.5,1
3183,2781,0.5,0
3184,7076,1.0,1
3185,6980,1.0,1
3186,4504,1.0,1
3187,7528,1.0,1
3188,9860,1.0,1
3189,5126,1.0,1
3190,1759,1.0,1
3191,8779,1.0,1
3192,1372,1.0,1
3193,3041,1.0,1
3194,5447,1.0,1
3195,11179,1.0,1
3196,2060,1.0,1
3197,1609,1.0,1
3198,6250,1.0,1
3199,5856,1.0,1
3200,4312,1.0,1
3201,351,1.0,1
3202,2631,1.0,1
3203,4036,1.0,1
3204,6112,1.0,1
3205,10638,1.0,1
3206,3679,0.333333,1
3206,10307,0.333333,0
3206,8203,0.333333,0
3207,6956,1.0,1
3208,8999,1.0,1
3209,1426,1.0,1
3210,1967,1.0,1
3211,1809,1.0,1
3212,4591,1.0,1
3213,3365,1.0,1
3214,1232,1.0,1
3215,4415,1.0,1
3216,7116,1.0,1
3217,5319,1.0,1
3218,1304,1.0,1
3219,1043,1.0,1
3220,1851,1.0,1
3221,10575,1.0,1
3222,11753,1.0,1
3223,8780,1.0,1
3224,446,1.0,1
3225,1461,1.0,1
3226,6669,1.0,1
3227,7879,1.0,1
3228,2305,1.0,1
3229,10545,0.5,1
3229,4163,0.5,0
3230,11187,0.5,1
3230,11327,0.5,0
3231,7494,1.0,1
3232,11492,1.0,1
3233,363,1.0,1
3234,8593,1.0,1
3235,4269,1.0,1
3236,1810,1.0,1
3237,4735,1.0,1
3238,10665,1.0,1
3239,8908,1.0,1
3240,4415,1.0,1
3241,421,1.0,1
3242,7272,1.0,1
3243,9519,1.0,1
3244,7261,1.0,1
3245,9145,1.0,1
3246,7993,1.0,1
3247,11849,1.0,1
3248,3667,1.0,1
3249,794,0.5,1
3249,10191,0.5,0
3250,10958,1.0,1
3251,9028,1.0,1
3252,5293,1.0,1
3253,11513,1.0,1
3254,6552,1.0,1
3255,4854,1.0,1
3256,3715,0.5,1
3256,3693,0.5,0
3257,2280,1.0,1
3258,7778,1.0,1
3259,4697,1.0,1
3260,10818,1.0,1
3261,2024,1.0,1
3262,10822,1.0,1
3263,7011,1.0,1
3264,6643,1.0,1
3265,2363,1.0,1
3266,10540,1.0,1
3267,1582,0.5,1
3267,9556,0.5,0
3268,9412,1.0,1
3269,8244,1.0,1
3270,4415,1.0,1
3271,5662,1.0,1
3272,11705,1.0,1
3273,9862,1.0,1
3274,9286,1.0,1
3275,7454,1.0,1
3276,4619,1.0,1
3277,1566,1.0,1
3278,2137,1.0,1
3279,1160,1.0,1
3280,2367,1.0,1
3281,3332,1.0,1
3282,3452,1.0,1
3283,1159,1.0,1
3284,6453,1.0,1
3285,10672,1.0,1
3286,8479,1.0,1
3287,10979,1.0,1
3288,8027,1.0,1
3289,3055,1.0,1
3290,6617,1.0,1
3291,3872,1.0,1
3292,1509,1.0,1
3293,4948,0.5,1
3293,4030,0.5,0
3294,6363,1.0,1
3295,7151,1.0,1
3296,4160,1.0,1
3297,6351,1.0,1
3298,3180,1.0,1
3299,4766,0.333333,1
3299,3612,0.333333,0
3299,2846,0.333333,0
3300,8410,1.0,1
3301,1353,1.0,1
3302,8458,0.5,1
3302,2264,0.5,0
3303,1582,1.0,1
3304,8109,1.0,1
3305,7569,1.0,1
3306,6026,1.0,1
3307,6977,1.0,1
3308,8949,1.0,1
3309,7571,1.0,1
3310,8857,1.0,1
3311,10630,1.0,1
3312,702,1.0,1
3313,5076,1.0,1
3314,434,1.0,1
3315,6051,1.0,1
3316,4664,1.0,1
3317,6407,1.0,1
3318,3981,0.5,1
3318,6754,0.5,0
3319,2485,1.0,1
3320,4048,1.0,1
3321,2719,1.0,1
3322,6394,1.0,1
3323,6316,1.0,1
3324,5363,1.0,1
3325,6786,0.5,1
3325,289,0.5,0
3326,115,1.0,1
3327,8839,1.0,1
3328,8184,1.0,1
3329,2384,1.0,1
3330,4892,1.0,1
3331,7228,0.5,1
3331,10398,0.5,0
3332,11637,1.0,1
3333,10362,1.0,1
3334,2489,0.5,1
3334,605,0.5,0
3335,10262,1.0,1
3336,3995,1.0,1
3337,10771,1.0,1
3338,7633,1.0,1
3339,7828,1.0,1
3340,9546,1.0,1
3341,9318,0.25,1
3341,933,0.25,0
3341,8652,0.25,0
3341,7643,0.25,0
3342,4292,1.0,1
3343,11208,1.0,1
3344,8853,0.5,1
3344,10223,0.5,0
3345,2208,1.0,1
3346,6175,1.0,1
3347,7472,1.0,1
3348,5732,0.5,1
3348,3220,0.5,0
3349,701,1.0,1
3350,1219,1.0,1
3351,1811,1.0,1
3352,687,1.0,1
3353,10677,0.5,1
3353,3976,0.5,0
3354,3870,1.0,1
3355,6315,1.0,1
3356,11990,1.0,1
3357,763,1.0,1
3358,4336,0.5,1
3358,3826,0.5,0
3359,6676,1.0,1
3360,5448,1.0,1
3361,1516,1.0,1
3362,1330,1.0,1
3363,5608,1.0,1
3364,487,1.0,1
3365,4008,1.0,1
3366,1910,1.0,1
3367,8087,1.0,1
3368,2222,1.0,1
3369,2221,1.0,1
3370,3706,1.0,1
3371,626,1.0,1
3372,6309,1.0,1
3373,7284,1.0,1
3374,7837,1.0,1
3375,5748,1.0,1
3376,11385,1.0,1
3377,2273,1.0,1
3378,10529,1.0,1
3379,974,1.0,1
3380,35,1.0,1
3381,6081,1.0,1
3382,753,1.0,1
3383,2603,1.0,1
3384,8246,1.0,1
3385,2557,1.0,1
3386,5760,1.0,1
3387,10861,1.0,1
3388,7617,1.0,1
3389,1811,1.0,1
3390,3127,1.0,1
3391,11417,1.0,1
3392,11335,1.0,1
3393,528,1.0,1
3394,1248,1.0,1
3395,6239,1.0,1
3396,9876,1.0,1
3397,9165,1.0,1
3398,11187,0.5,1
3398,11327,0.5,0
3399,8770,1.0,1
3400,1912,1.0,1
3401,11389,0.5,1
3401,5326,0.5,0
3402,7539,1.0,1
3403,1767,1.0,1
3404,8899,1.0,1
3405,12092,1.0,1
3406,243,1.0,1
3407,11545,1.0,1
3408,2483,1.0,1
3409,7299,1.0,1
3410,1314,0.5,1
3410,643,0.5,0
3411,9869,1.0,1
3412,8997,1.0,1
3413,778,1.0,1
3414,9215,1.0,1
3415,11848,1.0,1
3416,776,1.0,1
3417,5658,1.0,1
3418,6543,1.0,1
3419,5850,1.0,1
3420,9205,1.0,1
3421,5126,1.0,1
3422,6248,1.0,1
3423,5833,1.0,1
3424,2309,1.0,1
3425,6788,1.0,1
3426,7348,0.25,1
3426,2346,0.25,0
3426,460,0.25,0
3426,4150,0.25,0
3427,11786,1.0,1
3428,10999,1.0,1
3429,3029,1.0,1
3430,7024,1.0,1
3431,3952,1.0,1
3432,1888,1.0,1
3433,568,1.0,1
3434,5946,1.0,1
3435,3803,1.0,1
3436,4570,1.0,1
3437,10975,1.0,1
3438,4364,1.0,1
3439,9250,1.0,1
3440,3679,0.333333,1
3440,2471,0.333333,0
3440,8203,0.333333,0
3441,6301,1.0,1
3442,11177,1.0,1
3443,6305,1.0,1
3444,487,0.5,1
3444,8869,0.5,0
3445,9443,1.0,1
3446,9167,0.5,1
3446,1258,0.5,0
3447,5980,1.0,1
3448,10983,1.0,1
3449,7564,1.0,1
3450,9931,1.0,1
3451,8015,1.0,1
3452,451,1.0,1
3453,11003,1.0,1
3454,223,1.0,1
3455,5653,1.0,1
3456,7611,1.0,1
3457,3849,1.0,1
3458,3745,1.0,1
3459,7844,1.0,1
3460,3363,1.0,1
3461,364,0.5,1
3461,11102,0.5,0
3462,5594,1.0,1
3463,8288,1.0,1
3464,7274,1.0,1
3465,6005,1.0,1
3466,4786,1.0,1
3467,10831,1.0,1
3468,3518,1.0,1
3469,2182,1.0,1
3470,4394,1.0,1
3471,11836,1.0,1
3472,11731,0.5,1
3472,6714,0.5,0
3473,6177,1.0,1
3474,11382,1.0,1
3475,9983,0.5,1
3475,10258,0.5,0
3476,4535,1.0,1
3477,2846,0.5,1
3477,8220,0.5,0
3478,10731,1.0,1
3479,6431,1.0,1
3480,5972,1.0,1
3481,2917,1.0,1
3482,3356,1.0,1
3483,5126,1.0,1
3484,3791,1.0,1
3485,9722,0.5,1
3485,10667,0.5,0
3486,7223,1.0,1
3487,11227,1.0,1
3488,2187,1.0,1
3489,410,1.0,1
3490,3914,1.0,1
3491,5047,1.0,1
3492,9124,1.0,1
3493,11037,0.5,1
3493,7789,0.5,0
3494,6299,1.0,1
3495,9811,0.25,1
3495,2664,0.25,0
3495,5264,0.25,0
3495,4800,0.25,0
3496,9018,1.0,1
3497,11378,1.0,1
3498,6107,1.0,1
3499,4459,1.0,1
3500,10832,1.0,1
3501,4489,0.5,1
3501,399,0.5,0
3502,1939,1.0,1
3503,8648,1.0,1
3504,9065,1.0,1
3505,7249,1.0,1
3506,12045,1.0,1
3507,435,1.0,1
3508,10202,1.0,1
3509,7487,1.0,1
3510,9158,1.0,1
3511,3016,1.0,1
3512,10517,1.0,1
3513,3968,1.0,1
3514,7408,1.0,1
3515,7734,1.0,1
3516,7136,1.0,1
3517,11377,0.5,1
3517,6786,0.5,0
3518,7601,1.0,1
3519,5124,1.0,1
3520,8825,1.0,1
3521,7248,1.0,1
3522,11329,1.0,1
3523,3651,1.0,1
3524,6854,1.0,1
3525,9337,1.0,1
3526,11606,1.0,1
3527,8922,1.0,1
3528,1800,1.0,1
3529,1523,1.0,1
3530,5541,1.0,1
3531,5523,1.0,1
3532,6400,1.0,1
3533,4461,1.0,1
3534,4022,1.0,1
3535,5098,1.0,1
3536,1251,1.0,1
3537,3090,1.0,1
3538,4504,1.0,1
3539,1928,1.0,1
3540,7398,1.0,1
3541,9628,1.0,1
3542,6150,1.0,1
3543,3885,1.0,1
3544,11286,0.5,1
3544,10076,0.5,0
3545,2455,1.0,1
3546,1811,1.0,1
3547,5964,1.0,1
3548,11270,1.0,1
3549,7165,1.0,1
3550,1633,0.5,1
3550,2394,0.5,0
3551,3102,1.0,1
3552,8458,1.0,1
3553,9664,1.0,1
3554,10546,1.0,1
3555,1387,1.0,1
3556,9557,1.0,1
3557,10734,1.0,1
3558,7174,1.0,1
3559,9122,0.5,1
3559,11224,0.5,0
3560,8774,1.0,1
3561,6231,1.0,1
3562,10822,1.0,1
3563,9316,1.0,1
3564,10187,1.0,1
3565,8526,1.0,1
3566,5405,1.0,1
3567,8079,1.0,1
3568,4750,1.0,1
3569,10864,1.0,1
3570,8337,1.0,1
3571,5377,1.0,1
3572,3213,1.0,1
3573,3754,1.0,1
3574,1197,0.5,1
3574,10711,0.5,0
3575,988,1.0,1
3576,3327,1.0,1
3577,10465,1.0,1
3578,1233,1.0,1
3579,10769,1.0,1
3580,3516,1.0,1
3581,10009,1.0,1
3582,6976,1.0,1
3583,11458,1.0,1
3584,831,1.0,1
3585,8825,1.0,1
3586,6835,1.0,1
3587,682,1.0,1
3588,10715,1.0,1
3589,11163,1.0,1
3590,7295,1.0,1
3591,2913,1.0,1
3592,7097,1.0,1
3593,7078,1.0,1
3594,3822,1.0,1
3595,4555,0.5,1
3595,10389,0.5,0
3596,1826,1.0,1
3597,10683,1.0,1
3598,7924,1.0,1
3599,5918,1.0,1
3600,8282,1.0,1
3601,709,1.0,1
3602,1757,1.0,1
3603,11948,1.0,1
3604,10033,1.0,1
3605,3811,1.0,1
3606,6414,1.0,1
3607,8251,1.0,1
3608,5100,1.0,1
3609,2320,1.0,1
3610,2111,1.0,1
3611,172,1.0,1
3612,5284,1.0,1
3613,8819,1.0,1
3614,7432,1.0,1
3615,6778,1.0,1
3616,7090,1.0,1
3617,2369,1.0,1
3618,2411,1.0,1
3619,3842,1.0,1
3620,9440,1.0,1
3621,1428,1.0,1
3622,9970,0.5,1
3622,4870,0.5,0
3623,11184,0.5,1
3623,6527,0.5,0
3624,816,1.0,1
3625,7226,1.0,1
3626,6182,1.0,1
3627,1544,1.0,1
3628,5727,1.0,1
3629,10934,1.0,1
3630,4151,1.0,1
3631,1124,1.0,1
3632,8140,1.0,1
3633,4307,1.0,1
3634,2282,1.0,1
3635,91,1.0,1
3636,6562,1.0,1
3637,3043,1.0,1
3638,8546,1.0,1
3639,11152,1.0,1
3640,11812,0.5,1
3640,8979,0.5,0
3641,132,1.0,1
3642,86,1.0,1
3643,4445,1.0,1
3644,2119,1.0,1
3645,4415,1.0,1
3646,865,1.0,1
3647,2144,1.0,1
3648,3261,1.0,1
3649,149,1.0,1
3650,1305,1.0,1
3651,2714,1.0,1
3652,8092,1.0,1
3653,2212,1.0,1
3654,4498,1.0,1
3655,6260,1.0,1
3656,7595,1.0,1
3657,5922,1.0,1
3658,1581,0.333333,1
3658,694,0.333333,0
3658,4641,0.333333,0
3659,8020,1.0,1
3660,870,1.0,1
3661,5667,0.5,1
3661,3284,0.5,0
3662,5591,1.0,1
3663,8925,1.0,1
3664,8845,1.0,1
3665,2278,1.0,1
3666,4136,1.0,1
3667,1619,1.0,1
3668,4159,1.0,1
3669,2323,1.0,1
3670,7590,1.0,1
3671,3064,1.0,1
3672,2220,1.0,1
3673,5924,1.0,1
3674,8912,1.0,1
3675,201,1.0,1
3676,2850,1.0,1
3677,4508,1.0,1
3678,8807,1.0,1
3679,2068,1.0,1
3680,8306,1.0,1
3681,685,1.0,1
3682,9946,1.0,1
3683,5679,1.0,1
3684,9157,1.0,1
3685,8100,1.0,1
3686,11714,1.0,1
3687,11422,1.0,1
3688,3797,1.0,1
3689,2321,1.0,1
3690,2838,1.0,1
3691,7896,1.0,1
3692,10109,0.5,1
3692,10781,0.5,0
3693,1802,1.0,1
3694,4856,1.0,1
3695,9551,1.0,1
3696,5674,1.0,1
3697,10678,1.0,1
3698,2278,1.0,1
3699,10822,1.0,1
3700,2937,1.0,1
3701,5328,1.0,1
3702,12099,1.0,1
3703,6368,1.0,1
3704,7064,1.0,1
3705,254,1.0,1
3706,3875,0.5,1
3706,423,0.5,0
3707,2847,1.0,1
3708,9690,1.0,1
3709,5583,1.0,1
3710,6403,1.0,1
3711,11985,1.0,1
3712,7358,1.0,1
3713,10836,1.0,1
3714,148,1.0,1
3715,2410,0.5,1
3715,5920,0.5,0
3716,3800,1.0,1
3717,10931,1.0,1
3718,5418,1.0,1
3719,6242,1.0,1
3720,7882,1.0,1
3721,5005,1.0,1
3722,6771,0.5,1
3722,5149,0.5,0
3723,2888,1.0,1
3724,9192,1.0,1
3725,10669,1.0,1
3726,11479,1.0,1
3727,1010,1.0,1
3728,6781,1.0,1
3729,9165,1.0,1
3730,9919,1.0,1
3731,10206,1.0,1
3732,4536,1.0,1
3733,6116,1.0,1
3734,6554,0.5,1
3734,9182,0.5,0
3735,8069,1.0,1
3736,10100,1.0,1
3737,726,1.0,1
3738,3956,1.0,1
3739,1033,1.0,1
3740,9209,1.0,1
3741,7785,0.5,1
3741,3610,0.5,0
3742,4614,1.0,1
3743,11390,1.0,1
3744,9414,1.0,1
3745,4899,1.0,1
3746,5754,1.0,1
3747,10343,1.0,1
3748,7205,1.0,1
3749,7759,1.0,1
3750,2810,1.0,1
3751,10772,1.0,1
3752,10543,1.0,1
3753,1669,1.0,1
3754,9365,1.0,1
3755,3003,1.0,1
3756,6946,1.0,1
3757,6024,1.0,1
3758,11655,1.0,1
3759,11571,0.5,1
3759,7154,0.5,0
3760,2769,1.0,1
3761,2576,1.0,1
3762,6280,0.333333,1
3762,7437,0.333333,0
3762,2200,0.333333,0
3763,4392,1.0,1
3764,8274,1.0,1
3765,9352,1.0,1
3766,2180,1.0,1
3767,11299,1.0,1
3768,11986,1.0,1
3769,12052,1.0,1
3770,2205,1.0,1
3771,11017,1.0,1
3772,8310,1.0,1
3773,8350,1.0,1
3774,11867,1.0,1
3775,4145,1.0,1
3776,8810,1.0,1
3777,9281,1.0,1
3778,385,1.0,1
3779,3807,1.0,1
3780,3770,0.5,1
3780,4466,0.5,0
3781,8447,0.5,1
3781,557,0.5,0
3782,10677,0.5,1
3782,3976,0.5,0
3783,5757,1.0,1
3784,9140,1.0,1
3785,11786,1.0,1
3786,3309,1.0,1
3787,3043,1.0,1
3788,11298,1.0,1
3789,7212,1.0,1
3790,7957,1.0,1
3791,5042,1.0,1
3792,3622,1.0,1
3793,8444,1.0,1
3794,9004,1.0,1
3795,438,1.0,1
3796,8774,0.5,1
3796,7481,0.5,0
3797,9171,1.0,1
3798,2592,0.5,1
3798,4592,0.5,0
3799,9802,1.0,1
3800,4311,1.0,1
3801,1224,1.0,1
3802,5845,1.0,1
3803,7277,1.0,1
3804,11554,1.0,1
3805,9165,0.5,1
3805,5806,0.5,0
3806,9760,1.0,1
3807,720,1.0,1
3808,4380,1.0,1
3809,3487,1.0,1
3810,6426,1.0,1
3811,11982,1.0,1
3812,7323,0.5,1
3812,5187,0.5,0
3813,3948,1.0,1
3814,6169,1.0,1
3815,264,1.0,1
3816,3180,1.0,1
3817,3764,1.0,1
3818,9028,1.0,1
3819,8825,1.0,1
3820,11328,1.0,1
3821,4503,1.0,1
3822,11554,1.0,1
3823,542,1.0,1
3824,4682,1.0,1
3825,9472,1.0,1
3826,5426,1.0,1
3827,11016,1.0,1
3828,8240,1.0,1
3829,130,1.0,1
3830,1805,1.0,1
3831,10350,1.0,1
3832,4468,1.0,1
3833,8623,1.0,1
3834,7363,1.0,1
3835,1629,1.0,1
3836,1198,1.0,1
3837,1846,1.0,1
3838,8162,1.0,1
3839,7111,1.0,1
3840,3346,1.0,1
3841,6283,1.0,1
3842,10774,0.5,1
3842,2933,0.5,0
3843,3724,1.0,1
3844,1070,1.0,1
3845,9298,1.0,1
3846,7548,1.0,1
3847,5240,1.0,1
3848,10964,1.0,1
3849,3210,1.0,1
3850,6685,1.0,1
3851,1667,1.0,1
3852,189,1.0,1
3853,10125,1.0,1
3854,8775,1.0,1
3855,4174,1.0,1
3856,9069,1.0,1
3857,6806,1.0,1
3858,9234,1.0,1
3859,9158,1.0,1
3860,2251,1.0,1
3861,10702,1.0,1
3862,1164,1.0,1
3863,2455,1.0,1
3864,8420,1.0,1
3865,12118,1.0,1
3866,6848,1.0,1
3867,6785,1.0,1
3868,12030,1.0,1
3869,8572,1.0,1
3870,256,1.0,1
3871,10197,1.0,1
3872,10408,1.0,1
3873,3340,1.0,1
3874,4006,1.0,1
3875,802,1.0,1
3876,2476,1.0,1
3877,7502,1.0,1
3878,7075,1.0,1
3879,11337,1.0,1
3880,6440,1.0,1
3881,6377,1.0,1
3882,4434,1.0,1
3883,11823,1.0,1
3884,7287,1.0,1
3885,5315,1.0,1
3886,4688,1.0,1
3887,2832,1.0,1
3888,4853,1.0,1
3889,1065,1.0,1
3890,905,1.0,1
3891,11112,1.0,1
3892,10212,1.0,1
3893,8116,1.0,1
3894,7032,1.0,1
3895,1597,0.5,1
3895,3296,0.5,0
3896,6054,1.0,1
3897,1146,1.0,1
3898,8459,1.0,1
3899,2449,1.0,1
3900,8616,1.0,1
3901,8139,1.0,1
3902,11459,1.0,1
3903,6201,1.0,1
3904,5329,1.0,1
3905,3539,1.0,1
3906,3679,0.333333,1
3906,10307,0.333333,0
3906,8203,0.333333,0
3907,11716,1.0,1
3908,6075,1.0,1
3909,5350,1.0,1
3910,636,1.0,1
3911,11413,0.5,1
3911,7066,0.5,0
3912,2131,1.0,1
3913,2088,1.0,1
3914,5855,1.0,1
3915,2758,1.0,1
3916,6791,0.5,1
3916,7242,0.5,0
3917,8182,1.0,1
3918,10684,1.0,1
3919,48,1.0,1
3920,9050,1.0,1
3921,10850,1.0,1
3922,3770,0.5,1
3922,4466,0.5,0
3923,9247,1.0,1
3924,5842,1.0,1
3925,6068,1.0,1
3926,10881,1.0,1
3927,4560,1.0,1
3928,8026,1.0,1
3929,1164,1.0,1
3930,3268,1.0,1
3931,3549,1.0,1
3932,129,1.0,1
3933,9883,1.0,1
3934,2794,1.0,1
3935,3417,1.0,1
3936,6842,1.0,1
3937,4294,0.5,1
3937,7466,0.5,0
3938,8048,1.0,1
3939,11729,1.0,1
3940,3598,1.0,1
3941,10281,1.0,1
3942,10281,1.0,1
3943,7703,1.0,1
3944,4669,0.5,1
3944,6843,0.5,0
3945,6925,0.5,1
3945,2752,0.5,0
3946,9621,1.0,1
3947,7314,1.0,1
3948,3877,1.0,1
3949,11047,1.0,1
3950,6402,1.0,1
3951,10940,1.0,1
3952,4275,1.0,1
3953,11768,1.0,1
3954,2842,1.0,1
3955,5470,1.0,1
3956,5126,1.0,1
3957,987,1.0,1
3958,5083,1.0,1
3959,3043,1.0,1
3960,7522,1.0,1
3961,6535,1.0,1
3962,9863,1.0,1
3963,2629,1.0,1
3964,8123,1.0,1
3965,666,1.0,1
3966,9754,1.0,1
3967,6909,1.0,1
3968,123,1.0,1
3969,1160,1.0,1
3970,7146,1.0,1
3971,8237,1.0,1
3972,5870,1.0,1
3973,3421,1.0,1
3974,8157,1.0,1
3975,10882,1.0,1
3976,2542,1.0,1
3977,12020,1.0,1
3978,7373,1.0,1
3979,11647,0.5,1
3979,6960,0.5,0
3980,527,1.0,1
3981,2322,1.0,1
3982,4966,1.0,1
3983,6645,1.0,1
3984,6495,1.0,1
3985,562,0.5,1
3985,11737,0.5,0
3986,10841,1.0,1
3987,9688,1.0,1
3988,454,1.0,1
3989,9028,0.5,1
3989,10053,0.5,0
3990,10833,1.0,1
3991,5564,1.0,1
3992,10619,1.0,1
3993,44,1.0,1
3994,9627,1.0,1
3995,2356,0.5,1
3995,1020,0.5,0
3996,3238,0.5,1
3996,9005,0.5,0
3997,10679,1.0,1
3998,11153,1.0,1
3999,5267,1.0,1
4000,11678,1.0,1
4001,11694,1.0,1
4002,8192,1.0,1
4003,1571,1.0,1
4004,2806,0.5,1
4004,5081,0.5,0
4005,6466,1.0,1
4006,11825,1.0,1
4007,9633,1.0,1
4008,5021,1.0,1
4009,7090,1.0,1
4010,8240,1.0,1
4011,3274,1.0,1
4012,1315,1.0,1
4013,9555,0.5,1
4013,5806,0.5,0
4014,9901,1.0,1
4015,11849,1.0,1
4016,5126,1.0,1
4017,9953,1.0,1
4018,475,1.0,1
4019,6951,1.0,1
4020,11761,1.0,1
4021,4264,1.0,1
4022,6009,1.0,1
4023,10908,0.25,1
4023,8127,0.25,0
4023,3448,0.25,0
4023,1886,0.25,0
4024,6783,1.0,1
4025,2729,1.0,1
4026,3560,1.0,1
4027,3553,1.0,1
4028,810,1.0,1
4029,6987,1.0,1
4030,7868,1.0,1
4031,1413,1.0,1
4032,2651,1.0,1
4033,10822,1.0,1
4034,1690,1.0,1
4035,10369,1.0,1
4036,281,1.0,1
4037,4796,1.0,1
4038,9568,1.0,1
4039,8276,1.0,1
4040,7843,1.0,1
4041,8695,1.0,1
4042,3533,1.0,1
4043,5192,1.0,1
4044,9072,1.0,1
4045,430,1.0,1
4046,9867,1.0,1
4047,1791,1.0,1
4048,696,1.0,1
4049,8505,1.0,1
4050,5474,1.0,1
4051,8581,1.0,1
4052,6054,1.0,1
4053,6115,1.0,1
4054,4376,1.0,1
4055,6179,1.0,1
4056,3265,0.5,1
4056,11591,0.5,0
4057,2737,1.0,1
4058,8720,1.0,1
4059,4043,1.0,1
4060,7600,1.0,1
4061,8412,1.0,1
4062,6292,1.0,1
4063,10622,1.0,1
4064,4094,1.0,1
4065,6283,1.0,1
4066,1146,1.0,1
4067,4541,0.333333,1
4067,1975,0.333333,0
4067,9282,0.333333,0
4068,4505,1.0,1
4069,107,1.0,1
4070,1941,1.0,1
4071,1885,1.0,1
4072,4049,1.0,1
4073,11427,1.0,1
4074,11393,1.0,1
4075,283,1.0,1
4076,9500,1.0,1
4077,2967,1.0,1
4078,8944,1.0,1
4079,342,1.0,1
4080,10681,1.0,1
4081,7314,1.0,1
4082,5243,1.0,1
4083,1480,1.0,1
4084,4093,1.0,1
4085,6067,1.0,1
4086,9489,1.0,1
4087,9321,1.0,1
4088,3249,1.0,1
4089,7280,1.0,1
4090,9813,1.0,1
4091,2378,1.0,1
4092,6903,1.0,1
4093,9335,1.0,1
4094,11368,1.0,1
4095,9557,1.0,1
4096,5942,1.0,1
4097,3150,1.0,1
4098,5426,1.0,1
4099,1519,1.0,1
4100,5285,1.0,1
4101,3536,1.0,1
4102,9618,1.0,1
4103,1344,1.0,1
4104,363,1.0,1
4105,7148,1.0,1
4106,2999,1.0,1
4107,3907,1.0,1
4108,524,1.0,1
4109,3343,1.0,1
4110,11656,1.0,1
4111,1551,1.0,1
4112,659,1.0,1
4113,8804,1.0,1
4114,896,0.5,1
4114,6814,0.5,0
4115,6389,1.0,1
4116,2838,1.0,1
4117,435,1.0,1
4118,1604,1.0,1
4119,9319,1.0,1
4120,11359,1.0,1
4121,5764,1.0,1
4122,2627,1.0,1
4123,5885,1.0,1
4124,9165,0.5,1
4124,2263,0.5,0
4125,5966,1.0,1
4126,3024,1.0,1
4127,6761,1.0,1
4128,5707,1.0,1
4129,6416,1.0,1
4130,3891,1.0,1
4131,7624,1.0,1
4132,6064,1.0,1
4133,10168,1.0,1
4134,8797,1.0,1
4135,4261,1.0,1
4136,10255,1.0,1
4137,6413,1.0,1
4138,9028,1.0,1
4139,5868,1.0,1
4140,1802,1.0,1
4141,2736,1.0,1
4142,7579,1.0,1
4143,7695,1.0,1
4144,2644,1.0,1
4145,11049,1.0,1
4146,10141,1.0,1
4147,1081,0.166667,1
4147,3110,0.166667,0
4147,6679,0.166667,0
4147,2665,0.166667,0
4147,326,0.166667,0
4147,10456,0.166667,0
4148,7540,1.0,1
4149,8164,1.0,1
4150,8316,1.0,1
4151,356,1.0,1
4152,8131,1.0,1
4153,991,1.0,1
4154,2256,1.0,1
4155,6791,0.5,1
4155,7242,0.5,0
4156,161,1.0,1
4157,9349,1.0,1
4158,8439,1.0,1
4159,6621,1.0,1
4160,10166,1.0,1
4161,10742,1.0,1
4162,7957,1.0,1
4163,5816,1.0,1
4164,5396,1.0,1
4165,2787,1.0,1
4166,10834,1.0,1
4167,7609,0.5,1
4167,4360,0.5,0
4168,5731,1.0,1
4169,5816,1.0,1
4170,4141,1.0,1
4171,2244,1.0,1
4172,5981,1.0,1
4173,6782,1.0,1
4174,7527,1.0,1
4175,9487,1.0,1
4176,3502,1.0,1
4177,8283,1.0,1
4178,6552,1.0,1
4179,10773,1.0,1
4180,4626,1.0,1
4181,5295,1.0,1
4182,1864,1.0,1
4183,11404,1.0,1
4184,9573,1.0,1
4185,138,1.0,1
4186,6315,1.0,1
4187,5082,1.0,1
4188,2562,1.0,1
4189,6553,1.0,1
4190,7052,1.0,1
4191,6948,1.0,1
4192,2508,1.0,1
4193,9028,1.0,1
4194,6791,1.0,1
4195,5307,1.0,1
4196,11036,1.0,1
4197,9165,0.5,1
4197,179,0.5,0
4198,8818,1.0,1
4199,9245,1.0,1
4200,4403,1.0,1
4201,9442,1.0,1
4202,1955,1.0,1
4203,8521,1.0,1
4204,1562,1.0,1
4205,4847,1.0,1
4206,5464,1.0,1
4207,1294,1.0,1
4208,1786,1.0,1
4209,7553,1.0,1
4210,7524,1.0,1
4211,3538,1.0,1
4212,2073,1.0,1
4213,6283,1.0,1
4214,7914,1.0,1
4215,9778,1.0,1
4216,6152,1.0,1
4217,4494,1.0,1
4218,8219,1.0,1
4219,6528,1.0,1
4220,5098,1.0,1
4221,9497,1.0,1
4222,5400,1.0,1
4223,4234,1.0,1
4224,6879,1.0,1
4225,5098,1.0,1
4226,7492,1.0,1
4227,9269,1.0,1
4228,8893,1.0,1
4229,6835,1.0,1
4230,2155,1.0,1
4231,3621,1.0,1
4232,3473,1.0,1
4233,7559,0.5,1
4233,5647,0.5,0
4234,3648,1.0,1
4235,2169,1.0,1
4236,9787,1.0,1
4237,7522,1.0,1
4238,4704,1.0,1
4239,3838,1.0,1
4240,237,1.0,1
4241,6769,1.0,1
4242,3940,1.0,1
4243,6410,1.0,1
4244,4010,1.0,1
4245,8421,1.0,1
4246,2992,1.0,1
4247,10872,1.0,1
4248,5568,1.0,1
4249,5320,1.0,1
4250,10857,1.0,1
4251,2788,1.0,1
4252,5746,1.0,1
4253,11187,0.5,1
4253,11327,0.5,0
4254,9495,1.0,1
4255,911,1.0,1
4256,2092,1.0,1
4257,3193,0.5,1
4257,5102,0.5,0
4258,7002,0.333333,1
4258,11096,0.333333,0
4258,4985,0.333333,0
4259,8282,1.0,1
4260,1961,1.0,1
4261,2606,1.0,1
4262,6529,1.0,1
4263,12052,1.0,1
4264,9216,1.0,1
4265,10296,1.0,1
4266,2363,1.0,1
4267,3997,1.0,1
4268,11203,1.0,1
4269,6468,1.0,1
4270,1752,1.0,1
4271,6736,1.0,1
4272,11628,1.0,1
4273,11776,0.5,1
4273,1856,0.5,0
4274,1471,1.0,1
4275,11511,1.0,1
4276,10733,1.0,1
4277,8785,1.0,1
4278,5546,1.0,1
4279,10404,1.0,1
4280,90,0.5,1
4280,837,0.5,0
4281,3396,1.0,1
4282,8095,1.0,1
4283,11276,1.0,1
4284,2712,1.0,1
4285,1292,0.5,1
4285,5865,0.5,0
4286,10515,1.0,1
4287,5976,1.0,1
4288,1535,1.0,1
4289,7957,1.0,1
4290,6625,0.5,1
4290,10065,0.5,0
4291,7080,1.0,1
4292,11727,1.0,1
4293,1191,1.0,1
4294,6831,1.0,1
4295,1529,1.0,1
4296,3252,1.0,1
4297,7673,1.0,1
4298,1929,1.0,1
4299,398,1.0,1
4300,7491,1.0,1
4301,2264,0.5,1
4301,8458,0.5,0
4302,8612,1.0,1
4303,8688,1.0,1
4304,4415,1.0,1
4305,5126,1.0,1
4306,12117,1.0,1
4307,5126,1.0,1
4308,562,0.5,1
4308,11737,0.5,0
4309,4834,1.0,1
4310,3114,1.0,1
4311,5764,1.0,1
4312,8973,1.0,1
4313,5694,1.0,1
4314,5670,1.0,1
4315,10697,1.0,1
4316,5582,1.0,1
4317,4053,0.5,1
4317,6549,0.5,0
4318,4467,1.0,1
4319,10301,0.2,1
4319,10294,0.2,0
4319,10292,0.2,0
4319,10300,0.2,0
4319,10290,0.2,0
4320,1021,0.5,1
4320,2578,0.5,0
4321,7445,1.0,1
4322,11579,1.0,1
4323,7585,1.0,1
4324,7491,1.0,1
4325,9715,1.0,1
4326,7594,1.0,1
4327,1277,1.0,1
4328,10349,1.0,1
4329,2109,1.0,1
4330,2180,1.0,1
4331,1303,1.0,1
4332,3653,1.0,1
4333,3532,1.0,1
4334,5508,1.0,1
4335,7219,1.0,1
4336,7724,0.5,1
4336,11482,0.5,0
4337,9910,1.0,1
4338,633,1.0,1
4339,9836,1.0,1
4340,376,1.0,1
4341,2644,1.0,1
4342,11414,1.0,1
4343,7717,1.0,1
4344,9128,1.0,1
4345,11172,1.0,1
4346,6873,0.5,1
4346,3051,0.5,0
4347,3821,0.5,1
4347,9322,0.5,0
4348,6526,1.0,1
4349,5317,1.0,1
4350,3082,1.0,1
4351,6665,1.0,1
4352,10119,1.0,1
4353,1822,1.0,1
4354,9939,1.0,1
4355,97,1.0,1
4356,10010,1.0,1
4357,4956,1.0,1
4358,724,1.0,1
4359,5805,1.0,1
4360,2043,1.0,1
4361,11623,1.0,1
4362,221,1.0,1
4363,3156,0.5,1
4363,5673,0.5,0
4364,3982,1.0,1
4365,10203,1.0,1
4366,3048,1.0,1
4367,5219,1.0,1
4368,1575,1.0,1
4369,4169,1.0,1
4370,8958,1.0,1
4371,6791,1.0,1
4372,6248,1.0,1
4373,1233,1.0,1
4374,179,1.0,1
4375,6157,1.0,1
4376,5126,1.0,1
4377,4091,1.0,1
4378,239,1.0,1
4379,3142,1.0,1
4380,8127,1.0,1
4381,9165,1.0,1
4382,3098,1.0,1
4383,5483,1.0,1
4384,9491,1.0,1
4385,10594,1.0,1
4386,1452,1.0,1
4387,4000,1.0,1
4388,10367,1.0,1
4389,7458,1.0,1
4390,10985,1.0,1
4391,1295,1.0,1
4392,3202,1.0,1
4393,2796,1.0,1
4394,4017,1.0,1
4395,3303,1.0,1
4396,2636,1.0,1
4397,2667,1.0,1
4398,8161,1.0,1
4399,4475,0.333333,1
4399,1591,0.333333,0
4399,3170,0.333333,0
4400,10192,1.0,1
4401,1626,1.0,1
4402,5852,1.0,1
4403,11232,1.0,1
4404,9651,0.5,1
4404,10335,0.5,0
4405,4593,1.0,1
4406,11977,1.0,1
4407,2119,1.0,1
4408,10857,1.0,1
4409,91,1.0,1
4410,8884,1.0,1
4411,2326,1.0,1
4412,4519,1.0,1
4413,1494,1.0,1
4414,10102,1.0,1
4415,10361,1.0,1
4416,9187,1.0,1
4417,1571,1.0,1
4418,4346,1.0,1
4419,8691,1.0,1
4420,6565,1.0,1
4421,683,1.0,1
4422,10979,0.5,1
4422,11908,0.5,0
4423,5461,1.0,1
4424,9265,1.0,1
4425,12058,1.0,1
4426,4363,1.0,1
4427,7920,1.0,1
4428,177,1.0,1
4429,9148,1.0,1
4430,11317,1.0,1
4431,1281,1.0,1
4432,6279,1.0,1
4433,5779,1.0,1
4434,3845,1.0,1
4435,9898,1.0,1
4436,9742,1.0,1
4437,7740,1.0,1
4438,581,0.5,1
4438,2975,0.5,0
4439,2181,1.0,1
4440,322,1.0,1
4441,11472,1.0,1
4442,351,1.0,1
4443,5126,1.0,1
4444,3679,0.333333,1
4444,4438,0.333333,0
4444,10307,0.333333,0
4445,4190,1.0,1
4446,2079,1.0,1
4447,10131,1.0,1
4448,8421,1.0,1
4449,2641,1.0,1
4450,7338,1.0,1
4451,6824,1.0,1
4452,8804,1.0,1
4453,11044,1.0,1
4454,3783,1.0,1
4455,2277,1.0,1
4456,1923,1.0,1
4457,1389,1.0,1
4458,3307,1.0,1
4459,4315,1.0,1
4460,4333,1.0,1
4461,7940,1.0,1
4462,11299,1.0,1
4463,3177,1.0,1
4464,4192,1.0,1
4465,1167,1.0,1
4466,6431,1.0,1
4467,7596,1.0,1
4468,3053,1.0,1
4469,1469,1.0,1
4470,3351,1.0,1
4471,4952,0.5,1
4471,3111,0.5,0
4472,2288,1.0,1
4473,2247,1.0,1
4474,8654,1.0,1
4475,11020,1.0,1
4476,7002,0.333333,1
4476,11096,0.333333,0
4476,4985,0.333333,0
4477,2071,1.0,1
4478,9058,1.0,1
4479,7801,1.0,1
4480,4541,0.333333,1
4480,1975,0.333333,0
4480,9658,0.333333,0
4481,573,0.5,1
4481,3777,0.5,0
4482,11761,1.0,1
4483,1239,0.5,1
4483,10028,0.5,0
4484,8338,1.0,1
4485,8319,1.0,1
4486,1602,1.0,1
4487,4669,0.5,1
4487,6843,0.5,0
4488,1965,1.0,1
4489,6404,1.0,1
4490,3874,1.0,1
4491,8156,1.0,1
4492,6476,1.0,1
4493,1930,1.0,1
4494,4452,1.0,1
4495,8592,0.5,1
4495,4902,0.5,0
4496,9793,1.0,1
4497,10333,0.5,1
4497,5299,0.5,0
4498,74,1.0,1
4499,7181,1.0,1
4500,6700,1.0,1
4501,3759,1.0,1
4502,4061,1.0,1
4503,6865,1.0,1
4504,4415,1.0,1
4505,3258,1.0,1
4506,6446,1.0,1
4507,10986,1.0,1
4508,10491,1.0,1
4509,5304,1.0,1
4510,11786,1.0,1
4511,1553,1.0,1
4512,4500,0.5,1
4512,2846,0.5,0
4513,11097,1.0,1
4514,7558,1.0,1
4515,6182,1.0,1
4516,6192,1.0,1
4517,754,1.0,1
4518,3532,1.0,1
4519,8785,1.0,1
4520,8378,1.0,1
4521,1283,0.5,1
4521,9759,0.5,0
4522,4230,1.0,1
4523,1599,1.0,1
4524,7941,1.0,1
4525,5126,1.0,1
4526,5126,1.0,1
4527,6942,1.0,1
4528,9023,1.0,1
4529,704,1.0,1
4530,3357,1.0,1
4531,5765,1.0,1
4532,2356,1.0,1
4533,12129,1.0,1
4534,8023,1.0,1
4535,6204,1.0,1
4536,5580,0.5,1
4536,1482,0.5,0
4537,10828,1.0,1
4538,7613,1.0,1
4539,2754,1.0,1
4540,8637,1.0,1
4541,10469,1.0,1
4542,694,1.0,1
4543,980,1.0,1
4544,2910,1.0,1
4545,8849,1.0,1
4546,4319,1.0,1
4547,4195,1.0,1
4548,543,1.0,1
4549,3942,1.0,1
4550,5100,1.0,1
4551,873,1.0,1
4552,6917,1.0,1
4553,10556,1.0,1
4554,7569,1.0,1
4555,2435,1.0,1
4556,4670,1.0,1
4557,127,1.0,1
4558,2413,1.0,1
4559,10241,1.0,1
4560,10601,1.0,1
4561,8347,1.0,1
4562,10603,1.0,1
4563,8095,1.0,1
4564,5489,1.0,1
4565,4605,1.0,1
4566,10286,0.5,1
4566,9319,0.5,0
4567,315,1.0,1
4568,6655,1.0,1
4569,493,1.0,1
4570,2936,1.0,1
4571,7170,1.0,1
4572,11993,1.0,1
4573,6593,1.0,1
4574,4796,1.0,1
4575,1378,1.0,1
4576,3349,1.0,1
4577,7345,1.0,1
4578,1297,1.0,1
4579,11108,1.0,1
4580,9202,1.0,1
4581,3257,1.0,1
4582,1528,1.0,1
4583,6787,0.5,1
4583,354,0.5,0
4584,1811,1.0,1
4585,9314,1.0,1
4586,3102,1.0,1
4587,4216,1.0,1
4588,7488,1.0,1
4589,311,1.0,1
4590,11764,1.0,1
4591,461,1.0,1
4592,7123,1.0,1
4593,6698,1.0,1
4594,4250,1.0,1
4595,4483,1.0,1
4596,4147,1.0,1
4597,7080,1.0,1
4598,6275,1.0,1
4599,6492,1.0,1
4600,7957,1.0,1
4601,2627,1.0,1
4602,12060,1.0,1
4603,8810,1.0,1
4604,1457,1.0,1
4605,7412,1.0,1
4606,9538,1.0,1
4607,1811,1.0,1
4608,10574,0.5,1
4608,10997,0.5,0
4609,3529,1.0,1
4610,5836,0.5,1
4610,9035,0.5,0
4611,10127,1.0,1
4612,3352,1.0,1
4613,217,1.0,1
4614,9923,1.0,1
4615,3246,1.0,1
4616,5816,1.0,1
4617,7554,1.0,1
4618,9165,0.5,1
4618,1516,0.5,0
4619,4012,1.0,1
4620,7964,1.0,1
4621,5122,1.0,1
4622,2191,1.0,1
4623,8217,1.0,1
4624,10949,1.0,1
4625,5439,1.0,1
4626,4428,1.0,1
4627,1807,1.0,1
4628,10137,0.166667,1
4628,7982,0.166667,0
4628,4339,0.166667,0
4628,1089,0.166667,0
4628,308,0.166667,0
4628,8942,0.166667,0
4629,8002,1.0,1
4630,10486,1.0,1
4631,2155,1.0,1
4632,2778,1.0,1
4633,8896,1.0,1
4634,9703,1.0,1
4635,2455,1.0,1
4636,10812,1.0,1
4637,9792,1.0,1
4638,1990,0.5,1
4638,7830,0.5,0
4639,205,1.0,1
4640,3969,1.0,1
4641,9728,1.0,1
4642,2328,1.0,1
4643,8635,1.0,1
4644,7737,1.0,1
4645,1711,1.0,1
4646,110,1.0,1
4647,10592,1.0,1
4648,4326,1.0,1
4649,6415,1.0,1
4650,114,1.0,1
4651,3500,0.5,1
4651,2627,0.5,0
4652,10163,1.0,1
4653,10225,0.5,1
4653,8674,0.5,0
4654,6563,1.0,1
4655,5638,1.0,1
4656,1429,1.0,1
4657,1543,1.0,1
4658,6608,0.5,1
4658,10199,0.5,0
4659,1110,1.0,1
4660,864,1.0,1
4661,3320,1.0,1
4662,2501,1.0,1
4663,10759,1.0,1
4664,10521,1.0,1
4665,12093,1.0,1
4666,5232,1.0,1
4667,10899,1.0,1
4668,3824,1.0,1
4669,8412,1.0,1
4670,11548,1.0,1
4671,10780,1.0,1
4672,5504,1.0,1
4673,8551,1.0,1
4674,1802,1.0,1
4675,6974,1.0,1
4676,9308,1.0,1
4677,49,1.0,1
4678,5726,1.0,1
4679,4258,1.0,1
4680,307,1.0,1
4681,9658,1.0,1
4682,2286,1.0,1
4683,8567,1.0,1
4684,3735,1.0,1
4685,8796,1.0,1
4686,7947,1.0,1
4687,10972,0.333333,1
4687,3831,0.333333,0
4687,4255,0.333333,0
4688,2519,1.0,1
4689,1818,1.0,1
4690,5305,1.0,1
4691,7310,1.0,1
4692,6527,1.0,1
4693,8260,1.0,1
4694,1815,1.0,1
4695,5615,1.0,1
4696,3143,1.0,1
4697,7516,1.0,1
4698,7296,1.0,1
4699,8156,1.0,1
4700,4513,1.0,1
4701,2517,1.0,1
4702,9940,1.0,1
4703,2334,1.0,1
4704,7163,1.0,1
4705,5496,1.0,1
4706,33,1.0,1
4707,1118,1.0,1
4708,6298,1.0,1
4709,6417,1.0,1
4710,2679,1.0,1
4711,9088,1.0,1
4712,1802,1.0,1
4713,10687,1.0,1
4714,11786,1.0,1
4715,9320,1.0,1
4716,3600,1.0,1
4717,10809,1.0,1
4718,9479,1.0,1
4719,2249,1.0,1
4720,2946,1.0,1
4721,9776,1.0,1
4722,9009,1.0,1
4723,4560,1.0,1
4724,8157,1.0,1
4725,3591,1.0,1
4726,6647,0.5,1
4726,4711,0.5,0
4727,7236,1.0,1
4728,10946,1.0,1
4729,4613,1.0,1
4730,5779,1.0,1
4731,3064,1.0,1
4732,1644,1.0,1
4733,6739,1.0,1
4734,10549,1.0,1
4735,2107,1.0,1
4736,8093,1.0,1
4737,11377,1.0,1
4738,6772,1.0,1
4739,9785,1.0,1
4740,1254,1.0,1
4741,4414,1.0,1
4742,11857,1.0,1
4743,750,1.0,1
4744,5509,1.0,1
4745,4445,1.0,1
4746,11100,1.0,1
4747,6354,1.0,1
4748,373,1.0,1
4749,5108,1.0,1
4750,11377,1.0,1
4751,8515,1.0,1
4752,9660,1.0,1
4753,2185,1.0,1
4754,8024,1.0,1
4755,6782,1.0,1
4756,5241,1.0,1
4757,10106,1.0,1
4758,6838,0.5,1
4758,1603,0.5,0
4759,486,1.0,1
4760,2238,1.0,1
4761,1785,1.0,1
4762,3062,1.0,1
4763,6705,1.0,1
4764,7117,1.0,1
4765,8750,1.0,1
4766,3939,1.0,1
4767,3413,1.0,1
4768,608,1.0,1
4769,3653,1.0,1
4770,2508,1.0,1
4771,5169,1.0,1
4772,9500,1.0,1
4773,1345,1.0,1
4774,6853,1.0,1
4775,9757,1.0,1
4776,207,1.0,1
4777,6500,1.0,1
4778,11180,1.0,1
4779,4278,1.0,1
4780,9539,1.0,1
4781,8042,1.0,1
4782,8731,0.333333,1
4782,10552,0.333333,0
4782,9906,0.333333,0
4783,1421,1.0,1
4784,6759,1.0,1
4785,4636,0.25,1
4785,1089,0.25,0
4785,4339,0.25,0
4785,7982,0.25,0
4786,3821,1.0,1
4787,5104,1.0,1
4788,3762,1.0,1
4789,10495,1.0,1
4790,1203,1.0,1
4791,7317,1.0,1
4792,11559,1.0,1
4793,7007,1.0,1
4794,9417,1.0,1
4795,3104,1.0,1
4796,5426,1.0,1
4797,3334,1.0,1
4798,10870,1.0,1
4799,6142,1.0,1
4800,3070,1.0,1
4801,11472,1.0,1
4802,4388,0.5,1
4802,8215,0.5,0
4803,7652,1.0,1
4804,2118,1.0,1
4805,360,1.0,1
4806,5945,1.0,1
4807,9220,1.0,1
4808,2352,1.0,1
4809,10363,1.0,1
4810,1604,1.0,1
4811,11187,0.5,1
4811,11327,0.5,0
4812,5742,1.0,1
4813,10143,1.0,1
4814,2141,0.5,1
4814,6509,0.5,0
4815,6306,0.5,1
4815,3474,0.5,0
4816,6850,1.0,1
4817,7503,1.0,1
4818,5189,1.0,1
4819,1105,1.0,1
4820,8584,1.0,1
4821,10683,1.0,1
4822,4745,1.0,1
4823,9188,1.0,1
4824,9111,1.0,1
4825,9639,1.0,1
4826,2824,1.0,1
4827,6786,1.0,1
4828,2448,1.0,1
4829,9851,1.0,1
4830,10421,1.0,1
4831,6880,1.0,1
4832,402,1.0,1
4833,8039,1.0,1
4834,3739,1.0,1
4835,1892,1.0,1
4836,2449,1.0,1
4837,2068,1.0,1
4838,10820,1.0,1
4839,1526,1.0,1
4840,11877,1.0,1
4841,10640,1.0,1
4842,8948,0.5,1
4842,5062,0.5,0
4843,9409,1.0,1
4844,4692,1.0,1
4845,5658,1.0,1
4846,2402,1.0,1
4847,4946,1.0,1
4848,2255,1.0,1
4849,10281,1.0,1
4850,6800,0.5,1
4850,6815,0.5,0
4851,11752,1.0,1
4852,104,1.0,1
4853,603,1.0,1
4854,9733,1.0,1
4855,2439,1.0,1
4856,4504,1.0,1
4857,7053,0.5,1
4857,6475,0.5,0
4858,5356,1.0,1
4859,10759,1.0,1
4860,3214,1.0,1
4861,5550,0.5,1
4861,9358,0.5,0
4862,562,0.5,1
4862,11737,0.5,0
4863,11490,0.5,1
4863,11368,0.5,0
4864,4138,1.0,1
4865,7341,1.0,1
4866,11027,1.0,1
4867,11908,0.5,1
4867,11567,0.5,0
4868,5641,1.0,1
4869,7800,1.0,1
4870,11767,1.0,1
4871,1907,1.0,1
4872,7294,1.0,1
4873,4398,1.0,1
4874,1001,1.0,1
4875,8848,1.0,1
4876,1835,1.0,1
4877,6172,1.0,1
4878,2348,1.0,1
4879,1486,1.0,1
4880,2036,0.5,1
4880,8344,0.5,0
4881,2345,1.0,1
4882,9678,1.0,1
4883,6182,0.5,1
4883,507,0.5,0
4884,7943,1.0,1
4885,9874,1.0,1
4886,6937,1.0,1
4887,7244,1.0,1
4888,9473,1.0,1
4889,10873,1.0,1
4890,6182,1.0,1
4891,1336,1.0,1
4892,10775,1.0,1
4893,4056,1.0,1
4894,981,1.0,1
4895,8656,1.0,1
4896,931,1.0,1
4897,43,1.0,1
4898,1437,1.0,1
4899,1313,1.0,1
4900,2686,1.0,1
4901,10757,1.0,1
4902,3383,1.0,1
4903,1275,0.5,1
4903,7069,0.5,0
4904,2170,1.0,1
4905,6283,1.0,1
4906,7818,1.0,1
4907,1459,1.0,1
4908,11771,1.0,1
4909,9192,1.0,1
4910,2901,1.0,1
4911,9097,1.0,1
4912,5832,1.0,1
4913,8666,1.0,1
4914,5203,1.0,1
4915,9165,0.5,1
4915,10111,0.5,0
4916,11571,1.0,1
4917,5635,1.0,1
4918,7966,1.0,1
4919,1113,1.0,1
4920,3550,1.0,1
4921,7500,1.0,1
4922,7957,1.0,1
4923,12094,1.0,1
4924,953,1.0,1
4925,4945,1.0,1
4926,3252,1.0,1
4927,5292,1.0,1
4928,1952,0.5,1
4928,11383,0.5,0
4929,1111,1.0,1
4930,9810,0.5,1
4930,10461,0.5,0
4931,8852,1.0,1
4932,3785,1.0,1
4933,11651,1.0,1
4934,9847,1.0,1
4935,10719,1.0,1
4936,6337,1.0,1
4937,1181,1.0,1
4938,2876,1.0,1
4939,5094,1.0,1
4940,17,1.0,1
4941,9771,1.0,1
4942,83,1.0,1
4943,9086,1.0,1
4944,11124,1.0,1
4945,3008,1.0,1
4946,8819,1.0,1
4947,8056,1.0,1
4948,9270,1.0,1
4949,6364,1.0,1
4950,6975,1.0,1
4951,2689,1.0,1
4952,6869,1.0,1
4953,22,1.0,1
4954,10346,1.0,1
4955,999,1.0,1
4956,9924,1.0,1
4957,1295,1.0,1
4958,8458,1.0,1
4959,1226,1.0,1
4960,10832,1.0,1
4961,193,1.0,1
4962,9335,1.0,1
4963,3427,1.0,1
4964,4415,1.0,1
4965,8458,1.0,1
4966,10490,1.0,1
4967,1143,1.0,1
4968,3102,1.0,1
4969,7812,1.0,1
4970,9059,1.0,1
4971,7592,1.0,1
4972,10489,1.0,1
4973,10500,1.0,1
4974,4744,1.0,1
4975,179,1.0,1
4976,868,1.0,1
4977,6596,1.0,1
4978,3436,1.0,1
4979,11770,1.0,1
4980,7766,1.0,1
4981,5804,1.0,1
4982,4535,1.0,1
4983,3730,0.5,1
4983,3750,0.5,0
4984,7492,1.0,1
4985,562,0.5,1
4985,11737,0.5,0
4986,4037,1.0,1
4987,10741,1.0,1
4988,6598,1.0,1
4989,1984,0.333333,1
4989,6572,0.333333,0
4989,11368,0.333333,0
4990,9165,0.5,1
4990,1516,0.5,0
4991,9175,1.0,1
4992,5992,1.0,1
4993,6323,1.0,1
4994,6923,1.0,1
4995,9039,1.0,1
4996,6077,1.0,1
4997,5521,1.0,1
4998,3883,1.0,1
4999,3571,1.0,1
5000,7494,1.0,1
5001,5314,1.0,1
5002,3140,1.0,1
5003,6492,1.0,1
5004,8382,1.0,1
5005,9625,1.0,1
5006,4627,1.0,1
5007,4026,1.0,1
5008,97,1.0,1
5009,11556,1.0,1
5010,1390,1.0,1
5011,5443,1.0,1
5012,4259,1.0,1
5013,3744,1.0,1
5014,10687,1.0,1
5015,62,1.0,1
5016,6653,1.0,1
5017,7580,1.0,1
5018,4005,1.0,1
5019,5764,1.0,1
5020,5810,1.0,1
5021,4035,1.0,1
5022,11067,1.0,1
5023,148,1.0,1
5024,9024,0.333333,1
5024,1725,0.333333,0
5024,2158,0.333333,0
5025,9737,1.0,1
5026,2138,1.0,1
5027,9135,1.0,1
5028,1562,1.0,1
5029,785,1.0,1
5030,185,1.0,1
5031,7968,1.0,1
5032,2041,1.0,1
5033,8454,1.0,1
5034,9597,1.0,1
5035,9374,1.0,1
5036,12002,1.0,1
5037,3333,1.0,1
5038,10388,1.0,1
5039,3291,1.0,1
5040,9470,1.0,1
5041,2537,1.0,1
5042,8000,1.0,1
5043,10686,1.0,1
5044,998,1.0,1
5045,4500,1.0,1
5046,12088,1.0,1
5047,2937,1.0,1
5048,5678,1.0,1
5049,8586,1.0,1
5050,920,1.0,1
5051,8479,1.0,1
5052,10052,1.0,1
5053,2469,1.0,1
5054,10854,1.0,1
5055,2627,1.0,1
5056,6713,1.0,1
5057,2515,1.0,1
5058,4103,1.0,1
5059,6310,0.5,1
5059,6671,0.5,0
5060,192,1.0,1
5061,1687,1.0,1
5062,10928,1.0,1
5063,6127,1.0,1
5064,10169,1.0,1
5065,7464,1.0,1
5066,1152,1.0,1
5067,5631,1.0,1
5068,9344,1.0,1
5069,9408,1.0,1
5070,9229,1.0,1
5071,7419,1.0,1
5072,10625,1.0,1
5073,5298,1.0,1
5074,9356,1.0,1
5075,7330,1.0,1
5076,9498,1.0,1
5077,10576,1.0,1
5078,11473,1.0,1
5079,7819,1.0,1
5080,6283,1.0,1
5081,429,1.0,1
5082,3211,1.0,1
5083,1063,1.0,1
5084,1793,1.0,1
5085,6508,1.0,1
5086,11523,1.0,1
5087,1704,1.0,1
5088,11469,1.0,1
5089,6644,0.5,1
5089,8927,0.5,0
5090,7680,1.0,1
5091,4057,1.0,1
5092,2652,1.0,1
5093,4691,1.0,1
5094,8232,1.0,1
5095,1663,1.0,1
5096,383,1.0,1
5097,1017,1.0,1
5098,9309,1.0,1
5099,9119,1.0,1
5100,4559,1.0,1
5101,8088,1.0,1
5102,9123,1.0,1
5103,6889,1.0,1
5104,7254,1.0,1
5105,4538,1.0,1
5106,3401,1.0,1
5107,1097,1.0,1
5108,8451,0.5,1
5108,2516,0.5,0
5109,4748,1.0,1
5110,4271,1.0,1
5111,2345,1.0,1
5112,7172,1.0,1
5113,3312,1.0,1
5114,5492,1.0,1
5115,5126,1.0,1
5116,5579,1.0,1
5117,9600,1.0,1
5118,11004,1.0,1
5119,1252,0.5,1
5119,4295,0.5,0
5120,4624,1.0,1
5121,2488,1.0,1
5122,11237,1.0,1
5123,4651,1.0,1
5124,1180,1.0,1
5125,5605,1.0,1
5126,5805,1.0,1
5127,10520,1.0,1
5128,6066,1.0,1
5129,8405,1.0,1
5130,10241,1.0,1
5131,1326,1.0,1
5132,10894,1.0,1
5133,5599,1.0,1
5134,8650,1.0,1
5135,10646,1.0,1
5136,10401,1.0,1
5137,7133,1.0,1
5138,1977,1.0,1
5139,386,1.0,1
5140,2719,1.0,1
5141,2240,1.0,1
5142,5373,0.5,1
5142,4674,0.5,0
5143,3632,1.0,1
5144,7168,1.0,1
5145,8971,1.0,1
5146,9028,1.0,1
5147,8422,1.0,1
5148,6464,1.0,1
5149,9021,1.0,1
5150,7868,1.0,1
5151,9028,0.5,1
5151,10053,0.5,0
5152,10631,1.0,1
5153,6354,1.0,1
5154,9078,0.333333,1
5154,6003,0.333333,0
5154,4324,0.333333,0
5155,1628,1.0,1
5156,983,1.0,1
5157,6517,1.0,1
5158,10262,1.0,1
5159,7767,1.0,1
5160,5903,1.0,1
5161,1363,1.0,1
5162,7098,1.0,1
5163,2034,1.0,1
5164,6173,1.0,1
5165,11158,1.0,1
5166,10114,1.0,1
5167,9455,1.0,1
5168,10977,1.0,1
5169,1811,1.0,1
5170,206,1.0,1
5171,6316,1.0,1
5172,5323,1.0,1
5173,11368,0.5,1
5173,11571,0.5,0
5174,11060,1.0,1
5175,11795,1.0,1
5176,5089,1.0,1
5177,10539,1.0,1
5178,2413,1.0,1
5179,10589,1.0,1
5180,7167,1.0,1
5181,6988,1.0,1
5182,10343,1.0,1
5183,8936,1.0,1
5184,548,1.0,1
5185,4681,1.0,1
5186,213,1.0,1
5187,10015,1.0,1
5188,8893,1.0,1
5189,8466,1.0,1
5190,7957,1.0,1
5191,1794,1.0,1
5192,4103,1.0,1
5193,11437,1.0,1
5194,932,1.0,1
5195,8955,1.0,1
5196,9817,1.0,1
5197,3365,1.0,1
5198,10662,1.0,1
5199,4703,1.0,1
5200,414,1.0,1
5201,433,1.0,1
5202,7760,1.0,1
5203,2152,1.0,1
5204,10677,1.0,1
5205,9393,1.0,1
5206,10261,1.0,1
5207,11289,1.0,1
5208,8647,1.0,1
5209,12103,0.5,1
5209,8956,0.5,0
5210,2798,1.0,1
5211,10511,1.0,1
5212,3354,1.0,1
5213,5257,1.0,1
5214,4171,1.0,1
5215,8719,1.0,1
5216,3147,1.0,1
5217,2571,0.333333,1
5217,3841,0.333333,0
5217,9254,0.333333,0
5218,10556,1.0,1
5219,191,1.0,1
5220,10975,1.0,1
5221,6710,1.0,1
5222,9600,1.0,1
5223,4251,1.0,1
5224,3081,1.0,1
5225,11411,1.0,1
5226,9028,1.0,1
5227,4440,0.2,1
5227,4168,0.2,0
5227,1735,0.2,0
5227,348,0.2,0
5227,2942,0.2,0
5228,5013,1.0,1
5229,1728,1.0,1
5230,5318,1.0,1
5231,6484,1.0,1
5232,9096,1.0,1
5233,7906,1.0,1
5234,10598,1.0,1
5235,2005,0.5,1
5235,10309,0.5,0
5236,2229,1.0,1
5237,571,1.0,1
5238,5599,1.0,1
5239,8874,1.0,1
5240,9942,1.0,1
5241,3144,0.5,1
5241,1926,0.5,0
5242,9273,0.5,1
5242,6046,0.5,0
5243,10838,1.0,1
5244,7247,1.0,1
5245,4197,1.0,1
5246,3770,0.5,1
5246,3736,0.5,0
5247,8768,1.0,1
5248,3683,1.0,1
5249,8560,1.0,1
5250,5258,1.0,1
5251,1578,1.0,1
5252,6300,1.0,1
5253,6076,1.0,1
5254,219,1.0,1
5255,6818,1.0,1
5256,1844,0.5,1
5256,8275,0.5,0
5257,6235,1.0,1
5258,5832,1.0,1
5259,2539,1.0,1
5260,2280,1.0,1
5261,1061,1.0,1
5262,2264,0.5,1
5262,8458,0.5,0
5263,3173,1.0,1
5264,9396,0.5,1
5264,4561,0.5,0
5265,9028,1.0,1
5266,7957,1.0,1
5267,1805,1.0,1
5268,6847,0.5,1
5268,837,0.5,0
5269,9078,0.5,1
5269,6003,0.5,0
5270,3281,1.0,1
5271,3102,1.0,1
5272,9439,1.0,1
5273,4897,1.0,1
5274,2668,1.0,1
5275,4238,1.0,1
5276,7838,1.0,1
5277,11663,1.0,1
5278,9028,1.0,1
5279,9598,1.0,1
5280,3609,1.0,1
5281,176,1.0,1
5282,2278,1.0,1
5283,4056,1.0,1
5284,9316,1.0,1
5285,11483,1.0,1
5286,8788,1.0,1
5287,2958,0.333333,1
5287,1133,0.333333,0
5287,5921,0.333333,0
5288,399,1.0,1
5289,1611,1.0,1
5290,6053,1.0,1
5291,1399,1.0,1
5292,10779,1.0,1
5293,9436,1.0,1
5294,7313,1.0,1
5295,1546,1.0,1
5296,1576,1.0,1
5297,7765,1.0,1
5298,7824,1.0,1
5299,1642,1.0,1
5300,3567,1.0,1
5301,3929,1.0,1
5302,9144,1.0,1
5303,2733,1.0,1
5304,1769,1.0,1
5305,5287,1.0,1
5306,3577,1.0,1
5307,8227,0.5,1
5307,4551,0.5,0
5308,7710,1.0,1
5309,6841,1.0,1
5310,2109,1.0,1
5311,12033,1.0,1
5312,6422,1.0,1
5313,1171,1.0,1
5314,11119,1.0,1
5315,10451,1.0,1
5316,8259,0.333333,1
5316,6276,0.333333,0
5316,657,0.333333,0
5317,3771,1.0,1
5318,10268,1.0,1
5319,10425,1.0,1
5320,203,1.0,1
5321,11817,1.0,1
5322,11823,1.0,1
5323,11839,1.0,1
5324,1164,1.0,1
5325,4353,1.0,1
5326,1444,1.0,1
5327,9494,1.0,1
5328,10989,1.0,1
5329,10759,1.0,1
5330,6712,0.5,1
5330,7798,0.5,0
5331,6186,1.0,1
5332,5816,1.0,1
5333,3515,0.5,1
5333,6877,0.5,0
5334,2557,1.0,1
5335,8417,0.333333,1
5335,2159,0.333333,0
5335,7858,0.333333,0
5336,1925,1.0,1
5337,2546,1.0,1
5338,1587,1.0,1
5339,4436,1.0,1
5340,3430,1.0,1
5341,3240,0.5,1
5341,3380,0.5,0
5342,8752,1.0,1
5343,927,1.0,1
5344,7541,1.0,1
5345,9028,1.0,1
5346,2967,1.0,1
5347,10633,1.0,1
5348,7542,1.0,1
5349,7838,1.0,1
5350,3753,1.0,1
5351,1053,1.0,1
5352,10641,1.0,1
5353,4904,1.0,1
5354,9028,1.0,1
5355,5636,1.0,1
5356,8892,1.0,1
5357,1296,1.0,1
5358,3926,1.0,1
5359,7349,1.0,1
5360,9409,1.0,1
5361,10463,1.0,1
5362,6835,0.5,1
5362,9541,0.5,0
5363,3943,1.0,1
5364,9086,0.5,1
5364,986,0.5,0
5365,1597,1.0,1
5366,11043,1.0,1
5367,3080,1.0,1
5368,1356,1.0,1
5369,1570,1.0,1
5370,11693,1.0,1
5371,7307,1.0,1
5372,3993,1.0,1
5373,2565,1.0,1
5374,2211,1.0,1
5375,7288,1.0,1
5376,8467,1.0,1
5377,4445,1.0,1
5378,9120,1.0,1
5379,11616,1.0,1
5380,10532,0.5,1
5380,4711,0.5,0
5381,10213,1.0,1
5382,11316,1.0,1
5383,609,1.0,1
5384,8249,1.0,1
5385,1568,1.0,1
5386,10382,1.0,1
5387,3695,1.0,1
5388,5770,1.0,1
5389,8421,1.0,1
5390,1311,1.0,1
5391,8791,1.0,1
5392,11402,1.0,1
5393,10156,1.0,1
5394,10134,1.0,1
5395,4173,0.5,1
5395,805,0.5,0
5396,2405,1.0,1
5397,971,1.0,1
5398,3418,0.5,1
5398,2819,0.5,0
5399,2504,1.0,1
5400,8049,1.0,1
5401,8657,1.0,1
5402,6289,1.0,1
5403,8420,1.0,1
5404,7986,1.0,1
5405,4751,1.0,1
5406,4850,1.0,1
5407,8174,1.0,1
5408,11426,1.0,1
5409,9306,1.0,1
5410,4323,1.0,1
5411,4298,0.333333,1
5411,7171,0.333333,0
5411,8254,0.333333,0
5412,2060,1.0,1
5413,4247,1.0,1
5414,11720,1.0,1
5415,9761,1.0,1
5416,11194,1.0,1
5417,562,1.0,1
5418,1204,1.0,1
5419,8458,1.0,1
5420,5041,1.0,1
5421,6584,1.0,1
5422,8415,1.0,1
5423,9270,1.0,1
5424,1969,1.0,1
5425,4188,0.5,1
5425,6087,0.5,0
5426,3415,1.0,1
5427,9192,1.0,1
5428,11284,1.0,1
5429,5951,1.0,1
5430,1382,1.0,1
5431,4563,1.0,1
5432,1542,1.0,1
5433,1427,1.0,1
5434,8109,1.0,1
5435,5868,0.5,1
5435,5848,0.5,0
5436,1266,1.0,1
5437,268,1.0,1
5438,1434,1.0,1
5439,209,1.0,1
5440,7994,1.0,1
5441,4812,1.0,1
5442,3226,1.0,1
5443,7849,1.0,1
5444,5766,1.0,1
5445,10464,1.0,1
5446,2192,1.0,1
5447,5977,1.0,1
5448,4217,1.0,1
5449,4189,1.0,1
5450,3504,1.0,1
5451,10534,1.0,1
5452,9255,1.0,1
5453,4839,0.5,1
5453,1895,0.5,0
5454,2701,1.0,1
5455,3218,0.5,1
5455,6893,0.5,0
5456,4719,1.0,1
5457,3417,1.0,1
5458,8393,1.0,1
5459,10782,1.0,1
5460,2851,0.5,1
5460,7657,0.5,0
5461,10326,1.0,1
5462,2852,1.0,1
5463,10395,1.0,1
5464,10281,1.0,1
5465,4378,1.0,1
5466,2413,1.0,1
5467,5446,1.0,1
5468,10453,0.5,1
5468,4577,0.5,0
5469,3848,0.5,1
5469,11816,0.5,0
5470,9718,1.0,1
5471,11119,1.0,1
5472,5102,1.0,1
5473,5423,1.0,1
5474,3113,1.0,1
5475,2843,1.0,1
5476,10244,1.0,1
5477,1514,1.0,1
5478,4534,0.5,1
5478,1962,0.5,0
5479,8522,1.0,1
5480,5057,1.0,1
5481,9502,1.0,1
5482,4375,1.0,1
5483,8013,1.0,1
5484,2805,1.0,1
5485,10568,1.0,1
5486,5846,0.5,1
5486,9385,0.5,0
5487,11162,1.0,1
5488,11538,1.0,1
5489,7505,1.0,1
5490,3691,1.0,1
5491,10564,1.0,1
5492,1454,1.0,1
5493,5572,1.0,1
5494,1660,1.0,1
5495,6255,1.0,1
5496,8886,1.0,1
5497,10844,1.0,1
5498,10645,1.0,1
5499,7460,1.0,1
5500,9251,1.0,1
5501,7586,1.0,1
5502,5913,0.5,1
5502,2355,0.5,0
5503,5705,1.0,1
5504,1298,1.0,1
5505,7151,1.0,1
5506,1610,1.0,1
5507,4415,1.0,1
5508,882,1.0,1
5509,4648,1.0,1
5510,10759,1.0,1
5511,7033,1.0,1
5512,11081,1.0,1
5513,10975,1.0,1
5514,5191,0.5,1
5514,1669,0.5,0
5515,7504,1.0,1
5516,8458,1.0,1
5517,8368,1.0,1
5518,10771,1.0,1
5519,7412,1.0,1
5520,8765,1.0,1
5521,9303,1.0,1
5522,6791,1.0,1
5523,9643,0.333333,1
5523,8729,0.333333,0
5523,5163,0.333333,0
5524,525,1.0,1
5525,9902,0.333333,1
5525,106,0.333333,0
5525,5771,0.333333,0
5526,5957,1.0,1
5527,7349,1.0,1
5528,10559,1.0,1
5529,12021,1.0,1
5530,3546,1.0,1
5531,10761,1.0,1
5532,4235,1.0,1
5533,9012,1.0,1
5534,7641,1.0,1
5535,5365,1.0,1
5536,361,1.0,1
5537,755,1.0,1
5538,4277,1.0,1
5539,2491,1.0,1
5540,1243,1.0,1
5541,368,1.0,1
5542,15,1.0,1
5543,7449,1.0,1
5544,3527,1.0,1
5545,1684,1.0,1
5546,9581,1.0,1
5547,7213,1.0,1
5548,8673,1.0,1
5549,3570,1.0,1
5550,8441,1.0,1
5551,3836,1.0,1
5552,6846,1.0,1
5553,10107,1.0,1
5554,6022,1.0,1
5555,3688,1.0,1
5556,3071,1.0,1
5557,701,1.0,1
5558,779,1.0,1
5559,5470,1.0,1
5560,10969,1.0,1
5561,11680,1.0,1
5562,1288,0.5,1
5562,10792,0.5,0
5563,3710,1.0,1
5564,11502,1.0,1
5565,7957,1.0,1
5566,10207,1.0,1
5567,4650,1.0,1
5568,4320,1.0,1
5569,1594,1.0,1
5570,10209,1.0,1
5571,7273,1.0,1
5572,2685,1.0,1
5573,2686,1.0,1
5574,833,1.0,1
5575,10933,1.0,1
5576,8902,0.5,1
5576,9944,0.5,0
5577,5813,1.0,1
5578,75,1.0,1
5579,7978,1.0,1
5580,6935,1.0,1
5581,10832,1.0,1
5582,1773,1.0,1
5583,8571,1.0,1
5584,8821,1.0,1
5585,2455,1.0,1
5586,7334,1.0,1
5587,9910,1.0,1
5588,5126,1.0,1
5589,11505,1.0,1
5590,4912,1.0,1
5591,5636,1.0,1
5592,2128,1.0,1
5593,710,1.0,1
5594,7521,1.0,1
5595,686,1.0,1
5596,4357,1.0,1
5597,5322,1.0,1
5598,10589,1.0,1
5599,2669,1.0,1
5600,223,1.0,1
5601,12073,1.0,1
5602,3852,1.0,1
5603,9633,1.0,1
5604,8890,1.0,1
5605,8372,1.0,1
5606,11602,1.0,1
5607,5980,1.0,1
5608,7188,1.0,1
5609,3539,1.0,1
5610,4450,1.0,1
5611,7959,1.0,1
5612,11479,1.0,1
5613,2289,1.0,1
5614,10855,1.0,1
5615,11782,1.0,1
5616,7956,1.0,1
5617,1799,1.0,1
5618,6431,1.0,1
5619,5788,1.0,1
5620,5829,1.0,1
5621,9345,1.0,1
5622,383,1.0,1
5623,10868,1.0,1
5624,11294,1.0,1
5625,10193,1.0,1
5626,6864,1.0,1
5627,9589,1.0,1
5628,2069,1.0,1
5629,5259,1.0,1
5630,24,1.0,1
5631,11574,1.0,1
5632,6884,1.0,1
5633,10729,1.0,1
5634,6002,1.0,1
5635,7629,1.0,1
5636,10316,1.0,1
5637,4196,1.0,1
5638,21,1.0,1
5639,10677,1.0,1
5640,9775,1.0,1
5641,359,1.0,1
5642,1802,1.0,1
5643,2162,1.0,1
5644,5404,1.0,1
5645,1605,1.0,1
5646,1135,1.0,1
5647,6791,1.0,1
5648,8454,0.5,1
5648,1920,0.5,0
5649,10832,1.0,1
5650,11871,0.5,1
5650,11994,0.5,0
5651,2808,1.0,1
5652,11944,1.0,1
5653,3102,1.0,1
5654,647,1.0,1
5655,6158,1.0,1
5656,1138,1.0,1
5657,10832,1.0,1
5658,6057,1.0,1
5659,11989,1.0,1
5660,8654,1.0,1
5661,1158,1.0,1
5662,7769,1.0,1
5663,5260,1.0,1
5664,2759,1.0,1
5665,2077,1.0,1
5666,10219,1.0,1
5667,10382,1.0,1
5668,8935,0.5,1
5668,7745,0.5,0
5669,2978,1.0,1
5670,12008,1.0,1
5671,1201,1.0,1
5672,6652,1.0,1
5673,1680,1.0,1
5674,6117,1.0,1
5675,1645,1.0,1
5676,5421,1.0,1
5677,9500,1.0,1
5678,4143,1.0,1
5679,2894,1.0,1
5680,9312,1.0,1
5681,2746,1.0,1
5682,3043,1.0,1
5683,2811,1.0,1
5684,5083,1.0,1
5685,1604,1.0,1
5686,343,0.5,1
5686,9028,0.5,0
5687,2363,1.0,1
5688,11520,1.0,1
5689,661,1.0,1
5690,5440,1.0,1
5691,9054,1.0,1
5692,4963,1.0,1
5693,10281,1.0,1
5694,7804,1.0,1
5695,11786,1.0,1
5696,843,1.0,1
5697,4766,0.333333,1
5697,10073,0.333333,0
5697,2846,0.333333,0
5698,1102,1.0,1
5699,1309,1.0,1
5700,4557,1.0,1
5701,7312,1.0,1
5702,1802,1.0,1
5703,9081,1.0,1
5704,1189,1.0,1
5705,7647,1.0,1
5706,1562,1.0,1
5707,10453,0.5,1
5707,4577,0.5,0
5708,8807,1.0,1
5709,10843,1.0,1
5710,5126,1.0,1
5711,6016,1.0,1
5712,7231,1.0,1
5713,6475,1.0,1
5714,1952,1.0,1
5715,11242,1.0,1
5716,9787,1.0,1
5717,11654,1.0,1
5718,5437,1.0,1
5719,592,1.0,1
5720,3044,1.0,1
5721,2779,0.5,1
5721,278,0.5,0
5722,4605,1.0,1
5723,8929,1.0,1
5724,6554,1.0,1
5725,2489,0.5,1
5725,605,0.5,0
5726,1441,1.0,1
5727,11068,0.5,1
5727,9654,0.5,0
5728,11212,1.0,1
5729,5162,1.0,1
5730,9168,1.0,1
5731,7105,1.0,1
5732,10876,1.0,1
5733,5193,1.0,1
5734,9091,1.0,1
5735,6943,1.0,1
5736,10759,1.0,1
5737,4406,1.0,1
5738,7192,1.0,1
5739,10094,0.5,1
5739,7789,0.5,0
5740,2518,1.0,1
5741,5076,1.0,1
5742,1269,1.0,1
5743,1546,1.0,1
5744,10601,1.0,1
5745,9120,1.0,1
5746,8655,1.0,1
5747,6388,1.0,1
5748,2160,1.0,1
5749,7049,1.0,1
5750,11288,1.0,1
5751,1403,1.0,1
5752,3836,1.0,1
5753,5762,1.0,1
5754,5419,1.0,1
5755,3329,1.0,1
5756,1518,1.0,1
5757,10706,1.0,1
5758,1013,1.0,1
5759,7957,1.0,1
5760,6109,1.0,1
5761,4127,1.0,1
5762,10042,0.5,1
5762,11564,0.5,0
5763,765,1.0,1
5764,8139,1.0,1
5765,11165,1.0,1
5766,7625,1.0,1
5767,4087,1.0,1
5768,7418,1.0,1
5769,5832,1.0,1
5770,1639,1.0,1
5771,9619,1.0,1
5772,2314,1.0,1
5773,7775,1.0,1
5774,3973,1.0,1
5775,9895,1.0,1
5776,9720,1.0,1
5777,8977,1.0,1
5778,4535,1.0,1
5779,10717,1.0,1
5780,11023,1.0,1
5781,11601,1.0,1
5782,7016,1.0,1
5783,5840,1.0,1
5784,7545,0.5,1
5784,7546,0.5,0
5785,7595,1.0,1
5786,11786,1.0,1
5787,9427,1.0,1
5788,380,1.0,1
5789,1959,1.0,1
5790,562,0.5,1
5790,11737,0.5,0
5791,10530,1.0,1
5792,9908,1.0,1
5793,9596,1.0,1
5794,8454,0.5,1
5794,1920,0.5,0
5795,4995,1.0,1
5796,562,0.5,1
5796,11737,0.5,0
5797,10044,1.0,1
5798,3043,1.0,1
5799,8027,1.0,1
5800,7668,1.0,1
5801,519,1.0,1
5802,8258,1.0,1
5803,3793,1.0,1
5804,8323,1.0,1
5805,7649,1.0,1
5806,2131,0.5,1
5806,10000,0.5,0
5807,2926,1.0,1
5808,9959,1.0,1
5809,3665,1.0,1
5810,9306,1.0,1
5811,5909,1.0,1
5812,2589,1.0,1
5813,3685,1.0,1
5814,6435,1.0,1
5815,8528,1.0,1
5816,3916,1.0,1
5817,2932,1.0,1
5818,9992,1.0,1
5819,2870,1.0,1
5820,274,1.0,1
5821,4596,1.0,1
5822,12076,1.0,1
5823,918,1.0,1
5824,3569,1.0,1
5825,11984,1.0,1
5826,6962,1.0,1
5827,5770,1.0,1
5828,7957,1.0,1
5829,10759,1.0,1
5830,11888,0.5,1
5830,11363,0.5,0
5831,3352,1.0,1
5832,3798,1.0,1
5833,7380,1.0,1
5834,11274,1.0,1
5835,2553,1.0,1
5836,4393,1.0,1
5837,10268,1.0,1
5838,8968,0.5,1
5838,8322,0.5,0
5839,10396,1.0,1
5840,7957,1.0,1
5841,239,1.0,1
5842,1359,1.0,1
5843,5588,1.0,1
5844,10122,1.0,1
5845,6732,1.0,1
5846,2406,1.0,1
5847,3906,1.0,1
5848,6189,1.0,1
5849,7511,1.0,1
5850,6574,1.0,1
5851,10760,1.0,1
5852,4882,1.0,1
5853,2266,1.0,1
5854,10842,1.0,1
5855,6354,1.0,1
5856,10402,0.5,1
5856,6573,0.5,0
5857,10832,1.0,1
5858,11241,1.0,1
5859,295,0.5,1
5859,3341,0.5,0
5860,6918,1.0,1
5861,6581,1.0,1
5862,8172,1.0,1
5863,1582,1.0,1
5864,10807,1.0,1
5865,6538,1.0,1
5866,6786,0.5,1
5866,10756,0.5,0
5867,5478,1.0,1
5868,3414,1.0,1
5869,9319,1.0,1
5870,7465,1.0,1
5871,3275,1.0,1
5872,11221,1.0,1
5873,1489,1.0,1
5874,9670,1.0,1
5875,187,1.0,1
5876,2004,1.0,1
5877,3765,1.0,1
5878,5098,1.0,1
5879,525,1.0,1
5880,10482,0.5,1
5880,10481,0.5,0
5881,9425,1.0,1
5882,7375,1.0,1
5883,6262,1.0,1
5884,9925,1.0,1
5885,2090,1.0,1
5886,8534,1.0,1
5887,9934,1.0,1
5888,6791,1.0,1
5889,809,1.0,1
5890,4848,1.0,1
5891,9644,0.5,1
5891,6774,0.5,0
5892,6973,1.0,1
5893,4812,1.0,1
5894,10842,1.0,1
5895,7022,1.0,1
5896,12084,1.0,1
5897,8323,1.0,1
5898,5544,1.0,1
5899,5460,1.0,1
5900,2339,1.0,1
5901,6270,1.0,1
5902,4163,1.0,1
5903,10700,1.0,1
5904,10146,1.0,1
5905,9046,1.0,1
5906,7017,1.0,1
5907,2867,1.0,1
5908,1765,1.0,1
5909,2510,1.0,1
5910,6215,0.5,1
5910,3955,0.5,0
5911,3202,1.0,1
5912,10903,1.0,1
5913,233,1.0,1
5914,1883,1.0,1
5915,6925,1.0,1
5916,1601,1.0,1
5917,6834,1.0,1
5918,5986,1.0,1
5919,9465,1.0,1
5920,4763,1.0,1
5921,291,1.0,1
5922,915,1.0,1
5923,2424,1.0,1
5924,4766,0.25,1
5924,10073,0.25,0
5924,4057,0.25,0
5924,2846,0.25,0
5925,4197,1.0,1
5926,11640,1.0,1
5927,9657,1.0,1
5928,1595,1.0,1
5929,5428,1.0,1
5930,10966,1.0,1
5931,12036,1.0,1
5932,6515,1.0,1
5933,8458,1.0,1
5934,2987,0.5,1
5934,2939,0.5,0
5935,10129,1.0,1
5936,9321,1.0,1
5937,11019,1.0,1
5938,8623,1.0,1
5939,8456,1.0,1
5940,6595,0.5,1
5940,792,0.5,0
5941,11145,1.0,1
5942,4113,1.0,1
5943,5830,1.0,1
5944,10736,1.0,1
5945,9041,1.0,1
5946,10686,1.0,1
5947,607,1.0,1
5948,10912,1.0,1
5949,4529,1.0,1
5950,8109,1.0,1
5951,10556,1.0,1
5952,3653,1.0,1
5953,304,1.0,1
5954,8052,1.0,1
5955,7973,1.0,1
5956,3199,1.0,1
5957,3650,1.0,1
5958,11218,0.5,1
5958,11410,0.5,0
5959,7123,1.0,1
5960,11162,1.0,1
5961,588,0.5,1
5961,5537,0.5,0
5962,697,1.0,1
5963,9242,1.0,1
5964,6984,1.0,1
5965,9513,1.0,1
5966,4445,1.0,1
5967,8151,1.0,1
5968,8825,1.0,1
5969,10678,1.0,1
5970,9610,1.0,1
5971,11216,1.0,1
5972,5307,1.0,1
5973,9142,1.0,1
5974,1778,1.0,1
5975,1208,1.0,1
5976,8710,1.0,1
5977,9947,1.0,1
5978,11146,1.0,1
5979,6344,1.0,1
5980,10719,1.0,1
5981,9592,1.0,1
5982,782,1.0,1
5983,9053,1.0,1
5984,8139,1.0,1
5985,2937,1.0,1
5986,10704,1.0,1
5987,2278,1.0,1
5988,4509,1.0,1
5989,7208,1.0,1
5990,5277,1.0,1
5991,2265,1.0,1
5992,8842,1.0,1
5993,910,1.0,1
5994,5038,0.5,1
5994,3245,0.5,0
5995,11382,1.0,1
5996,10676,1.0,1
5997,3473,1.0,1
5998,6591,1.0,1
5999,9300,1.0,1
6000,3364,1.0,1
6001,2248,1.0,1
6002,1608,1.0,1
6003,7918,1.0,1
6004,4740,1.0,1
6005,9928,1.0,1
6006,10980,1.0,1
6007,6254,1.0,1
6008,2308,1.0,1
6009,2244,1.0,1
6010,7689,1.0,1
6011,2966,1.0,1
6012,11428,1.0,1
6013,6816,1.0,1
6014,5195,1.0,1
6015,11342,1.0,1
6016,186,1.0,1
6017,1892,1.0,1
6018,9896,1.0,1
6019,1175,1.0,1
6020,2140,1.0,1
6021,9940,1.0,1
6022,9315,1.0,1
6023,11526,1.0,1
6024,2155,1.0,1
6025,7567,1.0,1
6026,69,1.0,1
6027,6256,1.0,1
6028,11865,1.0,1
6029,11398,1.0,1
6030,653,1.0,1
6031,468,0.5,1
6031,70,0.5,0
6032,4721,1.0,1
6033,7781,1.0,1
6034,4445,1.0,1
6035,4096,0.5,1
6035,2131,0.5,0
6036,4653,1.0,1
6037,3149,1.0,1
6038,5559,1.0,1
6039,8625,1.0,1
6040,11146,1.0,1
6041,1840,1.0,1
6042,2407,0.5,1
6042,3216,0.5,0
6043,7508,1.0,1
6044,3892,1.0,1
6045,5015,1.0,1
6046,7399,1.0,1
6047,10676,1.0,1
6048,3907,1.0,1
6049,3139,1.0,1
6050,6854,1.0,1
6051,3896,1.0,1
6052,10890,1.0,1
6053,3500,1.0,1
6054,5389,1.0,1
6055,1448,1.0,1
6056,186,1.0,1
6057,8497,1.0,1
6058,11619,1.0,1
6059,9790,1.0,1
6060,4656,1.0,1
6061,6424,1.0,1
6062,7287,0.5,1
6062,2860,0.5,0
6063,3430,1.0,1
6064,6357,0.5,1
6064,1649,0.5,0
6065,8865,1.0,1
6066,9898,1.0,1
6067,6086,1.0,1
6068,3487,1.0,1
6069,9877,1.0,1
6070,5620,1.0,1
6071,6283,1.0,1
6072,5100,1.0,1
6073,3406,1.0,1
6074,9810,0.333333,1
6074,10461,0.333333,0
6074,1267,0.333333,0
6075,7689,1.0,1
6076,5029,1.0,1
6077,7766,1.0,1
6078,128,1.0,1
6079,9644,0.5,1
6079,6774,0.5,0
6080,5498,1.0,1
6081,5049,1.0,1
6082,6295,1.0,1
6083,2465,1.0,1
6084,6283,1.0,1
6085,10990,1.0,1
6086,8420,1.0,1
6087,8046,1.0,1
6088,2644,1.0,1
6089,3489,1.0,1
6090,9528,1.0,1
6091,11997,1.0,1
6092,8342,0.5,1
6092,11368,0.5,0
6093,8854,1.0,1
6094,2550,1.0,1
6095,98,1.0,1
6096,5386,1.0,1
6097,179,1.0,1
6098,9736,1.0,1
6099,1249,1.0,1
6100,7574,1.0,1
6101,11120,1.0,1
6102,8937,1.0,1
6103,233,1.0,1
6104,8043,1.0,1
6105,9036,1.0,1
6106,9434,1.0,1
6107,179,1.0,1
6108,1443,1.0,1
6109,5031,1.0,1
6110,8956,1.0,1
6111,11324,1.0,1
6112,6828,1.0,1
6113,4373,1.0,1
6114,6899,1.0,1
6115,6840,1.0,1
6116,11765,1.0,1
6117,3836,1.0,1
6118,4134,1.0,1
6119,5916,1.0,1
6120,5696,1.0,1
6121,9128,1.0,1
6122,5768,1.0,1
6123,313,1.0,1
6124,10522,1.0,1
6125,10885,1.0,1
6126,651,1.0,1
6127,11299,1.0,1
6128,1072,1.0,1
6129,4247,1.0,1
6130,8410,1.0,1
6131,5329,1.0,1
6132,11108,1.0,1
6133,81,1.0,1
6134,8202,1.0,1
6135,4220,1.0,1
6136,11468,1.0,1
6137,6092,1.0,1
6138,846,0.5,1
6138,5362,0.5,0
6139,147,1.0,1
6140,531,1.0,1
6141,2940,0.5,1
6141,5767,0.5,0
6142,12062,0.5,1
6142,11959,0.5,0
6143,8076,1.0,1
6144,2623,1.0,1
6145,6964,1.0,1
6146,3235,1.0,1
6147,5866,1.0,1
6148,9104,1.0,1
6149,9078,0.333333,1
6149,6170,0.333333,0
6149,6003,0.333333,0
6150,1805,1.0,1
6151,11755,1.0,1
6152,9794,1.0,1
6153,8131,0.5,1
6153,4038,0.5,0
6154,8161,1.0,1
6155,9215,1.0,1
6156,8953,1.0,1
6157,10666,1.0,1
6158,6602,1.0,1
6159,11512,1.0,1
6160,3244,1.0,1
6161,1575,1.0,1
6162,5845,1.0,1
6163,9458,1.0,1
6164,9644,0.333333,1
6164,6091,0.333333,0
6164,1423,0.333333,0
6165,5343,1.0,1
6166,3012,0.25,1
6166,10294,0.25,0
6166,10291,0.25,0
6166,10299,0.25,0
6167,9476,1.0,1
6168,9812,0.5,1
6168,2665,0.5,0
6169,5759,1.0,1
6170,10150,1.0,1
6171,5383,1.0,1
6172,757,1.0,1
6173,1236,1.0,1
6174,4886,1.0,1
6175,11488,1.0,1
6176,814,1.0,1
6177,6565,1.0,1
6178,170,0.5,1
6178,755,0.5,0
6179,9792,1.0,1
6180,8328,1.0,1
6181,5455,1.0,1
6182,5295,1.0,1
6183,9140,1.0,1
6184,1562,1.0,1
6185,10063,1.0,1
6186,4541,0.5,1
6186,1975,0.5,0
6187,6169,1.0,1
6188,7408,1.0,1
6189,4759,1.0,1
6190,10719,1.0,1
6191,11561,1.0,1
6192,9555,0.5,1
6192,5805,0.5,0
6193,11299,1.0,1
6194,9500,1.0,1
6195,7467,0.5,1
6195,7240,0.5,0
6196,5656,1.0,1
6197,5569,1.0,1
6198,8410,1.0,1
6199,11664,0.5,1
6199,11809,0.5,0
6200,11844,1.0,1
6201,4454,1.0,1
6202,10251,1.0,1
6203,11372,0.5,1
6203,11371,0.5,0
6204,8964,1.0,1
6205,10907,1.0,1
6206,3506,1.0,1
6207,5473,1.0,1
6208,11285,1.0,1
6209,713,1.0,1
6210,3118,1.0,1
6211,9256,0.5,1
6211,2122,0.5,0
6212,6316,1.0,1
6213,4527,1.0,1
6214,7742,1.0,1
6215,8332,1.0,1
6216,5470,1.0,1
6217,375,1.0,1
6218,10521,1.0,1
6219,9689,0.5,1
6219,101,0.5,0
6220,29,1.0,1
6221,3259,0.5,1
6221,10411,0.5,0
6222,5352,1.0,1
6223,2663,1.0,1
6224,11847,1.0,1
6225,5625,1.0,1
6226,11761,1.0,1
6227,3912,1.0,1
6228,11666,1.0,1
6229,10746,1.0,1
6230,9306,1.0,1
6231,10838,1.0,1
6232,1223,1.0,1
6233,8451,0.5,1
6233,2516,0.5,0
6234,558,1.0,1
6235,2374,1.0,1
6236,3028,1.0,1
6237,2676,1.0,1
6238,522,1.0,1
6239,4362,1.0,1
6240,9405,1.0,1
6241,1497,1.0,1
6242,4175,1.0,1
6243,5961,1.0,1
6244,2961,1.0,1
6245,2986,1.0,1
6246,3745,1.0,1
6247,11067,1.0,1
6248,5105,1.0,1
6249,7653,1.0,1
6250,8114,1.0,1
6251,5677,1.0,1
6252,9312,0.5,1
6252,6238,0.5,0
6253,12007,1.0,1
6254,1938,1.0,1
6255,9726,1.0,1
6256,495,1.0,1
6257,2780,0.5,1
6257,9132,0.5,0
6258,11753,1.0,1
6259,11386,1.0,1
6260,6992,1.0,1
6261,9965,1.0,1
6262,7243,1.0,1
6263,2272,1.0,1
6264,6988,1.0,1
6265,4709,1.0,1
6266,10222,1.0,1
6267,7627,1.0,1
6268,3828,1.0,1
6269,8914,1.0,1
6270,2455,1.0,1
6271,330,1.0,1
6272,11124,1.0,1
6273,1559,1.0,1
6274,4618,1.0,1
6275,9806,1.0,1
6276,2119,1.0,1
6277,11706,1.0,1
6278,11308,1.0,1
6279,9372,1.0,1
6280,4793,0.2,1
6280,7862,0.2,0
6280,4221,0.2,0
6280,665,0.2,0
6280,4102,0.2,0
6281,4199,1.0,1
6282,10944,0.5,1
6282,4351,0.5,0
6283,5381,1.0,1
6284,1754,1.0,1
6285,10773,1.0,1
6286,3580,1.0,1
6287,994,1.0,1
6288,9998,1.0,1
6289,2521,1.0,1
6290,5042,1.0,1
6291,2099,0.5,1
6291,3296,0.5,0
6292,1449,1.0,1
6293,219,1.0,1
6294,6656,1.0,1
6295,5058,1.0,1
6296,91,1.0,1
6297,3382,1.0,1
6298,6121,1.0,1
6299,10281,1.0,1
6300,4378,1.0,1
6301,4933,0.5,1
6301,100,0.5,0
6302,5098,1.0,1
6303,1503,1.0,1
6304,4340,1.0,1
6305,8501,1.0,1
6306,3243,1.0,1
6307,5126,1.0,1
6308,9546,1.0,1
6309,1223,1.0,1
6310,8916,1.0,1
6311,11125,1.0,1
6312,8739,0.333333,1
6312,9515,0.333333,0
6312,1323,0.333333,0
6313,1709,1.0,1
6314,94,1.0,1
6315,4564,1.0,1
6316,10796,1.0,1
6317,11679,1.0,1
6318,10312,1.0,1
6319,10813,1.0,1
6320,424,1.0,1
6321,5981,1.0,1
6322,8748,1.0,1
6323,7251,1.0,1
6324,5802,1.0,1
6325,10438,1.0,1
6326,8610,1.0,1
6327,3336,1.0,1
6328,11234,1.0,1
6329,3444,1.0,1
6330,2112,1.0,1
6331,3500,1.0,1
6332,12066,1.0,1
6333,6084,1.0,1
6334,891,1.0,1
6335,6278,1.0,1
6336,3989,1.0,1
6337,6994,1.0,1
6338,5615,1.0,1
6339,2740,1.0,1
6340,4731,1.0,1
6341,9642,1.0,1
6342,7557,1.0,1
6343,8685,1.0,1
6344,7269,1.0,1
6345,4479,0.5,1
6345,6613,0.5,0
6346,9695,1.0,1
6347,7692,1.0,1
6348,3664,1.0,1
6349,6751,1.0,1
6350,11784,1.0,1
6351,11717,1.0,1
6352,3456,1.0,1
6353,6715,1.0,1
6354,5239,1.0,1
6355,1397,1.0,1
6356,629,1.0,1
6357,3858,1.0,1
6358,508,1.0,1
6359,8106,1.0,1
6360,4771,1.0,1
6361,8619,0.5,1
6361,3778,0.5,0
6362,7236,1.0,1
6363,4268,1.0,1
6364,10927,1.0,1
6365,9110,1.0,1
6366,4242,1.0,1
6367,4322,1.0,1
6368,1702,1.0,1
6369,11805,1.0,1
6370,3552,1.0,1
6371,1329,0.5,1
6371,3738,0.5,0
6372,8208,0.5,1
6372,3806,0.5,0
6373,10426,1.0,1
6374,11176,1.0,1
6375,1502,1.0,1
6376,2324,1.0,1
6377,11367,1.0,1
6378,6442,1.0,1
6379,7059,1.0,1
6380,2627,0.5,1
6380,3500,0.5,0
6381,7123,1.0,1
6382,8704,1.0,1
6383,8685,1.0,1
6384,3500,1.0,1
6385,1658,1.0,1
6386,3166,1.0,1
6387,5744,1.0,1
6388,3864,1.0,1
6389,3542,1.0,1
6390,11466,1.0,1
6391,7265,1.0,1
6392,2797,1.0,1
6393,5879,1.0,1
6394,5609,1.0,1
6395,10353,1.0,1
6396,855,1.0,1
6397,8407,1.0,1
6398,84,1.0,1
6399,4169,1.0,1
6400,4105,0.5,1
6400,11025,0.5,0
6401,562,1.0,1
6402,9133,1.0,1
6403,998,1.0,1
6404,8989,1.0,1
6405,9136,1.0,1
6406,4436,1.0,1
6407,4582,1.0,1
6408,3426,1.0,1
6409,4525,1.0,1
6410,4002,1.0,1
6411,1906,0.5,1
6411,4959,0.5,0
6412,2246,1.0,1
6413,7539,1.0,1
6414,1200,1.0,1
6415,8131,1.0,1
6416,3676,1.0,1
6417,9161,1.0,1
6418,38,1.0,1
6419,7286,1.0,1
6420,3678,1.0,1
6421,3778,1.0,1
6422,10078,1.0,1
6423,6270,1.0,1
6424,6098,1.0,1
6425,6708,1.0,1
6426,10830,1.0,1
6427,7622,1.0,1
6428,8423,1.0,1
6429,6830,1.0,1
6430,644,1.0,1
6431,1811,1.0,1
6432,7707,1.0,1
6433,8571,1.0,1
6434,6447,1.0,1
6435,2046,1.0,1
6436,6931,1.0,1
6437,4635,1.0,1
6438,9956,1.0,1
6439,10025,1.0,1
6440,7010,1.0,1
6441,3269,1.0,1
6442,4026,1.0,1
6443,2627,1.0,1
6444,1957,1.0,1
6445,9080,1.0,1
6446,1696,1.0,1
6447,2537,1.0,1
6448,4488,1.0,1
6449,8001,1.0,1
6450,10954,1.0,1
6451,1887,1.0,1
6452,4445,1.0,1
6453,5360,1.0,1
6454,529,1.0,1
6455,225,1.0,1
6456,9169,1.0,1
6457,1022,1.0,1
6458,11528,1.0,1
6459,8611,1.0,1
6460,4400,1.0,1
6461,8291,1.0,1
6462,4248,1.0,1
6463,5896,1.0,1
6464,9292,1.0,1
6465,4466,1.0,1
6466,7654,1.0,1
6467,6237,1.0,1
6468,703,1.0,1
6469,11094,1.0,1
6470,1655,1.0,1
6471,4435,1.0,1
6472,7980,1.0,1
6473,6779,1.0,1
6474,1554,1.0,1
6475,1038,1.0,1
6476,9371,1.0,1
6477,4620,1.0,1
6478,4025,1.0,1
6479,9467,1.0,1
6480,2447,1.0,1
6481,12068,1.0,1
6482,11491,1.0,1
6483,2337,0.5,1
6483,3668,0.5,0
6484,2552,1.0,1
6485,7836,1.0,1
6486,2243,1.0,1
6487,10694,1.0,1
6488,2627,1.0,1
6489,2899,1.0,1
6490,8196,1.0,1
6491,6668,1.0,1
6492,2426,1.0,1
6493,9985,1.0,1
6494,5329,1.0,1
6495,4247,1.0,1
6496,260,1.0,1
6497,11787,1.0,1
6498,1863,1.0,1
6499,11325,1.0,1
6500,5939,1.0,1
6501,6777,1.0,1
6502,9228,1.0,1
6503,2673,1.0,1
6504,3410,1.0,1
6505,7716,1.0,1
6506,11272,1.0,1
6507,8867,1.0,1
6508,9613,1.0,1
6509,6874,1.0,1
6510,90,1.0,1
6511,1037,1.0,1
6512,1937,1.0,1
6513,3749,1.0,1
6514,1487,1.0,1
6515,6667,1.0,1
6516,9810,0.333333,1
6516,6594,0.333333,0
6516,1287,0.333333,0
6517,7300,1.0,1
6518,9379,1.0,1
6519,9354,1.0,1
6520,3985,1.0,1
6521,9028,1.0,1
6522,11098,1.0,1
6523,7127,1.0,1
6524,11790,1.0,1
6525,3314,1.0,1
6526,10351,1.0,1
6527,10285,1.0,1
6528,8836,1.0,1
6529,652,1.0,1
6530,11143,1.0,1
6531,8222,1.0,1
6532,10766,1.0,1
6533,9909,1.0,1
6534,3232,1.0,1
6535,9307,1.0,1
6536,7468,1.0,1
6537,6515,1.0,1
6538,9734,1.0,1
6539,9043,1.0,1
6540,9762,1.0,1
6541,1993,1.0,1
6542,2512,1.0,1
6543,5844,1.0,1
6544,11263,1.0,1
6545,977,1.0,1
6546,538,1.0,1
6547,2343,1.0,1
6548,5558,1.0,1
6549,1225,1.0,1
6550,4663,1.0,1
6551,3829,1.0,1
6552,7480,1.0,1
6553,8598,1.0,1
6554,4063,1.0,1
6555,3254,1.0,1
6556,7950,1.0,1
6557,12122,1.0,1
6558,9267,1.0,1
6559,9357,1.0,1
6560,5728,1.0,1
6561,4181,1.0,1
6562,7964,1.0,1
6563,9019,1.0,1
6564,10675,1.0,1
6565,294,1.0,1
6566,3253,1.0,1
6567,2896,1.0,1
6568,5128,1.0,1
6569,11219,1.0,1
6570,2918,0.5,1
6570,989,0.5,0
6571,10750,1.0,1
6572,2572,1.0,1
6573,12050,1.0,1
6574,7687,1.0,1
6575,9630,1.0,1
6576,9246,0.5,1
6576,10008,0.5,0
6577,2989,1.0,1
6578,9875,1.0,1
6579,6308,1.0,1
6580,7468,1.0,1
6581,9852,1.0,1
6582,972,1.0,1
6583,8825,1.0,1
6584,11162,1.0,1
6585,4411,1.0,1
6586,9158,1.0,1
6587,11238,1.0,1
6588,6118,1.0,1
6589,388,0.5,1
6589,8207,0.5,0
6590,11983,1.0,1
6591,9028,1.0,1
6592,9828,1.0,1
6593,6576,1.0,1
6594,9531,1.0,1
6595,10945,1.0,1
6596,6878,1.0,1
6597,8595,1.0,1
6598,9314,1.0,1
6599,9534,1.0,1
6600,11078,1.0,1
6601,5841,1.0,1
6602,11430,1.0,1
6603,11415,1.0,1
6604,3945,1.0,1
6605,4794,1.0,1
6606,10826,0.5,1
6606,2763,0.5,0
6607,9997,1.0,1
6608,6821,0.333333,1
6608,8663,0.333333,0
6608,8664,0.333333,0
6609,5434,1.0,1
6610,4187,1.0,1
6611,10068,1.0,1
6612,4746,1.0,1
6613,10876,1.0,1
6614,10016,1.0,1
6615,2848,1.0,1
6616,3701,1.0,1
6617,3029,1.0,1
6618,4717,1.0,1
6619,183,0.5,1
6619,8578,0.5,0
6620,8210,1.0,1
6621,1531,1.0,1
6622,3609,1.0,1
6623,7869,1.0,1
6624,9127,1.0,1
6625,9738,1.0,1
6626,9179,1.0,1
6627,1234,1.0,1
6628,1384,1.0,1
6629,3227,1.0,1
6630,6126,1.0,1
6631,7447,1.0,1
6632,3091,1.0,1
6633,3873,1.0,1
6634,2088,1.0,1
6635,11996,1.0,1
6636,6080,1.0,1
6637,3300,1.0,1
6638,7427,1.0,1
6639,4913,1.0,1
6640,212,1.0,1
6641,573,1.0,1
6642,10823,1.0,1
6643,830,1.0,1
6644,9996,1.0,1
6645,9158,1.0,1
6646,9228,1.0,1
6647,2937,1.0,1
6648,1568,1.0,1
6649,4084,1.0,1
6650,3745,1.0,1
6651,7344,1.0,1
6652,2789,1.0,1
6653,5329,0.5,1
6653,6522,0.5,0
6654,374,1.0,1
6655,11463,1.0,1
6656,8462,1.0,1
6657,5221,1.0,1
6658,6798,1.0,1
6659,11142,1.0,1
6660,3029,1.0,1
6661,7670,1.0,1
6662,8323,1.0,1
6663,922,1.0,1
6664,7373,1.0,1
6665,2627,1.0,1
6666,849,1.0,1
6667,6972,1.0,1
6668,404,1.0,1
6669,6234,0.333333,1
6669,597,0.333333,0
6669,9277,0.333333,0
6670,7068,1.0,1
6671,7498,1.0,1
6672,2678,1.0,1
6673,2627,0.5,1
6673,3500,0.5,0
6674,4068,1.0,1
6675,10216,1.0,1
6676,2186,1.0,1
6677,6499,1.0,1
6678,2972,1.0,1
6679,1579,1.0,1
6680,6584,1.0,1
6681,1788,1.0,1
6682,4104,1.0,1
6683,7810,1.0,1
6684,10878,1.0,1
6685,7326,1.0,1
6686,6586,1.0,1
6687,10943,0.5,1
6687,5756,0.5,0
6688,5499,1.0,1
6689,8406,0.5,1
6689,2285,0.5,0
6690,9085,1.0,1
6691,1193,1.0,1
6692,1005,1.0,1
6693,5400,1.0,1
6694,11841,1.0,1
6695,411,1.0,1
6696,8077,1.0,1
6697,6069,1.0,1
6698,11405,1.0,1
6699,6346,0.5,1
6699,4975,0.5,0
6700,9228,1.0,1
6701,9093,1.0,1
6702,10163,1.0,1
6703,2065,1.0,1
6704,6015,1.0,1
6705,1530,1.0,1
6706,3029,1.0,1
6707,5400,1.0,1
6708,11530,1.0,1
6709,10078,1.0,1
6710,815,0.5,1
6710,10584,0.5,0
6711,10458,1.0,1
6712,10123,1.0,1
6713,8228,1.0,1
6714,3121,1.0,1
6715,11931,1.0,1
6716,7111,1.0,1
6717,10596,1.0,1
6718,9548,1.0,1
6719,4107,1.0,1
6720,11262,1.0,1
6721,4734,1.0,1
6722,8354,1.0,1
6723,11355,1.0,1
6724,5864,1.0,1
6725,7351,1.0,1
6726,4634,1.0,1
6727,5148,1.0,1
6728,10332,1.0,1
6729,3225,1.0,1
6730,5612,1.0,1
6731,3043,1.0,1
6732,374,1.0,1
6733,9099,1.0,1
6734,9589,1.0,1
6735,6198,1.0,1
6736,3120,1.0,1
6737,9714,1.0,1
6738,10263,1.0,1
6739,1890,1.0,1
6740,10538,1.0,1
6741,1098,1.0,1
6742,2523,1.0,1
6743,3264,1.0,1
6744,9213,1.0,1
6745,4264,0.5,1
6745,4122,0.5,0
6746,11945,1.0,1
6747,4566,1.0,1
6748,11935,1.0,1
6749,4399,1.0,1
6750,2627,0.5,1
6750,3500,0.5,0
6751,7697,1.0,1
6752,7392,1.0,1
6753,10078,1.0,1
6754,10428,1.0,1
6755,1996,1.0,1
6756,1371,1.0,1
6757,7572,1.0,1
6758,9865,1.0,1
6759,5470,1.0,1
6760,10624,1.0,1
6761,3581,1.0,1
6762,712,1.0,1
6763,583,1.0,1
6764,2388,1.0,1
6765,3423,1.0,1
6766,2780,0.5,1
6766,3936,0.5,0
6767,10720,1.0,1
6768,11753,1.0,1
6769,7906,1.0,1
6770,2627,1.0,1
6771,7589,1.0,1
6772,6450,1.0,1
6773,2180,1.0,1
6774,8141,1.0,1
6775,440,1.0,1
6776,10748,1.0,1
6777,8689,1.0,1
6778,5102,1.0,1
6779,6540,1.0,1
6780,8235,1.0,1
6781,8696,1.0,1
6782,3722,1.0,1
6783,12026,1.0,1
6784,2612,1.0,1
6785,5445,1.0,1
6786,6239,1.0,1
6787,5955,0.5,1
6787,3446,0.5,0
6788,6199,1.0,1
6789,11763,1.0,1
6790,8152,1.0,1
6791,8398,1.0,1
6792,10571,1.0,1
6793,821,1.0,1
6794,11079,1.0,1
6795,4523,1.0,1
6796,9544,1.0,1
6797,4749,1.0,1
6798,10032,1.0,1
6799,9027,1.0,1
6800,3761,1.0,1
6801,5219,1.0,1
6802,7283,1.0,1
6803,2003,1.0,1
6804,4976,1.0,1
6805,10554,1.0,1
6806,4299,1.0,1
6807,11964,1.0,1
6808,2793,1.0,1
6809,3778,1.0,1
6810,5016,1.0,1
6811,11870,1.0,1
6812,776,1.0,1
6813,5281,0.5,1
6813,5282,0.5,0
6814,8336,1.0,1
6815,1390,1.0,1
6816,11535,1.0,1
6817,3918,1.0,1
6818,6776,1.0,1
6819,9324,1.0,1
6820,10593,1.0,1
6821,1598,1.0,1
6822,3837,1.0,1
6823,9505,1.0,1
6824,9028,1.0,1
6825,8147,1.0,1
6826,9627,1.0,1
6827,5818,1.0,1
6828,645,1.0,1
6829,1532,1.0,1
6830,5812,1.0,1
6831,10124,1.0,1
6832,6584,1.0,1
6833,5056,1.0,1
6834,3832,1.0,1
6835,11843,1.0,1
6836,6220,0.5,1
6836,8596,0.5,0
6837,5524,1.0,1
6838,1643,0.5,1
6838,5411,0.5,0
6839,10140,1.0,1
6840,11431,1.0,1
6841,5970,0.5,1
6841,6010,0.5,0
6842,6387,1.0,1
6843,10931,1.0,1
6844,9225,1.0,1
6845,9222,1.0,1
6846,3368,1.0,1
6847,3088,1.0,1
6848,7126,1.0,1
6849,171,1.0,1
6850,2544,1.0,1
6851,6640,1.0,1
6852,6334,1.0,1
6853,10762,1.0,1
6854,1293,1.0,1
6855,654,1.0,1
6856,95,1.0,1
6857,9644,0.5,1
6857,610,0.5,0
6858,6872,1.0,1
6859,3619,1.0,1
6860,3500,1.0,1
6861,9922,1.0,1
6862,5131,1.0,1
6863,11711,1.0,1
6864,4084,1.0,1
6865,5470,1.0,1
6866,5719,1.0,1
6867,10074,1.0,1
6868,6272,1.0,1
6869,2716,1.0,1
6870,3416,1.0,1
6871,8732,1.0,1
6872,11521,1.0,1
6873,4756,1.0,1
6874,5208,1.0,1
6875,2279,1.0,1
6876,1498,1.0,1
6877,6411,1.0,1
6878,11660,1.0,1
6879,6278,1.0,1
6880,6221,1.0,1
6881,9313,1.0,1
6882,7459,1.0,1
6883,6129,0.5,1
6883,10623,0.5,0
6884,1614,1.0,1
6885,1869,1.0,1
6886,4522,1.0,1
6887,5644,1.0,1
6888,5783,1.0,1
6889,5134,1.0,1
6890,9052,1.0,1
6891,3293,1.0,1
6892,11265,1.0,1
6893,6366,1.0,1
6894,3093,1.0,1
6895,6667,1.0,1
6896,4120,1.0,1
6897,11030,1.0,1
6898,9964,1.0,1
6899,9235,1.0,1
6900,4682,1.0,1
6901,11397,1.0,1
6902,8702,1.0,1
6903,9371,1.0,1
6904,7027,1.0,1
6905,9561,1.0,1
6906,4673,1.0,1
6907,4618,1.0,1
6908,10747,1.0,1
6909,10160,1.0,1
6910,4100,1.0,1
6911,5497,1.0,1
6912,6993,1.0,1
6913,9060,1.0,1
6914,5923,1.0,1
6915,7468,1.0,1
6916,1785,1.0,1
6917,7731,1.0,1
6918,1825,0.5,1
6918,8653,0.5,0
6919,5400,1.0,1
6920,9066,1.0,1
6921,11854,1.0,1
6922,1395,1.0,1
6923,383,1.0,1
6924,5476,1.0,1
6925,10596,1.0,1
6926,2880,1.0,1
6927,2627,1.0,1
6928,453,1.0,1
6929,9810,0.25,1
6929,10461,0.25,0
6929,6594,0.25,0
6929,1287,0.25,0
6930,10975,1.0,1
6931,12072,1.0,1
6932,6444,1.0,1
6933,11069,1.0,1
6934,738,1.0,1
6935,8355,1.0,1
6936,780,1.0,1
6937,1801,1.0,1
6938,11249,1.0,1
6939,9046,1.0,1
6940,9797,1.0,1
6941,3711,1.0,1
6942,7142,1.0,1
6943,10448,1.0,1
6944,9028,1.0,1
6945,8404,1.0,1
6946,4602,1.0,1
6947,175,1.0,1
6948,5270,1.0,1
6949,7119,1.0,1
6950,4413,1.0,1
6951,8679,1.0,1
6952,7704,1.0,1
6953,1679,1.0,1
6954,4269,1.0,1
6955,11462,1.0,1
6956,7180,1.0,1
6957,4264,0.5,1
6957,4122,0.5,0
6958,3029,1.0,1
6959,11929,1.0,1
6960,3029,1.0,1
6961,7794,1.0,1
6962,11530,1.0,1
6963,6118,1.0,1
6964,2127,1.0,1
6965,6551,1.0,1
6966,1865,1.0,1
6967,9415,0.5,1
6967,1093,0.5,0
6968,1562,1.0,1
6969,1986,1.0,1
6970,54,1.0,1
6971,2490,1.0,1
6972,3439,0.5,1
6972,2925,0.5,0
6973,3200,1.0,1
6974,6395,1.0,1
6975,11937,1.0,1
6976,6187,1.0,1
6977,11987,1.0,1
6978,5039,1.0,1
6979,3068,1.0,1
6980,7,1.0,1
6981,6590,0.5,1
6981,9729,0.5,0
6982,11892,1.0,1
6983,3840,1.0,1
6984,10573,1.0,1
6985,9854,1.0,1
6986,10705,1.0,1
6987,3722,1.0,1
6988,1463,1.0,1
6989,8348,1.0,1
6990,4702,1.0,1
6991,6820,1.0,1
6992,5398,1.0,1
6993,4816,1.0,1
6994,1862,1.0,1
6995,11993,1.0,1
6996,10844,1.0,1
6997,3705,1.0,1
6998,2627,1.0,1
6999,2117,1.0,1
7000,9562,1.0,1
7001,9591,1.0,1
7002,10413,1.0,1
7003,899,1.0,1
7004,5249,1.0,1
7005,5646,1.0,1
7006,4934,1.0,1
7007,12054,0.5,1
7007,12053,0.5,0
7008,2586,1.0,1
7009,51,1.0,1
7010,1108,1.0,1
7011,3259,0.5,1
7011,10411,0.5,0
7012,5378,1.0,1
7013,3721,1.0,1
7014,5284,1.0,1
7015,365,0.5,1
7015,6860,0.5,0
7016,4473,1.0,1
7017,6820,1.0,1
7018,7404,1.0,1
7019,7067,1.0,1
7020,3011,1.0,1
7021,10100,1.0,1
7022,9334,1.0,1
7023,1367,1.0,1
7024,2062,1.0,1
7025,899,1.0,1
7026,11530,1.0,1
7027,3004,0.5,1
7027,1919,0.5,0
7028,5453,1.0,1
7029,5106,1.0,1
7030,2451,1.0,1
7031,2993,1.0,1
7032,3881,1.0,1
7033,10423,1.0,1
7034,2593,1.0,1
7035,2292,1.0,1
7036,8989,1.0,1
7037,1891,1.0,1
7038,8684,1.0,1
7039,2627,1.0,1
7040,11555,1.0,1
7041,6179,1.0,1
7042,5056,1.0,1
7043,514,1.0,1
7044,1974,1.0,1
7045,9549,1.0,1
7046,777,1.0,1
7047,3029,1.0,1
7048,11894,1.0,1
7049,956,0.5,1
7049,9147,0.5,0
7050,2927,1.0,1
7051,4417,1.0,1
7052,11276,1.0,1
7053,3449,1.0,1
7054,5296,1.0,1
7055,7210,0.5,1
7055,642,0.5,0
7056,3778,1.0,1
7057,1074,1.0,1
7058,7351,1.0,1
7059,3430,1.0,1
7060,1917,1.0,1
7061,5900,1.0,1
7062,6479,1.0,1
7063,1262,0.5,1
7063,10034,0.5,0
7064,8568,1.0,1
7065,2056,1.0,1
7066,4894,1.0,1
7067,11219,1.0,1
7068,9424,1.0,1
7069,1992,1.0,1
7070,10544,1.0,1
7071,3740,1.0,1
7072,7354,1.0,1
7073,7343,0.5,1
7073,7342,0.5,0
7074,4542,1.0,1
7075,3541,1.0,1
7076,5446,1.0,1
7077,4009,1.0,1
7078,8435,1.0,1
7079,8073,1.0,1
7080,2054,1.0,1
7081,9576,1.0,1
7082,3572,1.0,1
7083,8733,1.0,1
7084,8271,1.0,1
7085,10929,1.0,1
7086,3094,1.0,1
7087,6178,1.0,1
7088,11541,1.0,1
7089,11627,1.0,1
7090,11006,1.0,1
7091,2474,0.5,1
7091,6336,0.5,0
7092,8052,1.0,1
7093,95,1.0,1
7094,7954,1.0,1
7095,6056,1.0,1
7096,1025,1.0,1
7097,7082,1.0,1
7098,735,1.0,1
7099,7413,1.0,1
7100,6397,1.0,1
7101,12075,1.0,1
7102,8330,1.0,1
7103,7081,1.0,1
7104,3201,1.0,1
7105,5891,0.05,1
7105,7715,0.05,0
7105,4988,0.05,0
7105,6282,0.05,0
7105,6513,0.05,0
7105,2804,0.05,0
7105,5006,0.05,0
7105,8644,0.05,0
7105,5154,0.05,0
7105,1692,0.05,0
7105,879,0.05,0
7105,612,0.05,0
7105,2711,0.05,0
7105,4981,0.05,0
7105,9521,0.05,0
7105,449,0.05,0
7105,464,0.05,0
7105,1132,0.05,0
7105,1424,0.05,0
7105,8061,0.05,0
7106,11258,1.0,1
7107,11373,1.0,1
7108,9228,1.0,1
7109,9037,1.0,1
7110,7447,1.0,1
7111,3002,1.0,1
7112,899,1.0,1
7113,5797,1.0,1
7114,7371,1.0,1
7115,2547,1.0,1
7116,7438,1.0,1
7117,4365,1.0,1
7118,3260,1.0,1
7119,4478,1.0,1
7120,5099,1.0,1
7121,2610,1.0,1
7122,11726,1.0,1
7123,7112,1.0,1
7124,9028,1.0,1
7125,941,1.0,1
7126,8014,1.0,1
7127,11624,1.0,1
7128,10696,1.0,1
7129,1811,1.0,1
7130,11788,1.0,1
7131,353,0.5,1
7131,6382,0.5,0
7132,5354,1.0,1
7133,7028,1.0,1
7134,10434,1.0,1
7135,2855,1.0,1
7136,1745,1.0,1
7137,5000,0.5,1
7137,11592,0.5,0
7138,8897,1.0,1
7139,6457,1.0,1
7140,4982,1.0,1
7141,10442,1.0,1
7142,2605,1.0,1
7143,1582,1.0,1
7144,1419,1.0,1
7145,6672,1.0,1
7146,11431,1.0,1
7147,8483,1.0,1
7148,5384,1.0,1
7149,8808,1.0,1
7150,3559,1.0,1
7151,1170,1.0,1
7152,9371,1.0,1
7153,8183,1.0,1
7154,11043,1.0,1
7155,9064,0.5,1
7155,3188,0.5,0
7156,12022,1.0,1
7157,4128,1.0,1
7158,4556,1.0,1
7159,11117,1.0,1
7160,4186,1.0,1
7161,5882,0.333333,1
7161,1422,0.333333,0
7161,6662,0.333333,0
7162,2594,1.0,1
7163,7424,1.0,1
7164,1877,1.0,1
7165,5364,1.0,1
7166,6827,1.0,1
7167,5366,1.0,1
7168,573,0.5,1
7168,3777,0.5,0
7169,8240,1.0,1
7170,9001,1.0,1
7171,996,1.0,1
7172,7884,1.0,1
7173,4540,1.0,1
7174,5142,1.0,1
7175,6071,1.0,1
7176,8565,1.0,1
7177,6706,1.0,1
7178,3778,1.0,1
7179,1741,1.0,1
7180,7132,1.0,1
7181,1782,1.0,1
7182,9353,1.0,1
7183,10056,1.0,1
7184,8816,1.0,1
7185,2349,1.0,1
7186,7059,1.0,1
7187,2959,1.0,1
7188,3825,1.0,1
7189,3893,1.0,1
7190,4390,1.0,1
7191,5998,1.0,1
7192,5812,1.0,1
7193,10410,1.0,1
7194,3025,1.0,1
7195,7706,1.0,1
7196,1024,1.0,1
7197,9047,1.0,1
7198,8562,1.0,1
7199,7560,1.0,1
7200,2949,1.0,1
7201,11267,1.0,1
7202,10876,1.0,1
7203,8458,1.0,1
7204,596,1.0,1
7205,5350,1.0,1
7206,4073,1.0,1
7207,3530,1.0,1
7208,11381,1.0,1
7209,1653,1.0,1
7210,4556,1.0,1
7211,6515,1.0,1
7212,12035,1.0,1
7213,3097,1.0,1
7214,10596,1.0,1
7215,7571,1.0,1
7216,9957,1.0,1
7217,1395,1.0,1
7218,11872,1.0,1
7219,6118,1.0,1
7220,6515,1.0,1
7221,5780,1.0,1
7222,4808,1.0,1
7223,10975,1.0,1
7224,660,1.0,1
7225,5816,1.0,1
7226,140,1.0,1
7227,10596,1.0,1
7228,3043,1.0,1
7229,9810,0.25,1
7229,10461,0.25,0
7229,1287,0.25,0
7229,8390,0.25,0
7230,5400,1.0,1
7231,5075,1.0,1
7232,1811,1.0,1
7233,1346,1.0,1
7234,11448,1.0,1
7235,11080,1.0,1
7236,3500,0.5,1
7236,2627,0.5,0
7237,10727,1.0,1
7238,4927,1.0,1
7239,6316,1.0,1
7240,7286,1.0,1
7241,5169,1.0,1
7242,3344,1.0,1
7243,3946,1.0,1
7244,8800,1.0,1
7245,4290,1.0,1
7246,10514,1.0,1
7247,2193,1.0,1
7248,6040,1.0,1
7249,6155,1.0,1
7250,4850,1.0,1
7251,11299,1.0,1
7252,7567,1.0,1
7253,3500,0.5,1
7253,2627,0.5,0
7254,1983,1.0,1
7255,7566,1.0,1
7256,5046,1.0,1
7257,3801,1.0,1
7258,2336,1.0,1
7259,1242,1.0,1
7260,7305,1.0,1
7261,5151,1.0,1
7262,244,1.0,1
7263,11911,1.0,1
7264,4790,1.0,1
7265,10672,1.0,1
7266,4556,1.0,1
7267,954,1.0,1
7268,8368,1.0,1
7269,10819,1.0,1
7270,1811,1.0,1
7271,6579,1.0,1
7272,4412,1.0,1
7273,4447,1.0,1
7274,11511,1.0,1
7275,663,1.0,1
7276,2,1.0,1
7277,8893,1.0,1
7278,899,1.0,1
7279,6852,1.0,1
7280,8494,1.0,1
7281,11334,1.0,1
7282,11621,1.0,1
7283,1405,1.0,1
7284,10058,1.0,1
7285,11312,0.5,1
7285,11587,0.5,0
7286,5567,1.0,1
7287,1897,1.0,1
7288,10112,1.0,1
7289,4846,1.0,1
7290,11275,1.0,1
7291,11883,1.0,1
7292,2640,1.0,1
7293,8258,1.0,1
7294,1121,1.0,1
7295,11418,1.0,1
7296,7053,1.0,1
7297,3043,1.0,1
7298,403,1.0,1
7299,6916,1.0,1
7300,4685,1.0,1
7301,3614,1.0,1
7302,5778,1.0,1
7303,8649,1.0,1
7304,7682,1.0,1
7305,2993,1.0,1
7306,9339,0.5,1
7306,12138,0.5,0
7307,545,1.0,1
7308,6749,1.0,1
7309,9808,1.0,1
7310,382,1.0,1
7311,2872,1.0,1
7312,3960,1.0,1
7313,11038,1.0,1
7314,6261,1.0,1
7315,4506,1.0,1
7316,3470,0.5,1
7316,3791,0.5,0
7317,899,1.0,1
7318,4264,1.0,1
7319,57,1.0,1
7320,5471,1.0,1
7321,473,1.0,1
7322,547,1.0,1
7323,8885,1.0,1
7324,7463,1.0,1
7325,10498,1.0,1
7326,9763,1.0,1
7327,6017,1.0,1
7328,520,1.0,1
7329,11566,1.0,1
7330,9576,1.0,1
7331,5382,1.0,1
7332,4059,1.0,1
7333,5689,1.0,1
7334,3043,1.0,1
7335,10235,1.0,1
7336,6392,1.0,1
7337,11178,1.0,1
7338,4513,1.0,1
7339,3029,1.0,1
7340,130,1.0,1
7341,6798,1.0,1
7342,7468,1.0,1
7343,11826,1.0,1
7344,10383,0.5,1
7344,10816,0.5,0
7345,9490,1.0,1
7346,7679,1.0,1
7347,5860,1.0,1
7348,2022,1.0,1
7349,8703,1.0,1
7350,3004,1.0,1
7351,6521,1.0,1
7352,5194,1.0,1
7353,1908,1.0,1
7354,444,1.0,1
7355,8018,1.0,1
7356,1686,1.0,1
7357,1036,1.0,1
7358,65,1.0,1
7359,1484,1.0,1
7360,6303,1.0,1
7361,5689,1.0,1
7362,8583,1.0,1
7363,1402,1.0,1
7364,3893,1.0,1
7365,8794,1.0,1
7366,4613,1.0,1
7367,3247,1.0,1
7368,5814,1.0,1
7369,5810,1.0,1
7370,7495,1.0,1
7371,5573,1.0,1
7372,5601,1.0,1
7373,9580,1.0,1
7374,1577,1.0,1
7375,1963,1.0,1
7376,4512,1.0,1
7377,11869,1.0,1
7378,1478,1.0,1
7379,1848,1.0,1
7380,5879,1.0,1
7381,11688,1.0,1
7382,10354,1.0,1
7383,5286,1.0,1
7384,3595,1.0,1
7385,8863,1.0,1
7386,238,0.5,1
7386,6448,0.5,0
7387,5186,1.0,1
7388,1215,1.0,1
7389,4436,1.0,1
7390,6467,1.0,1
7391,12034,1.0,1
7392,7337,1.0,1
7393,7741,1.0,1
7394,10918,1.0,1
7395,8137,1.0,1
7396,9856,1.0,1
7397,11217,1.0,1
7398,11467,1.0,1
7399,11077,0.5,1
7399,8563,0.5,0
7400,7997,1.0,1
7401,2822,1.0,1
7402,4345,1.0,1
7403,6978,1.0,1
7404,566,1.0,1
7405,11934,1.0,1
7406,5843,1.0,1
7407,10862,0.5,1
7407,9045,0.5,0
7408,7257,1.0,1
7409,10183,1.0,1
7410,11221,1.0,1
7411,8322,1.0,1
7412,5497,1.0,1
7413,1732,1.0,1
7414,5441,1.0,1
7415,3203,0.5,1
7415,1988,0.5,0
7416,188,1.0,1
7417,7829,1.0,1
7418,12108,1.0,1
7419,1533,1.0,1
7420,11823,1.0,1
7421,12067,1.0,1
7422,10080,1.0,1
7423,2622,1.0,1
7424,5209,1.0,1
7425,11225,1.0,1
7426,5689,1.0,1
7427,6798,1.0,1
7428,7276,1.0,1
7429,7519,1.0,1
7430,3919,1.0,1
7431,2764,1.0,1
7432,10098,1.0,1
7433,9222,1.0,1
7434,9305,1.0,1
7435,8543,1.0,1
7436,6797,1.0,1
7437,7957,1.0,1
7438,6062,1.0,1
7439,11095,1.0,1
7440,2993,1.0,1
7441,6018,0.5,1
7441,3496,0.5,0
7442,9892,1.0,1
7443,8442,1.0,1
7444,9336,1.0,1
7445,7694,1.0,1
7446,6757,1.0,1
7447,7447,1.0,1
7448,7194,0.5,1
7448,6318,0.5,0
7449,10621,1.0,1
7450,2306,1.0,1
7451,9820,1.0,1
7452,851,1.0,1
7453,2540,1.0,1
7454,1289,1.0,1
7455,9557,1.0,1
7456,2662,1.0,1
7457,5400,1.0,1
7458,7468,1.0,1
7459,4262,1.0,1
7460,2424,1.0,1
7461,5337,1.0,1
7462,4415,1.0,1
7463,9184,1.0,1
7464,249,1.0,1
7465,8153,1.0,1
7466,6855,1.0,1
7467,7067,1.0,1
7468,10315,1.0,1
7469,8429,0.5,1
7469,3697,0.5,0
7470,10250,0.333333,1
7470,5738,0.333333,0
7470,6096,0.333333,0
7471,10312,1.0,1
7472,10867,1.0,1
7473,11470,1.0,1
7474,1646,1.0,1
7475,2547,1.0,1
7476,8699,1.0,1
7477,895,1.0,1
7478,6233,1.0,1
7479,854,1.0,1
7480,8231,1.0,1
7481,4414,1.0,1
7482,631,1.0,1
7483,10648,1.0,1
7484,10672,1.0,1
7485,11890,1.0,1
7486,7810,1.0,1
7487,10144,1.0,1
7488,5400,1.0,1
7489,9810,0.5,1
7489,10461,0.5,0
7490,2054,1.0,1
7491,8618,1.0,1
7492,5660,1.0,1
7493,3391,1.0,1
7494,9243,1.0,1
7495,6950,1.0,1
7496,2023,1.0,1
7497,11912,0.5,1
7497,12011,0.5,0
7498,2930,1.0,1
7499,8786,1.0,1
7500,3130,1.0,1
7501,9810,0.5,1
7501,10461,0.5,0
7502,8396,0.333333,1
7502,2760,0.333333,0
7502,10749,0.333333,0
7503,3518,1.0,1
7504,10889,1.0,1
7505,8989,1.0,1
7506,660,1.0,1
7507,10224,1.0,1
7508,4997,1.0,1
7509,9301,1.0,1
7510,3649,1.0,1
7511,12010,0.5,1
7511,11880,0.5,0
7512,9968,1.0,1
7513,7088,1.0,1
7514,421,1.0,1
7515,2009,1.0,1
7516,8741,1.0,1
7517,1937,1.0,1
7518,7438,1.0,1
7519,2627,1.0,1
7520,6118,1.0,1
7521,3964,1.0,1
7522,1178,1.0,1
7523,735,1.0,1
7524,3260,1.0,1
7525,8480,1.0,1
7526,47,1.0,1
7527,2180,1.0,1
7528,2529,1.0,1
7529,9041,1.0,1
7530,9704,1.0,1
7531,198,1.0,1
7532,11173,1.0,1
7533,1800,1.0,1
7534,5060,1.0,1
7535,1811,1.0,1
7536,7267,1.0,1
7537,8982,1.0,1
7538,9329,1.0,1
7539,3431,1.0,1
7540,6799,1.0,1
7541,11287,1.0,1
7542,10672,1.0,1
7543,3293,1.0,1
7544,8570,1.0,1
7545,10468,1.0,1
7546,9052,1.0,1
7547,2293,1.0,1
7548,2151,1.0,1
7549,1492,1.0,1
7550,9629,1.0,1
7551,4436,1.0,1
7552,8389,1.0,1
7553,443,1.0,1
7554,7932,0.5,1
7554,10607,0.5,0
7555,198,1.0,1
7556,10483,1.0,1
7557,3472,1.0,1
7558,9258,1.0,1
7559,10859,1.0,1
7560,5003,1.0,1
7561,5015,1.0,1
7562,4662,1.0,1
7563,1445,1.0,1
7564,10019,1.0,1
7565,914,1.0,1
7566,717,1.0,1
7567,6965,1.0,1
7568,7507,1.0,1
7569,4313,1.0,1
7570,4775,1.0,1
7571,1137,0.5,1
7571,7945,0.5,0
7572,10372,1.0,1
7573,2311,1.0,1
7574,158,0.5,1
7574,11704,0.5,0
7575,5950,1.0,1
7576,3521,1.0,1
7577,3043,1.0,1
7578,10329,1.0,1
7579,7778,1.0,1
7580,9679,1.0,1
7581,7109,1.0,1
7582,1963,1.0,1
7583,3029,1.0,1
7584,5578,1.0,1
7585,6130,1.0,1
7586,8115,0.5,1
7586,8303,0.5,0
7587,11833,1.0,1
7588,4706,1.0,1
7589,4445,1.0,1
7590,3550,1.0,1
7591,6631,1.0,1
7592,9030,1.0,1
7593,9855,1.0,1
7594,8822,0.5,1
7594,10247,0.5,0
7595,3103,1.0,1
7596,7417,1.0,1
7597,3043,1.0,1
7598,4350,1.0,1
7599,7863,1.0,1
7600,5279,1.0,1
7601,347,1.0,1
7602,6432,1.0,1
7603,3576,1.0,1
7604,8608,1.0,1
7605,9383,1.0,1
7606,10650,1.0,1
7607,513,1.0,1
7608,6931,1.0,1
7609,11176,1.0,1
7610,1878,0.5,1
7610,4485,0.5,0
7611,8597,0.5,1
7611,4974,0.5,0
7612,9525,0.5,1
7612,4433,0.5,0
7613,7678,1.0,1
7614,1793,1.0,1
7615,3995,0.333333,1
7615,11781,0.333333,0
7615,5064,0.333333,0
7616,5470,1.0,1
7617,7484,1.0,1
7618,121,1.0,1
7619,8673,1.0,1
7620,3176,1.0,1
7621,3743,1.0,1
7622,4112,1.0,1
7623,12086,1.0,1
7624,220,1.0,1
7625,4758,0.5,1
7625,2596,0.5,0
7626,3208,1.0,1
7627,9778,1.0,1
7628,8443,1.0,1
7629,10693,1.0,1
7630,1335,1.0,1
7631,7859,1.0,1
7632,5309,1.0,1
7633,4361,1.0,1
7634,5611,1.0,1
7635,4762,1.0,1
7636,5117,1.0,1
7637,6423,1.0,1
7638,5517,0.5,1
7638,3054,0.5,0
7639,9116,1.0,1
7640,562,1.0,1
7641,3230,1.0,1
7642,1172,1.0,1
7643,9028,0.5,1
7643,10053,0.5,0
7644,9060,1.0,1
7645,5669,1.0,1
7646,11669,1.0,1
7647,2385,0.5,1
7647,6031,0.5,0
7648,7450,1.0,1
7649,6273,1.0,1
7650,11791,1.0,1
7651,6921,1.0,1
7652,1736,1.0,1
7653,1019,1.0,1
7654,2357,1.0,1
7655,7131,1.0,1
7656,4575,1.0,1
7657,7734,1.0,1
7658,9778,1.0,1
7659,248,1.0,1
7660,9023,0.5,1
7660,6731,0.5,0
7661,9375,1.0,1
7662,8278,1.0,1
7663,10672,1.0,1
7664,10080,1.0,1
7665,7576,1.0,1
7666,9415,0.333333,1
7666,4645,0.333333,0
7666,6803,0.333333,0
7667,820,1.0,1
7668,3029,1.0,1
7669,4960,1.0,1
7670,1333,1.0,1
7671,2627,1.0,1
7672,3175,1.0,1
7673,5599,1.0,1
7674,8570,1.0,1
7675,6462,1.0,1
7676,6118,1.0,1
7677,7612,1.0,1
7678,9098,1.0,1
7679,8426,1.0,1
7680,11029,1.0,1
7681,3795,1.0,1
7682,2563,1.0,1
7683,6349,1.0,1
7684,5993,0.333333,1
7684,4875,0.333333,0
7684,745,0.333333,0
7685,8183,1.0,1
7686,11336,1.0,1
7687,9810,0.333333,1
7687,10461,0.333333,0
7687,1287,0.333333,0
7688,7874,1.0,1
7689,7896,1.0,1
7690,1390,1.0,1
7691,6225,1.0,1
7692,9633,1.0,1
7693,11589,1.0,1
7694,4321,1.0,1
7695,4968,1.0,1
7696,5854,1.0,1
7697,8051,1.0,1
7698,8060,1.0,1
7699,3029,1.0,1
7700,3714,1.0,1
7701,11879,1.0,1
7702,1570,1.0,1
7703,8891,1.0,1
7704,5470,1.0,1
7705,4417,1.0,1
7706,2710,0.5,1
7706,860,0.5,0
7707,10805,1.0,1
7708,10568,1.0,1
7709,6182,1.0,1
7710,10884,1.0,1
7711,4841,1.0,1
7712,8173,1.0,1
7713,541,1.0,1
7714,10602,1.0,1
7715,8851,1.0,1
7716,3040,1.0,1
7717,12009,1.0,1
7718,4680,1.0,1
7719,9325,1.0,1
7720,7351,1.0,1
7721,4286,1.0,1
7722,7604,1.0,1
7723,11309,1.0,1
7724,7258,1.0,1
7725,10927,1.0,1
7726,9707,1.0,1
7727,1998,1.0,1
7728,1570,1.0,1
7729,9544,1.0,1
7730,133,0.5,1
7730,7969,0.5,0
7731,7508,1.0,1
7732,10581,0.5,1
7732,6960,0.5,0
7733,7689,1.0,1
7734,8447,0.5,1
7734,557,0.5,0
7735,10745,1.0,1
7736,4142,1.0,1
7737,6416,1.0,1
7738,8900,1.0,1
7739,1397,1.0,1
7740,3447,1.0,1
7741,2627,0.5,1
7741,10236,0.5,0
7742,3103,1.0,1
7743,10927,1.0,1
7744,198,1.0,1
7745,11506,1.0,1
7746,7164,1.0,1
7747,2332,0.5,1
7747,5007,0.5,0
7748,10672,1.0,1
7749,4417,1.0,1
7750,2532,1.0,1
7751,11876,1.0,1
7752,4445,1.0,1
7753,3778,1.0,1
7754,5454,1.0,1
7755,7513,1.0,1
7756,8274,1.0,1
7757,11002,1.0,1
7758,11955,1.0,1
7759,6308,1.0,1
7760,573,1.0,1
7761,6303,1.0,1
7762,3900,1.0,1
7763,9398,1.0,1
7764,7378,1.0,1
7765,4929,1.0,1
7766,9028,1.0,1
7767,3383,1.0,1
7768,6731,0.5,1
7768,9023,0.5,0
7769,1433,1.0,1
7770,3049,1.0,1
7771,2013,1.0,1
7772,8214,1.0,1
7773,2997,1.0,1
7774,10008,1.0,1
7775,4879,1.0,1
7776,7468,1.0,1
7777,2537,1.0,1
7778,8559,1.0,1
7779,725,1.0,1
7780,10876,1.0,1
7781,1179,1.0,1
7782,12005,1.0,1
7783,1334,1.0,1
7784,3987,1.0,1
7785,4293,1.0,1
7786,2873,1.0,1
7787,6138,1.0,1
7788,5083,1.0,1
7789,5657,1.0,1
7790,1596,1.0,1
7791,9978,1.0,1
7792,11692,1.0,1
7793,5874,1.0,1
7794,5400,1.0,1
7795,3778,1.0,1
7796,11084,1.0,1
7797,5604,1.0,1
7798,8449,1.0,1
7799,9941,1.0,1
7800,3971,1.0,1
7801,10274,1.0,1
7802,4818,1.0,1
7803,8547,1.0,1
7804,6278,1.0,1
7805,2533,1.0,1
7806,6634,1.0,1
7807,5385,1.0,1
7808,12032,1.0,1
7809,10937,1.0,1
7810,7662,1.0,1
7811,3250,1.0,1
7812,8653,1.0,1
7813,477,1.0,1
7814,6315,1.0,1
7815,3267,0.5,1
7815,5179,0.5,0
7816,336,1.0,1
7817,12091,1.0,1
7818,1299,1.0,1
7819,4036,1.0,1
7820,535,1.0,1
7821,1401,1.0,1
7822,11746,0.166667,1
7822,11742,0.166667,0
7822,11749,0.166667,0
7822,11747,0.166667,0
7822,11748,0.166667,0
7822,2572,0.166667,0
7823,10583,1.0,1
7824,5219,1.0,1
7825,11123,1.0,1
7826,2751,1.0,1
7827,10416,0.5,1
7827,2356,0.5,0
7828,10975,1.0,1
7829,3947,1.0,1
7830,1141,1.0,1
7831,3485,1.0,1
7832,3542,1.0,1
7833,11905,1.0,1
7834,3065,1.0,1
7835,3670,0.333333,1
7835,2885,0.333333,0
7835,5745,0.333333,0
7836,2833,1.0,1
7837,1997,1.0,1
7838,9908,1.0,1
7839,9056,1.0,1
7840,4382,1.0,1
7841,5400,1.0,1
7842,10054,1.0,1
7843,926,1.0,1
7844,12023,1.0,1
7845,4401,1.0,1
7846,10347,1.0,1
7847,5786,1.0,1
7848,1811,1.0,1
7849,12111,1.0,1
7850,6463,0.5,1
7850,2939,0.5,0
7851,11640,1.0,1
7852,11416,1.0,1
7853,10822,1.0,1
7854,7206,1.0,1
7855,10449,1.0,1
7856,8726,0.5,1
7856,8627,0.5,0
7857,5586,1.0,1
7858,8544,1.0,1
7859,6505,1.0,1
7860,6724,1.0,1
7861,5281,0.5,1
7861,5282,0.5,0
7862,2698,1.0,1
7863,2330,1.0,1
7864,9158,1.0,1
7865,2627,1.0,1
7866,2923,1.0,1
7867,4576,1.0,1
7868,1084,1.0,1
7869,10204,1.0,1
7870,10805,1.0,1
7871,12089,1.0,1
7872,3361,1.0,1
7873,5671,1.0,1
7874,7060,1.0,1
7875,5225,1.0,1
7876,1012,1.0,1
7877,11299,1.0,1
7878,8408,1.0,1
7879,9028,0.5,1
7879,10053,0.5,0
7880,11091,1.0,1
7881,10861,1.0,1
7882,12128,1.0,1
7883,1829,1.0,1
7884,2206,1.0,1
7885,1651,1.0,1
7886,3056,1.0,1
7887,3634,1.0,1
7888,11436,1.0,1
7889,3500,1.0,1
7890,3205,1.0,1
7891,10391,1.0,1
7892,10822,1.0,1
7893,9532,0.5,1
7893,1701,0.5,0
7894,8416,1.0,1
7895,1397,1.0,1
7896,9391,1.0,1
7897,4465,1.0,1
7898,2905,1.0,1
7899,899,1.0,1
7900,7803,1.0,1
7901,1337,1.0,1
7902,944,1.0,1
7903,11961,1.0,1
7904,10776,1.0,1
7905,4607,1.0,1
7906,8452,1.0,1
7907,9233,0.5,1
7907,10471,0.5,0
7908,9611,1.0,1
7909,10975,1.0,1
7910,7289,0.5,1
7910,10754,0.5,0
7911,7637,0.5,1
7911,3018,0.5,0
7912,9723,0.5,1
7912,9886,0.5,0
7913,1396,1.0,1
7914,163,1.0,1
7915,5519,1.0,1
7916,6490,1.0,1
7917,4783,1.0,1
7918,10890,1.0,1
7919,4476,1.0,1
7920,10822,1.0,1
7921,5500,1.0,1
7922,2974,1.0,1
7923,9647,1.0,1
7924,7468,1.0,1
7925,1415,1.0,1
7926,2054,1.0,1
7927,11829,1.0,1
7928,5288,1.0,1
7929,11213,1.0,1
7930,6369,1.0,1
7931,11302,1.0,1
7932,11576,1.0,1
7933,1041,1.0,1
7934,8995,1.0,1
7935,12051,1.0,1
7936,2112,1.0,1
7937,506,1.0,1
7938,4021,1.0,1
7939,3500,0.5,1
7939,2627,0.5,0
7940,3594,1.0,1
7941,8119,1.0,1
7942,3817,1.0,1
7943,5769,1.0,1
7944,11131,1.0,1
7945,5470,1.0,1
7946,6926,1.0,1
7947,3152,1.0,1
7948,8458,1.0,1
7949,1830,1.0,1
7950,1750,1.0,1
7951,1395,1.0,1
7952,2078,1.0,1
7953,2627,1.0,1
7954,4108,1.0,1
7955,11088,1.0,1
7956,3089,1.0,1
7957,904,0.5,1
7957,399,0.5,0
7958,9285,1.0,1
7959,6886,1.0,1
7960,1522,1.0,1
7961,5470,1.0,1
7962,7459,1.0,1
7963,11088,1.0,1
7964,3684,1.0,1
7965,10365,1.0,1
7966,4500,1.0,1
7967,6314,1.0,1
7968,8312,1.0,1
7969,4249,0.5,1
7969,4029,0.5,0
7970,197,1.0,1
7971,10611,1.0,1
7972,9028,1.0,1
7973,2695,1.0,1
7974,6103,1.0,1
7975,4767,1.0,1
7976,8814,1.0,1
7977,2627,1.0,1
7978,1570,1.0,1
7979,8053,1.0,1
7980,8679,1.0,1
7981,5379,1.0,1
7982,8257,0.333333,1
7982,11107,0.333333,0
7982,3660,0.333333,0
7983,9810,0.5,1
7983,10461,0.5,0
7984,2627,0.5,1
7984,3500,0.5,0
7985,4865,1.0,1
7986,7320,1.0,1
7987,5655,1.0,1
7988,3777,1.0,1
7989,4309,1.0,1
7990,2276,1.0,1
7991,9158,1.0,1
7992,9062,1.0,1
7993,9981,1.0,1
7994,339,0.5,1
7994,7719,0.5,0
7995,8708,1.0,1
7996,5244,1.0,1
7997,6912,1.0,1
7998,9815,1.0,1
7999,722,1.0,1
8000,1884,1.0,1
8001,7818,1.0,1
8002,2944,1.0,1
8003,8490,1.0,1
8004,11964,1.0,1
8005,12126,1.0,1
8006,1318,1.0,1
8007,6118,1.0,1
8008,3424,1.0,1
8009,10433,1.0,1
8010,8452,1.0,1
8011,966,1.0,1
8012,4949,1.0,1
8013,320,1.0,1
8014,518,1.0,1
8015,8193,1.0,1
8016,7053,1.0,1
8017,2903,0.333333,1
8017,8771,0.333333,0
8017,2948,0.333333,0
8018,9397,1.0,1
8019,10173,1.0,1
8020,10415,1.0,1
8021,4958,1.0,1
8022,3991,1.0,1
8023,6617,1.0,1
8024,11553,1.0,1
8025,4050,1.0,1
8026,11070,1.0,1
8027,1768,0.333333,1
8027,11271,0.333333,0
8027,8212,0.333333,0
8028,8458,1.0,1
8029,8954,1.0,1
8030,10448,0.5,1
8030,2053,0.5,0
8031,2616,1.0,1
8032,12102,1.0,1
8033,9827,1.0,1
8034,7468,1.0,1
8035,3499,0.5,1
8035,7738,0.5,0
8036,3672,1.0,1
8037,6118,1.0,1
8038,2480,1.0,1
8039,9331,1.0,1
8040,3864,1.0,1
8041,8374,1.0,1
8042,1904,1.0,1
8043,2833,1.0,1
8044,3805,1.0,1
8045,7074,1.0,1
8046,10998,1.0,1
8047,3961,1.0,1
8048,10356,1.0,1
8049,5871,1.0,1
8050,5295,1.0,1
8051,11913,1.0,1
8052,9248,1.0,1
8053,5415,1.0,1
8054,11162,1.0,1
8055,6206,1.0,1
8056,9130,1.0,1
8057,6097,1.0,1
8058,6452,1.0,1
8059,880,1.0,1
8060,11162,1.0,1
8061,11820,1.0,1
8062,4496,1.0,1
8063,2050,1.0,1
8064,5751,1.0,1
8065,7748,1.0,1
8066,10196,1.0,1
8067,2858,1.0,1
8068,9648,1.0,1
8069,6895,1.0,1
8070,716,1.0,1
8071,2008,1.0,1
8072,962,1.0,1
8073,3778,1.0,1
8074,12038,1.0,1
8075,1518,1.0,1
8076,7771,1.0,1
8077,9381,1.0,1
8078,1148,1.0,1
8079,3946,1.0,1
8080,28,1.0,1
8081,9899,1.0,1
8082,1873,1.0,1
8083,10743,1.0,1
8084,2246,1.0,1
8085,9735,1.0,1
8086,2728,0.5,1
8086,7048,0.5,0
8087,3917,1.0,1
8088,10732,1.0,1
8089,9028,1.0,1
8090,10472,1.0,1
8091,8746,1.0,1
8092,3182,1.0,1
8093,3582,1.0,1
8094,11969,1.0,1
8095,9740,1.0,1
8096,6030,1.0,1
8097,8645,1.0,1
8098,7818,1.0,1
8099,9567,1.0,1
8100,964,1.0,1
8101,3029,1.0,1
8102,11620,0.5,1
8102,12082,0.5,0
8103,7468,1.0,1
8104,4343,1.0,1
8105,10368,1.0,1
8106,3902,1.0,1
8107,2744,1.0,1
8108,800,1.0,1
8109,12048,1.0,1
8110,11898,1.0,1
8111,9864,1.0,1
8112,11539,1.0,1
8113,625,1.0,1
8114,11051,0.5,1
8114,9326,0.5,0
8115,5792,1.0,1
8116,10544,1.0,1
8117,990,1.0,1
8118,5616,1.0,1
8119,10450,1.0,1
8120,2870,1.0,1
8121,4608,1.0,1
8122,10133,1.0,1
8123,4026,1.0,1
8124,4237,1.0,1
8125,7355,1.0,1
8126,573,0.5,1
8126,3778,0.5,0
8127,4264,1.0,1
8128,8570,1.0,1
8129,9738,1.0,1
8130,10879,1.0,1
8131,3124,1.0,1
8132,3616,1.0,1
8133,3778,1.0,1
8134,7691,1.0,1
8135,9535,1.0,1
8136,7810,1.0,1
8137,2751,1.0,1
8138,9807,1.0,1
8139,11582,1.0,1
8140,1213,1.0,1
8141,9632,1.0,1
8142,2575,1.0,1
8143,5153,1.0,1
8144,4265,1.0,1
8145,10502,1.0,1
8146,7129,1.0,1
8147,7147,1.0,1
8148,4119,1.0,1
8149,3615,1.0,1
8150,11181,1.0,1
8151,11906,1.0,1
8152,8540,1.0,1
8153,5616,1.0,1
8154,1541,1.0,1
8155,8315,1.0,1
8156,8276,1.0,1
8157,285,1.0,1
8158,8313,1.0,1
8159,4176,1.0,1
8160,3260,1.0,1
8161,6597,1.0,1
8162,986,1.0,1
8163,4969,1.0,1
8164,6316,1.0,1
8165,11299,1.0,1
8166,11672,1.0,1
8167,9438,1.0,1
8168,6391,1.0,1
8169,7447,1.0,1
8170,684,1.0,1
8171,6994,1.0,1
8172,12096,1.0,1
8173,5811,1.0,1
8174,11197,0.5,1
8174,11388,0.5,0
8175,3450,1.0,1
8176,4026,1.0,1
8177,9810,0.333333,1
8177,10461,0.333333,0
8177,6594,0.333333,0
8178,7934,0.5,1
8178,156,0.5,0
8179,3847,1.0,1
8180,10710,1.0,1
8181,4013,1.0,1
8182,7153,1.0,1
8183,2974,1.0,1
8184,11571,1.0,1
8185,2627,1.0,1
8186,1409,1.0,1
8187,1731,0.5,1
8187,5894,0.5,0
8188,7076,1.0,1
8189,10685,1.0,1
8190,409,1.0,1
8191,1195,1.0,1
8192,1071,1.0,1
8193,6209,1.0,1
8194,11474,1.0,1
8195,5084,1.0,1
8196,4165,1.0,1
8197,6430,1.0,1
8198,3234,1.0,1
8199,2119,1.0,1
8200,10793,1.0,1
8201,4609,1.0,1
8202,5535,1.0,1
8203,646,1.0,1
8204,8295,1.0,1
8205,7050,1.0,1
8206,4757,1.0,1
8207,3770,1.0,1
8208,60,1.0,1
8209,6119,1.0,1
8210,8917,1.0,1
8211,267,1.0,1
8212,11797,0.2,1
8212,11636,0.2,0
8212,12014,0.2,0
8212,2827,0.2,0
8212,1764,0.2,0
8213,2063,1.0,1
8214,10504,1.0,1
8215,1662,1.0,1
8216,5402,1.0,1
8217,2792,1.0,1
8218,4264,1.0,1
8219,11810,1.0,1
8220,146,1.0,1
8221,2000,1.0,1
8222,1616,1.0,1
8223,8452,1.0,1
8224,9204,1.0,1
8225,4720,1.0,1
8226,6281,0.142857,1
8226,4213,0.142857,0
8226,6236,0.142857,0
8226,4272,0.142857,0
8226,11106,0.142857,0
8226,8569,0.142857,0
8226,10817,0.142857,0
8227,4165,1.0,1
8228,10440,1.0,1
8229,3446,1.0,1
8230,3237,1.0,1
8231,9493,1.0,1
8232,9843,1.0,1
8233,6898,1.0,1
8234,10634,1.0,1
8235,7975,1.0,1
8236,11248,1.0,1
8237,2112,1.0,1
8238,7732,1.0,1
8239,10477,1.0,1
8240,3933,1.0,1
8241,1392,1.0,1
8242,11204,1.0,1
8243,10142,1.0,1
8244,3234,1.0,1
8245,3706,1.0,1
8246,8712,1.0,1
8247,3654,1.0,1
8248,7053,1.0,1
8249,3659,0.5,1
8249,5481,0.5,0
8250,170,1.0,1
8251,2379,1.0,1
8252,8420,1.0,1
8253,2638,0.5,1
8253,4687,0.5,0
8254,11122,1.0,1
8255,7556,1.0,1
8256,2499,1.0,1
8257,11708,1.0,1
8258,6483,1.0,1
8259,5391,1.0,1
8260,11964,1.0,1
8261,4013,1.0,1
8262,2274,1.0,1
8263,4537,1.0,1
8264,11627,1.0,1
8265,2627,1.0,1
8266,11896,1.0,1
8267,11077,0.5,1
8267,8563,0.5,0
8268,9546,1.0,1
8269,898,1.0,1
8270,1321,1.0,1
8271,8071,1.0,1
8272,8129,0.5,1
8272,10062,0.5,0
8273,3884,1.0,1
8274,9751,1.0,1
8275,8183,1.0,1
8276,10452,1.0,1
8277,4282,1.0,1
8278,6044,0.5,1
8278,9264,0.5,0
8279,6257,1.0,1
8280,1993,1.0,1
8281,8479,1.0,1
8282,2828,1.0,1
8283,7221,1.0,1
8284,2879,1.0,1
8285,6711,1.0,1
8286,10228,1.0,1
8287,4146,1.0,1
8288,4858,1.0,1
8289,7818,1.0,1
8290,12047,1.0,1
8291,443,1.0,1
8292,2766,1.0,1
8293,11428,1.0,1
8294,5607,1.0,1
8295,9994,1.0,1
8296,8352,1.0,1
8297,3863,1.0,1
8298,8667,1.0,1
8299,5412,1.0,1
8300,5063,1.0,1
8301,10088,1.0,1
8302,3017,1.0,1
8303,3109,0.2,1
8303,10252,0.2,0
8303,7282,0.2,0
8303,9112,0.2,0
8303,2317,0.2,0
8304,6936,1.0,1
8305,4587,1.0,1
8306,1552,1.0,1
8307,12031,1.0,1
8308,3445,1.0,1
8309,9620,1.0,1
8310,4243,1.0,1
8311,103,0.5,1
8311,1136,0.5,0
8312,10822,1.0,1
8313,2493,1.0,1
8314,2112,1.0,1
8315,5598,1.0,1
8316,6944,1.0,1
8317,11766,1.0,1
8318,9411,1.0,1
8319,4554,1.0,1
8320,10461,0.333333,1
8320,9810,0.333333,0
8320,1287,0.333333,0
8321,1531,1.0,1
8322,4420,1.0,1
8323,8276,1.0,1
8324,2821,1.0,1
8325,4598,1.0,1
8326,11573,1.0,1
8327,4698,1.0,1
8328,7796,1.0,1
8329,8045,1.0,1
8330,9465,1.0,1
8331,4646,1.0,1
8332,3975,1.0,1
8333,715,1.0,1
8334,2850,1.0,1
8335,7755,1.0,1
8336,2304,1.0,1
8337,9496,1.0,1
8338,730,1.0,1
8339,8866,1.0,1
8340,7587,1.0,1
8341,190,1.0,1
8342,3123,1.0,1
8343,6317,1.0,1
8344,9283,1.0,1
8345,10970,1.0,1
8346,2713,1.0,1
8347,10596,1.0,1
8348,2594,1.0,1
8349,823,1.0,1
8350,4876,1.0,1
8351,5470,1.0,1
8352,8131,0.5,1
8352,5737,0.5,0
8353,4264,1.0,1
8354,6619,1.0,1
8355,716,1.0,1
8356,799,1.0,1
8357,10138,1.0,1
8358,5853,1.0,1
8359,9101,1.0,1
8360,1284,1.0,1
8361,8139,1.0,1
8362,2291,1.0,1
8363,9638,1.0,1
8364,2125,1.0,1
8365,6583,1.0,1
8366,2472,1.0,1
8367,2891,0.5,1
8367,11653,0.5,0
8368,8900,1.0,1
8369,8403,1.0,1
8370,7512,1.0,1
8371,10895,1.0,1
8372,5274,1.0,1
8373,10023,1.0,1
8374,2751,1.0,1
8375,9052,1.0,1
8376,10139,1.0,1
8377,1671,0.333333,1
8377,1666,0.333333,0
8377,1685,0.333333,0
8378,6312,1.0,1
8379,10066,1.0,1
8380,10577,1.0,1
8381,2296,1.0,1
8382,9279,1.0,1
8383,3260,1.0,1
8384,6738,1.0,1
8385,10334,1.0,1
8386,2774,1.0,1
8387,10378,1.0,1
8388,2627,1.0,1
8389,9719,1.0,1
8390,9022,1.0,1
8391,11823,1.0,1
8392,2245,1.0,1
8393,8349,1.0,1
8394,7921,1.0,1
8395,11219,1.0,1
8396,8634,1.0,1
8397,1817,1.0,1
8398,5889,1.0,1
8399,6829,1.0,1
8400,11380,1.0,1
8401,8805,1.0,1
8402,7359,1.0,1
8403,8359,1.0,1
8404,8891,1.0,1
8405,4106,1.0,1
8406,2950,1.0,1
8407,2627,1.0,1
8408,293,1.0,1
8409,9538,1.0,1
8410,4423,1.0,1
8411,2112,1.0,1
8412,1811,1.0,1
8413,7286,1.0,1
8414,255,1.0,1
8415,11824,1.0,1
8416,7747,1.0,1
8417,5431,1.0,1
8418,828,1.0,1
8419,10657,1.0,1
8420,883,1.0,1
8421,5810,1.0,1
8422,11453,1.0,1
8423,6875,1.0,1
8424,9576,1.0,1
8425,2838,1.0,1
8426,710,1.0,1
8427,6887,1.0,1
8428,8336,1.0,1
8429,4680,1.0,1
8430,6541,1.0,1
8431,7575,1.0,1
8432,5503,1.0,1
8433,1042,1.0,1
8434,5794,1.0,1
8435,2745,1.0,1
8436,10509,1.0,1
8437,448,1.0,1
8438,3566,1.0,1
8439,4415,1.0,1
8440,4580,1.0,1
8441,5254,1.0,1
8442,11609,1.0,1
8443,7252,0.5,1
8443,216,0.5,0
8444,1355,1.0,1
8445,7539,1.0,1
8446,5177,1.0,1
8447,8304,1.0,1
8448,7468,1.0,1
8449,4777,1.0,1
8450,5812,1.0,1
8451,9692,1.0,1
8452,6297,1.0,1
8453,11487,1.0,1
8454,8276,1.0,1
8455,1800,1.0,1
8456,11407,1.0,1
8457,1590,1.0,1
8458,4269,1.0,1
8459,5973,1.0,1
8460,7468,1.0,1
8461,143,1.0,1
8462,2620,1.0,1
8463,3043,1.0,1
8464,2627,1.0,1
8465,8380,1.0,1
8466,6983,1.0,1
8467,7030,1.0,1
8468,1791,1.0,1
8469,8456,1.0,1
8470,5688,1.0,1
8471,11924,1.0,1
8472,9525,1.0,1
8473,8096,1.0,1
8474,5470,1.0,1
8475,10066,1.0,1
8476,10923,1.0,1
8477,672,1.0,1
8478,10066,1.0,1
8479,5400,1.0,1
8480,8131,1.0,1
8481,5169,1.0,1
8482,1963,1.0,1
8483,6819,1.0,1
8484,7818,1.0,1
8485,4951,1.0,1
8486,10909,1.0,1
8487,9228,1.0,1
8488,3495,1.0,1
8489,8781,1.0,1
8490,222,1.0,1
8491,6114,1.0,1
8492,10012,1.0,1
8493,946,1.0,1
8494,1185,1.0,1
8495,11039,1.0,1
8496,3777,1.0,1
8497,7928,1.0,1
8498,3116,1.0,1
8499,5313,1.0,1
8500,11013,1.0,1
8501,4961,1.0,1
8502,8016,1.0,1
8503,9200,1.0,1
8504,3803,1.0,1
8505,1212,1.0,1
8506,5837,1.0,1
8507,7818,1.0,1
8508,7275,1.0,1
8509,6315,1.0,1
8510,9028,1.0,1
8511,11733,1.0,1
8512,8575,1.0,1
8513,5336,1.0,1
8514,8587,1.0,1
8515,11816,1.0,1
8516,9702,1.0,1
8517,3778,1.0,1
8518,6621,0.5,1
8518,7753,0.5,0
8519,7442,1.0,1
8520,474,1.0,1
8521,9952,0.5,1
8521,3738,0.5,0
8522,7101,1.0,1
8523,7308,1.0,1
8524,4630,1.0,1
8525,929,1.0,1
8526,6278,1.0,1
8527,4344,1.0,1
8528,9864,1.0,1
8529,3221,1.0,1
8530,11041,1.0,1
8531,7903,1.0,1
8532,11710,1.0,1
8533,4772,1.0,1
8534,2957,1.0,1
8535,1657,1.0,1
8536,8376,1.0,1
8537,430,1.0,1
8538,3886,1.0,1
8539,7677,1.0,1
8540,8410,1.0,1
8541,2969,1.0,1
8542,5540,1.0,1
8543,7517,1.0,1
8544,9951,1.0,1
8545,9821,1.0,1
8546,4516,1.0,1
8547,3522,1.0,1
8548,11508,1.0,1
8549,3780,1.0,1
8550,7616,1.0,1
8551,1584,1.0,1
8552,1127,1.0,1
8553,1710,1.0,1
8554,5376,1.0,1
8555,10281,1.0,1
8556,1960,1.0,1
8557,592,1.0,1
8558,9623,1.0,1
8559,8043,0.5,1
8559,7070,0.5,0
8560,7106,1.0,1
8561,9158,1.0,1
8562,382,1.0,1
8563,7706,1.0,1
8564,7795,1.0,1
8565,5501,1.0,1
8566,3225,1.0,1
8567,3710,1.0,1
8568,9786,1.0,1
8569,7447,1.0,1
8570,1078,1.0,1
8571,6943,1.0,1
8572,7145,1.0,1
8573,3664,1.0,1
8574,10461,1.0,1
8575,5470,1.0,1
8576,1259,1.0,1
8577,7941,1.0,1
8578,1757,1.0,1
8579,4830,1.0,1
8580,8955,1.0,1
8581,3339,1.0,1
8582,11031,1.0,1
8583,5205,1.0,1
8584,338,1.0,1
8585,7779,1.0,1
8586,3517,1.0,1
8587,11807,1.0,1
8588,2985,1.0,1
8589,1668,1.0,1
8590,6627,0.5,1
8590,10320,0.5,0
8591,310,1.0,1
8592,1302,1.0,1
8593,6689,1.0,1
8594,5700,1.0,1
8595,4368,1.0,1
8596,5828,1.0,1
8597,9158,1.0,1
8598,5171,1.0,1
8599,7029,1.0,1
8600,3778,1.0,1
8601,11901,1.0,1
8602,1342,1.0,1
8603,4077,1.0,1
8604,3703,1.0,1
8605,480,1.0,1
8606,2952,1.0,1
8607,3179,1.0,1
8608,4396,1.0,1
8609,2287,1.0,1
8610,9756,1.0,1
8611,10276,1.0,1
8612,6143,1.0,1
8613,6078,1.0,1
8614,998,1.0,1
8615,7898,1.0,1
8616,9727,1.0,1
8617,11222,1.0,1
8618,3078,1.0,1
8619,6487,1.0,1
8620,1265,1.0,1
8621,786,0.333333,1
8621,2478,0.333333,0
8621,4871,0.333333,0
8622,2739,1.0,1
8623,11384,0.5,1
8623,11686,0.5,0
8624,1524,1.0,1
8625,11835,1.0,1
8626,4716,1.0,1
8627,5400,1.0,1
8628,1397,1.0,1
8629,3575,1.0,1
8630,4013,1.0,1
8631,7683,1.0,1
8632,7881,1.0,1
8633,5125,1.0,1
8634,9486,1.0,1
8635,7468,1.0,1
8636,8376,1.0,1
8637,1496,1.0,1
8638,5399,1.0,1
8639,3778,1.0,1
8640,5689,1.0,1
8641,6118,1.0,1
8642,2054,1.0,1
8643,8007,1.0,1
8644,4281,1.0,1
8645,7489,1.0,1
8646,6789,1.0,1
8647,3550,1.0,1
8648,1106,1.0,1
8649,5388,1.0,1
8650,7309,0.5,1
8650,7598,0.5,0
8651,11193,1.0,1
8652,7045,1.0,1
8653,3348,1.0,1
8654,10688,0.5,1
8654,11147,0.5,0
8655,5093,1.0,1
8656,6168,1.0,1
8657,2076,0.5,1
8657,4110,0.5,0
8658,2278,1.0,1
8659,10632,1.0,1
8660,749,1.0,1
8661,1397,1.0,1
8662,8702,1.0,1
8663,5400,1.0,1
8664,10795,1.0,1
8665,9766,1.0,1
8666,5195,1.0,1
8667,3752,1.0,1
8668,10953,1.0,1
8669,6498,1.0,1
8670,10218,1.0,1
8671,127,1.0,1
8672,7723,1.0,1
8673,6716,1.0,1
8674,2897,1.0,1
8675,1615,0.5,1
8675,6041,0.5,0
8676,5557,1.0,1
8677,3540,1.0,1
8678,7814,1.0,1
8679,7877,1.0,1
8680,3266,1.0,1
8681,5077,1.0,1
8682,787,1.0,1
8683,2874,1.0,1
8684,8776,1.0,1
8685,7478,1.0,1
8686,10074,1.0,1
8687,2472,1.0,1
8688,9073,1.0,1
8689,4737,1.0,1
8690,5329,1.0,1
8691,6316,1.0,1
8692,2258,1.0,1
8693,11949,0.5,1
8693,11951,0.5,0
8694,4300,1.0,1
8695,9810,0.5,1
8695,10461,0.5,0
8696,632,1.0,1
8697,849,1.0,1
8698,6219,1.0,1
8699,3901,1.0,1
8700,6666,1.0,1
8701,10207,1.0,1
8702,2324,1.0,1
8703,5470,1.0,1
8704,4836,1.0,1
8705,11230,1.0,1
8706,7448,1.0,1
8707,3032,1.0,1
8708,3260,1.0,1
8709,1385,1.0,1
8710,2573,1.0,1
8711,10454,1.0,1
8712,4185,1.0,1
8713,5469,1.0,1
8714,11889,1.0,1
8715,8532,1.0,1
8716,6630,1.0,1
8717,5470,1.0,1
8718,5470,1.0,1
8719,4684,1.0,1
8720,11260,1.0,1
8721,8198,1.0,1
8722,10445,1.0,1
8723,8040,1.0,1
8724,5297,1.0,1
8725,11710,1.0,1
8726,5643,1.0,1
8727,5470,1.0,1
8728,11961,1.0,1
8729,6632,1.0,1
8730,11914,1.0,1
8731,7868,1.0,1
8732,5538,1.0,1
8733,9460,1.0,1
8734,5482,1.0,1
8735,6162,1.0,1
8736,3029,1.0,1
8737,7327,1.0,1
8738,3772,1.0,1
8739,6947,1.0,1
8740,7505,1.0,1
8741,8776,1.0,1
8742,6179,1.0,1
8743,8673,1.0,1
8744,11446,1.0,1
8745,1678,1.0,1
8746,5754,1.0,1
8747,5103,1.0,1
8748,2401,1.0,1
8749,1768,0.333333,1
8749,11271,0.333333,0
8749,8212,0.333333,0
8750,6825,1.0,1
8751,3211,1.0,1
8752,3207,1.0,1
8753,3628,1.0,1
8754,10897,1.0,1
8755,7461,1.0,1
8756,7853,1.0,1
8757,10975,1.0,1
8758,12116,1.0,1
8759,10038,1.0,1
8760,6995,1.0,1
8761,9730,1.0,1
8762,1211,1.0,1
8763,6119,1.0,1
8764,11460,1.0,1
8765,8142,1.0,1
8766,109,1.0,1
8767,8336,1.0,1
8768,10246,0.5,1
8768,2520,0.5,0
8769,10906,1.0,1
8770,2246,1.0,1
8771,1194,0.5,1
8771,2355,0.5,0
8772,2993,1.0,1
8773,3576,1.0,1
8774,7837,1.0,1
8775,7956,1.0,1
8776,4829,1.0,1
8777,4789,1.0,1
8778,2646,0.5,1
8778,836,0.5,0
8779,10956,0.5,1
8779,4297,0.5,0
8780,7783,1.0,1
8781,2568,1.0,1
8782,5905,1.0,1
8783,11279,1.0,1
8784,6163,1.0,1
8785,10397,1.0,1
8786,11648,1.0,1
8787,8919,1.0,1
8788,9228,1.0,1
8789,10874,1.0,1
8790,10537,1.0,1
8791,6584,1.0,1
8792,11546,1.0,1
8793,11954,1.0,1
8794,4903,1.0,1
8795,577,1.0,1
8796,179,1.0,1
8797,3043,1.0,1
8798,2243,1.0,1
8799,4436,1.0,1
8800,2734,1.0,1
8801,5019,1.0,1
8802,4232,1.0,1
8803,11830,1.0,1
8804,5485,1.0,1
8805,7786,1.0,1
8806,5310,1.0,1
8807,6488,1.0,1
8808,9822,1.0,1
8809,3260,1.0,1
8810,5255,1.0,1
8811,1979,1.0,1
8812,10753,1.0,1
8813,3271,1.0,1
8814,4308,1.0,1
8815,5400,1.0,1
8816,285,1.0,1
8817,2154,1.0,1
8818,935,1.0,1
8819,1395,1.0,1
8820,10078,1.0,1
8821,3627,1.0,1
8822,435,1.0,1
8823,6154,1.0,1
8824,3590,1.0,1
8825,5816,1.0,1
8826,9028,1.0,1
8827,8234,1.0,1
8828,2015,1.0,1
8829,11882,1.0,1
8830,162,1.0,1
8831,9028,1.0,1
8832,7854,1.0,1
8833,102,1.0,1
8834,5925,1.0,1
8835,2644,1.0,1
8836,9789,1.0,1
8837,2845,0.5,1
8837,10626,0.5,0
8838,10418,1.0,1
8839,8915,1.0,1
8840,10274,1.0,1
8841,6049,1.0,1
8842,8385,1.0,1
8843,8844,1.0,1
8844,622,1.0,1
8845,11975,1.0,1
8846,10795,1.0,1
8847,7746,1.0,1
8848,1582,1.0,1
8849,12101,1.0,1
8850,10645,1.0,1
8851,11550,1.0,1
8852,11447,1.0,1
8853,2627,1.0,1
8854,10672,1.0,1
8855,5555,1.0,1
8856,5130,1.0,1
8857,1682,1.0,1
8858,3635,1.0,1
8859,5472,1.0,1
8860,11631,1.0,1
8861,9986,1.0,1
8862,7395,1.0,1
8863,7124,1.0,1
8864,5470,1.0,1
8865,8145,1.0,1
8866,951,1.0,1
8867,3757,1.0,1
8868,12100,1.0,1
8869,4084,1.0,1
8870,3161,1.0,1
8871,7987,0.333333,1
8871,8277,0.333333,0
8871,4694,0.333333,0
8872,11860,1.0,1
8873,4065,1.0,1
8874,4590,1.0,1
8875,6747,1.0,1
8876,4533,1.0,1
8877,3778,1.0,1
8878,8622,0.5,1
8878,624,0.5,0
8879,157,1.0,1
8880,6871,1.0,1
8881,1307,1.0,1
8882,6715,1.0,1
8883,8391,1.0,1
8884,8388,1.0,1
8885,6813,1.0,1
8886,2066,0.5,1
8886,7971,0.5,0
8887,5378,1.0,1
8888,658,1.0,1
8889,7987,0.5,1
8889,8277,0.5,0
8890,11292,1.0,1
8891,7606,1.0,1
8892,4436,1.0,1
8893,4668,1.0,1
8894,11250,1.0,1
8895,1048,1.0,1
8896,1085,1.0,1
8897,10962,1.0,1
8898,573,0.5,1
8898,3778,0.5,0
8899,7177,1.0,1
8900,7206,1.0,1
8901,1397,1.0,1
8902,9102,1.0,1
8903,1395,1.0,1
8904,5262,1.0,1
8905,11085,1.0,1
8906,10681,1.0,1
8907,5399,1.0,1
8908,10128,1.0,1
8909,4820,0.5,1
8909,1795,0.5,0
8910,6089,1.0,1
8911,10264,0.5,1
8911,3713,0.5,0
8912,10649,1.0,1
8913,9028,1.0,1
8914,3006,1.0,1
8915,1520,1.0,1
8916,10399,1.0,1
8917,9244,1.0,1
8918,5031,1.0,1
8919,2627,1.0,1
8920,8276,1.0,1
8921,5434,1.0,1
8922,12114,1.0,1
8923,11007,1.0,1
8924,6605,1.0,1
8925,5266,1.0,1
8926,10457,1.0,1
8927,2172,0.5,1
8927,2171,0.5,0
8928,5470,1.0,1
8929,7903,1.0,1
8930,2790,1.0,1
8931,9871,1.0,1
8932,7645,1.0,1
8933,2627,1.0,1
8934,1120,1.0,1
8935,7468,1.0,1
8936,5649,1.0,1
8937,7238,1.0,1
8938,926,1.0,1
8939,5956,1.0,1
8940,899,1.0,1
8941,2147,1.0,1
8942,8641,1.0,1
8943,9306,0.5,1
8943,10061,0.5,0
8944,11769,1.0,1
8945,6867,1.0,1
8946,3021,1.0,1
8947,8196,1.0,1
8948,6304,1.0,1
8949,7444,1.0,1
8950,7705,1.0,1
8951,2903,0.5,1
8951,8771,0.5,0
8952,8369,1.0,1
8953,6158,1.0,1
8954,10973,1.0,1
8955,5796,1.0,1
8956,232,1.0,1
8957,9687,1.0,1
8958,7233,1.0,1
8959,7651,1.0,1
8960,2993,1.0,1
8961,6827,1.0,1
8962,3075,1.0,1
8963,5749,1.0,1
8964,6928,1.0,1
8965,11499,1.0,1
8966,11112,1.0,1
8967,6657,1.0,1
8968,11178,1.0,1
8969,556,1.0,1
8970,3256,1.0,1
8971,8493,0.5,1
8971,9389,0.5,0
8972,1072,1.0,1
8973,9796,1.0,1
8974,4805,1.0,1
8975,11272,1.0,1
8976,7818,1.0,1
8977,8636,1.0,1
8978,8191,1.0,1
8979,276,1.0,1
8980,2720,1.0,1
8981,10721,1.0,1
8982,1507,1.0,1
8983,3756,1.0,1
8984,1381,1.0,1
8985,1623,1.0,1
8986,2786,0.5,1
8986,6290,0.5,0
8987,846,0.5,1
8987,5362,0.5,0
8988,3893,1.0,1
8989,10637,1.0,1
8990,705,1.0,1
8991,9937,1.0,1
8992,9131,1.0,1
8993,11394,1.0,1
8994,4443,1.0,1
8995,7284,1.0,1
8996,8276,1.0,1
8997,11245,1.0,1
8998,8898,1.0,1
8999,7875,1.0,1
9000,3500,1.0,1
9001,5400,1.0,1
9002,4084,1.0,1
9003,2300,1.0,1
9004,4179,1.0,1
9005,2830,1.0,1
9006,9028,1.0,1
9007,7866,1.0,1
9008,563,1.0,1
9009,7468,1.0,1
9010,3778,1.0,1
9011,8947,0.5,1
9011,11961,0.5,0
9012,793,1.0,1
9013,6207,1.0,1
9014,6534,1.0,1
9015,8190,1.0,1
9016,9080,1.0,1
9017,2163,0.333333,1
9017,3289,0.333333,0
9017,10535,0.333333,0
9018,5481,1.0,1
9019,7721,1.0,1
9020,9268,1.0,1
9021,6334,1.0,1
9022,10216,1.0,1
9023,11759,1.0,1
9024,5810,1.0,1
9025,1395,1.0,1
9026,4991,1.0,1
9027,10307,1.0,1
9028,7588,1.0,1
9029,9174,1.0,1
9030,6621,1.0,1
9031,9040,1.0,1
9032,8654,1.0,1
9033,8295,1.0,1
9034,8566,1.0,1
9035,562,1.0,1
9036,382,1.0,1
9037,11273,0.5,1
9037,11269,0.5,0
9038,8074,1.0,1
9039,4550,1.0,1
9040,10913,1.0,1
9041,8965,1.0,1
9042,2922,1.0,1
9043,3029,1.0,1
9044,4402,1.0,1
9045,7448,1.0,1
9046,5329,0.5,1
9046,6522,0.5,0
9047,1911,1.0,1
9048,3778,1.0,1
9049,6532,1.0,1
9050,4552,1.0,1
9051,8904,1.0,1
9052,4752,1.0,1
9053,7475,1.0,1
9054,7400,1.0,1
9055,11256,1.0,1
9056,10135,0.083333,1
9056,6750,0.083333,0
9056,6311,0.083333,0
9056,3796,0.083333,0
9056,4429,0.083333,0
9056,4908,0.083333,0
9056,4915,0.083333,0
9056,4917,0.083333,0
9056,7806,0.083333,0
9056,10960,0.083333,0
9056,10963,0.083333,0
9056,151,0.083333,0
9057,5950,1.0,1
9058,1410,1.0,1
9059,6833,1.0,1
9060,7447,1.0,1
9061,309,1.0,1
9062,5937,1.0,1
9063,11132,1.0,1
9064,3557,1.0,1
9065,7218,1.0,1
9066,11148,1.0,1
9067,3970,1.0,1
9068,2627,1.0,1
9069,3192,1.0,1
9070,11910,1.0,1
9071,8150,1.0,1
9072,2509,1.0,1
9073,5470,1.0,1
9074,7762,1.0,1
9075,5949,1.0,1
9076,8505,1.0,1
9077,11674,1.0,1
9078,6212,1.0,1
9079,5858,1.0,1
9080,10600,1.0,1
9081,7570,1.0,1
9082,1634,0.5,1
9082,2380,0.5,0
9083,2097,1.0,1
9084,7281,1.0,1
9085,4368,1.0,1
9086,7664,1.0,1
9087,11854,1.0,1
9088,5901,1.0,1
9089,4943,0.333333,1
9089,4296,0.333333,0
9089,4369,0.333333,0
9090,2440,1.0,1
9091,7428,1.0,1
9092,9046,1.0,1
9093,11370,1.0,1
9094,664,1.0,1
9095,4114,1.0,1
9096,16,1.0,1
9097,8373,1.0,1
9098,11243,1.0,1
9099,393,1.0,1
9100,4215,1.0,1
9101,567,1.0,1
9102,2368,1.0,1
9103,5045,0.5,1
9103,4723,0.5,0
9104,7495,1.0,1
9105,5400,1.0,1
9106,11551,1.0,1
9107,1013,1.0,1
9108,10563,1.0,1
9109,9198,1.0,1
9110,11750,1.0,1
9111,5784,1.0,1
9112,8136,1.0,1
9113,5114,1.0,1
9114,6667,1.0,1
9115,7425,1.0,1
9116,10474,1.0,1
9117,10931,1.0,1
9118,4019,1.0,1
9119,8761,1.0,1
9120,10653,1.0,1
9121,7447,1.0,1
9122,5303,0.5,1
9122,1241,0.5,0
9123,5841,1.0,1
9124,2332,1.0,1
9125,541,1.0,1
9126,10682,1.0,1
9127,10477,1.0,1
9128,9010,0.333333,1
9128,6003,0.333333,0
9128,6501,0.333333,0
9129,1654,1.0,1
9130,2246,1.0,1
9131,4436,1.0,1
9132,2837,1.0,1
9133,4727,1.0,1
9134,3043,1.0,1
9135,11053,1.0,1
9136,9240,1.0,1
9137,10555,1.0,1
9138,8178,1.0,1
9139,10234,1.0,1
9140,10108,1.0,1
9141,3172,1.0,1
9142,8891,1.0,1
9143,7761,0.333333,1
9143,10336,0.333333,0
9143,10707,0.333333,0
9144,9210,1.0,1
9145,5235,1.0,1
9146,5768,1.0,1
9147,3477,1.0,1
9148,465,1.0,1
9149,11009,1.0,1
9150,1373,1.0,1
9151,3493,1.0,1
9152,11730,1.0,1
9153,10287,1.0,1
9154,7045,1.0,1
9155,5329,0.5,1
9155,6522,0.5,0
9156,9674,1.0,1
9157,3212,1.0,1
9158,4172,1.0,1
9159,3293,1.0,1
9160,4701,1.0,1
9161,7447,1.0,1
9162,853,1.0,1
9163,2613,1.0,1
9164,11565,1.0,1
9165,6955,1.0,1
9166,4397,1.0,1
9167,10216,1.0,1
9168,5520,1.0,1
9169,7709,1.0,1
9170,7195,1.0,1
9171,7288,1.0,1
9172,3484,0.5,1
9172,11071,0.5,0
9173,4686,1.0,1
9174,2196,1.0,1
9175,2627,1.0,1
9176,940,1.0,1
9177,6409,1.0,1
9178,10941,1.0,1
9179,861,1.0,1
9180,2428,0.5,1
9180,459,0.5,0
9181,198,1.0,1
9182,10281,1.0,1
9183,9975,1.0,1
9184,1943,1.0,1
9185,10177,1.0,1
9186,9201,1.0,1
9187,10596,1.0,1
9188,7193,1.0,1
9189,6459,1.0,1
9190,3029,1.0,1
9191,1365,1.0,1
9192,9810,0.333333,1
9192,10461,0.333333,0
9192,1287,0.333333,0
9193,767,1.0,1
9194,11455,1.0,1
9195,6231,1.0,1
9196,8377,1.0,1
9197,5968,1.0,1
9198,9210,1.0,1
9199,6968,1.0,1
9200,3786,1.0,1
9201,11138,0.5,1
9201,1688,0.5,0
9202,6153,1.0,1
9203,6991,1.0,1
9204,9406,1.0,1
9205,470,1.0,1
9206,10178,1.0,1
9207,11149,1.0,1
9208,7763,1.0,1
9209,10318,1.0,1
9210,39,1.0,1
9211,10438,1.0,1
9212,8144,0.5,1
9212,2054,0.5,0
9213,11463,1.0,1
9214,2627,1.0,1
9215,618,1.0,1
9216,5183,1.0,1
9217,4638,1.0,1
9218,1563,1.0,1
9219,7810,1.0,1
9220,11375,1.0,1
9221,1123,1.0,1
9222,4520,1.0,1
9223,2426,1.0,1
9224,9454,1.0,1
9225,2195,1.0,1
9226,800,1.0,1
9227,10596,1.0,1
9228,7468,1.0,1
9229,7265,1.0,1
9230,9680,1.0,1
9231,6988,1.0,1
9232,3066,1.0,1
9233,9810,0.333333,1
9233,10461,0.333333,0
9233,6594,0.333333,0
9234,12085,1.0,1
9235,6073,1.0,1
9236,7351,1.0,1
9237,453,1.0,1
9238,5823,1.0,1
9239,2310,1.0,1
9240,2900,1.0,1
9241,9468,1.0,1
9242,4436,1.0,1
9243,8095,1.0,1
9244,10066,1.0,1
9245,8144,1.0,1
9246,2609,1.0,1
9247,8370,1.0,1
9248,2993,1.0,1
9249,10642,1.0,1
9250,11340,1.0,1
9251,9888,1.0,1
9252,9638,1.0,1
9253,1896,1.0,1
9254,4869,1.0,1
9255,849,1.0,1
9256,5408,1.0,1
9257,11828,1.0,1
9258,974,1.0,1
9259,2891,0.5,1
9259,11653,0.5,0
9260,2210,0.5,1
9260,7888,0.5,0
9261,87,1.0,1
9262,12105,1.0,1
9263,5600,1.0,1
9264,8702,1.0,1
9265,5280,1.0,1
9266,6198,1.0,1
9267,142,1.0,1
9268,9040,1.0,1
9269,5551,0.5,1
9269,7681,0.5,0
9270,4071,1.0,1
9271,10256,1.0,1
9272,4140,1.0,1
9273,2776,1.0,1
9274,10170,1.0,1
9275,4082,1.0,1
9276,4499,1.0,1
9277,10478,1.0,1
9278,5932,1.0,1
9279,11590,1.0,1
9280,7084,1.0,1
9281,11240,1.0,1
9282,6945,1.0,1
9283,11884,1.0,1
9284,11091,1.0,1
9285,5166,1.0,1
9286,5069,1.0,1
9287,1495,1.0,1
9288,3029,1.0,1
9289,7882,1.0,1
9290,8240,1.0,1
9291,5450,1.0,1
9292,2937,1.0,1
9293,3400,1.0,1
9294,2882,1.0,1
9295,2751,1.0,1
9296,4514,1.0,1
9297,3043,1.0,1
9298,5306,1.0,1
9299,5399,1.0,1
9300,2642,1.0,1
9301,2990,1.0,1
9302,3154,1.0,1
9303,2854,1.0,1
9304,6901,1.0,1
9305,5359,1.0,1
9306,9592,1.0,1
9307,1317,1.0,1
9308,1876,1.0,1
9309,9768,1.0,1
9310,4579,0.5,1
9310,8252,0.5,0
9311,8830,1.0,1
9312,8121,1.0,1
9313,6544,1.0,1
9314,2627,0.5,1
9314,3500,0.5,0
9315,3909,0.5,1
9315,3479,0.5,0
9316,9481,0.5,1
9316,5991,0.5,0
9317,3043,1.0,1
9318,12126,1.0,1
9319,5290,1.0,1
9320,10533,1.0,1
9321,11530,1.0,1
9322,8280,1.0,1
9323,6484,1.0,1
9324,4350,1.0,1
9325,12124,1.0,1
9326,9221,1.0,1
9327,9429,1.0,1
9328,5171,1.0,1
9329,2203,1.0,1
9330,10068,1.0,1
9331,2105,1.0,1
9332,6564,1.0,1
9333,2324,1.0,1
9334,7265,1.0,1
9335,8363,1.0,1
9336,8717,0.333333,1
9336,2626,0.333333,0
9336,4565,0.333333,0
9337,1417,1.0,1
9338,7744,1.0,1
9339,296,1.0,1
9340,7972,1.0,1
9341,6615,1.0,1
9342,9872,1.0,1
9343,178,1.0,1
9344,3325,1.0,1
9345,8759,1.0,1
9346,3959,1.0,1
9347,1107,1.0,1
9348,4911,1.0,1
9349,10614,0.5,1
9349,10405,0.5,0
9350,6537,1.0,1
9351,781,1.0,1
9352,10974,1.0,1
9353,8577,1.0,1
9354,9105,1.0,1
9355,11772,1.0,1
9356,6165,1.0,1
9357,3839,1.0,1
9358,7787,1.0,1
9359,1673,1.0,1
9360,2345,1.0,1
9361,8057,1.0,1
9362,3503,1.0,1
9363,10030,1.0,1
9364,11878,1.0,1
9365,3778,1.0,1
9366,2321,1.0,1
9367,5423,1.0,1
9368,6159,1.0,1
9369,8604,1.0,1
9370,1052,1.0,1
9371,5199,0.2,1
9371,5034,0.2,0
9371,8860,0.2,0
9371,4845,0.2,0
9371,6045,0.2,0
9372,9506,1.0,1
9373,736,1.0,1
9374,9488,1.0,1
9375,7040,1.0,1
9376,9976,1.0,1
9377,11021,1.0,1
9378,6028,1.0,1
9379,1166,1.0,1
9380,11369,1.0,1
9381,2418,1.0,1
9382,5278,1.0,1
9383,741,1.0,1
9384,3551,1.0,1
9385,5275,1.0,1
9386,399,1.0,1
9387,11115,1.0,1
9388,2031,1.0,1
9389,1504,1.0,1
9390,3903,1.0,1
9391,1185,1.0,1
9392,11282,1.0,1
9393,8428,1.0,1
9394,2054,1.0,1
9395,10448,0.5,1
9395,2053,0.5,0
9396,4690,1.0,1
9397,6496,1.0,1
9398,5400,1.0,1
9399,4445,1.0,1
9400,8195,1.0,1
9401,3778,1.0,1
9402,12074,1.0,1
9403,2345,1.0,1
9404,8792,1.0,1
9405,9311,1.0,1
9406,7286,1.0,1
9407,5216,1.0,1
9408,1808,1.0,1
9409,8684,1.0,1
9410,9290,1.0,1
9411,7457,1.0,1
9412,1059,1.0,1
9413,8850,1.0,1
9414,4219,0.333333,1
9414,10132,0.333333,0
9414,2001,0.333333,0
9415,9028,0.5,1
9415,10053,0.5,0
9416,6182,1.0,1
9417,9778,1.0,1
9418,3602,1.0,1
9419,2319,1.0,1
9420,4883,0.5,1
9420,3491,0.5,0
9421,8671,1.0,1
9422,8137,1.0,1
9423,6701,1.0,1
9424,4874,1.0,1
9425,10099,1.0,1
9426,4729,1.0,1
9427,2074,1.0,1
9428,8193,1.0,1
9429,8339,1.0,1
9430,9278,1.0,1
9431,10330,1.0,1
9432,10601,1.0,1
9433,6327,1.0,1
9434,5639,1.0,1
9435,9916,1.0,1
9436,7653,1.0,1
9437,4332,1.0,1
9438,10694,1.0,1
9439,1686,1.0,1
9440,9960,1.0,1
9441,2233,1.0,1
9442,11800,1.0,1
9443,3818,1.0,1
9444,639,1.0,1
9445,6542,1.0,1
9446,10620,1.0,1
9447,11248,1.0,1
9448,9918,1.0,1
9449,4414,1.0,1
9450,7256,1.0,1
9451,2993,1.0,1
9452,3273,1.0,1
9453,7087,1.0,1
9454,1499,1.0,1
9455,11162,1.0,1
9456,492,1.0,1
9457,2677,1.0,1
9458,5183,1.0,1
9459,4214,1.0,1
9460,8941,1.0,1
9461,11005,1.0,1
9462,8345,0.5,1
9462,7865,0.5,0
9463,2347,0.5,1
9463,10604,0.5,0
9464,2228,1.0,1
9465,2419,1.0,1
9466,12056,1.0,1
9467,2812,1.0,1
9468,1253,1.0,1
9469,8304,0.5,1
9469,8924,0.5,0
9470,11358,1.0,1
9471,3637,1.0,1
9472,3704,1.0,1
9473,4842,1.0,1
9474,4950,0.5,1
9474,6637,0.5,0
9475,112,1.0,1
9476,5014,1.0,1
9477,2281,1.0,1
9478,5826,1.0,1
9479,10231,0.5,1
9479,8744,0.5,0
9480,8891,1.0,1
9481,11553,1.0,1
9482,10185,1.0,1
9483,2298,1.0,1
9484,8582,1.0,1
9485,6316,1.0,1
9486,5221,1.0,1
9487,1594,1.0,1
9488,8998,1.0,1
9489,7447,1.0,1
9490,11454,1.0,1
9491,6288,1.0,1
9492,9341,1.0,1
9493,10074,1.0,1
9494,3788,1.0,1
9495,8640,1.0,1
9496,6516,1.0,1
9497,5527,1.0,1
9498,4690,1.0,1
9499,4184,1.0,1
9500,6213,1.0,1
9501,8509,1.0,1
9502,2276,1.0,1
9503,1019,1.0,1
9504,8736,1.0,1
9505,2627,1.0,1
9506,9172,1.0,1
9507,9429,1.0,1
9508,7878,1.0,1
9509,12034,1.0,1
9510,11888,0.5,1
9510,4755,0.5,0
9511,2653,1.0,1
9512,817,1.0,1
9513,614,1.0,1
9514,435,1.0,1
9515,4264,1.0,1
9516,3624,1.0,1
9517,3326,1.0,1
9518,3778,1.0,1
9519,6001,0.5,1
9519,10531,0.5,0
9520,3778,1.0,1
9521,173,1.0,1
9522,8035,1.0,1
9523,11668,1.0,1
9524,6885,1.0,1
9525,7518,1.0,1
9526,8438,1.0,1
9527,6658,1.0,1
9528,119,1.0,1
9529,6844,1.0,1
9530,969,1.0,1
9531,2430,1.0,1
9532,10514,1.0,1
9533,8891,1.0,1
9534,10078,1.0,1
9535,8679,1.0,1
9536,2366,1.0,1
9537,6029,1.0,1
9538,4807,0.25,1
9538,3483,0.25,0
9538,422,0.25,0
9538,6858,0.25,0
9539,10342,1.0,1
9540,10066,1.0,1
9541,982,1.0,1
9542,2252,0.5,1
9542,9697,0.5,0
9543,10998,1.0,1
9544,7896,1.0,1
9545,11774,1.0,1
9546,1632,1.0,1
9547,3134,1.0,1
9548,1880,1.0,1
9549,6195,1.0,1
9550,7652,1.0,1
9551,1272,1.0,1
9552,11874,1.0,1
9553,8083,0.5,1
9553,10360,0.5,0
9554,1313,1.0,1
9555,10438,1.0,1
9556,7706,1.0,1
9557,4014,1.0,1
9558,9545,1.0,1
9559,10067,0.333333,1
9559,1771,0.333333,0
9559,3092,0.333333,0
9560,58,1.0,1
9561,9634,1.0,1
9562,11840,0.5,1
9562,11952,0.5,0
9563,10842,1.0,1
9564,3101,1.0,1
9565,5915,1.0,1
9566,1974,1.0,1
9567,2627,1.0,1
9568,7262,1.0,1
9569,50,1.0,1
9570,8011,1.0,1
9571,10695,1.0,1
9572,2036,1.0,1
9573,5422,1.0,1
9574,11326,1.0,1
9575,9360,1.0,1
9576,3256,1.0,1
9577,10287,1.0,1
9578,2887,0.5,1
9578,6536,0.5,0
9579,9448,1.0,1
9580,3433,1.0,1
9581,5387,1.0,1
9582,4151,1.0,1
9583,3595,1.0,1
9584,7053,1.0,1
9585,11540,1.0,1
9586,1729,1.0,1
9587,6610,1.0,1
9588,481,1.0,1
9589,4098,1.0,1
9590,7095,1.0,1
9591,849,1.0,1
9592,1796,1.0,1
9593,4881,1.0,1
9594,3946,1.0,1
9595,11164,1.0,1
9596,11827,1.0,1
9597,806,1.0,1
9598,10416,1.0,1
9599,7322,1.0,1
9600,9413,1.0,1
9601,8351,0.333333,1
9601,7324,0.333333,0
9601,6050,0.333333,0
9602,4264,1.0,1
9603,9064,1.0,1
9604,2046,1.0,1
9605,2054,1.0,1
9606,10953,1.0,1
9607,5389,1.0,1
9608,11210,1.0,1
9609,5168,1.0,1
9610,849,1.0,1
9611,4457,1.0,1
9612,6003,0.5,1
9612,9078,0.5,0
9613,5869,1.0,1
9614,7176,1.0,1
9615,3500,1.0,1
9616,5812,1.0,1
9617,4733,1.0,1
9618,6751,1.0,1
9619,2333,1.0,1
9620,8183,1.0,1
9621,5943,1.0,1
9622,2390,1.0,1
9623,10406,1.0,1
9624,5231,1.0,1
9625,6882,0.5,1
9625,11364,0.5,0
9626,5470,1.0,1
9627,3029,1.0,1
9628,11156,1.0,1
9629,7351,1.0,1
9630,12021,1.0,1
9631,3029,1.0,1
9632,10993,1.0,1
9633,2561,1.0,1
9634,2076,0.5,1
9634,4110,0.5,0
9635,8847,1.0,1
9636,11581,1.0,1
9637,2597,1.0,1
9638,6052,1.0,1
9639,9028,1.0,1
9640,1506,1.0,1
9641,1408,1.0,1
9642,2188,0.5,1
9642,3671,0.5,0
9643,318,1.0,1
9644,2047,0.5,1
9644,7953,0.5,0
9645,5526,1.0,1
9646,1739,1.0,1
9647,2979,1.0,1
9648,1966,0.5,1
9648,8003,0.5,0
9649,11162,1.0,1
9650,3931,1.0,1
9651,2538,1.0,1
9652,6006,1.0,1
9653,1585,1.0,1
9654,5486,1.0,1
9655,7407,1.0,1
9656,519,1.0,1
9657,5281,0.5,1
9657,5282,0.5,0
9658,9048,1.0,1
9659,11494,1.0,1
9660,11088,1.0,1
9661,8205,1.0,1
9662,3497,0.5,1
9662,3492,0.5,0
9663,8481,1.0,1
9664,11043,1.0,1
9665,12115,1.0,1
9666,604,1.0,1
9667,421,1.0,1
9668,9868,0.5,1
9668,8432,0.5,0
9669,1747,1.0,1
9670,7091,1.0,1
9671,3677,1.0,1
9672,10358,1.0,1
9673,9432,1.0,1
9674,761,1.0,1
9675,10955,1.0,1
9676,8991,1.0,1
9677,9028,1.0,1
9678,2236,1.0,1
9679,4310,1.0,1
9680,2699,1.0,1
9681,525,1.0,1
9682,8241,1.0,1
9683,11219,1.0,1
9684,11396,1.0,1
9685,11014,1.0,1
9686,11684,1.0,1
9687,8394,1.0,1
9688,4474,1.0,1
9689,2627,0.5,1
9689,3500,0.5,0
9690,3437,1.0,1
9691,740,0.5,1
9691,10487,0.5,0
9692,695,1.0,1
9693,4925,1.0,1
9694,718,1.0,1
9695,3039,1.0,1
9696,2426,1.0,1
9697,6099,1.0,1
9698,3125,1.0,1
9699,5202,1.0,1
9700,5735,1.0,1
9701,1833,1.0,1
9702,11456,1.0,1
9703,7224,1.0,1
9704,11379,1.0,1
9705,10528,1.0,1
9706,126,0.5,1
9706,11635,0.5,0
9707,7253,1.0,1
9708,4084,1.0,1
9709,374,1.0,1
9710,4289,1.0,1
9711,3390,1.0,1
9712,4058,1.0,1
9713,8789,1.0,1
9714,117,1.0,1
9715,4198,1.0,1
9716,11394,1.0,1
9717,4225,1.0,1
9718,11226,1.0,1
9719,11347,1.0,1
9720,5470,1.0,1
9721,11738,0.5,1
9721,3654,0.5,0
9722,3043,1.0,1
9723,5374,1.0,1
9724,7448,1.0,1
9725,1119,0.5,1
9725,598,0.5,0
9726,10962,0.5,1
9726,5697,0.5,0
9727,8576,1.0,1
9728,9288,1.0,1
9729,11721,0.5,1
9729,11595,0.5,0
9730,3301,1.0,1
9731,6325,1.0,1
9732,2458,1.0,1
9733,2385,0.5,1
9733,7839,0.5,0
9734,7114,1.0,1
9735,2905,1.0,1
9736,523,1.0,1
9737,9879,1.0,1
9738,8888,1.0,1
9739,2627,1.0,1
9740,9368,1.0,1
9741,9788,1.0,1
9742,9228,1.0,1
9743,2190,0.333333,1
9743,8218,0.333333,0
9743,8,0.333333,0
9744,553,1.0,1
9745,10211,1.0,1
9746,6695,1.0,1
9747,948,1.0,1
9748,7293,1.0,1
9749,963,1.0,1
9750,6725,1.0,1
9751,8532,1.0,1
9752,5679,1.0,1
9753,1482,1.0,1
9754,7003,1.0,1
9755,2799,1.0,1
9756,1199,1.0,1
9757,3766,0.5,1
9757,2649,0.5,0
9758,235,1.0,1
9759,11192,1.0,1
9760,10154,1.0,1
9761,10833,1.0,1
9762,700,1.0,1
9763,10198,1.0,1
9764,4515,1.0,1
9765,8702,1.0,1
9766,6557,1.0,1
9767,12097,1.0,1
9768,2020,1.0,1
9769,7568,1.0,1
9770,11799,1.0,1
9771,11511,1.0,1
9772,8059,1.0,1
9773,7746,1.0,1
9774,5879,1.0,1
9775,9913,1.0,1
9776,11896,1.0,1
9777,7448,1.0,1
9778,6706,1.0,1
9779,7468,1.0,1
9780,8102,1.0,1
9781,136,1.0,1
9782,279,1.0,1
9783,3938,1.0,1
9784,7555,1.0,1
9785,6827,1.0,1
9786,10431,1.0,1
9787,7889,1.0,1
9788,10865,1.0,1
9789,11248,1.0,1
9790,11943,1.0,1
9791,1190,1.0,1
9792,1109,1.0,1
9793,10876,1.0,1
9794,3604,1.0,1
9795,10537,1.0,1
9796,10189,1.0,1
9797,8413,1.0,1
9798,9181,1.0,1
9799,3420,1.0,1
9800,11189,1.0,1
9801,6111,1.0,1
9802,541,1.0,1
9803,10745,1.0,1
9804,3279,1.0,1
9805,9228,1.0,1
9806,4179,1.0,1
9807,1604,1.0,1
9808,3873,1.0,1
9809,8132,1.0,1
9810,10566,1.0,1
9811,9971,1.0,1
9812,11087,1.0,1
9813,5400,1.0,1
9814,1239,0.5,1
9814,10028,0.5,0
9815,7955,0.5,1
9815,9106,0.5,0
9816,5393,1.0,1
9817,913,1.0,1
9818,6196,1.0,1
9819,11683,1.0,1
9820,332,1.0,1
9821,538,1.0,1
9822,10616,1.0,1
9823,5896,1.0,1
9824,3048,1.0,1
9825,10211,1.0,1
9826,11265,1.0,1
9827,165,1.0,1
9828,11733,1.0,1
9829,4052,1.0,1
9830,425,1.0,1
9831,849,1.0,1
9832,2032,1.0,1
9833,2627,0.5,1
9833,3500,0.5,0
9834,808,1.0,1
9835,7810,1.0,1
9836,10017,1.0,1
9837,8757,1.0,1
9838,11264,1.0,1
9839,7206,1.0,1
9840,1488,1.0,1
9841,7264,1.0,1
9842,6875,1.0,1
9843,3741,1.0,1
9844,11873,1.0,1
9845,8006,1.0,1
9846,10003,1.0,1
9847,5979,1.0,1
9848,7802,1.0,1
9849,9890,1.0,1
9850,5090,1.0,1
9851,2702,1.0,1
9852,3458,1.0,1
9853,4246,1.0,1
9854,11675,1.0,1
9855,3588,1.0,1
9856,9630,1.0,1
9857,6079,1.0,1
9858,12029,1.0,1
9859,9612,1.0,1
9860,4962,1.0,1
9861,8608,1.0,1
9862,9219,1.0,1
9863,7115,1.0,1
9864,10916,1.0,1
9865,3951,1.0,1
9866,4881,1.0,1
9867,3043,1.0,1
9868,2981,0.125,1
9868,7989,0.125,0
9868,415,0.125,0
9868,4228,0.125,0
9868,2947,0.125,0
9868,5035,0.125,0
9868,10740,0.125,0
9868,8213,0.125,0
9869,7707,1.0,1
9870,10647,1.0,1
9871,1708,1.0,1
9872,2431,1.0,1
9873,1154,1.0,1
9874,11908,1.0,1
9875,8452,1.0,1
9876,353,0.5,1
9876,6382,0.5,0
9877,6658,1.0,1
9878,7156,1.0,1
9879,8825,1.0,1
9880,4705,1.0,1
9881,5879,1.0,1
9882,3708,1.0,1
9883,4305,1.0,1
9884,408,1.0,1
9885,2785,1.0,1
9886,4774,1.0,1
9887,8206,1.0,1
9888,4599,1.0,1
9889,11778,1.0,1
9890,2098,1.0,1
9891,1658,1.0,1
9892,3241,1.0,1
9893,10001,1.0,1
9894,11065,1.0,1
9895,5839,1.0,1
9896,7152,1.0,1
9897,277,1.0,1
9898,10208,1.0,1
9899,11387,1.0,1
9900,6461,1.0,1
9901,3774,1.0,1
9902,1889,1.0,1
9903,9228,1.0,1
9904,3835,1.0,1
9905,2339,1.0,1
9906,8867,1.0,1
9907,4574,1.0,1
9908,11854,1.0,1
9909,7856,1.0,1
9910,11552,1.0,1
9911,772,1.0,1
9912,11202,0.333333,1
9912,11421,0.333333,0
9912,11699,0.333333,0
9913,5432,1.0,1
9914,6798,1.0,1
9915,7515,1.0,1
9916,7686,1.0,1
9917,2753,1.0,1
9918,10804,0.5,1
9918,9990,0.5,0
9919,11220,1.0,1
9920,6918,1.0,1
9921,9961,1.0,1
9922,6663,1.0,1
9923,2095,1.0,1
9924,4123,1.0,1
9925,6659,1.0,1
9926,5026,1.0,1
9927,1077,1.0,1
9928,3500,1.0,1
9929,7591,1.0,1
9930,10922,1.0,1
9931,1964,1.0,1
9932,7580,1.0,1
9933,9066,1.0,1
9934,11461,1.0,1
9935,2114,1.0,1
9936,1280,1.0,1
9937,11659,1.0,1
9938,8550,1.0,1
9939,5400,1.0,1
9940,11558,1.0,1
9941,7907,1.0,1
9942,11152,1.0,1
9943,4553,1.0,1
9944,893,1.0,1
9945,8740,1.0,1
9946,11887,1.0,1
9947,10026,1.0,1
9948,3446,1.0,1
9949,10418,1.0,1
9950,4918,1.0,1
9951,11845,1.0,1
9952,7842,1.0,1
9953,10967,1.0,1
9954,3260,1.0,1
9955,12059,1.0,1
9956,8794,1.0,1
9957,287,1.0,1
9958,3823,1.0,1
9959,7385,1.0,1
9960,4013,1.0,1
9961,7803,1.0,1
9962,8702,1.0,1
9963,2627,1.0,1
9964,6408,1.0,1
9965,6996,1.0,1
9966,5873,1.0,1
9967,6241,1.0,1
9968,8798,1.0,1
9969,9533,1.0,1
9970,7246,1.0,1
9971,7565,1.0,1
9972,10570,1.0,1
9973,1096,1.0,1
9974,4356,1.0,1
9975,6286,1.0,1
9976,3542,1.0,1
9977,2437,1.0,1
9978,1483,1.0,1
9979,390,1.0,1
9980,4027,1.0,1
9981,11252,1.0,1
9982,11450,1.0,1
9983,3388,1.0,1
9984,509,1.0,1
9985,6047,1.0,1
9986,11444,1.0,1
9987,8060,1.0,1
9988,9451,1.0,1
9989,2261,1.0,1
9990,4115,1.0,1
9991,5722,0.5,1
9991,2845,0.5,0
9992,1318,1.0,1
9993,7985,1.0,1
9994,68,1.0,1
9995,1972,1.0,1
9996,9926,1.0,1
9997,6382,0.5,1
9997,8062,0.5,0
9998,873,1.0,1
9999,11961,1.0,1
10000,6547,1.0,1
10001,9748,1.0,1
10002,8639,1.0,1
10003,10753,1.0,1
10004,10722,1.0,1
10005,3422,1.0,1
10006,11481,1.0,1
10007,5470,1.0,1
10008,9676,1.0,1
10009,4924,0.5,1
10009,4606,0.5,0
10010,5734,1.0,1
10011,4736,1.0,1
10012,4203,1.0,1
10013,12095,1.0,1
10014,11251,1.0,1
10015,11957,1.0,1
10016,8794,1.0,1
10017,4857,1.0,1
10018,8169,1.0,1
10019,973,1.0,1
10020,2937,1.0,1
10021,6996,1.0,1
10022,5350,1.0,1
10023,2627,1.0,1
10024,11442,1.0,1
10025,5171,1.0,1
10026,5828,1.0,1
10027,5286,1.0,1
10028,9588,0.5,1
10028,10659,0.5,0
10029,6320,1.0,1
10030,6316,1.0,1
10031,1491,0.333333,1
10031,10536,0.333333,0
10031,1871,0.333333,0
10032,4482,1.0,1
10033,6122,1.0,1
10034,4803,1.0,1
10035,3913,1.0,1
10036,8856,1.0,1
10037,5197,1.0,1
10038,3500,1.0,1
10039,3680,1.0,1
10040,3556,1.0,1
10041,7063,1.0,1
10042,551,1.0,1
10043,4436,1.0,1
10044,930,1.0,1
10045,7301,1.0,1
10046,4436,1.0,1
10047,9228,1.0,1
10048,10737,1.0,1
10049,6140,1.0,1
10050,10971,1.0,1
10051,8450,1.0,1
10052,6278,1.0,1
10053,9633,1.0,1
10054,3500,0.5,1
10054,2627,0.5,0
10055,4276,1.0,1
10056,10381,1.0,1
10057,3057,1.0,1
10058,8477,1.0,1
10059,9371,1.0,1
10060,8654,0.5,1
10060,6181,0.5,0
10061,10216,1.0,1
10062,9139,1.0,1
10063,3299,1.0,1
10064,6930,1.0,1
10065,5989,1.0,1
10066,7353,1.0,1
10067,3358,1.0,1
10068,3298,1.0,1
10069,10112,1.0,1
10070,4705,1.0,1
10071,6025,1.0,1
10072,3505,1.0,1
10073,959,1.0,1
10074,97,1.0,1
10075,8186,1.0,1
10076,3097,1.0,1
10077,5400,1.0,1
10078,8679,1.0,1
10079,2627,1.0,1
10080,10988,1.0,1
10081,8667,1.0,1
10082,714,1.0,1
10083,3523,0.333333,1
10083,323,0.333333,0
10083,1510,0.333333,0
10084,837,0.333333,1
10084,6934,0.333333,0
10084,3986,0.333333,0
10085,1946,1.0,1
10086,10233,1.0,1
10087,10271,1.0,1
10088,8754,0.5,1
10088,11174,0.5,0
10089,8882,1.0,1
10090,4657,1.0,1
10091,8801,1.0,1
10092,7641,1.0,1
10093,8833,1.0,1
10094,6953,1.0,1
10095,6755,1.0,1
10096,8921,1.0,1
10097,10926,1.0,1
10098,5960,1.0,1
10099,1188,1.0,1
10100,11449,1.0,1
10101,2246,1.0,1
10102,4264,0.5,1
10102,4122,0.5,0
10103,5668,1.0,1
10104,3679,1.0,1
10105,8183,1.0,1
10106,6083,1.0,1
10107,5400,1.0,1
10108,1545,1.0,1
10109,6856,1.0,1
10110,11942,1.0,1
10111,6660,1.0,1
10112,637,0.5,1
10112,9853,0.5,0
10113,11092,1.0,1
10114,8601,1.0,1
10115,4863,1.0,1
10116,5576,1.0,1
10117,9842,1.0,1
10118,5228,1.0,1
10119,4835,1.0,1
10120,2951,1.0,1
10121,333,1.0,1
10122,10018,1.0,1
10123,9933,1.0,1
10124,9028,1.0,1
10125,3007,1.0,1
10126,8188,1.0,1
10127,2835,1.0,1
10128,2895,1.0,1
10129,3043,1.0,1
10130,11162,1.0,1
10131,2085,0.25,1
10131,3290,0.25,0
10131,7013,0.25,0
10131,10535,0.25,0
10132,2627,0.5,1
10132,3500,0.5,0
10133,2560,1.0,1
10134,3077,1.0,1
10135,5774,1.0,1
10136,5643,1.0,1
10137,8887,1.0,1
10138,1431,1.0,1
10139,5963,0.5,1
10139,3778,0.5,0
10140,2070,1.0,1
10141,3477,1.0,1
10142,10732,1.0,1
10143,5470,1.0,1
10144,7506,1.0,1
10145,2427,1.0,1
10146,2617,1.0,1
10147,4470,1.0,1
10148,3779,1.0,1
10149,10303,1.0,1
10150,1249,0.5,1
10150,3765,0.5,0
10151,4453,1.0,1
10152,8537,1.0,1
10153,4620,1.0,1
10154,8298,1.0,1
10155,1091,1.0,1
10156,395,1.0,1
10157,10876,1.0,1
10158,9783,1.0,1
10159,4395,1.0,1
10160,8430,1.0,1
10161,677,1.0,1
10162,3067,1.0,1
10163,4665,1.0,1
10164,10321,1.0,1
10165,2814,1.0,1
10166,5787,1.0,1
10167,11713,1.0,1
10168,3747,1.0,1
10169,10548,1.0,1
10170,1123,1.0,1
10171,8287,1.0,1
10172,6584,1.0,1
10173,11475,1.0,1
10174,7123,1.0,1
10175,5350,1.0,1
10176,10373,1.0,1
10177,5691,1.0,1
10178,10078,1.0,1
10179,8143,1.0,1
10180,5931,1.0,1
10181,7468,1.0,1
10182,3734,1.0,1
10183,7561,1.0,1
10184,8872,1.0,1
10185,10794,1.0,1
10186,10416,0.5,1
10186,3220,0.5,0
10187,8762,1.0,1
10188,1614,1.0,1
10189,99,1.0,1
10190,1937,1.0,1
10191,939,1.0,1
10192,9807,1.0,1
10193,7468,1.0,1
10194,12028,1.0,1
10195,7438,1.0,1
10196,10902,1.0,1
10197,1717,0.5,1
10197,1130,0.5,0
10198,5689,1.0,1
10199,3968,1.0,1
10200,5172,1.0,1
10201,3104,1.0,1
10202,6649,1.0,1
10203,7870,1.0,1
10204,8923,1.0,1
10205,559,1.0,1
10206,2829,1.0,1
10207,4932,1.0,1
10208,9046,1.0,1
10209,1247,1.0,1
10210,8419,1.0,1
10211,5404,1.0,1
10212,11802,1.0,1
10213,8177,1.0,1
10214,11111,1.0,1
10215,10418,1.0,1
10216,5098,1.0,1
10217,6445,1.0,1
10218,447,1.0,1
10219,5560,1.0,1
10220,1593,1.0,1
10221,2104,1.0,1
10222,11162,1.0,1
10223,462,0.5,1
10223,479,0.5,0
10224,2663,1.0,1
10225,2340,1.0,1
10226,2300,1.0,1
10227,10440,1.0,1
10228,10337,1.0,1
10229,10075,1.0,1
10230,5763,1.0,1
10231,10596,1.0,1
10232,3043,1.0,1
10233,3001,1.0,1
10234,510,1.0,1
10235,8660,1.0,1
10236,4967,1.0,1
10237,10562,1.0,1
10238,5702,1.0,1
10239,7743,1.0,1
10240,3958,1.0,1
10241,5218,1.0,1
10242,8972,1.0,1
10243,8022,1.0,1
10244,8371,1.0,1
10245,10072,1.0,1
10246,4778,1.0,1
10247,4608,1.0,1
10248,7871,1.0,1
10249,4414,1.0,1
10250,6924,1.0,1
10251,9461,1.0,1
10252,1270,1.0,1
10253,1641,1.0,1
10254,3789,1.0,1
10255,8989,1.0,1
10256,5502,1.0,1
10257,3043,1.0,1
10258,6684,1.0,1
10259,1820,1.0,1
10260,4982,1.0,1
10261,11452,1.0,1
10262,10509,1.0,1
10263,8943,1.0,1
10264,3980,1.0,1
10265,2080,1.0,1
10266,2675,1.0,1
10267,3365,1.0,1
10268,5470,1.0,1
10269,5400,1.0,1
10270,10328,1.0,1
10271,3512,1.0,1
10272,5801,1.0,1
10273,2627,1.0,1
10274,3465,1.0,1
10275,8622,1.0,1
10276,6402,1.0,1
10277,4699,1.0,1
10278,4430,1.0,1
10279,7636,1.0,1
10280,9028,1.0,1
10281,6190,1.0,1
10282,1854,1.0,1
10283,3673,1.0,1
10284,739,1.0,1
10285,10266,1.0,1
10286,7405,1.0,1
10287,3308,1.0,1
10288,11522,1.0,1
10289,1278,1.0,1
10290,7535,1.0,1
10291,1674,1.0,1
10292,3830,1.0,1
10293,7637,0.5,1
10293,3018,0.5,0
10294,11062,1.0,1
10295,7469,1.0,1
10296,3767,1.0,1
10297,12134,1.0,1
10298,10651,1.0,1
10299,4264,0.5,1
10299,4122,0.5,0
10300,3778,1.0,1
10301,8292,1.0,1
10302,5470,1.0,1
10303,2627,1.0,1
10304,9323,1.0,1
10305,11519,1.0,1
10306,2139,1.0,1
10307,2776,1.0,1
10308,6427,1.0,1
10309,11739,1.0,1
10310,11042,1.0,1
10311,78,1.0,1
10312,9800,1.0,1
10313,1296,1.0,1
10314,5367,1.0,1
10315,11332,1.0,1
10316,1251,0.5,1
10316,3360,0.5,0
10317,9382,1.0,1
10318,10796,1.0,1
10319,11239,1.0,1
10320,11946,1.0,1
10321,2914,1.0,1
10322,4682,1.0,1
10323,1397,1.0,1
10324,11463,1.0,1
10325,4879,1.0,1
10326,4982,1.0,1
10327,8694,1.0,1
10328,1377,1.0,1
10329,10829,1.0,1
10330,9038,1.0,1
10331,10514,1.0,1
10332,3778,1.0,1
10333,6798,1.0,1
10334,3304,1.0,1
10335,11266,1.0,1
10336,9679,1.0,1
10337,6685,1.0,1
10338,10195,1.0,1
10339,11925,1.0,1
10340,2509,1.0,1
10341,5470,1.0,1
10342,8253,1.0,1
10343,9388,1.0,1
10344,11834,1.0,1
10345,811,1.0,1
10346,5446,1.0,1
10347,2173,0.5,1
10347,10968,0.5,0
10348,11394,1.0,1
10349,6703,1.0,1
10350,9761,1.0,1
10351,8478,1.0,1
10352,11403,1.0,1
10353,2528,1.0,1
10354,2600,1.0,1
10355,816,0.5,1
10355,8037,0.5,0
10356,7318,1.0,1
10357,8548,1.0,1
10358,3563,1.0,1
10359,9363,1.0,1
10360,4545,1.0,1
10361,11695,1.0,1
10362,9900,1.0,1
10363,4085,1.0,1
10364,2547,1.0,1
10365,5399,1.0,1
10366,6134,1.0,1
10367,9366,1.0,1
10368,11529,1.0,1
10369,11682,1.0,1
10370,2767,1.0,1
10371,6897,1.0,1
10372,7845,1.0,1
10373,11624,1.0,1
10374,6832,1.0,1
10375,735,1.0,1
10376,9858,1.0,1
10377,2030,1.0,1
10378,2705,1.0,1
10379,4980,1.0,1
10380,10874,1.0,1
10381,3476,1.0,1
10382,8916,1.0,1
10383,8855,1.0,1
10384,10537,1.0,1
10385,5776,1.0,1
10386,10324,1.0,1
10387,8795,1.0,1
10388,5810,1.0,1
10389,8846,1.0,1
10390,10596,1.0,1
10391,7728,1.0,1
10392,6996,1.0,1
10393,89,1.0,1
10394,8572,1.0,1
10395,9333,1.0,1
10396,8891,1.0,1
10397,5349,1.0,1
10398,1338,1.0,1
10399,11644,1.0,1
10400,11456,1.0,1
10401,3174,1.0,1
10402,8794,1.0,1
10403,11394,1.0,1
10404,10437,1.0,1
10405,2658,1.0,1
10406,5717,1.0,1
10407,3962,1.0,1
10408,11124,1.0,1
10409,5470,1.0,1
10410,1954,1.0,1
10411,1057,1.0,1
10412,3507,1.0,1
10413,10340,1.0,1
10414,9028,1.0,1
10415,5400,1.0,1
10416,10182,1.0,1
10417,1140,1.0,1
10418,4652,1.0,1
10419,8950,1.0,1
10420,5513,1.0,1
10421,11255,1.0,1
10422,4003,1.0,1
10423,9359,1.0,1
10424,7345,1.0,1
10425,7157,0.25,1
10425,2865,0.25,0
10425,2579,0.25,0
10425,10432,0.25,0
10426,1056,1.0,1
10427,5616,1.0,1
10428,3584,1.0,1
10429,7263,1.0,1
10430,1447,1.0,1
10431,6792,1.0,1
10432,11917,1.0,1
10433,1733,1.0,1
10434,12078,1.0,1
10435,8510,0.5,1
10435,5799,0.5,0
10436,2807,1.0,1
10437,2941,0.333333,1
10437,6376,0.333333,0
10437,6927,0.333333,0
10438,4599,1.0,1
10439,3924,1.0,1
10440,3043,1.0,1
10441,10572,1.0,1
10442,182,1.0,1
10443,2707,1.0,1
10444,575,0.5,1
10444,574,0.5,0
10445,11008,1.0,1
10446,309,1.0,1
10447,6271,1.0,1
10448,9810,0.25,1
10448,10461,0.25,0
10448,1287,0.25,0
10448,6594,0.25,0
10449,10877,1.0,1
10450,1937,1.0,1
10451,1676,1.0,1
10452,8718,1.0,1
10453,1484,1.0,1
10454,748,1.0,1
10455,9075,1.0,1
10456,867,1.0,1
10457,5138,1.0,1
10458,1340,1.0,1
10459,4955,1.0,1
10460,9371,1.0,1
10461,9141,1.0,1
10462,7123,1.0,1
10463,6182,1.0,1
10464,6012,1.0,1
10465,7054,1.0,1
10466,10883,1.0,1
10467,3722,1.0,1
10468,4318,1.0,1
10469,8679,1.0,1
10470,11307,1.0,1
10471,6624,0.5,1
10471,10181,0.5,0
10472,5785,1.0,1
10473,198,1.0,1
10474,5789,1.0,1
10475,5406,1.0,1
10476,4424,1.0,1
10477,5371,1.0,1
10478,11569,1.0,1
10479,9028,1.0,1
10480,4588,1.0,1
10481,1237,1.0,1
10482,4405,1.0,1
10483,6316,1.0,1
10484,10910,1.0,1
10485,150,0.333333,1
10485,6330,0.333333,0
10485,5917,0.333333,0
10486,2547,1.0,1
10487,2112,1.0,1
10488,4811,1.0,1
10489,3318,1.0,1
10490,7671,1.0,1
10491,8876,1.0,1
10492,8723,1.0,1
10493,599,0.5,1
10493,7922,0.5,0
10494,76,1.0,1
10495,4004,1.0,1
10496,12061,1.0,1
10497,10283,1.0,1
10498,5969,1.0,1
10499,11767,1.0,1
10500,10078,1.0,1
10501,9147,1.0,1
10502,7104,1.0,1
10503,11550,1.0,1
10504,1852,1.0,1
10505,3778,1.0,1
10506,1776,1.0,1
10507,1564,1.0,1
10508,3435,1.0,1
10509,9100,1.0,1
10510,10590,1.0,1
10511,6013,1.0,1
10512,4165,1.0,1
10513,2816,1.0,1
10514,9433,1.0,1
10515,11504,1.0,1
10516,2148,1.0,1
10517,12019,1.0,1
10518,7185,1.0,1
10519,5156,1.0,1
10520,8209,1.0,1
10521,1613,1.0,1
10522,7754,1.0,1
10523,10343,1.0,1
10524,9158,1.0,1
10525,374,1.0,1
10526,11001,1.0,1
10527,3923,1.0,1
10528,6378,1.0,1
10529,11586,1.0,1
10530,8516,1.0,1
10531,2770,1.0,1
10532,3990,1.0,1
10533,9236,1.0,1
10534,7305,1.0,1
10535,7491,1.0,1
10536,4446,1.0,1
10537,1407,1.0,1
10538,3131,1.0,1
10539,9078,0.5,1
10539,6003,0.5,0
10540,5528,1.0,1
10541,6222,1.0,1
10542,7351,1.0,1
10543,7468,1.0,1
10544,10512,1.0,1
10545,9782,1.0,1
10546,3585,1.0,1
10547,591,1.0,1
10548,7468,1.0,1
10549,728,1.0,1
10550,4132,1.0,1
10551,4264,0.5,1
10551,4122,0.5,0
10552,1291,1.0,1
10553,2525,1.0,1
10554,6629,1.0,1
10555,9641,1.0,1
10556,11723,1.0,1
10557,1318,1.0,1
10558,5761,1.0,1
10559,11507,0.5,1
10559,11634,0.5,0
10560,2829,1.0,1
10561,1968,1.0,1
10562,6952,1.0,1
10563,9108,1.0,1
10564,7840,1.0,1
10565,8879,1.0,1
10566,1341,1.0,1
10567,5424,1.0,1
10568,10427,1.0,1
10569,7818,1.0,1
10570,9071,1.0,1
10571,10220,1.0,1
10572,11858,1.0,1
10573,8397,1.0,1
10574,9431,1.0,1
10575,2084,1.0,1
10576,6380,1.0,1
10577,10280,1.0,1
10578,1870,1.0,1
10579,184,1.0,1
10580,7340,1.0,1
10581,463,1.0,1
10582,9703,1.0,1
10583,11404,1.0,1
10584,3743,1.0,1
10585,8809,1.0,1
10586,10778,1.0,1
10587,3255,1.0,1
10588,7423,1.0,1
10589,1466,0.5,1
10589,5200,0.5,0
10590,8685,1.0,1
10591,10216,1.0,1
10592,5553,1.0,1
10593,6334,1.0,1
10594,2119,1.0,1
10595,9908,1.0,1
10596,6948,1.0,1
10597,4973,1.0,1
10598,11239,1.0,1
10599,10645,1.0,1
10600,7468,1.0,1
10601,11703,1.0,1
10602,3509,1.0,1
10603,840,1.0,1
10604,4487,0.5,1
10604,5470,0.5,0
10605,5708,1.0,1
10606,2243,1.0,1
10607,11793,1.0,1
10608,8488,1.0,1
10609,4095,1.0,1
10610,7300,1.0,1
10611,2225,1.0,1
10612,6734,1.0,1
10613,7948,1.0,1
10614,5409,1.0,1
10615,2691,1.0,1
10616,2112,1.0,1
10617,463,1.0,1
10618,5819,1.0,1
10619,7331,0.5,1
10619,4979,0.5,0
10620,9645,1.0,1
10621,6731,0.5,1
10621,9023,0.5,0
10622,10304,1.0,1
10623,10037,1.0,1
10624,7107,1.0,1
10625,2325,1.0,1
10626,9989,1.0,1
10627,10808,1.0,1
10628,7860,1.0,1
10629,7442,1.0,1
10630,6017,0.5,1
10630,1420,0.5,0
10631,9275,1.0,1
10632,9228,1.0,1
10633,1614,1.0,1
10634,4495,0.5,1
10634,8841,0.5,0
10635,8500,1.0,1
10636,9015,1.0,1
10637,10588,1.0,1
10638,11314,1.0,1
10639,11733,1.0,1
10640,10422,1.0,1
10641,8579,1.0,1
10642,7642,1.0,1
10643,10992,0.5,1
10643,11012,0.5,0
10644,5812,1.0,1
10645,233,1.0,1
10646,6979,0.25,1
10646,4117,0.25,0
10646,3605,0.25,0
10646,11734,0.25,0
10647,3438,1.0,1
10648,2052,1.0,1
10649,2502,1.0,1
10650,10894,1.0,1
10651,7113,1.0,1
10652,8453,1.0,1
10653,8609,0.5,1
10653,6836,0.5,0
10654,3112,1.0,1
10655,7214,1.0,1
10656,3509,1.0,1
10657,6798,1.0,1
10658,2175,1.0,1
10659,1104,1.0,1
10660,6930,1.0,1
10661,7001,1.0,1
10662,3151,1.0,1
10663,2575,1.0,1
10664,8176,1.0,1
10665,10311,1.0,1
10666,10513,1.0,1
10667,9579,1.0,1
10668,5999,1.0,1
10669,3626,1.0,1
10670,12113,1.0,1
10671,9993,1.0,1
10672,4823,1.0,1
10673,453,1.0,1
10674,3379,1.0,1
10675,2627,0.5,1
10675,3500,0.5,0
10676,4001,1.0,1
10677,9583,1.0,1
10678,10915,1.0,1
10679,503,1.0,1
10680,1753,1.0,1
10681,7304,1.0,1
10682,6727,1.0,1
10683,4497,1.0,1
10684,7259,1.0,1
10685,8989,1.0,1
10686,534,1.0,1
10687,957,1.0,1
10688,5470,1.0,1
10689,3555,1.0,1
10690,1182,1.0,1
10691,5772,1.0,1
10692,6042,1.0,1
10693,2054,1.0,1
10694,1780,1.0,1
10695,667,1.0,1
10696,5689,1.0,1
10697,6667,1.0,1
10698,1440,1.0,1
10699,12044,1.0,1
10700,3964,1.0,1
10701,1318,1.0,1
10702,10860,1.0,1
10703,2915,0.5,1
10703,380,0.5,0
10704,2284,1.0,1
10705,5698,1.0,1
10706,2608,1.0,1
10707,7187,1.0,1
10708,5174,1.0,1
10709,7573,0.5,1
10709,8433,0.5,0
10710,9447,1.0,1
10711,5812,1.0,1
10712,2780,1.0,1
10713,11225,1.0,1
10714,2331,1.0,1
10715,2884,0.5,1
10715,4306,0.5,0
10716,5427,1.0,1
10717,8716,0.5,1
10717,6766,0.5,0
10718,77,1.0,1
10719,10281,1.0,1
10720,11853,1.0,1
10721,9228,1.0,1
10722,7183,1.0,1
10723,2937,1.0,1
10724,6620,1.0,1
10725,6791,1.0,1
10726,1011,1.0,1
10727,8420,1.0,1
10728,4754,1.0,1
10729,5716,0.5,1
10729,8714,0.5,0
10730,2316,0.5,1
10730,8631,0.5,0
10731,3583,1.0,1
10732,9028,1.0,1
10733,5938,1.0,1
10734,11596,1.0,1
10735,4097,0.333333,1
10735,10921,0.333333,0
10735,4,0.333333,0
10736,7134,1.0,1
10737,329,1.0,1
10738,7035,0.5,1
10738,11183,0.5,0
10739,12079,1.0,1
10740,6578,1.0,1
10741,837,1.0,1
10742,7660,1.0,1
10743,10313,1.0,1
10744,2055,1.0,1
10745,3108,1.0,1
10746,6269,1.0,1
10747,10271,1.0,1
10748,11703,1.0,1
10749,10451,1.0,1
10750,10939,1.0,1
10751,2594,1.0,1
10752,5171,1.0,1
10753,10975,1.0,1
10754,2820,1.0,1
10755,912,1.0,1
10756,9979,1.0,1
10757,2243,1.0,1
10758,7468,1.0,1
10759,6118,1.0,1
10760,9092,0.5,1
10760,3778,0.5,0
10761,4801,1.0,1
10762,7847,0.333333,1
10762,10028,0.333333,0
10762,9677,0.333333,0
10763,12037,1.0,1
10764,10451,1.0,1
10765,9743,1.0,1
10766,5158,1.0,1
10767,9028,1.0,1
10768,8516,1.0,1
10769,7704,1.0,1
10770,11864,1.0,1
10771,2621,1.0,1
10772,4690,1.0,1
10773,5329,1.0,1
10774,4330,1.0,1
10775,2392,1.0,1
10776,10639,1.0,1
10777,7382,1.0,1
10778,2905,1.0,1
10779,12131,1.0,1
10780,6617,1.0,1
10781,4436,1.0,1
10782,4795,1.0,1
10783,11858,1.0,1
10784,11926,1.0,1
10785,11960,1.0,1
10786,8064,1.0,1
10787,5470,1.0,1
10788,8632,1.0,1
10789,97,1.0,1
10790,1060,1.0,1
10791,4432,1.0,1
10792,8179,1.0,1
10793,1850,1.0,1
10794,3204,0.333333,1
10794,6805,0.333333,0
10794,4852,0.333333,0
10795,4391,0.5,1
10795,7816,0.5,0
10796,202,1.0,1
10797,11044,1.0,1
10798,9630,1.0,1
10799,10081,1.0,1
10800,5271,1.0,1
10801,1083,1.0,1
10802,3043,1.0,1
10803,9832,1.0,1
10804,8052,1.0,1
10805,3466,1.0,1
10806,9193,1.0,1
10807,9410,1.0,1
10808,2165,1.0,1
10809,3083,1.0,1
10810,3167,1.0,1
10811,10434,1.0,1
10812,9094,1.0,1
10813,1362,1.0,1
10814,11423,1.0,1
10815,2910,1.0,1
10816,1103,1.0,1
10817,4436,1.0,1
10818,2087,0.5,1
10818,2614,0.5,0
10819,5065,1.0,1
10820,3791,1.0,1
10821,11627,1.0,1
10822,6118,1.0,1
10823,11796,1.0,1
10824,5052,1.0,1
10825,1450,1.0,1
10826,8286,1.0,1
10827,2396,1.0,1
10828,2112,1.0,1
10829,4639,1.0,1
10830,1511,1.0,1
10831,6421,1.0,1
10832,5539,1.0,1
10833,7799,1.0,1
10834,11850,1.0,1
10835,9880,1.0,1
10836,45,1.0,1
10837,6702,1.0,1
10838,8794,1.0,1
10839,9232,1.0,1
10840,9132,1.0,1
10841,10476,1.0,1
10842,4386,1.0,1
10843,4264,1.0,1
10844,5470,1.0,1
10845,9866,1.0,1
10846,7693,1.0,1
10847,2426,1.0,1
10848,4765,1.0,1
10849,11050,1.0,1
10850,3778,1.0,1
10851,9850,1.0,1
10852,6105,1.0,1
10853,5654,1.0,1
10854,917,1.0,1
10855,8468,1.0,1
10856,9122,0.5,1
10856,11224,0.5,0
10857,8081,1.0,1
10858,6371,1.0,1
10859,8446,1.0,1
10860,1325,1.0,1
10861,1937,1.0,1
10862,6764,1.0,1
10863,1945,1.0,1
10864,1937,1.0,1
10865,2067,1.0,1
10866,7623,1.0,1
10867,11124,1.0,1
10868,8586,1.0,1
10869,372,1.0,1
10870,11906,1.0,1
10871,3526,1.0,1
10872,4056,1.0,1
10873,2618,1.0,1
10874,1340,1.0,1
10875,10643,1.0,1
10876,7905,1.0,1
10877,7901,1.0,1
10878,3043,1.0,1
10879,5399,1.0,1
10880,9068,1.0,1
10881,10981,1.0,1
10882,1588,1.0,1
10883,4256,1.0,1
10884,1032,1.0,1
10885,4539,1.0,1
10886,2467,1.0,1
10887,1618,1.0,1
10888,11753,1.0,1
10889,11354,1.0,1
10890,2180,1.0,1
10891,953,1.0,1
10892,2783,1.0,1
10893,3378,1.0,1
10894,8832,1.0,1
10895,698,1.0,1
10896,10499,1.0,1
10897,1539,1.0,1
10898,10419,1.0,1
10899,3659,1.0,1
10900,10018,1.0,1
10901,4074,1.0,1
10902,11963,1.0,1
10903,4940,1.0,1
10904,6834,0.5,1
10904,11320,0.5,0
10905,1055,1.0,1
10906,967,1.0,1
10907,3544,1.0,1
10908,3412,1.0,1
10909,5107,1.0,1
10910,5868,1.0,1
10911,6021,1.0,1
10912,370,1.0,1
10913,3722,1.0,1
10914,11557,1.0,1
10915,650,1.0,1
10916,1812,1.0,1
10917,9158,1.0,1
10918,5689,1.0,1
10919,7468,1.0,1
10920,1318,1.0,1
10921,1453,1.0,1
10922,5795,1.0,1
10923,5494,1.0,1
10924,2782,1.0,1
10925,6997,1.0,1
10926,11644,1.0,1
10927,11439,1.0,1
10928,12057,0.5,1
10928,11435,0.5,0
10929,8870,1.0,1
10930,2148,1.0,1
10931,957,1.0,1
10932,9615,1.0,1
10933,11881,1.0,1
10934,3916,1.0,1
10935,2854,1.0,1
10936,3357,1.0,1
10937,5974,1.0,1
10938,8031,1.0,1
10939,6584,1.0,1
10940,5758,1.0,1
10941,6582,1.0,1
10942,7182,1.0,1
10943,247,1.0,1
10944,11851,1.0,1
10945,5492,1.0,1
10946,5171,1.0,1
10947,2934,1.0,1
10948,10015,1.0,1
10949,7468,1.0,1
10950,849,1.0,1
10951,8085,1.0,1
10952,4013,1.0,1
10953,9029,1.0,1
10954,3867,0.25,1
10954,5893,0.25,0
10954,737,0.25,0
10954,2239,0.25,0
10955,2230,1.0,1
10956,4579,0.5,1
10956,8252,0.5,0
10957,8183,1.0,1
10958,4024,1.0,1
10959,11876,1.0,1
10960,500,1.0,1
10961,2655,1.0,1
10962,2993,1.0,1
10963,5079,1.0,1
10964,160,1.0,1
10965,4955,1.0,1
10966,897,0.5,1
10966,7923,0.5,0
10967,3949,1.0,1
10968,625,1.0,1
10969,1811,1.0,1
10970,3638,0.5,1
10970,3162,0.5,0
10971,10074,1.0,1
10972,2627,0.5,1
10972,3500,0.5,0
10973,4588,1.0,1
10974,9801,1.0,1
10975,553,1.0,1
10976,7818,1.0,1
10977,484,1.0,1
10978,6751,1.0,1
10979,1932,1.0,1
10980,5416,1.0,1
10981,3432,1.0,1
10982,11088,1.0,1
10983,7503,0.5,1
10983,10595,0.5,0
10984,5043,1.0,1
10985,7763,1.0,1
10986,6361,1.0,1
10987,10484,1.0,1
10988,9194,1.0,1
10989,1241,0.5,1
10989,6807,0.5,0
10990,550,1.0,1
10991,7549,1.0,1
10992,9698,1.0,1
10993,9823,0.5,1
10993,9825,0.5,0
10994,11261,1.0,1
10995,1827,1.0,1
10996,5914,1.0,1
10997,1762,1.0,1
10998,4152,1.0,1
10999,7143,1.0,1
11000,9752,1.0,1
11001,3968,1.0,1
11002,4782,1.0,1
11003,9051,1.0,1
11004,9807,1.0,1
11005,3500,1.0,1
11006,5171,1.0,1
11007,10216,1.0,1
11008,10891,1.0,1
11009,4700,1.0,1
11010,7547,1.0,1
11011,10612,1.0,1
11012,11899,1.0,1
11013,5729,1.0,1
11014,12090,1.0,1
11015,6579,1.0,1
11016,8504,1.0,1
11017,10880,1.0,1
11018,4844,1.0,1
11019,11445,1.0,1
11020,10642,1.0,1
11021,6742,1.0,1
11022,9818,1.0,1
11023,10115,1.0,1
11024,992,1.0,1
11025,5436,1.0,1
11026,6811,1.0,1
11027,7539,1.0,1
11028,1397,1.0,1
11029,10767,1.0,1
11030,7996,1.0,1
11031,924,1.0,1
11032,3164,1.0,1
11033,2009,1.0,1
11034,1811,1.0,1
11035,7891,1.0,1
11036,7162,1.0,1
11037,10822,1.0,1
11038,5171,1.0,1
11039,11431,1.0,1
11040,2537,1.0,1
11041,11034,1.0,1
11042,4595,1.0,1
11043,10996,1.0,1
11044,1,1.0,1
11045,9388,1.0,1
11046,9684,1.0,1
11047,10005,1.0,1
11048,6316,1.0,1
11049,784,1.0,1
11050,7053,1.0,1
11051,6633,0.5,1
11051,9309,0.5,0
11052,9028,1.0,1
11053,10055,1.0,1
11054,9378,1.0,1
11055,7369,1.0,1
11056,3005,1.0,1
11057,9434,1.0,1
11058,2361,1.0,1
11059,11471,1.0,1
11060,4581,1.0,1
11061,7773,1.0,1
11062,10822,1.0,1
11063,1375,1.0,1
11064,8241,1.0,1
11065,4090,1.0,1
11066,8825,1.0,1
11067,5389,1.0,1
11068,1395,1.0,1
11069,6151,1.0,1
11070,7689,0.5,1
11070,3689,0.5,0
11071,937,1.0,1
11072,4101,1.0,1
11073,3409,1.0,1
11074,10846,1.0,1
11075,1583,1.0,1
11076,7452,1.0,1
11077,3597,1.0,1
11078,9843,1.0,1
11079,9510,1.0,1
11080,6954,1.0,1
11081,5329,1.0,1
11082,7593,1.0,1
11083,5181,0.333333,1
11083,8211,0.333333,0
11083,8533,0.333333,0
11084,3457,1.0,1
11085,4284,1.0,1
11086,2342,1.0,1
11087,4906,1.0,1
11088,2164,1.0,1
11089,6144,1.0,1
11090,10751,1.0,1
11091,2176,1.0,1
11092,11201,1.0,1
11093,1000,1.0,1
11094,10130,1.0,1
11095,7468,1.0,1
11096,8503,1.0,1
11097,2988,1.0,1
11098,11972,1.0,1
11099,5984,1.0,1
11100,5182,1.0,1
11101,824,1.0,1
11102,1153,1.0,1
11103,7468,1.0,1
11104,6900,1.0,1
11105,2943,1.0,1
11106,7129,1.0,1
11107,3132,1.0,1
11108,2916,1.0,1
11109,6801,1.0,1
11110,11840,0.5,1
11110,11861,0.5,0
11111,10608,1.0,1
11112,5560,1.0,1
11113,7255,1.0,1
11114,8101,1.0,1
11115,7797,1.0,1
11116,3648,1.0,1
11117,9839,1.0,1
11118,5936,1.0,1
11119,10920,1.0,1
11120,9286,1.0,1
11121,4544,1.0,1
11122,2962,1.0,1
11123,10673,1.0,1
11124,3018,0.5,1
11124,2473,0.5,0
11125,9028,1.0,1
11126,3165,1.0,1
11127,11639,1.0,1
11128,2505,1.0,1
11129,7311,1.0,1
11130,1080,1.0,1
11131,1937,1.0,1
11132,4349,1.0,1
11133,6228,0.5,1
11133,9582,0.5,0
11134,12083,1.0,1
11135,1843,1.0,1
11136,10411,1.0,1
11137,2627,1.0,1
11138,9810,0.5,1
11138,10461,0.5,0
11139,11855,1.0,1
11140,3151,1.0,1
11141,9699,0.5,1
11141,3384,0.5,0
11142,7861,1.0,1
11143,7241,1.0,1
11144,8709,1.0,1
11145,4804,1.0,1
11146,1879,1.0,1
11147,10387,0.5,1
11147,8642,0.5,0
11148,3661,1.0,1
11149,9028,1.0,1
11150,11923,1.0,1
11151,3915,1.0,1
11152,8036,0.5,1
11152,3043,0.5,0
11153,7167,1.0,1
11154,10735,1.0,1
11155,3659,0.5,1
11155,5481,0.5,0
11156,11533,1.0,1
11157,5238,1.0,1
11158,9635,1.0,1
11159,8713,0.25,1
11159,6324,0.25,0
11159,1670,0.25,0
11159,5123,0.25,0
11160,9552,1.0,1
11161,5207,1.0,1
11162,843,1.0,1
11163,11083,1.0,1
11164,4013,1.0,1
11165,10116,1.0,1
11166,3694,1.0,1
11167,1887,1.0,1
11168,3260,1.0,1
11169,995,1.0,1
11170,3746,1.0,1
11171,5689,1.0,1
11172,3882,1.0,1
11173,10708,1.0,1
11174,1015,1.0,1
11175,3925,1.0,1
11176,5747,1.0,1
11177,7520,1.0,1
11178,8794,1.0,1
11179,2302,1.0,1
11180,5547,1.0,1
11181,3466,1.0,1
11182,7421,1.0,1
11183,3679,0.333333,1
11183,2471,0.333333,0
11183,8203,0.333333,0
11184,7788,1.0,1
11185,5400,1.0,1
11186,5824,1.0,1
11187,10672,1.0,1
11188,2547,1.0,1
11189,11630,1.0,1
11190,4445,1.0,1
11191,6198,1.0,1
11192,11842,1.0,1
11193,3029,1.0,1
11194,10268,1.0,1
11195,10514,1.0,1
11196,4436,1.0,1
11197,9403,1.0,1
11198,36,1.0,1
11199,4992,1.0,1
11200,10927,1.0,1
11201,5661,1.0,1
11202,455,1.0,1
11203,4741,1.0,1
11204,8248,1.0,1
11205,9003,1.0,1
11206,2134,0.5,1
11206,4954,0.5,0
11207,2420,1.0,1
11208,5876,1.0,1
11209,7756,1.0,1
11210,4247,1.0,1
11211,8176,1.0,1
11212,11879,1.0,1
11213,3681,1.0,1
11214,7250,0.25,1
11214,2338,0.25,0
11214,4178,0.25,0
11214,6345,0.25,0
11215,4799,1.0,1
11216,5948,1.0,1
11217,3385,1.0,1
11218,10856,1.0,1
11219,4723,1.0,1
11220,7810,1.0,1
11221,4084,1.0,1
11222,3574,1.0,1
11223,4822,0.5,1
11223,1952,0.5,0
11224,34,1.0,1
11225,6834,1.0,1
11226,11432,1.0,1
11227,3029,1.0,1
11228,11803,1.0,1
11229,689,1.0,1
11230,8485,1.0,1
11231,2445,1.0,1
11232,3778,1.0,1
11233,2627,1.0,1
11234,1575,1.0,1
11235,5,1.0,1
11236,6384,1.0,1
11237,3755,1.0,1
11238,1217,1.0,1
11239,11614,1.0,1
11240,3076,1.0,1
11241,4341,1.0,1
11242,10364,1.0,1
11243,7141,1.0,1
11244,4984,1.0,1
11245,2164,1.0,1
11246,9371,1.0,1
11247,10348,1.0,1
11248,5511,0.5,1
11248,3879,0.5,0
11249,7446,1.0,1
11250,6911,1.0,1
11251,974,1.0,1
11252,8838,1.0,1
11253,8680,1.0,1
11254,4380,1.0,1
11255,11522,1.0,1
11256,8084,1.0,1
11257,3510,1.0,1
11258,10731,1.0,1
11259,7121,1.0,1
11260,11283,1.0,1
11261,5818,1.0,1
11262,11141,1.0,1
11263,2044,0.5,1
11263,11109,0.5,0
11264,5399,1.0,1
11265,9861,1.0,1
11266,6367,1.0,1
11267,1909,1.0,1
11268,8494,1.0,1
11269,2365,1.0,1
11270,8470,1.0,1
11271,1202,1.0,1
11272,11297,0.5,1
11272,3362,0.5,0
11273,7764,1.0,1
11274,8386,1.0,1
11275,9028,1.0,1
11276,7005,1.0,1
11277,8243,1.0,1
11278,3954,1.0,1
11279,6690,1.0,1
11280,9585,1.0,1
11281,11527,1.0,1
11282,11594,1.0,1
11283,1612,1.0,1
11284,877,1.0,1
11285,6193,1.0,1
11286,1379,1.0,1
11287,1018,1.0,1
11288,7898,1.0,1
11289,5935,1.0,1
11290,10436,0.5,1
11290,228,0.5,0
11291,1971,1.0,1
11292,3029,1.0,1
11293,8583,1.0,1
11294,1727,1.0,1
11295,3163,1.0,1
11296,10596,1.0,1
11297,5571,1.0,1
11298,3100,1.0,1
11299,12064,1.0,1
11300,11978,1.0,1
11301,1725,0.5,1
11301,2158,0.5,0
11302,3287,1.0,1
11303,2772,1.0,1
11304,7834,1.0,1
11305,3687,0.333333,1
11305,6218,0.333333,0
11305,5201,0.333333,0
11306,1837,1.0,1
11307,8341,1.0,1
11308,6390,1.0,1
11309,5099,1.0,1
11310,11009,1.0,1
11311,10951,1.0,1
11312,9134,1.0,1
11313,4224,1.0,1
11314,9835,1.0,1
11315,8467,1.0,1
11316,6381,1.0,1
11317,7670,1.0,1
11318,5765,1.0,1
11319,8409,1.0,1
11320,7037,1.0,1
11321,11875,1.0,1
11322,3731,1.0,1
11323,269,0.5,1
11323,3992,0.5,0
11324,11206,1.0,1
11325,12110,1.0,1
11326,6180,1.0,1
11327,9897,1.0,1
11328,9955,1.0,1
11329,8895,1.0,1
11330,2129,1.0,1
11331,9223,1.0,1
11332,6751,1.0,1
11333,12042,1.0,1
11334,12025,1.0,1
11335,11524,0.5,1
11335,7699,0.5,0
11336,1937,1.0,1
11337,1713,1.0,1
11338,2327,1.0,1
11339,9271,1.0,1
11340,1088,1.0,1
11341,9028,1.0,1
11342,5985,1.0,1
11343,8891,1.0,1
11344,540,1.0,1
11345,11391,1.0,1
11346,2095,1.0,1
11347,6141,1.0,1
11348,3355,1.0,1
11349,4331,1.0,1
11350,1357,1.0,1
11351,564,1.0,1
11352,8239,1.0,1
11353,2874,1.0,1
11354,4177,1.0,1
11355,9818,1.0,1
11356,2627,1.0,1
11357,6386,1.0,1
11358,10805,1.0,1
11359,10919,1.0,1
11360,6418,0.5,1
11360,3770,0.5,0
11361,2290,1.0,1
11362,7239,1.0,1
11363,3886,1.0,1
11364,11719,1.0,1
11365,3029,1.0,1
11366,6982,1.0,1
11367,11762,0.5,1
11367,11760,0.5,0
11368,9445,1.0,1
11369,11698,1.0,1
11370,7998,1.0,1
11371,2062,1.0,1
11372,5223,1.0,1
11373,3647,1.0,1
11374,9023,1.0,1
11375,11168,1.0,1
11376,11801,0.5,1
11376,12120,0.5,0
11377,7620,1.0,1
11378,7415,1.0,1
11379,10429,1.0,1
11380,4965,0.5,1
11380,6228,0.5,0
11381,11456,1.0,1
11382,2909,1.0,1
11383,11480,1.0,1
11384,1814,1.0,1
11385,10176,0.333333,1
11385,9369,0.333333,0
11385,11503,0.333333,0
11386,7155,1.0,1
11387,8702,1.0,1
11388,7674,1.0,1
11389,9810,0.5,1
11389,10461,0.5,0
11390,10446,0.5,1
11390,4813,0.5,0
11391,11536,1.0,1
11392,982,1.0,1
11393,8846,1.0,1
11394,5651,1.0,1
11395,3935,0.5,1
11395,3934,0.5,0
11396,1416,1.0,1
11397,7468,1.0,1
11398,10874,1.0,1
11399,5390,1.0,1
11400,11137,1.0,1
11401,4208,1.0,1
11402,638,1.0,1
11403,7896,1.0,1
11404,8993,0.5,1
11404,6520,0.5,0
11405,7675,1.0,1
11406,5910,1.0,1
11407,6588,1.0,1
11408,886,1.0,1
11409,2673,1.0,1
11410,1996,1.0,1
11411,790,0.333333,1
11411,537,0.333333,0
11411,5630,0.333333,0
11412,6450,1.0,1
11413,4726,1.0,1
11414,3465,1.0,1
11415,12058,1.0,1
11416,8675,1.0,1
11417,11150,1.0,1
11418,7062,1.0,1
11419,1556,1.0,1
11420,6307,1.0,1
11421,3029,1.0,1
11422,11530,1.0,1
11423,9517,1.0,1
11424,5561,1.0,1
11425,8420,1.0,1
11426,4930,1.0,1
11427,9205,1.0,1
11428,9060,1.0,1
11429,1092,1.0,1
11430,3106,1.0,1
11431,10375,1.0,1
11432,8873,1.0,1
11433,165,1.0,1
11434,12,1.0,1
11435,6264,1.0,1
11436,10965,1.0,1
11437,4569,1.0,1
11438,1216,1.0,1
11439,3373,1.0,1
11440,7803,1.0,1
11441,562,0.5,1
11441,4558,0.5,0
11442,9834,1.0,1
11443,4070,1.0,1
11444,7883,1.0,1
11445,5701,1.0,1
11446,10953,1.0,1
11447,7313,1.0,1
11448,3586,1.0,1
11449,11550,1.0,1
11450,9548,1.0,1
11451,9810,0.333333,1
11451,10461,0.333333,0
11451,6594,0.333333,0
11452,10645,1.0,1
11453,9810,0.5,1
11453,10461,0.5,0
11454,1568,1.0,1
11455,2426,1.0,1
11456,3399,1.0,1
11457,252,1.0,1
11458,11022,1.0,1
11459,10664,1.0,1
11460,4860,1.0,1
11461,4925,1.0,1
11462,11863,1.0,1
11463,8916,1.0,1
11464,7772,1.0,1
11465,392,1.0,1
11466,7325,1.0,1
11467,11086,1.0,1
11468,8452,1.0,1
11469,2500,1.0,1
11470,5329,0.5,1
11470,6522,0.5,0
11471,11987,1.0,1
11472,12134,1.0,1
11473,5224,1.0,1
11474,11745,1.0,1
11475,339,1.0,1
11476,4516,1.0,1
11477,12111,1.0,1
11478,8099,1.0,1
11479,1047,1.0,1
11480,5250,0.5,1
11480,10789,0.5,0
11481,12065,1.0,1
11482,2444,1.0,1
11483,8767,1.0,1
11484,11811,0.5,1
11484,11980,0.5,0
11485,8984,1.0,1
11486,844,0.5,1
11486,2120,0.5,0
11487,7635,1.0,1
11488,5585,1.0,1
11489,1517,1.0,1
11490,12087,1.0,1
11491,10440,1.0,1
11492,1686,1.0,1
11493,5529,1.0,1
11494,7394,1.0,1
11495,7615,1.0,1
11496,131,1.0,1
11497,9418,1.0,1
11498,12134,1.0,1
11499,5516,1.0,1
11500,7053,1.0,1
11501,6733,1.0,1
11502,4780,1.0,1
11503,2627,1.0,1
11504,7439,1.0,1
11505,916,1.0,1
11506,11455,1.0,1
11507,4260,1.0,1
11508,5530,1.0,1
11509,9508,1.0,1
11510,6515,1.0,1
11511,11000,0.5,1
11511,355,0.5,0
11512,2956,1.0,1
11513,5091,1.0,1
11514,3728,1.0,1
11515,6620,1.0,1
11516,7426,1.0,1
11517,10267,1.0,1
11518,2224,1.0,1
11519,3778,1.0,1
11520,2627,1.0,1
11521,337,1.0,1
11522,7525,1.0,1
11523,305,1.0,1
11524,8126,1.0,1
11525,9023,1.0,1
11526,1875,1.0,1
11527,9028,1.0,1
11528,4714,1.0,1
11529,2487,1.0,1
11530,10600,1.0,1
11531,1847,1.0,1
11532,570,0.5,1
11532,4267,0.5,0
11533,5341,1.0,1
11534,10238,1.0,1
11535,11271,0.5,1
11535,1768,0.5,0
11536,6432,1.0,1
11537,3260,1.0,1
11538,2132,1.0,1
11539,8158,1.0,1
11540,2574,1.0,1
11541,11577,1.0,1
11542,9681,1.0,1
11543,5470,1.0,1
11544,9630,1.0,1
11545,4787,1.0,1
11546,2105,1.0,1
11547,4610,1.0,1
11548,11112,1.0,1
11549,1432,0.5,1
11549,6066,0.5,0
11550,6661,0.5,1
11550,6539,0.5,0
11551,724,1.0,1
11552,7014,1.0,1
11553,6165,1.0,1
11554,8539,1.0,1
11555,1992,1.0,1
11556,9028,1.0,1
11557,4414,1.0,1
11558,4901,0.5,1
11558,11164,0.5,0
11559,10752,1.0,1
11560,5001,1.0,1
11561,5699,1.0,1
11562,3679,1.0,1
11563,4179,1.0,1
11564,7933,1.0,1
11565,1657,1.0,1
11566,450,1.0,1
11567,116,1.0,1
11568,4374,1.0,1
11569,5929,1.0,1
11570,10440,1.0,1
11571,11009,1.0,1
11572,11306,1.0,1
11573,5877,1.0,1
11574,1614,1.0,1
11575,11981,1.0,1
11576,10542,1.0,1
11577,2154,1.0,1
11578,7284,1.0,1
11579,3850,1.0,1
11580,9607,1.0,1
11581,1916,1.0,1
11582,8075,1.0,1
11583,7925,1.0,1
11584,9000,1.0,1
11585,8803,1.0,1
11586,8320,1.0,1
11587,863,1.0,1
11588,2360,1.0,1
11589,985,1.0,1
11590,2875,1.0,1
11591,2496,1.0,1
11592,11271,0.333333,1
11592,1768,0.333333,0
11592,8212,0.333333,0
11593,6244,1.0,1
11594,4227,0.5,1
11594,8346,0.5,0
11595,9564,1.0,1
11596,5388,1.0,1
11597,468,1.0,1
11598,9362,1.0,1
11599,10549,1.0,1
11600,8364,1.0,1
11601,6959,0.5,1
11601,12006,0.5,0
11602,8496,1.0,1
11603,7297,1.0,1
11604,1951,1.0,1
11605,3514,1.0,1
11606,5400,1.0,1
11607,1156,1.0,1
11608,2633,1.0,1
11609,5171,1.0,1
11610,7777,1.0,1
11611,5171,1.0,1
11612,2806,0.5,1
11612,5081,0.5,0
11613,10851,1.0,1
11614,4612,1.0,1
11615,2409,1.0,1
11616,11598,1.0,1
11617,3988,1.0,1
11618,9566,1.0,1
11619,8390,0.5,1
11619,9810,0.5,0
11620,242,1.0,1
11621,1144,1.0,1
11622,1027,1.0,1
11623,7191,1.0,1
11624,11219,1.0,1
11625,11374,1.0,1
11626,800,1.0,1
11627,5887,1.0,1
11628,10874,1.0,1
11629,11177,1.0,1
11630,7764,1.0,1
11631,1673,1.0,1
11632,8230,1.0,1
11633,2426,1.0,1
11634,10888,1.0,1
11635,7690,1.0,1
11636,9158,1.0,1
11637,1369,1.0,1
11638,1580,1.0,1
11639,3474,1.0,1
11640,9400,0.5,1
11640,7659,0.5,0
11641,5180,0.5,1
11641,10050,0.5,0
11642,3160,1.0,1
11643,2350,1.0,1
11644,9296,0.333333,1
11644,7552,0.333333,0
11644,9499,0.333333,0
11645,8141,1.0,1
11646,11538,1.0,1
11647,2190,1.0,1
11648,6964,1.0,1
11649,7093,1.0,1
11650,11205,1.0,1
11651,2723,1.0,1
11652,6760,1.0,1
11653,7841,1.0,1
11654,7730,1.0,1
11655,9046,1.0,1
11656,8302,1.0,1
11657,11,1.0,1
11658,6998,1.0,1
11659,8420,1.0,1
11660,974,1.0,1
11661,5081,1.0,1
11662,2627,1.0,1
11663,3014,1.0,1
11664,12074,1.0,1
11665,9466,1.0,1
11666,8167,1.0,1
11667,2006,1.0,1
11668,1339,1.0,1
11669,2526,1.0,1
11670,2976,0.5,1
11670,2484,0.5,0
11671,1811,1.0,1
11672,961,1.0,1
11673,10136,1.0,1
11674,6589,1.0,1
11675,1600,1.0,1
11676,2270,1.0,1
11677,3401,1.0,1
11678,3242,1.0,1
11679,6472,1.0,1
11680,5400,1.0,1
11681,8989,1.0,1
11682,10795,1.0,1
11683,6683,1.0,1
11684,2541,1.0,1
11685,9228,1.0,1
11686,357,1.0,1
11687,9797,1.0,1
11688,6804,1.0,1
11689,909,1.0,1
11690,2980,1.0,1
11691,4083,1.0,1
11692,11868,1.0,1
11693,11090,1.0,1
11694,11962,1.0,1
11695,7605,1.0,1
11696,4044,1.0,1
11697,1473,1.0,1
11698,4922,1.0,1
11699,2791,1.0,1
11700,1231,1.0,1
11701,2461,1.0,1
11702,875,1.0,1
11703,6179,1.0,1
11704,4124,1.0,1
11705,5221,1.0,1
11706,10302,1.0,1
11707,9306,1.0,1
11708,10392,1.0,1
11709,8245,1.0,1
11710,9028,1.0,1
11711,4830,1.0,1
11712,7628,0.5,1
11712,5215,0.5,0
11713,9061,1.0,1
11714,312,1.0,1
11715,5470,1.0,1
11716,8835,1.0,1
11717,8411,1.0,1
11718,392,1.0,1
11719,2673,1.0,1
11720,10047,0.25,1
11720,456,0.25,0
11720,6638,0.25,0
11720,1828,0.25,0
11721,10601,1.0,1
11722,10822,1.0,1
11723,4850,1.0,1
11724,10080,1.0,1
11725,7396,1.0,1
11726,6350,1.0,1
11727,1395,1.0,1
11728,5689,1.0,1
11729,8735,1.0,1
11730,6733,1.0,1
11731,2112,1.0,1
11732,200,1.0,1
11733,10461,0.5,1
11733,8390,0.5,0
11734,3030,1.0,1
11735,10507,1.0,1
11736,11899,1.0,1
11737,6519,1.0,1
11738,5399,1.0,1
11739,9403,0.5,1
11739,2627,0.5,0
11740,1549,1.0,1
11741,9526,1.0,1
11742,2112,1.0,1
11743,8618,1.0,1
11744,662,1.0,1
11745,10600,1.0,1
11746,11696,1.0,1
11747,2066,1.0,1
11748,10822,1.0,1
11749,517,1.0,1
11750,2537,1.0,1
11751,5569,1.0,1
11752,8301,1.0,1
11753,9028,1.0,1
11754,888,1.0,1
11755,5878,1.0,1
11756,8485,1.0,1
11757,6481,1.0,1
11758,9195,1.0,1
11759,288,1.0,1
11760,2195,1.0,1
11761,8594,1.0,1
11762,8329,1.0,1
11763,10083,1.0,1
11764,2921,1.0,1
11765,8545,1.0,1
11766,5507,1.0,1
11767,5479,1.0,1
11768,7128,1.0,1
11769,11033,1.0,1
11770,11233,1.0,1
11771,5267,0.5,1
11771,5030,0.5,0
11772,3050,0.5,1
11772,5044,0.5,0
11773,1163,1.0,1
11774,6674,1.0,1
11775,9228,1.0,1
11776,1357,1.0,1
11777,5344,1.0,1
11778,11794,1.0,1
11779,5666,1.0,1
11780,2397,0.333333,1
11780,5672,0.333333,0
11780,7352,0.333333,0
11781,8951,1.0,1
11782,11058,1.0,1
11783,11244,1.0,1
11784,11891,1.0,1
11785,6316,1.0,1
11786,7584,1.0,1
11787,1358,1.0,1
11788,8654,1.0,1
11789,6585,1.0,1
11790,6373,1.0,1
11791,11059,1.0,1
11792,11144,1.0,1
11793,3732,1.0,1
11794,4827,1.0,1
11795,2475,1.0,1
11796,7661,1.0,1
11797,6753,1.0,1
11798,10801,1.0,1
11799,4415,1.0,1
11800,10066,1.0,1
11801,3043,1.0,1
11802,10208,1.0,1
11803,10971,1.0,1
11804,4632,1.0,1
11805,9827,1.0,1
11806,5399,1.0,1
11807,11160,1.0,1
11808,5470,1.0,1
11809,453,1.0,1
11810,5236,1.0,1
11811,11530,1.0,1
11812,3260,1.0,1
11813,1937,1.0,1
11814,9810,0.5,1
11814,10461,0.5,0
11815,301,1.0,1
11816,3262,1.0,1
11817,3411,1.0,1
11818,1866,1.0,1
11819,10447,1.0,1
11820,4872,1.0,1
11821,6859,1.0,1
11822,8811,1.0,1
11823,11703,1.0,1
11824,2267,1.0,1
11825,9628,1.0,1
11826,2118,1.0,1
11827,280,1.0,1
11828,4415,1.0,1
11829,2327,1.0,1
11830,3802,1.0,1
11831,6022,1.0,1
11832,11129,1.0,1
11833,5546,1.0,1
11834,681,1.0,1
11835,10544,1.0,1
11836,899,1.0,1
11837,5497,1.0,1
11838,4170,1.0,1
11839,5825,1.0,1
11840,707,1.0,1
11841,7685,1.0,1
11842,9310,1.0,1
11843,10703,1.0,1
11844,4415,1.0,1
11845,9028,1.0,1
11846,4247,1.0,1
11847,6321,0.5,1
11847,9189,0.5,0
11848,7656,1.0,1
11849,10104,1.0,1
11850,555,1.0,1
11851,6241,1.0,1
11852,2544,1.0,1
11853,1798,1.0,1
11854,11838,1.0,1
11855,7474,1.0,1
11856,4742,1.0,1
11857,4485,1.0,1
11858,4841,1.0,1
11859,8327,1.0,1
11860,586,1.0,1
11861,9908,1.0,1
11862,4597,1.0,1
11863,10417,1.0,1
11864,10844,1.0,1
11865,2627,1.0,1
11866,9799,1.0,1
11867,7818,1.0,1
11868,1139,1.0,1
11869,11255,1.0,1
11870,622,1.0,1
11871,11690,0.333333,1
11871,6981,0.333333,0
11871,3777,0.333333,0
11872,2964,1.0,1
11873,5867,1.0,1
11874,3662,1.0,1
11875,4103,1.0,1
11876,10619,1.0,1
11877,4439,1.0,1
11878,11356,1.0,1
11879,5490,1.0,1
11880,3445,1.0,1
11881,6277,1.0,1
11882,3950,1.0,1
11883,8487,1.0,1
11884,6477,1.0,1
11885,4690,1.0,1
11886,4972,1.0,1
11887,3711,1.0,1
11888,11936,1.0,1
11889,3191,0.5,1
11889,4484,0.5,0
11890,11493,1.0,1
11891,9744,1.0,1
11892,776,1.0,1
11893,9778,1.0,1
11894,5879,1.0,1
11895,3315,1.0,1
11896,622,1.0,1
11897,8032,1.0,1
11898,4675,1.0,1
11899,4080,1.0,1
11900,5470,1.0,1
11901,6949,1.0,1
11902,3029,1.0,1
11903,1188,1.0,1
11904,11170,1.0,1
11905,6374,1.0,1
11906,1813,1.0,1
11907,5321,0.5,1
11907,483,0.5,0
11908,9070,1.0,1
11909,6420,1.0,1
11910,10644,1.0,1
11911,10188,1.0,1
11912,2680,1.0,1
11913,6958,1.0,1
11914,9915,1.0,1
11915,2495,1.0,1
11916,391,0.5,1
11916,11076,0.5,0
11917,1203,1.0,1
11918,8813,1.0,1
11919,2627,1.0,1
11920,7123,1.0,1
11921,9158,1.0,1
11922,5822,1.0,1
11923,4231,1.0,1
11924,2848,1.0,1
11925,1994,1.0,1
11926,1872,1.0,1
11927,4137,1.0,1
11928,1887,1.0,1
11929,2627,1.0,1
11930,1383,1.0,1
11931,3494,0.5,1
11931,258,0.5,0
11932,10318,1.0,1
11933,6470,1.0,1
11934,7123,1.0,1
11935,7225,1.0,1
11936,2505,1.0,1
11937,9229,0.5,1
11937,472,0.5,0
11938,7919,1.0,1
11939,8361,1.0,1
11940,4001,1.0,1
11941,6035,1.0,1
11942,3034,1.0,1
11943,5417,0.5,1
11943,12024,0.5,0
11944,11915,1.0,1
11945,5340,1.0,1
11946,6331,1.0,1
11947,8538,1.0,1
11948,2627,1.0,1
11949,4791,1.0,1
11950,12046,1.0,1
11951,4900,1.0,1
11952,1286,1.0,1
11953,5831,1.0,1
11954,9810,0.5,1
11954,10461,0.5,0
11955,5400,1.0,1
11956,5329,0.5,1
11956,6522,0.5,0
11957,11665,1.0,1
11958,6118,1.0,1
11959,10284,1.0,1
11960,11971,1.0,1
11961,8728,1.0,1
11962,10835,1.0,1
11963,3430,1.0,1
11964,8004,1.0,1
11965,10550,1.0,1
11966,5846,1.0,1
11967,1238,1.0,1
11968,8662,1.0,1
11969,8869,1.0,1
11970,3223,1.0,1
11971,9028,1.0,1
11972,11995,1.0,1
11973,7474,1.0,1
11974,9028,1.0,1
11975,7677,1.0,1
11976,2254,0.5,1
11976,1742,0.5,0
11977,10414,1.0,1
11978,11091,1.0,1
11979,2189,1.0,1
11980,10652,1.0,1
11981,6359,1.0,1
11982,9999,1.0,1
11983,11423,1.0,1
11984,7094,1.0,1
11985,9423,1.0,1
11986,8678,1.0,1
11987,1062,1.0,1
11988,10783,1.0,1
11989,8806,1.0,1
11990,4792,1.0,1
11991,9404,1.0,1
11992,9456,1.0,1
11993,11896,1.0,1
11994,7448,1.0,1
11995,3260,1.0,1
11996,10230,1.0,1
11997,5476,1.0,1
11998,8146,1.0,1
11999,2840,1.0,1
12000,10862,0.5,1
12000,7976,0.5,0
12001,11377,1.0,1
12002,7268,1.0,1
12003,4516,1.0,1
12004,4236,1.0,1
12005,9774,1.0,1
12006,8300,1.0,1
12007,2246,1.0,1
12008,9814,1.0,1
12009,2572,1.0,1
12010,5084,1.0,1
12011,2708,1.0,1
12012,5859,1.0,1
12013,7577,1.0,1
12014,1115,1.0,1
12015,10814,1.0,1
12016,1642,1.0,1
12017,7911,1.0,1
12018,5562,1.0,1
12019,6451,1.0,1
12020,3225,1.0,1
12021,7669,1.0,1
12022,5368,1.0,1
12023,9228,1.0,1
12024,10672,1.0,1
12025,134,1.0,1
12026,3043,1.0,1
12027,5470,1.0,1
12028,4785,1.0,1
12029,11323,1.0,1
12030,11088,1.0,1
12031,845,1.0,1
12032,8407,1.0,1
12033,6160,1.0,1
12034,8981,1.0,1
12035,4939,1.0,1
12036,4851,1.0,1
12037,6287,1.0,1
12038,9060,1.0,1
12039,7941,1.0,1
12040,1009,1.0,1
12041,11815,1.0,1
12042,11599,1.0,1
12043,4743,1.0,1
12044,7440,1.0,1
12045,2434,1.0,1
12046,3696,1.0,1
12047,10153,1.0,1
12048,3630,1.0,1
12049,7015,1.0,1
12050,7361,1.0,1
12051,8469,1.0,1
12052,1803,1.0,1
12053,2075,1.0,1
12054,4449,1.0,1
12055,4013,1.0,1
12056,10095,1.0,1
12057,7413,1.0,1
12058,120,1.0,1
12059,1792,1.0,1
12060,5247,1.0,1
12061,3898,1.0,1
12062,6798,1.0,1
12063,146,1.0,1
12064,4207,1.0,1
12065,7198,1.0,1
12066,4352,1.0,1
12067,5404,1.0,1
12068,680,1.0,1
12069,10787,1.0,1
12070,6101,1.0,1
12071,9302,1.0,1
12072,11409,1.0,1
12073,12127,1.0,1
12074,3029,1.0,1
12075,9154,0.2,1
12075,1435,0.2,0
12075,11171,0.2,0
12075,11035,0.2,0
12075,903,0.2,0
12076,72,1.0,1
12077,6778,1.0,1
12078,1512,1.0,1
12079,3138,1.0,1
12080,648,1.0,1
12081,8609,0.5,1
12081,6837,0.5,0
12082,1963,1.0,1
12083,5400,1.0,1
12084,5743,1.0,1
12085,9228,1.0,1
12086,6316,1.0,1
12087,2089,1.0,1
12088,3522,1.0,1
12089,7530,1.0,1
12090,1647,1.0,1
12091,1554,1.0,1
12092,2627,1.0,1
12093,4299,1.0,1
12094,11922,1.0,1
12095,2531,1.0,1
12096,2742,1.0,1
12097,7893,1.0,1
12098,2755,1.0,1
12099,1821,1.0,1
12100,11513,1.0,1
12101,6531,1.0,1
12102,7754,1.0,1
12103,7946,1.0,1
12104,7451,0.2,1
12104,10797,0.2,0
12104,6894,0.2,0
12104,4877,0.2,0
12104,7366,0.2,0
12105,5146,1.0,1
12106,10385,1.0,1
12107,6458,1.0,1
12108,4446,1.0,1
12109,3086,1.0,1
12110,11484,1.0,1
12111,9640,1.0,1
12112,3663,1.0,1
12113,10514,1.0,1
12114,9290,1.0,1
12115,1746,1.0,1
12116,11941,1.0,1
12117,1647,1.0,1
12118,8506,0.25,1
12118,8589,0.25,0
12118,4923,0.25,0
12118,8588,0.25,0
12119,9603,1.0,1
12120,7722,1.0,1
12121,1903,1.0,1
12122,6971,1.0,1
12123,10455,0.5,1
12123,10565,0.5,0
12124,9649,1.0,1
12125,7857,1.0,1
12126,9982,1.0,1
12127,7184,0.5,1
12127,6636,0.5,0
12128,3929,1.0,1
12129,5132,1.0,1
12130,5313,1.0,1
12131,7004,1.0,1
12132,11277,1.0,1
12133,5372,1.0,1
12134,9276,1.0,1
12135,79,1.0,1
12136,9650,1.0,1
12137,9263,1.0,1
12138,3383,1.0,1
12139,11135,0.5,1
12139,10712,0.5,0
12140,2177,1.0,1
12141,11272,1.0,1
12142,8485,1.0,1
12143,2121,1.0,1
12144,6059,1.0,1
12145,3712,1.0,1
12146,6342,1.0,1
12147,5898,1.0,1
12148,1842,1.0,1
12149,3622,1.0,1
12150,93,1.0,1
12151,1034,1.0,1
12152,1244,1.0,1
12153,4280,1.0,1
12154,6179,1.0,1
12155,3218,1.0,1
12156,2115,1.0,1
12157,4173,0.5,1
12157,2216,0.5,0
12158,8033,1.0,1
12159,9028,1.0,1
12160,6966,0.5,1
12160,1802,0.5,0
12161,2116,1.0,1
12162,12107,1.0,1
12163,4264,1.0,1
12164,7419,1.0,1
12165,2091,1.0,1
12166,11229,1.0,1
12167,10485,1.0,1
12168,2993,1.0,1
12169,9778,1.0,1
12170,8628,1.0,1
12171,9804,1.0,1
12172,10822,1.0,1
12173,6507,1.0,1
12174,1546,1.0,1
12175,11091,1.0,1
12176,4561,1.0,1
12177,10822,1.0,1
12178,4835,1.0,1
12179,3137,1.0,1
12180,5689,1.0,1
12181,3043,1.0,1
12182,11947,1.0,1
12183,4652,1.0,1
12184,8928,1.0,1
12185,7103,1.0,1
12186,8701,1.0,1
12187,4471,1.0,1
12188,4628,1.0,1
12189,1090,0.5,1
12189,10147,0.5,0
12190,405,1.0,1
12191,6922,1.0,1
12192,1768,0.333333,1
12192,11271,0.333333,0
12192,8212,0.333333,0
12193,3837,1.0,1
12194,7118,1.0,1
12195,4130,1.0,1
12196,500,1.0,1
12197,10786,1.0,1
12198,5927,1.0,1
12199,5643,1.0,1
12200,7701,1.0,1
12201,327,1.0,1
12202,4825,1.0,1
12203,335,1.0,1
12204,6620,1.0,1
12205,3571,1.0,1
12206,6620,1.0,1
12207,5400,1.0,1
12208,2102,1.0,1
12209,11073,1.0,1
12210,5253,1.0,1
12211,7468,1.0,1
12212,4264,0.5,1
12212,4122,0.5,0
12213,441,1.0,1
12214,5470,1.0,1
12215,166,1.0,1
12216,11449,1.0,1
12217,2409,1.0,1
12218,10998,1.0,1
12219,10567,1.0,1
12220,7646,1.0,1
12221,1450,1.0,1
12222,409,1.0,1
12223,1761,1.0,1
12224,5305,1.0,1
12225,9907,1.0,1
12226,5083,1.0,1
12227,1511,1.0,1
12228,10492,1.0,1
12229,6396,1.0,1
12230,621,0.333333,1
12230,8111,0.333333,0
12230,2732,0.333333,0
12231,5740,1.0,1
12232,392,1.0,1
12233,10674,1.0,1
12234,3904,1.0,1
12235,3733,1.0,1
12236,5099,1.0,1
12237,8505,1.0,1
12238,2627,1.0,1
12239,5219,1.0,1
12240,2627,1.0,1
12241,5400,1.0,1
12242,2961,1.0,1
12243,6316,1.0,1
12244,1128,1.0,1
12245,5689,1.0,1
12246,2199,1.0,1
12247,3812,1.0,1
12248,2627,1.0,1
12249,2881,1.0,1
12250,9769,1.0,1
12251,10602,1.0,1
12252,8321,1.0,1
12253,11992,1.0,1
12254,10514,1.0,1
12255,3407,1.0,1
12256,11935,1.0,1
12257,5425,1.0,1
12258,10119,0.5,1
12258,9032,0.5,0
12259,8424,1.0,1
12260,5167,1.0,1
12261,1475,0.5,1
12261,1474,0.5,0
12262,9364,1.0,1
12263,2423,1.0,1
12264,608,1.0,1
12265,4327,1.0,1
12266,4264,1.0,1
12267,1565,1.0,1
12268,9772,1.0,1
12269,9810,0.5,1
12269,10461,0.5,0
12270,7053,1.0,1
12271,2472,1.0,1
12272,3316,1.0,1
12273,10596,1.0,1
12274,11961,1.0,1
12275,7468,1.0,1
12276,7356,1.0,1
12277,5392,1.0,1
12278,4131,1.0,1
12279,533,1.0,1
12280,3125,1.0,1
12281,10995,1.0,1
12282,5816,1.0,1
12283,2569,1.0,1
12284,960,1.0,1
12285,11814,1.0,1
12286,10180,1.0,1
12287,4020,1.0,1
12288,80,1.0,1
12289,2123,1.0,1
12290,6913,1.0,1
12291,1149,1.0,1
12292,8873,1.0,1
12293,2891,0.5,1
12293,11653,0.5,0
12294,1811,1.0,1
12295,4338,1.0,1
12296,4895,1.0,1
12297,1537,1.0,1
12298,5664,1.0,1
12299,2551,1.0,1
12300,11961,1.0,1
12301,5219,1.0,1
12302,10366,1.0,1
12303,4819,1.0,1
12304,7981,1.0,1
12305,1123,1.0,1
12306,2813,1.0,1
12307,7818,1.0,1
12308,11785,1.0,1
12309,2172,1.0,1
12310,2627,1.0,1
12311,547,1.0,1
12312,1324,1.0,1
12313,4445,1.0,1
12314,10017,1.0,1
12315,2231,1.0,1
12316,10249,1.0,1
12317,8473,1.0,1
12318,10887,1.0,1
12319,4682,1.0,1
12320,4695,1.0,1
12321,9001,1.0,1
12322,8624,1.0,1
12323,11903,1.0,1
12324,8747,1.0,1
12325,8552,1.0,1
12326,3946,1.0,1
12327,576,0.333333,1
12327,3880,0.333333,0
12327,10060,0.333333,0
12328,5710,1.0,1
12329,7896,1.0,1
12330,11048,1.0,1
12331,6179,1.0,1
12332,5740,1.0,1
12333,3500,1.0,1
12334,539,1.0,1
12335,11825,1.0,1
12336,7206,1.0,1
12337,4768,1.0,1
12338,10628,1.0,1
12339,3043,1.0,1
12340,8489,1.0,1
12341,10078,1.0,1
12342,6315,1.0,1
12343,11970,1.0,1
12344,5713,1.0,1
12345,4254,1.0,1
12346,1974,1.0,1
12347,7373,1.0,1
12348,874,1.0,1
12349,2993,1.0,1
12350,11645,1.0,1
12351,1970,1.0,1
12352,9028,1.0,1
12353,2016,1.0,1
12354,3084,1.0,1
12355,970,1.0,1
12356,2161,1.0,1
12357,3087,1.0,1
12358,5827,1.0,1
12359,11343,1.0,1
12360,4410,1.0,1
12361,789,1.0,1
12362,9028,1.0,1
12363,1368,1.0,1
12364,9028,1.0,1
12365,4873,1.0,1
12366,5329,0.5,1
12366,6522,0.5,0
12367,8609,0.5,1
12367,6836,0.5,0
12368,8536,1.0,1
12369,3809,1.0,1
12370,8707,1.0,1
12371,1672,1.0,1
12372,2370,1.0,1
12373,10900,1.0,1
12374,5648,1.0,1
12375,7929,1.0,1
12376,8471,1.0,1
12377,7956,1.0,1
12378,2300,1.0,1
12379,4524,1.0,1
12380,3043,1.0,1
12381,6102,1.0,1
12382,6561,1.0,1
12383,638,1.0,1
12384,8994,1.0,1
12385,11510,1.0,1
12386,8918,1.0,1
12387,10357,1.0,1
12388,9933,1.0,1
12389,11938,1.0,1
12390,4764,0.5,1
12390,5893,0.5,0
12391,10544,1.0,1
12392,2353,1.0,1
12393,2750,1.0,1
12394,1749,1.0,1
12395,11091,1.0,1
12396,5423,1.0,1
12397,11434,1.0,1
12398,8710,1.0,1
12399,6670,1.0,1
12400,692,1.0,1
12401,5400,1.0,1
12402,7430,1.0,1
12403,7389,1.0,1
12404,7373,1.0,1
12405,3743,1.0,1
12406,5879,1.0,1
12407,53,1.0,1
12408,8402,1.0,1
12409,7818,1.0,1
12410,5302,1.0,1
12411,5234,1.0,1
12412,5245,1.0,1
12413,5456,1.0,1
12414,2156,1.0,1
12415,5695,1.0,1
12416,11040,1.0,1
12417,6036,1.0,1
12418,1183,1.0,1
12419,5358,1.0,1
12420,7346,0.5,1
12420,3155,0.5,0
12421,1116,1.0,1
12422,10505,1.0,1
12423,1836,1.0,1
12424,3394,0.5,1
12424,8204,0.5,0
12425,5952,1.0,1
12426,3657,1.0,1
12427,9753,1.0,1
12428,4366,1.0,1
12429,8472,1.0,1
12430,3618,1.0,1
12431,2691,1.0,1
12432,2973,1.0,1
12433,321,1.0,1
12434,9656,1.0,1
12435,1105,1.0,1
12436,9797,1.0,1
12437,5703,0.5,1
12437,711,0.5,0
12438,10609,1.0,1
12439,5549,1.0,1
12440,4348,1.0,1
12441,3260,1.0,1
12442,2269,1.0,1
12443,7124,1.0,1
12444,5548,1.0,1
12445,8881,1.0,1
12446,7218,1.0,1
12447,3508,1.0,1
12448,11919,1.0,1
12449,10236,1.0,1
12450,11855,1.0,1
12451,9810,0.333333,1
12451,10461,0.333333,0
12451,7902,0.333333,0
12452,8255,1.0,1
12453,8049,1.0,1
12454,4084,1.0,1
12455,5687,1.0,1
12456,5704,1.0,1
12457,4849,0.25,1
12457,5325,0.25,0
12457,4970,0.25,0
12457,4549,0.25,0
12458,6485,1.0,1
12459,1811,1.0,1
12460,7672,1.0,1
12461,7468,1.0,1
12462,11441,1.0,1
12463,10770,1.0,1
12464,1730,1.0,1
12465,2232,1.0,1
12466,4747,1.0,1
12467,9197,1.0,1
12468,8452,1.0,1
12469,2329,1.0,1
12470,505,1.0,1
12471,6397,1.0,1
12472,1461,1.0,1
12473,1698,1.0,1
12474,1737,1.0,1
12475,8221,1.0,1
12476,4365,1.0,1
12477,5887,1.0,1
12478,1439,0.5,1
12478,9988,0.5,0
12479,2372,1.0,1
12480,9156,1.0,1
12481,752,1.0,1
12482,5832,1.0,1
12483,12130,1.0,1
12484,3338,1.0,1
12485,593,0.5,1
12485,3099,0.5,0
12486,2815,1.0,1
12487,8221,1.0,1
12488,5400,1.0,1
12489,7777,1.0,1
12490,4749,1.0,1
12491,8452,1.0,1
12492,10465,1.0,1
12493,1631,0.333333,1
12493,3813,0.333333,0
12493,1664,0.333333,0
12494,3043,1.0,1
12495,7020,1.0,1
12496,6398,1.0,1
12497,1151,1.0,1
12498,7590,1.0,1
12499,8095,1.0,1
12500,4075,1.0,1
12501,6892,1.0,1
12502,579,1.0,1
12503,4910,1.0,1
12504,8452,1.0,1
12505,3628,1.0,1
12506,340,1.0,1
12507,2547,1.0,1
12508,488,1.0,1
12509,8494,1.0,1
12510,1470,0.5,1
12510,3723,0.5,0
12511,263,1.0,1
12512,3405,1.0,1
12513,5401,1.0,1
12514,10241,1.0,1
12515,2977,0.333333,1
12515,5798,0.333333,0
12515,7453,0.333333,0
12516,9991,1.0,1
12517,590,0.5,1
12517,167,0.5,0
12518,2988,1.0,1
12519,1260,1.0,1
12520,11904,1.0,1
12521,11055,1.0,1
12522,7150,1.0,1
12523,6910,1.0,1
12524,7221,1.0,1
12525,458,0.333333,1
12525,6635,0.333333,0
12525,6032,0.333333,0
12526,708,1.0,1
12527,10716,1.0,1
12528,9203,1.0,1
12529,7209,1.0,1
12530,6294,1.0,1
12531,6504,1.0,1
12532,1319,1.0,1
12533,2174,1.0,1
12534,7726,1.0,1
12535,3084,1.0,1
12536,756,1.0,1
12537,1985,1.0,1
12538,4257,1.0,1
12539,5229,1.0,1
12540,1029,1.0,1
12541,6436,0.5,1
12541,4964,0.5,0
12542,10371,1.0,1
12543,7725,1.0,1
12544,4347,1.0,1
12545,3277,1.0,1
12546,5353,1.0,1
12547,2704,0.5,1
12547,3636,0.5,0
12548,2627,1.0,1
12549,8684,1.0,1
12550,6197,0.5,1
12550,3115,0.5,0
12551,11209,1.0,1
12552,7468,1.0,1
12553,8165,1.0,1
12554,210,1.0,1
12555,5689,1.0,1
12556,9653,1.0,1
12557,10162,1.0,1
12558,5113,1.0,1
12559,9266,1.0,1
12560,7059,1.0,1
12561,6768,1.0,1
12562,6252,1.0,1
12563,2555,1.0,1
12564,9668,1.0,1
12565,4121,1.0,1
12566,2697,1.0,1
12567,9350,1.0,1
12568,11846,1.0,1
12569,125,1.0,1
12570,5681,1.0,1
12571,5851,1.0,1
12572,3922,1.0,1
12573,3834,1.0,1
12574,10352,0.5,1
12574,6704,0.5,0
12575,5074,0.5,1
12575,11775,0.5,0
12576,9705,1.0,1
12577,9321,1.0,1
12578,5835,1.0,1
12579,10822,1.0,1
12580,9207,1.0,1
12581,5845,1.0,1
12582,11425,1.0,1
12583,10253,1.0,1
12584,11304,1.0,1
12585,1869,1.0,1
12586,8103,1.0,1
12587,10497,1.0,1
12588,7758,1.0,1
12589,8812,1.0,1
12590,1913,1.0,1
12591,4910,1.0,1
12592,7501,1.0,1
12593,4517,1.0,1
12594,8448,1.0,1
12595,1384,1.0,1
12596,2434,1.0,1
12597,1867,1.0,1
12598,4629,1.0,1
12599,2108,1.0,1
12600,8946,1.0,1
12601,6985,1.0,1
12602,7044,1.0,1
12603,3814,0.058824,1
12603,6763,0.058824,0
12603,457,0.058824,0
12603,8755,0.058824,0
12603,5793,0.058824,0
12603,1991,0.058824,0
12603,4998,0.058824,0
12603,5619,0.058824,0
12603,6762,0.058824,0
12603,5055,0.058824,0
12603,5212,0.058824,0
12603,6862,0.058824,0
12603,6120,0.058824,0
12603,2886,0.058824,0
12603,536,0.058824,0
12603,4916,0.058824,0
12603,5157,0.058824,0
12604,9089,1.0,1
12605,10314,1.0,1
12606,6124,1.0,1
12607,3357,1.0,1
12608,8229,0.5,1
12608,764,0.5,0
12609,4222,1.0,1
12610,262,1.0,1
12611,1786,1.0,1
12612,5944,1.0,1
12613,2505,1.0,1
12614,3185,1.0,1
12615,10615,1.0,1
12616,6626,1.0,1
12617,10866,1.0,1
12618,5095,1.0,1
12619,7729,1.0,1
12620,2765,1.0,1
12621,12039,1.0,1
12622,1192,0.5,1
12622,6108,0.5,0
12623,2069,1.0,1
12624,1301,1.0,1
12625,2149,1.0,1
12626,11446,1.0,1
12627,8452,1.0,1
12628,10069,0.5,1
12628,1816,0.5,0
12629,6614,1.0,1
12630,2825,1.0,1
12631,8698,1.0,1
12632,4801,1.0,1
12633,7962,1.0,1
12634,8234,1.0,1
12635,3631,1.0,1
12636,5096,1.0,1
12637,4033,1.0,1
12638,2021,1.0,1
12639,4625,1.0,1
12640,489,1.0,1
12641,10931,1.0,1
12642,746,1.0,1
12643,6718,1.0,1
12644,6653,1.0,1
12645,2984,0.333333,1
12645,11352,0.333333,0
12645,11632,0.333333,0
12646,3389,1.0,1
12647,420,1.0,1
12648,1898,1.0,1
12649,9540,1.0,1
12650,6283,1.0,1
12651,3369,1.0,1
12652,706,1.0,1
12653,3844,1.0,1
12654,6791,0.5,1
12654,7242,0.5,0
12655,7420,0.5,1
12655,5628,0.5,0
12656,9261,1.0,1
12657,5624,1.0,1
12658,2381,1.0,1
12659,11757,1.0,1
12660,3790,1.0,1
12661,7190,1.0,1
12662,2703,1.0,1
12663,3607,1.0,1
12664,9912,1.0,1
12665,8651,1.0,1
12666,12132,0.25,1
12666,12136,0.25,0
12666,12135,0.25,0
12666,12137,0.25,0
12667,2214,1.0,1
12668,9192,1.0,1
12669,5773,1.0,1
12670,7392,1.0,1
12671,11395,1.0,1
12672,1125,1.0,1
12673,5988,1.0,1
12674,8717,0.25,1
12674,2626,0.25,0
12674,4565,0.25,0
12674,2416,0.25,0
12675,7942,1.0,1
12676,3706,1.0,1
12677,9905,1.0,1
12678,2194,1.0,1
12679,7817,1.0,1
12680,5339,1.0,1
12681,2971,1.0,1
12682,10260,0.5,1
12682,7298,0.5,0
12683,4092,1.0,1
12684,8297,1.0,1
12685,9076,1.0,1
12686,601,1.0,1
12687,9325,1.0,1
12688,8082,1.0,1
12689,2237,1.0,1
12690,1811,1.0,1
12691,2452,1.0,1
12692,6338,1.0,1
12693,6443,1.0,1
12694,5126,1.0,1
12695,11442,1.0,1
12696,4244,1.0,1
12697,7644,1.0,1
12698,331,0.5,1
12698,8987,0.5,0
12699,2135,1.0,1
12700,9610,1.0,1
12701,11272,1.0,1
12702,2577,1.0,1
12703,7000,1.0,1
12704,1388,1.0,1
12705,11537,1.0,1
12706,276,1.0,1
12707,10148,1.0,1
12708,7292,1.0,1
12709,10248,1.0,1
12710,170,1.0,1
12711,5716,1.0,1
12712,6527,1.0,1
12713,4843,0.5,1
12713,6353,0.5,0
12714,4985,0.5,1
12714,9882,0.5,0
12715,2892,1.0,1
12716,900,1.0,1
12717,4194,1.0,1
12718,943,1.0,1
12719,6343,1.0,1
12720,6243,1.0,1
12721,3756,1.0,1
12722,3640,0.5,1
12722,9608,0.5,0
12723,1069,1.0,1
12724,4183,1.0,1
12725,5493,1.0,1
12726,5468,1.0,1
12727,1515,1.0,1
12728,7967,1.0,1
12729,10103,1.0,1
12730,6906,1.0,1
12731,11498,1.0,1
12732,1637,1.0,1
12733,1952,1.0,1
12734,2581,1.0,1
12735,214,1.0,1
12736,445,1.0,1
12737,215,1.0,1
12738,4009,1.0,1
12739,6179,1.0,1
12740,11345,1.0,1
12741,1079,1.0,1
12742,8626,1.0,1
12743,8297,1.0,1
12744,8297,1.0,1
12745,8769,1.0,1
12746,11608,1.0,1
12747,11598,1.0,1
12748,6460,0.5,1
12748,2692,0.5,0
12749,11974,1.0,1
12750,7039,0.5,1
12750,10864,0.5,0
12751,8787,1.0,1
12752,825,1.0,1
12753,10935,1.0,1
12754,2590,1.0,1
12755,5723,1.0,1
12756,7856,1.0,1
12757,2198,1.0,1
12758,8233,0.5,1
12758,3384,0.5,0
12759,1940,1.0,1
12760,10982,1.0,1
12761,1784,1.0,1
12762,7412,1.0,1
12763,10279,1.0,1
12764,6347,1.0,1
12765,803,1.0,1
12766,8697,1.0,1
12767,11523,1.0,1
12768,8488,1.0,1
12769,5470,1.0,1
12770,9420,1.0,1
12771,2654,1.0,1
12772,345,1.0,1
12773,3017,1.0,1
12774,7392,1.0,1
12775,4667,1.0,1
12776,9873,1.0,1
12777,4456,1.0,1
12778,10765,1.0,1
12779,521,1.0,1
12780,1527,1.0,1
12781,5080,0.5,1
12781,8440,0.5,0
12782,10039,1.0,1
12783,8460,1.0,1
12784,3029,1.0,1
12785,8427,1.0,1
12786,4672,0.5,1
12786,7260,0.5,0
12787,3280,1.0,1
12788,12042,1.0,1
12789,3197,1.0,1
12790,5595,1.0,1
12791,1555,1.0,1
12792,6770,1.0,1
12793,3869,1.0,1
12794,5002,1.0,1
12795,3029,1.0,1
12796,7208,1.0,1
12797,5522,0.5,1
12797,9779,0.5,0
12798,11400,1.0,1
12799,8646,1.0,1
12800,7183,1.0,1
12801,5932,1.0,1
12802,8479,1.0,1
12803,12115,1.0,1
12804,5732,1.0,1
12805,4526,1.0,1
12806,8759,1.0,1
12807,10392,1.0,1
12808,1462,0.5,1
12808,5462,0.5,0
12809,7036,0.5,1
12809,19,0.5,0
12810,2412,0.5,1
12810,2647,0.5,0
12811,7811,1.0,1
12812,2937,1.0,1
12813,9291,1.0,1
12814,6839,1.0,1
12815,7803,1.0,1
12816,3746,1.0,1
12817,4455,1.0,1
12818,7708,1.0,1
12819,8029,1.0,1
12820,3393,1.0,1
12821,3072,1.0,1
12822,6737,1.0,1
12823,3548,1.0,1
12824,7080,1.0,1
12825,6809,1.0,1
12826,11201,1.0,1
12827,2777,1.0,1
12828,5881,1.0,1
12829,6038,1.0,1
12830,10214,1.0,1
12831,9074,1.0,1
12832,4855,1.0,1
12833,4007,1.0,1
12834,11627,1.0,1
12835,2700,1.0,1
12836,9596,1.0,1
12837,4118,1.0,1
12838,4436,1.0,1
12839,11522,1.0,1
12840,5562,1.0,1
12841,6296,1.0,1
12842,9848,1.0,1
12843,656,1.0,1
12844,3196,1.0,1
12845,11547,1.0,1
12846,290,1.0,1
12847,1087,1.0,1
12848,11365,1.0,1
12849,2696,1.0,1
12850,649,1.0,1
12851,769,1.0,1
12852,5470,1.0,1
12853,12070,1.0,1
12854,11182,1.0,1
12855,4957,1.0,1
12856,584,1.0,1
12857,400,0.5,1
12857,399,0.5,0
12858,747,1.0,1
12859,9511,1.0,1
12860,10004,0.5,1
12860,5008,0.5,0
12861,9983,0.5,1
12861,10258,0.5,0
12862,3941,1.0,1
12863,10216,1.0,1
12864,189,1.0,1
12865,5470,1.0,1
12866,4769,1.0,1
12867,1458,1.0,1
12868,4415,1.0,1
12869,10730,1.0,1
12870,9732,1.0,1
12871,3763,1.0,1
12872,3778,1.0,1
12873,9630,1.0,1
12874,2408,0.25,1
12874,8926,0.25,0
12874,6680,0.25,0
12874,2400,0.25,0
12875,491,1.0,1
12876,2494,1.0,1
12877,11625,1.0,1
12878,6090,1.0,1
12879,4379,1.0,1
12880,4436,1.0,1
12881,3464,1.0,1
12882,8894,1.0,1
12883,8826,1.0,1
12884,11235,1.0,1
12885,5973,1.0,1
12886,11530,1.0,1
12887,10148,1.0,1
12888,5028,1.0,1
12889,9028,1.0,1
12890,7019,1.0,1
12891,11134,1.0,1
12892,4287,1.0,1
12893,9170,1.0,1
12894,4463,1.0,1
12895,11859,0.333333,1
12895,11965,0.333333,0
12895,2223,0.333333,0
12896,8297,1.0,1
12897,9767,1.0,1
12898,11103,1.0,1
12899,10806,1.0,1
12900,6646,1.0,1
12901,10558,1.0,1
12902,7266,1.0,1
12903,7034,1.0,1
12904,9694,1.0,1
12905,6890,1.0,1
12906,42,1.0,1
12907,10479,1.0,1
12908,7026,0.5,1
12908,2919,0.5,0
12909,11732,1.0,1
12910,5004,1.0,1
12911,7443,1.0,1
12912,9319,0.5,1
12912,11259,0.5,0
12913,6439,1.0,1
12914,8271,1.0,1
12915,2747,0.5,1
12915,1547,0.5,0
12916,1235,1.0,1
12917,11451,1.0,1
12918,6628,1.0,1
12919,6511,1.0,1
12920,5849,1.0,1
12921,3035,0.333333,1
12921,2900,0.333333,0
12921,11622,0.333333,0
12922,3529,1.0,1
12923,11169,1.0,1
12924,10714,1.0,1
12925,4490,0.5,1
12925,4491,0.5,0
12926,6560,1.0,1
12927,2622,1.0,1
12928,6339,1.0,1
12929,7339,1.0,1
12930,139,0.5,1
12930,18,0.5,0
12931,617,1.0,1
12932,9546,1.0,1
12933,181,0.5,1
12933,12098,0.5,0
12934,2595,1.0,1
12935,9841,1.0,1
12936,9663,1.0,1
12937,9717,1.0,1
12938,1748,1.0,1
12939,8078,1.0,1
12940,6016,1.0,1
12941,10824,1.0,1
12942,3827,1.0,1
12943,6372,1.0,1
12944,4919,1.0,1
12945,5141,1.0,1
12946,1723,1.0,1
12947,7666,1.0,1
12948,5126,1.0,1
12949,6681,1.0,1
12950,7957,1.0,1
12951,6969,1.0,1
12952,1811,1.0,1
12953,6709,1.0,1
12954,8668,1.0,1
12955,8524,1.0,1
12956,4359,1.0,1
12957,2970,1.0,1
12958,9610,1.0,1
12959,5178,0.5,1
12959,4671,0.5,0
12960,1811,1.0,1
12961,7085,1.0,1
12962,9929,1.0,1
12963,11611,1.0,1
12964,1855,1.0,1
12965,11638,1.0,1
12966,5217,1.0,1
12967,11735,0.5,1
12967,5753,0.5,0
12968,5790,1.0,1
12969,11806,1.0,1
12970,710,1.0,1
12971,2690,1.0,1
12972,2982,1.0,1
12973,11588,1.0,1
12974,6579,1.0,1
12975,5467,1.0,1
12976,10420,1.0,1
12977,8458,1.0,1
12978,10406,1.0,1
12979,1108,1.0,1
12980,7434,1.0,1
12981,9096,0.5,1
12981,3052,0.5,0
12982,4724,1.0,1
12983,7288,1.0,1
12984,148,1.0,1
12985,10874,1.0,1
12986,3645,1.0,1
12987,5818,1.0,1
12988,4233,1.0,1
12989,4938,1.0,1
12990,6085,1.0,1
12991,9028,1.0,1
12992,3502,1.0,1
12993,11296,1.0,1
12994,5606,1.0,1
12995,6791,0.5,1
12995,7242,0.5,0
12996,2010,1.0,1
12997,1122,1.0,1
12998,10121,1.0,1
12999,10002,0.071429,1
12999,6348,0.071429,0
12999,4977,0.071429,0
12999,554,0.071429,0
12999,10070,0.071429,0
12999,2803,0.071429,0
12999,1834,0.071429,0
12999,2802,0.071429,0
12999,6055,0.071429,0
12999,5739,0.071429,0
12999,9917,0.071429,0
12999,2584,0.071429,0
12999,7951,0.071429,0
12999,6773,0.071429,0
13000,3367,1.0,1
13001,6211,0.5,1
13001,6100,0.5,0
13002,432,1.0,1
13003,10815,1.0,1
13004,5351,1.0,1
13005,8889,1.0,1
13006,9012,1.0,1
13007,7014,1.0,1
13008,1625,1.0,1
13009,641,1.0,1
13010,5563,1.0,1
13011,5312,1.0,1
13012,6431,1.0,1
13013,9152,1.0,1
13014,8375,1.0,1
13015,11161,1.0,1
13016,10807,1.0,1
13017,7377,1.0,1
13018,734,1.0,1
13019,1177,1.0,1
13020,8159,1.0,1
13021,11633,1.0,1
13022,11933,0.5,1
13022,11932,0.5,0
13023,3047,0.5,1
13023,5334,0.5,0
13024,9958,1.0,1
13025,995,1.0,1
13026,6251,1.0,1
13027,397,1.0,1
13028,1973,1.0,1
13029,3967,1.0,1
13030,5470,1.0,1
13031,752,1.0,1
13032,11121,1.0,1
13033,2684,1.0,1
13034,5027,1.0,1
13035,905,1.0,1
13036,6767,0.5,1
13036,1364,0.5,0
13037,8527,1.0,1
13038,4064,1.0,1
13039,9185,1.0,1
13040,1706,1.0,1
13041,10901,1.0,1
13042,8508,1.0,1
13043,2109,1.0,1
13044,11773,1.0,1
13045,2246,1.0,1
13046,11034,1.0,1
13047,10790,1.0,1
13048,3804,1.0,1
13049,1824,1.0,1
13050,11419,1.0,1
13051,9974,0.5,1
13051,9995,0.5,0
13052,2300,1.0,1
13053,8802,1.0,1
13054,2775,0.5,1
13054,5550,0.5,0
13055,5883,1.0,1
13056,8817,1.0,1
13057,691,1.0,1
13058,11190,1.0,1
13059,113,1.0,1
13060,9557,1.0,1
13061,3792,1.0,1
13062,8266,1.0,1
13063,3095,1.0,1
13064,11789,1.0,1
13065,8939,1.0,1
13066,4661,1.0,1
13067,7065,1.0,1
13068,887,1.0,1
13069,1811,1.0,1
13070,4864,1.0,1
13071,2130,1.0,1
13072,7376,1.0,1
13073,4304,1.0,1
13074,6185,1.0,1
13075,3252,1.0,1
13076,8574,1.0,1
13077,3462,1.0,1
13078,1981,1.0,1
13079,532,1.0,1
13080,9622,1.0,1
13081,8790,1.0,1
13082,5626,1.0,1
13083,11615,1.0,1
13084,7538,1.0,1
13085,7222,1.0,1
13086,1693,1.0,1
13087,10671,1.0,1
13088,5534,1.0,1
13089,5126,1.0,1
13090,6745,1.0,1
13091,5237,1.0,1
13092,11580,1.0,1
13093,561,1.0,1
13094,2826,1.0,1
13095,6442,1.0,1
13096,8670,1.0,1
13097,9750,1.0,1
13098,3270,1.0,1
13099,7351,1.0,1
13100,9226,0.5,1
13100,7409,0.5,0
13101,8256,1.0,1
13102,3860,0.5,1
13102,4824,0.5,0
13103,6515,1.0,1
13104,776,1.0,1
13105,7151,1.0,1
13106,1493,1.0,1
13107,1675,1.0,1
13108,10832,1.0,1
13109,8293,1.0,1
13110,8384,1.0,1
13111,10521,1.0,1
13112,3371,1.0,1
13113,9435,1.0,1
13114,8124,1.0,1
13115,5160,1.0,1
13116,6693,1.0,1
13117,6849,1.0,1
13118,9274,1.0,1
13119,8297,1.0,1
13120,8122,1.0,1
13121,9920,1.0,1
13122,6758,1.0,1
13123,3502,1.0,1
13124,5451,1.0,1
13125,2295,1.0,1
13126,3043,1.0,1
13127,155,1.0,1
13128,4148,1.0,1
13129,4355,0.5,1
13129,7887,0.5,0
13130,9984,0.25,1
13130,4880,0.25,0
13130,8932,0.25,0
13130,452,0.25,0
13131,5752,1.0,1
13132,2823,1.0,1
13133,8488,1.0,1
13134,11162,1.0,1
13135,6015,1.0,1
13136,7810,1.0,1
13137,2497,0.5,1
13137,6493,0.5,0
13138,2318,1.0,1
13139,1085,1.0,1
13140,3342,1.0,1
13141,7139,1.0,1
13142,6751,1.0,1
13143,8452,1.0,1
13144,1770,1.0,1
13145,7058,1.0,1
13146,8681,1.0,1
13147,2312,1.0,1
13148,3524,0.5,1
13148,7657,0.5,0
13149,8128,0.5,1
13149,7961,0.5,0
13150,10930,1.0,1
13151,1775,0.5,1
13151,1686,0.5,0
13152,246,1.0,1
13153,4493,1.0,1
13154,8969,1.0,1
13155,4066,1.0,1
13156,9399,1.0,1
13157,5847,1.0,1
13158,4576,1.0,1
13159,5126,1.0,1
13160,401,1.0,1
13161,12040,0.5,1
13161,10265,0.5,0
13162,2661,1.0,1
13163,177,1.0,1
13164,9616,1.0,1
13165,8141,1.0,1
13166,3953,1.0,1
13167,11902,0.5,1
13167,11940,0.5,0
13168,4862,0.25,1
13168,1682,0.25,0
13168,11063,0.25,0
13168,4889,0.25,0
13169,11650,1.0,1
13170,2937,1.0,1
13171,7473,1.0,1
13172,282,1.0,1
13173,4567,1.0,1
13174,5316,1.0,1
13175,10771,1.0,1
13176,9894,1.0,1
13177,7963,1.0,1
13178,5888,1.0,1
13179,7487,1.0,1
13180,9317,1.0,1
13181,11250,1.0,1
13182,5053,1.0,1
13183,2628,1.0,1
13184,3085,1.0,1
13185,7302,1.0,1
13186,3974,1.0,1
13187,11568,1.0,1
13188,5005,0.5,1
13188,9696,0.5,0
13189,9808,1.0,1
13190,2628,1.0,1
13191,11514,0.5,1
13191,9809,0.5,0
13192,4046,1.0,1
13193,12061,1.0,1
13194,11900,1.0,1
13195,5051,1.0,1
13196,10668,1.0,1
13197,5071,1.0,1
13198,11394,1.0,1
13199,73,1.0,1
13200,635,1.0,1
13201,4241,1.0,1
13202,8909,1.0,1
13203,5126,1.0,1
13204,7736,1.0,1
13205,8054,1.0,1
13206,2628,1.0,1
13207,8970,1.0,1
13208,856,1.0,1
13209,7234,1.0,1
13210,105,1.0,1
13211,8262,1.0,1
13212,5219,1.0,1
13213,8530,1.0,1
13214,7022,1.0,1
13215,10501,1.0,1
13216,4585,1.0,1
13217,8297,1.0,1
13218,656,1.0,1
13219,8216,1.0,1
13220,7412,1.0,1
13221,890,1.0,1
13222,3778,1.0,1
13223,2415,1.0,1
13224,6870,1.0,1
13225,8147,0.5,1
13225,1574,0.5,0
13226,6810,1.0,1
13227,2303,1.0,1
13228,7703,1.0,1
13229,8812,1.0,1
13230,5126,1.0,1
13231,227,1.0,1
13232,9755,1.0,1
13233,9586,1.0,1
13234,2627,1.0,1
13235,3260,1.0,1
13236,443,1.0,1
13237,9857,1.0,1
13238,5546,1.0,1
13239,127,1.0,1
13240,1734,1.0,1
13241,130,1.0,1
13242,1162,0.5,1
13242,9514,0.5,0
13243,4107,1.0,1
13244,4358,1.0,1
13245,5702,1.0,1
13246,1050,1.0,1
13247,9777,1.0,1
13248,12106,1.0,1
13249,10345,1.0,1
13250,8297,1.0,1
13251,5959,1.0,1
13252,11377,1.0,1
13253,7696,1.0,1
13254,5272,1.0,1
13255,5642,1.0,1
13256,7025,1.0,1
13257,11139,1.0,1
13258,6437,0.5,1
13258,8887,0.5,0
13259,40,1.0,1
13260,7665,1.0,1
13261,387,1.0,1
13262,500,1.0,1
13263,3043,1.0,1
13264,2961,1.0,1
13265,5997,1.0,1
13266,8460,1.0,1
13267,9624,1.0,1
13268,1457,1.0,1
13269,6802,1.0,1
13270,3776,1.0,1
13271,3186,1.0,1
13272,4887,1.0,1
13273,2512,1.0,1
13274,907,1.0,1
13275,6148,1.0,1
13276,10470,1.0,1
13277,807,1.0,1
13278,8488,1.0,1
13279,7207,1.0,1
13280,5269,1.0,1
13281,1390,1.0,1
13282,10390,1.0,1
13283,11673,1.0,1
13284,1370,1.0,1
13285,2863,1.0,1
13286,6620,1.0,1
13287,8089,1.0,1
13288,710,1.0,1
13289,6441,1.0,1
13290,6092,1.0,1
13291,5810,1.0,1
13292,10006,0.5,1
13292,4891,0.5,0
13293,995,1.0,1
13294,9290,1.0,1
13295,2721,1.0,1
13296,8862,1.0,1
13297,5832,1.0,1
13298,9713,1.0,1
13299,5289,1.0,1
13300,3043,1.0,1
13301,9594,1.0,1
13302,2313,1.0,1
13303,3702,1.0,1
13304,259,0.5,1
13304,6863,0.5,0
13305,4914,0.333333,1
13305,1934,0.333333,0
13305,2414,0.333333,0
13306,9477,1.0,1
13307,9571,1.0,1
13308,4264,0.5,1
13308,4122,0.5,0
13309,11247,1.0,1
13310,5470,1.0,1
13311,2937,1.0,1
13312,2227,1.0,1
13313,11295,1.0,1
13314,5933,1.0,1
13315,4415,1.0,1
13316,5127,1.0,1
13317,912,1.0,1
13318,6569,1.0,1
13319,7215,1.0,1
13320,11198,1.0,1
13321,4482,1.0,1
13322,4051,1.0,1
13323,169,1.0,1
13324,5706,1.0,1
13325,11228,1.0,1
13326,8837,1.0,1
13327,5514,1.0,1
13328,496,0.5,1
13328,2234,0.5,0
13329,5248,0.5,1
13329,9636,0.5,0
13330,196,1.0,1
13331,11501,1.0,1
13332,9840,1.0,1
13333,3480,1.0,1
13334,5452,1.0,1
13335,2259,1.0,1
13336,9002,1.0,1
13337,4986,1.0,1
13338,11744,1.0,1
13339,7832,1.0,1
13340,7387,1.0,1
13341,8299,1.0,1
13342,4153,1.0,1
13343,795,1.0,1
13344,4572,1.0,1
13345,6826,1.0,1
13346,6735,1.0,1
13347,6241,1.0,1
13348,1667,1.0,1
13349,11313,0.5,1
13349,8686,0.5,0
13350,9077,1.0,1
13351,5818,1.0,1
13352,11689,1.0,1
13353,4015,1.0,1
13354,1361,1.0,1
13355,4200,0.5,1
13355,2846,0.5,0
13356,9456,1.0,1
13357,367,0.5,1
13357,11195,0.5,0
13358,10444,1.0,1
13359,3043,1.0,1
13360,10936,1.0,1
13361,2748,1.0,1
13362,9023,1.0,1
13363,2146,1.0,1
13364,6360,1.0,1
13365,7913,1.0,1
13366,9563,1.0,1
13367,1075,1.0,1
13368,5618,1.0,1
13369,10024,1.0,1
13370,9236,1.0,1
13371,3141,0.5,1
13371,7607,0.5,0
13372,26,1.0,1
13373,6566,1.0,1
13374,1228,1.0,1
13375,797,1.0,1
13376,1744,1.0,1
13377,1350,1.0,1
13378,1881,1.0,1
13379,2817,1.0,1
13380,8105,1.0,1
13381,1915,1.0,1
13382,3324,1.0,1
13383,3979,1.0,1
13384,5011,1.0,1
13385,7614,1.0,1
13386,7392,1.0,1
13387,1306,1.0,1
13388,3502,0.5,1
13388,4135,0.5,0
13389,7608,1.0,1
13390,1811,1.0,1
13391,7023,1.0,1
13392,6132,1.0,1
13393,3770,1.0,1
13394,5073,1.0,1
13395,7414,1.0,1
13396,2279,1.0,1
13397,5307,1.0,1
13398,3402,1.0,1
13399,11976,0.5,1
13399,12013,0.5,0
13400,3927,1.0,1
13401,6697,1.0,1
13402,6675,1.0,1
13403,11597,1.0,1
13404,11311,1.0,1
13405,490,1.0,1
13406,7397,1.0,1
13407,9602,1.0,1
13408,3283,0.5,1
13408,9259,0.5,0
13409,11474,1.0,1
13410,6474,1.0,1
13411,8561,0.5,1
13411,7851,0.5,0
13412,7979,1.0,1
13413,6533,1.0,1
13414,5459,1.0,1
13415,7335,1.0,1
13416,5050,1.0,1
13417,3608,1.0,1
13418,5126,1.0,1
13419,6784,1.0,1
13420,11988,1.0,1
13421,1035,1.0,1
13422,5133,1.0,1
13423,11758,1.0,1
13424,7360,1.0,1
13425,5022,1.0,1
13426,3501,1.0,1
13427,4171,1.0,1
13428,10783,1.0,1
13429,8944,1.0,1
13430,179,0.5,1
13430,5118,0.5,0
13431,3458,1.0,1
13432,1714,1.0,1
13433,1465,1.0,1
13434,9775,1.0,1
13435,5226,1.0,1
13436,6263,1.0,1
13437,859,1.0,1
13438,8542,1.0,1
13439,3055,1.0,1
13440,6530,0.5,1
13440,9686,0.5,0
13441,349,1.0,1
13442,9631,1.0,1
13443,6881,1.0,1
13444,4604,0.333333,1
13444,6861,0.333333,0
13444,569,0.333333,0
13445,1101,1.0,1
13446,2853,1.0,1
13447,5188,1.0,1
13448,835,1.0,1
13449,2771,1.0,1
13450,4784,1.0,1
13451,3063,1.0,1
13452,4868,1.0,1
13453,8710,1.0,1
13454,8276,1.0,1
13455,2142,1.0,1
13456,4978,0.25,1
13456,2645,0.25,0
13456,1380,0.25,0
13456,11290,0.25,0
13457,3656,1.0,1
13458,7754,1.0,1
13459,5246,1.0,1
13460,4081,1.0,1
13461,6158,1.0,1
13462,11950,1.0,1
13463,11429,1.0,1
13464,10251,1.0,1
13465,8738,1.0,1
13466,11531,1.0,1
13467,3692,1.0,1
13468,7379,1.0,1
13469,5721,1.0,1
13470,8475,1.0,1
13471,96,1.0,1
13472,3875,1.0,1
13473,7639,1.0,1
13474,7885,1.0,1
13475,3175,1.0,1
13476,2113,1.0,1
13477,762,1.0,1
13478,5536,1.0,1
13479,7261,1.0,1
13480,2094,1.0,1
13481,10547,1.0,1
13482,4415,1.0,1
13483,3895,1.0,1
13484,5480,1.0,1
13485,7640,1.0,1
13486,8455,1.0,1
13487,4546,1.0,1
13488,4031,1.0,1
13489,419,1.0,1
13490,8990,1.0,1
13491,722,1.0,1
13492,3996,1.0,1
13493,2212,1.0,1
13494,8460,1.0,1
13495,5342,1.0,1
13496,7476,1.0,1
13497,469,1.0,1
13498,2567,1.0,1
13499,9659,1.0,1
13500,5185,1.0,1
13501,12049,1.0,1
13502,5288,1.0,1
13503,9980,0.0625,1
13503,8682,0.0625,0
13503,2403,0.0625,0
13503,7899,0.0625,0
13503,8554,0.0625,0
13503,1126,0.0625,0
13503,2911,0.0625,0
13503,3059,0.0625,0
13503,5324,0.0625,0
13503,2057,0.0625,0
13503,10606,0.0625,0
13503,4205,0.0625,0
13503,5709,0.0625,0
13503,5994,0.0625,0
13503,8557,0.0625,0
13503,1456,0.0625,0
13504,1354,1.0,1
13505,8580,1.0,1
13506,5634,1.0,1
13507,6751,1.0,1
13508,12004,1.0,1
13509,516,1.0,1
13510,734,1.0,1
13511,7933,1.0,1
13512,7796,1.0,1
13513,3471,1.0,1
13514,2386,1.0,1
13515,2795,1.0,1
13516,11543,0.5,1
13516,6967,0.5,0
13517,10152,1.0,1
13518,7178,1.0,1
13519,732,1.0,1
13520,2294,1.0,1
13521,9309,1.0,1
13522,10520,1.0,1
13523,9831,1.0,1
13524,834,1.0,1
13525,5820,1.0,1
13526,1434,1.0,1
13527,10179,1.0,1
13528,8047,1.0,1
13529,9577,1.0,1
13530,8133,1.0,1
13531,7930,1.0,1
13532,8112,1.0,1
13533,2180,1.0,1
13534,4385,1.0,1
13535,2359,1.0,1
13536,4475,0.333333,1
13536,1591,0.333333,0
13536,8484,0.333333,0
13537,11479,1.0,1
13538,3198,1.0,1
13539,2954,1.0,1
13540,1003,1.0,1
13541,8572,0.5,1
13541,6756,0.5,0
13542,2968,1.0,1
13543,862,1.0,1
13544,4579,1.0,1
13545,6433,1.0,1
13546,8485,1.0,1
13547,8238,1.0,1
13548,5126,1.0,1
13549,10305,1.0,1
13550,2124,1.0,1
13551,7120,1.0,1
13552,8028,1.0,1
13553,928,1.0,1
13554,6512,1.0,1
13555,6523,1.0,1
13556,7603,1.0,1
13557,2686,1.0,1
13558,10496,1.0,1
13559,5495,1.0,1
13560,1477,1.0,1
13561,2133,1.0,1
13562,7775,0.5,1
13562,3970,0.5,0
13563,11424,1.0,1
13564,11331,1.0,1
13565,9118,1.0,1
13566,9428,1.0,1
13567,8614,1.0,1
13568,2935,1.0,1
13569,2432,1.0,1
13570,3821,1.0,1
13571,6471,0.5,1
13571,1310,0.5,0
13572,1841,1.0,1
13573,771,1.0,1
13574,10917,1.0,1
13575,7393,1.0,1
13576,1418,1.0,1
13577,866,1.0,1
13578,10821,1.0,1
13579,3639,1.0,1
13580,3359,1.0,1
13581,2462,1.0,1
13582,10331,1.0,1
13583,2554,1.0,1
13584,3403,1.0,1
13585,9609,1.0,1
13586,7285,1.0,1
13587,1936,1.0,1
13588,1421,1.0,1
13589,1030,1.0,1
13590,5982,1.0,1
13591,8525,1.0,1
13592,3145,1.0,1
13593,5268,1.0,1
13594,3224,0.5,1
13594,10339,0.5,0
13595,6817,1.0,1
13596,1150,1.0,1
13597,2889,1.0,1
13598,7402,1.0,1
13599,10174,1.0,1
13600,11643,1.0,1
13601,11489,1.0,1
13602,9034,1.0,1
13603,4715,1.0,1
13604,6510,1.0,1
13605,670,1.0,1
13606,11056,1.0,1
13607,6891,1.0,1
13608,5259,1.0,1
13609,7384,1.0,1
13610,3716,1.0,1
13611,1721,1.0,1
13612,1548,1.0,1
13613,8401,1.0,1
13614,8024,1.0,1
13615,8024,1.0,1
13616,8387,1.0,1
13617,2757,1.0,1
13618,11389,1.0,1
13619,498,1.0,1
13620,1264,1.0,1
13621,1008,1.0,1
13622,4507,1.0,1
13623,10519,1.0,1
13624,2178,1.0,1
13625,8758,1.0,1
13626,11753,1.0,1
13627,7533,1.0,1
13628,2110,1.0,1
13629,6365,1.0,1
13630,10911,1.0,1
13631,4722,1.0,1
13632,9666,1.0,1
13633,3134,1.0,1
13634,11716,1.0,1
13635,141,1.0,1
13636,908,1.0,1
13637,8522,1.0,1
13638,5057,1.0,1
13639,3370,0.5,1
13639,8512,0.5,0
13640,10027,1.0,1
13641,986,1.0,1
13642,1255,0.5,1
13642,7290,0.5,0
13643,6823,1.0,1
13644,10886,1.0,1
13645,229,1.0,1
13646,9163,1.0,1
13647,4422,1.0,1
13648,9516,1.0,1
13649,5085,1.0,1
13650,8983,1.0,1
13651,9033,1.0,1
13652,7550,1.0,1
13653,11105,1.0,1
13654,5276,1.0,1
13655,1218,1.0,1
13656,2283,1.0,1
13657,10361,1.0,1
13658,22,1.0,1
13659,7926,1.0,1
13660,3061,1.0,1
13661,11254,1.0,1
13662,5475,1.0,1
13663,2185,1.0,1
13664,9672,1.0,1
13665,6902,1.0,1
13666,8130,1.0,1
13667,5098,1.0,1
13668,6247,1.0,1
13669,3334,1.0,1
13670,4314,1.0,1
13671,6883,1.0,1
13672,3060,1.0,1
13673,1505,1.0,1
13674,9390,1.0,1
13675,297,1.0,1
13676,976,1.0,1
13677,8676,1.0,1
13678,9759,1.0,1
13679,1007,1.0,1
13680,1067,1.0,1
13681,7499,1.0,1
13682,4712,1.0,1
13683,11542,1.0,1
13684,10041,1.0,1
13685,10488,1.0,1
13686,7597,1.0,1
13687,2358,1.0,1
13688,2048,1.0,1
13689,3846,1.0,1
13690,2447,1.0,1
13691,2072,1.0,1
13692,7441,1.0,1
13693,4696,1.0,1
13694,10908,0.333333,1
13694,9661,0.333333,0
13694,3448,0.333333,0
13695,11018,1.0,1
13696,9943,1.0,1
13697,7813,1.0,1
13698,7813,1.0,1
13699,7073,1.0,1
13700,6571,1.0,1
13701,7752,1.0,1
13702,4683,1.0,1
13703,1412,1.0,1
13704,2606,1.0,1
13705,9963,1.0,1
13706,11623,1.0,1
13707,1978,1.0,1
13708,7551,1.0,1
13709,4990,1.0,1
13710,1058,1.0,1
13711,2457,0.5,1
13711,9113,0.5,0
13712,6054,1.0,1
13713,4154,1.0,1
13714,9849,1.0,1
13715,5914,1.0,1
13716,5645,1.0,1
13717,6203,1.0,1
13718,4285,1.0,1
13719,2780,1.0,1
13720,6791,0.333333,1
13720,3013,0.333333,0
13720,7242,0.333333,0
13721,872,1.0,1
13722,12055,1.0,1
13723,3511,1.0,1
13724,5331,1.0,1
13725,6332,1.0,1
13726,2998,1.0,1
13727,1586,1.0,1
13728,9845,1.0,1
13729,6406,0.333333,1
13729,8155,0.333333,0
13729,9186,0.333333,0
13730,4621,1.0,1
13731,2871,1.0,1
13732,2660,1.0,1
13733,7271,1.0,1
13734,3423,1.0,1
13735,6058,1.0,1
13736,5068,0.333333,1
13736,1173,0.333333,0
13736,85,0.333333,0
13737,4173,1.0,1
13738,1051,1.0,1
13739,7486,1.0,1
13740,6429,1.0,1
13741,958,1.0,1
13742,8104,1.0,1
13743,9475,1.0,1
13744,5953,1.0,1
13745,9870,1.0,1
13746,2775,1.0,1
13747,4941,1.0,1
13748,3725,1.0,1
13749,6574,1.0,1
13750,3372,1.0,1
13751,8782,1.0,1
13752,3423,1.0,1
13753,6149,1.0,1
13754,8120,1.0,1
13755,4833,1.0,1
13756,3725,1.0,1
13757,275,1.0,1
13758,8773,1.0,1
13759,5466,1.0,1
13760,6654,1.0,1
13761,2907,1.0,1
13762,7338,1.0,1
13763,2204,0.5,1
13763,694,0.5,0
13764,11968,1.0,1
13765,10869,1.0,1
13766,11818,1.0,1
13767,1597,0.5,1
13767,3297,0.5,0
13768,8782,1.0,1
13769,7864,1.0,1
13770,2335,1.0,1
13771,3995,0.333333,1
13771,5064,0.333333,0
13771,11046,0.333333,0
13772,4732,1.0,1
13773,3455,1.0,1
13774,1207,1.0,1
13775,241,1.0,1
13776,1442,1.0,1
13777,10728,1.0,1
13778,5616,0.5,1
13778,3549,0.5,0
13779,4674,1.0,1
13780,209,1.0,1
13781,3058,1.0,1
13782,7872,1.0,1
13783,7321,1.0,1
13784,4089,1.0,1
13785,71,1.0,1
13786,7092,0.25,1
13786,88,0.25,0
13786,8957,0.25,0
13786,506,0.25,0
13787,4738,1.0,1
13788,1082,1.0,1
13789,8138,1.0,1
13790,2598,1.0,1
13791,2657,1.0,1
13792,1313,1.0,1
13793,6919,1.0,1
13794,8464,1.0,1
13795,6907,1.0,1
13796,5098,1.0,1
13797,4504,1.0,1
13798,6744,1.0,1
13799,2272,1.0,1
13800,8289,1.0,1
13801,2583,0.25,1
13801,2413,0.25,0
13801,6633,0.25,0
13801,9945,0.25,0
13802,2456,1.0,1
13803,4049,1.0,1
13804,10424,1.0,1
13805,6454,1.0,1
13806,6686,1.0,1
13807,1562,1.0,1
13808,4458,1.0,1
13809,5129,1.0,1
13810,3698,1.0,1
13811,2720,1.0,1
13812,7477,1.0,1
13813,6054,1.0,1
13814,10957,1.0,1
13815,9165,1.0,1
13816,9165,1.0,1
13817,10221,1.0,1
13818,9165,1.0,1
13819,9165,1.0,1
13820,9165,1.0,1
13821,9165,1.0,1
13822,7364,1.0,1
13823,1918,1.0,1
13824,4821,1.0,1
13825,1578,1.0,1
13826,4821,1.0,1
13827,10739,1.0,1
13828,802,1.0,1
13829,3126,1.0,1
13830,9491,1.0,1
13831,1098,1.0,1
13832,5888,1.0,1
13833,6791,0.333333,1
13833,3013,0.333333,0
13833,7242,0.333333,0
13834,7825,1.0,1
13835,9921,1.0,1
13836,9830,1.0,1
13837,8992,1.0,1
13838,1562,1.0,1
13839,7940,1.0,1
13840,10096,1.0,1
13841,10091,1.0,1
13842,2632,0.5,1
13842,8883,0.5,0
13843,5532,1.0,1
13844,7416,0.5,1
13844,5510,0.5,0
13845,10407,1.0,1
13846,10237,1.0,1
13847,3374,1.0,1
13848,11515,1.0,1
13849,8358,1.0,1
13850,4812,1.0,1
13851,6425,1.0,1
13852,3855,1.0,1
13853,5863,1.0,1
13854,1953,1.0,1
13855,1823,0.5,1
13855,4989,0.5,0
13856,3539,0.5,1
13856,11939,0.5,0
13857,2244,1.0,1
13858,6133,1.0,1
13859,4230,1.0,1
13860,7813,1.0,1
13861,10317,1.0,1
13862,7864,1.0,1
13863,2244,1.0,1
13864,1201,1.0,1
13865,10579,1.0,1
13866,2244,1.0,1
13867,2244,1.0,1
13868,5227,1.0,1
13869,3770,1.0,1
13870,8091,1.0,1
13871,9014,1.0,1
13872,2244,1.0,1
13873,4486,1.0,1
13874,2244,1.0,1
13875,3729,0.5,1
13875,10041,0.5,0
13876,733,1.0,1
13877,1740,1.0,1
13878,10402,1.0,1
13879,2178,1.0,1
13880,7727,1.0,1
13881,1328,1.0,1
13882,6283,1.0,1
13883,7341,1.0,1
13884,7655,1.0,1
13885,5115,1.0,1
13886,11585,1.0,1
13887,3872,1.0,1
13888,3872,1.0,1
13889,6333,1.0,1
13890,2447,1.0,1
13891,1255,1.0,1
13892,7200,1.0,1
13893,4335,1.0,1
13894,6283,1.0,1
13895,4718,1.0,1
13896,2659,1.0,1
13897,2482,1.0,1
13898,2122,1.0,1
13899,3773,1.0,1
13900,10272,0.5,1
13900,10269,0.5,0
13901,4239,1.0,1
13902,2591,1.0,1
13903,402,1.0,1
13904,2674,1.0,1
13905,1562,1.0,1
13906,9491,1.0,1
13907,7775,1.0,1
13908,9304,1.0,1
13909,11697,1.0,1
13910,6265,1.0,1
13911,3321,1.0,1
13912,9970,1.0,1
13913,7173,1.0,1
13914,5020,1.0,1
13915,8314,1.0,1
13916,3868,1.0,1
13917,3789,0.5,1
13917,10844,0.5,0
13918,8959,1.0,1
13919,1161,1.0,1
13920,8055,1.0,1
13921,2369,1.0,1
13922,11603,1.0,1
13923,1927,1.0,1
13924,118,1.0,1
13925,11105,0.333333,1
13925,3859,0.333333,0
13925,3069,0.333333,0
13926,10035,1.0,1
13927,2891,0.5,1
13927,11653,0.5,0
13928,8310,1.0,1
13929,6014,1.0,1
13930,2857,1.0,1
13931,4147,1.0,1
13932,1550,1.0,1
13933,9430,1.0,1
13934,6719,1.0,1
13935,1534,1.0,1
13936,2202,1.0,1
13937,3398,1.0,1
13938,1201,1.0,1
13939,9257,1.0,1
13940,3009,1.0,1
13941,5098,1.0,1
13942,8745,1.0,1
13943,4427,1.0,1
13944,5543,1.0,1
13945,6063,1.0,1
13946,5098,1.0,1
13947,7203,1.0,1
13948,1989,0.5,1
13948,9969,0.5,0
13949,6791,0.333333,1
13949,7242,0.333333,0
13949,3013,0.333333,0
13950,1164,1.0,1
13951,852,1.0,1
13952,4463,0.5,1
13952,2104,0.5,0
13953,2545,1.0,1
13954,7984,1.0,1
13955,7368,1.0,1
13956,9165,0.5,1
13956,5098,0.5,0
13957,1743,1.0,1
13958,9211,1.0,1
13959,1562,1.0,1
13960,4721,1.0,1
13961,5575,1.0,1
13962,3536,0.5,1
13962,805,0.5,0
13963,1054,1.0,1
13964,5617,0.5,1
13964,337,0.5,0
13965,7229,1.0,1
13966,6707,1.0,1
13967,3194,0.2,1
13967,9614,0.2,0
13967,5442,0.2,0
13967,9558,0.2,0
13967,3742,0.2,0
13968,6876,1.0,1
13969,5257,1.0,1
13970,5449,1.0,1
13971,4815,1.0,1
13972,7698,1.0,1
13973,5284,1.0,1
13974,241,1.0,1
13975,6908,1.0,1
13976,8617,1.0,1
13977,4817,1.0,1
13978,6054,1.0,1
13979,1028,1.0,1
13980,9741,1.0,1
13981,7949,1.0,1
13982,8295,1.0,1
13983,10118,1.0,1
13984,7458,1.0,1
13985,7663,1.0,1
13986,241,1.0,1
13987,10393,1.0,1
13988,11958,1.0,1
13989,8529,0.5,1
13989,9026,0.5,0
13990,7578,1.0,1
13991,9453,1.0,1
13992,7911,1.0,1
13993,2762,1.0,1
13994,2260,1.0,1
13995,5531,1.0,1
13996,9165,0.5,1
13996,1874,0.5,0
13997,620,1.0,1
13998,1562,1.0,1
13999,2686,1.0,1
14000,984,1.0,1
14001,9165,1.0,1
14002,9823,0.5,1
14002,9825,0.5,0
14003,7166,0.5,1
14003,2382,0.5,0
14004,10101,1.0,1
14005,8270,1.0,1
14006,10667,0.5,1
14006,11709,0.5,0
14007,8930,1.0,1
14008,6037,1.0,1
14009,9159,1.0,1
14010,11158,0.5,1
14010,9966,0.5,0
14011,5110,1.0,1
14012,10384,1.0,1
14013,7825,1.0,1
14014,2581,1.0,1
14015,4442,1.0,1
14016,12119,1.0,1
14017,8512,1.0,1
14018,1476,1.0,1
14019,3397,1.0,1
14020,1406,1.0,1
14021,1797,1.0,1
14022,10459,1.0,1
14023,6694,0.5,1
14023,8474,0.5,0
14024,8933,1.0,1
14025,8154,1.0,1
14026,6285,1.0,1
14027,6203,1.0,1
14028,3856,1.0,1
14029,2184,1.0,1
14030,10493,1.0,1
14031,2112,1.0,1
14032,10699,0.5,1
14032,7798,0.5,0
14033,921,1.0,1
14034,3920,1.0,1
14035,11108,1.0,1
14036,1562,1.0,1
14037,8591,1.0,1
14038,3643,1.0,1
14039,5135,1.0,1
14040,11715,1.0,1
14041,8392,1.0,1
14042,6043,1.0,1
14043,9569,1.0,1
14044,4139,1.0,1
14045,8749,1.0,1
14046,611,1.0,1
14047,1263,1.0,1
14048,2741,1.0,1
14049,5554,1.0,1
14050,9006,1.0,1
14051,2333,1.0,1
14052,8295,1.0,1
14053,1922,1.0,1
14054,5196,0.5,1
14054,11330,0.5,0
14055,9155,1.0,1
14056,3022,1.0,1
14057,5102,1.0,1
14058,2060,1.0,1
14059,5176,1.0,1
14060,413,1.0,1
14061,2743,1.0,1
14062,9327,1.0,1
14063,1948,1.0,1
14064,1274,1.0,1
14065,3135,1.0,1
14066,9491,1.0,1
14067,858,1.0,1
14068,6735,1.0,1
14069,5989,1.0,1
14070,407,1.0,1
14071,978,1.0,1
14072,5473,1.0,1
14073,9165,0.5,1
14073,9595,0.5,0
14074,5040,1.0,1
14075,6298,1.0,1
14076,6054,1.0,1
14077,11641,0.5,1
14077,3015,0.5,0
14078,7222,1.0,1
14079,11804,0.5,1
14079,8199,0.5,0
14080,6161,1.0,1
14081,9166,1.0,1
14082,2536,1.0,1
14083,5098,1.0,1
14084,4155,1.0,1
14085,9164,1.0,1
14086,5880,1.0,1
14087,8495,1.0,1
14088,694,0.5,1
14088,241,0.5,0
14089,8148,1.0,1
14090,3498,0.5,1
14090,1894,0.5,0
14091,6647,0.5,1
14091,4711,0.5,0
14092,10848,1.0,1
14093,1266,1.0,1
14094,9803,1.0,1
14095,5832,1.0,1
14096,9575,1.0,1
14097,3178,1.0,1
14098,6502,0.5,1
14098,2890,0.5,0
14099,2588,1.0,1
14100,7757,1.0,1
14101,1976,1.0,1
14102,3294,1.0,1
14103,8840,1.0,1
14104,7077,1.0,1
14105,1526,1.0,1
14106,9165,0.5,1
14106,11348,0.5,0
14107,4040,1.0,1
14108,10240,1.0,1
14109,3784,1.0,1
14110,10041,1.0,1
14111,1082,1.0,1
14112,6791,0.5,1
14112,7242,0.5,0
14113,11822,1.0,1
14114,938,1.0,1
14115,9581,1.0,1
14116,6379,0.5,1
14116,11751,0.5,0
14117,4060,1.0,1
14118,5102,1.0,1
14119,10950,1.0,1
14120,2215,1.0,1
14121,1149,1.0,1
14122,4866,1.0,1
14123,1253,1.0,1
14124,9252,1.0,1
14125,2928,1.0,1
14126,1958,1.0,1
14127,6299,1.0,1
14128,7910,1.0,1
14129,11199,1.0,1
14130,2153,1.0,1
14131,5098,1.0,1
14132,5078,1.0,1
14133,9701,1.0,1
14134,6362,1.0,1
14135,2606,1.0,1
14136,1797,1.0,1
14137,9165,1.0,1
14138,6925,1.0,1
14139,5855,1.0,1
14140,299,1.0,1
14141,9044,1.0,1
14142,5930,1.0,1
14143,9067,1.0,1
14144,5087,1.0,1
14145,4812,1.0,1
14146,1562,1.0,1
14147,5855,1.0,1
14148,8421,1.0,1
14149,7735,1.0,1
14150,7202,1.0,1
14151,10241,1.0,1
14152,3217,1.0,1
14153,9165,0.5,1
14153,11662,0.5,0
14154,241,1.0,1
14155,1558,1.0,1
14156,589,0.5,1
14156,328,0.5,0
14157,6553,1.0,1
14158,8773,1.0,1
14159,9059,1.0,1
14160,1562,1.0,1
14161,1562,1.0,1
14162,7864,1.0,1
14163,241,1.0,1
14164,241,1.0,1
14165,2442,0.5,1
14165,3816,0.5,0
14166,1944,1.0,1
14167,7278,1.0,1
14168,10171,1.0,1
14169,5978,1.0,1
14170,10686,1.0,1
14171,10149,1.0,1
14172,2541,1.0,1
14173,2413,1.0,1
14174,10087,1.0,1
14175,2122,1.0,1
14176,4669,0.5,1
14176,6843,0.5,0
14177,8625,0.333333,1
14177,4647,0.333333,0
14177,8273,0.333333,0
14178,6925,1.0,1
14179,5101,1.0,1
14180,1797,1.0,1
14181,4689,1.0,1
14182,9962,1.0,1
14183,7749,1.0,1
14184,4245,1.0,1
14185,241,1.0,1
14186,241,1.0,1
14187,9165,0.5,1
14187,229,0.5,0
14188,4812,1.0,1
14189,2775,1.0,1
14190,10627,1.0,1
14191,1374,1.0,1
14192,5098,1.0,1
14193,10273,1.0,1
14194,5911,1.0,1
14195,3674,1.0,1
14196,1268,1.0,1
14197,6202,1.0,1
14198,2106,1.0,1
14199,6289,1.0,1
14200,10719,1.0,1
14201,7007,0.5,1
14201,10578,0.5,0
14202,10141,1.0,1
14203,9759,1.0,1
14204,7655,1.0,1
14205,6604,1.0,1
14206,6379,0.5,1
14206,1279,0.5,0
14207,1184,1.0,1
14208,9795,1.0,1
14209,7826,1.0,1
14210,5098,1.0,1
14211,827,1.0,1
14212,515,1.0,1
14213,1313,1.0,1
14214,11242,1.0,1
14215,643,0.5,1
14215,1314,0.5,0
14216,8931,1.0,1
14217,11832,1.0,1
14218,3529,1.0,1
14219,6283,1.0,1
14220,4441,1.0,1
14221,5110,1.0,1
14222,6651,1.0,1
14223,3511,1.0,1
14224,2686,1.0,1
14225,2965,1.0,1
14226,10784,1.0,1
14227,3707,1.0,1
14228,3310,1.0,1
14229,2265,1.0,1
14230,4867,1.0,1
14231,2375,1.0,1
14232,5435,1.0,1
14233,9034,1.0,1
14234,1697,1.0,1
14235,8942,0.166667,1
14235,10137,0.166667,0
14235,4339,0.166667,0
14235,7982,0.166667,0
14235,1089,0.166667,0
14235,2481,0.166667,0
14236,11667,1.0,1
14237,2184,1.0,1
14238,858,1.0,1
14239,6498,1.0,1
14240,3762,1.0,1
14241,9165,0.5,1
14241,11361,0.5,0
14242,10991,1.0,1
14243,7864,1.0,1
14244,9814,1.0,1
14245,10543,1.0,1
14246,3718,1.0,1
14247,6616,1.0,1
14248,2938,1.0,1
14249,4418,1.0,1
14250,5420,1.0,1
14251,4504,1.0,1
14252,8362,1.0,1
14253,7160,1.0,1
14254,2153,0.5,1
14254,8512,0.5,0
14255,2153,0.5,1
14255,8512,0.5,0
14256,1290,1.0,1
14257,668,1.0,1
14258,9165,1.0,1
14259,7333,1.0,1
14260,5098,1.0,1
14261,8815,1.0,1
14262,10746,1.0,1
14263,8960,1.0,1
14264,7416,1.0,1
14265,11495,1.0,1
14266,1635,1.0,1
14267,3061,1.0,1
14268,6268,1.0,1
14269,9284,1.0,1
14270,10294,1.0,1
14271,4761,1.0,1
14272,10301,1.0,1
14273,11457,1.0,1
14274,8555,1.0,1
14275,11353,1.0,1
14276,3104,1.0,1
14277,1229,1.0,1
14278,9749,1.0,1
14279,1054,1.0,1
14280,10288,0.2,1
14280,10289,0.2,0
14280,10292,0.2,0
14280,10298,0.2,0
14280,10295,0.2,0
14281,8038,1.0,1
14282,7908,1.0,1
14283,7527,1.0,1
14284,3104,1.0,1
14285,4164,1.0,1
14286,8409,1.0,1
14287,10961,1.0,1
14288,4848,1.0,1
14289,5593,1.0,1
14290,1802,1.0,1
14291,9191,1.0,1
14292,11562,1.0,1
14293,10294,1.0,1
14294,7808,1.0,1
14295,9812,0.5,1
14295,2665,0.5,0
14296,11392,1.0,1
14297,8268,1.0,1
14298,3866,1.0,1
14299,9725,1.0,1
14300,2438,1.0,1
14301,5261,1.0,1
14302,6938,1.0,1
14303,10925,0.5,1
14303,9065,0.5,0
14304,4415,1.0,1
14305,11966,1.0,1
14306,3655,1.0,1
14307,11658,1.0,1
14308,4648,1.0,1
14309,8357,1.0,1
14310,2830,1.0,1
14311,1076,1.0,1
14312,8996,1.0,1
14313,8294,1.0,1
14314,5833,1.0,1
14315,3547,1.0,1
14316,4828,1.0,1
14317,2207,1.0,1
14318,1607,1.0,1
14319,6054,1.0,1
14320,8063,1.0,1
14321,9247,1.0,1
14322,10059,1.0,1
14323,10589,1.0,1
14324,3528,0.5,1
14324,1086,0.5,0
14325,8284,1.0,1
14326,798,1.0,1
14327,5338,1.0,1
14328,1722,1.0,1
14329,7161,1.0,1
14330,6191,0.5,1
14330,6664,0.5,0
14331,2159,1.0,1
14332,8044,1.0,1
14333,6266,1.0,1
14334,9384,0.5,1
14334,2846,0.5,0
14335,7097,1.0,1
14336,3376,1.0,1
14337,9570,1.0,1
14338,2469,1.0,1
14339,2566,1.0,1
14340,1129,1.0,1
14341,6405,1.0,1
14342,3286,1.0,1
14343,9409,1.0,1
14344,10092,1.0,1
14345,8317,1.0,1
14346,8772,1.0,1
14347,8945,1.0,1
14348,7586,1.0,1
14349,6530,0.5,1
14349,9686,0.5,0
14350,4470,1.0,1
14351,6688,1.0,1
14352,1773,1.0,1
14353,11344,1.0,1
14354,7999,1.0,1
14355,8438,1.0,1
14356,8987,1.0,1
14357,5640,1.0,1
14358,10085,1.0,1
14359,5525,1.0,1
14360,6456,1.0,1
14361,10126,1.0,1
14362,1582,0.5,1
14362,10028,0.5,0
14363,5126,1.0,1
14364,2345,1.0,1
14365,4460,1.0,1
14366,11553,1.0,1
14367,1414,1.0,1
14368,9452,1.0,1
14369,2167,1.0,1
14370,8465,1.0,1
14371,1006,1.0,1
14372,4342,0.25,1
14372,9293,0.25,0
14372,3446,0.25,0
14372,9553,0.25,0
14373,9546,1.0,1
14374,2165,1.0,1
14375,11678,1.0,1
14376,6469,1.0,1
14377,4814,1.0,1
14378,4407,1.0,1
14379,8829,1.0,1
14380,2280,1.0,1
14381,9550,1.0,1
14382,9177,0.5,1
14382,8273,0.5,0
14383,3443,1.0,1
14384,10947,1.0,1
14385,2059,1.0,1
14386,8825,1.0,1
14387,2498,1.0,1
14388,11362,1.0,1
14389,10660,1.0,1
14390,7937,1.0,1
14391,6929,1.0,1
14392,3908,1.0,1
14393,208,1.0,1
14394,2725,1.0,1
14395,4416,1.0,1
14396,7952,1.0,1
14397,1201,1.0,1
14398,4579,1.0,1
14399,6948,1.0,1
14400,10625,1.0,1
14401,5568,1.0,1
14402,11856,1.0,1
14403,3836,1.0,1
14404,5523,1.0,1
14405,9462,1.0,1
14406,10523,1.0,1
14407,10201,1.0,1
14408,6174,1.0,1
14409,11909,1.0,1
14410,10617,1.0,1
14411,4028,1.0,1
14412,2693,1.0,1
14413,3343,1.0,1
14414,1073,1.0,1
14415,10282,1.0,1
14416,5410,0.5,1
14416,230,0.5,0
14417,1160,1.0,1
14418,3978,1.0,1
14419,3648,1.0,1
14420,6866,1.0,1
14421,8886,1.0,1
14422,8308,1.0,1
14423,11281,1.0,1
14424,11029,1.0,1
14425,3851,1.0,1
14426,6611,1.0,1
14427,10677,0.333333,1
14427,2436,0.333333,0
14427,3976,0.333333,0
14428,10629,1.0,1
14429,9675,1.0,1
14430,710,1.0,1
14431,5033,1.0,1
14432,5590,1.0,1
14433,3168,1.0,1
14434,8476,1.0,1
14435,4749,1.0,1
14436,7815,1.0,1
14437,6648,1.0,1
14438,857,1.0,1
14439,8724,1.0,1
14440,8200,1.0,1
14441,2286,1.0,1
14442,3595,1.0,1
14443,6808,1.0,1
14444,7031,1.0,1
14445,3430,1.0,1
14446,7459,1.0,1
14447,9908,1.0,1
14448,1100,1.0,1
14449,4445,1.0,1
14450,3820,1.0,1
14451,67,1.0,1
14452,8858,1.0,1
14453,7776,1.0,1
14454,5928,1.0,1
14455,2103,1.0,1
14456,10625,1.0,1
14457,11988,1.0,1
14458,3300,1.0,1
14459,11575,1.0,1
14460,5966,0.5,1
14460,4317,0.5,0
14461,8621,1.0,1
14462,979,1.0,1
14463,5283,1.0,1
14464,6057,1.0,1
14465,11921,1.0,1
14466,2869,1.0,1
14467,7433,1.0,1
14468,11577,1.0,1
14469,10374,1.0,1
14470,3038,1.0,1
14471,8381,1.0,1
14472,2543,1.0,1
14473,8247,1.0,1
14474,8871,1.0,1
14475,11783,1.0,1
14476,7413,1.0,1
14477,4209,1.0,1
14478,5990,1.0,1
14479,9145,1.0,1
14480,6740,1.0,1
14481,8492,1.0,1
14482,7270,1.0,1
14483,5711,1.0,1
14484,10929,1.0,1
14485,6072,1.0,1
14486,4993,1.0,1
14487,5755,1.0,1
14488,1045,1.0,1
14489,6667,1.0,1
14490,4713,1.0,1
14491,11931,1.0,1
14492,270,1.0,1
14493,2672,1.0,1
14494,8952,1.0,1
14495,10856,1.0,1
14496,10938,1.0,1
14497,8602,1.0,1
14498,674,1.0,1
14499,6599,1.0,1
14500,1681,1.0,1
14501,8893,1.0,1
14502,10840,1.0,1
14503,8473,1.0,1
14504,3122,1.0,1
14505,2993,1.0,1
14506,8774,0.5,1
14506,7481,0.5,0
14507,11852,0.5,1
14507,12012,0.5,0
14508,69,1.0,1
14509,1430,1.0,1
14510,3629,1.0,1
14511,4436,1.0,1
14512,7362,1.0,1
14513,707,1.0,1
14514,3206,1.0,1
14515,7750,1.0,1
14516,11015,1.0,1
14517,8360,1.0,1
14518,11162,1.0,1
14519,6798,1.0,1
14520,10458,1.0,1
14521,7448,1.0,1
14522,10066,1.0,1
14523,11315,1.0,1
14524,2830,1.0,1
14525,5676,1.0,1
14526,1963,1.0,1
14527,8763,1.0,1
14528,11318,1.0,1
14529,5789,1.0,1
14530,8974,1.0,1
14531,1273,1.0,1
14532,10439,1.0,1
14533,6957,1.0,1
14534,8488,1.0,1
14535,97,1.0,1
14536,4032,1.0,1
14537,4831,0.5,1
14537,6011,0.5,0
14538,10406,0.5,1
14538,7733,0.5,0
14539,11444,1.0,1
14540,1198,1.0,1
14541,4404,1.0,1
14542,3187,1.0,1
14543,5256,1.0,1
14544,5024,1.0,1
14545,6699,1.0,1
14546,8988,1.0,1
14547,10914,1.0,1
14548,3184,0.5,1
14548,2666,0.5,0
14549,5023,1.0,1
14550,1004,1.0,1
14551,3778,1.0,1
14552,2912,1.0,1
14553,9605,1.0,1
14554,2937,1.0,1
14555,9227,1.0,1
14556,427,0.5,1
14556,3478,0.5,0
14557,9889,1.0,1
14558,1540,0.5,1
14558,723,0.5,0
14559,30,1.0,1
14560,8410,1.0,1
14561,3778,1.0,1
14562,2773,1.0,1
14563,3611,1.0,1
14564,8437,1.0,1
14565,10901,1.0,1
14566,4921,1.0,1
14567,3263,1.0,1
14568,2731,1.0,1
14569,5838,1.0,1
14570,10832,1.0,1
14571,250,1.0,1
14572,5126,1.0,1
14573,9149,1.0,1
14574,314,1.0,1
14575,11729,1.0,1
14576,3717,0.5,1
14576,3775,0.5,0
14577,10208,1.0,1
14578,3778,1.0,1
14579,11127,1.0,1
14580,7494,1.0,1
14581,12003,1.0,1
14582,1787,1.0,1
14583,5967,1.0,1
14584,5444,1.0,1
14585,807,1.0,1
14586,9206,1.0,1
14587,11640,1.0,1
14588,436,1.0,1
14589,130,1.0,1
14590,5263,1.0,1
14591,3430,1.0,1
14592,5010,0.25,1
14592,1157,0.25,0
14592,5152,0.25,0
14592,3666,0.25,0
14593,11476,1.0,1
14594,1285,1.0,1
14595,8267,1.0,1
14596,11897,1.0,1
14597,4644,1.0,1
14598,1399,1.0,1
14599,5714,0.5,1
14599,7822,0.5,0
14600,3833,1.0,1
14601,9810,0.5,1
14601,10461,0.5,0
14602,3778,1.0,1
14603,11701,1.0,1
14604,10844,1.0,1
14605,7516,1.0,1
14606,6326,0.5,1
14606,7008,0.5,0
14607,2611,1.0,1
14608,10148,1.0,1
14609,11756,0.5,1
14609,1209,0.5,0
14610,240,1.0,1
14611,7217,1.0,1
14612,8734,1.0,1
14613,1630,1.0,1
14614,10011,1.0,1
14615,9770,1.0,1
14616,9028,1.0,1
14617,4354,1.0,1
14618,3778,1.0,1
14619,4548,1.0,1
14620,11014,1.0,1
14621,4392,1.0,1
14622,1425,1.0,1
14623,1404,1.0,1
14624,9224,1.0,1
14625,934,1.0,1
14626,9500,1.0,1
14627,2929,1.0,1
14628,8488,1.0,1
14629,3778,1.0,1
14630,4307,1.0,1
14631,4996,1.0,1
14632,11530,1.0,1
14633,8518,1.0,1
14634,2383,0.5,1
14634,5861,0.5,0
14635,63,1.0,1
14636,9885,1.0,1
14637,6412,1.0,1
14638,3562,1.0,1
14639,6667,1.0,1
14640,11895,1.0,1
14641,6567,1.0,1
14642,6650,0.5,1
14642,10672,0.5,0
14643,7618,1.0,1
14644,3778,1.0,1
14645,11072,1.0,1
14646,11343,1.0,1
14647,1245,1.0,1
14648,3146,1.0,1
14649,5100,1.0,1
14650,12109,1.0,1
14651,5173,1.0,1
14652,10876,1.0,1
14653,6419,1.0,1
14654,3675,1.0,1
14655,11701,1.0,1
14656,822,1.0,1
14657,4957,1.0,1
14658,5010,0.5,1
14658,1157,0.5,0
14659,8491,1.0,1
14660,2582,1.0,1
14661,418,1.0,1
14662,3509,1.0,1
14663,7581,1.0,1
14664,10097,1.0,1
14665,9987,1.0,1
14666,896,1.0,1
14667,6741,1.0,1
14668,2507,1.0,1
14669,10040,1.0,1
14670,10541,1.0,1
14671,6118,1.0,1
14672,11701,1.0,1
14673,1622,1.0,1
14674,10105,1.0,1
14675,1183,1.0,1
14676,5265,1.0,1
14677,11114,1.0,1
14678,11707,1.0,1
14679,4445,1.0,1
14680,9565,1.0,1
14681,3518,1.0,1
14682,7411,1.0,1
14683,5037,0.5,1
14683,7792,0.5,0
14684,5470,1.0,1
14685,6678,1.0,1
14686,5463,1.0,1
14687,2604,1.0,1
14688,9837,1.0,1
14689,6048,1.0,1
14690,1569,1.0,1
14691,8222,1.0,1
14692,285,0.5,1
14692,974,0.5,0
14693,7061,1.0,1
14694,2443,1.0,1
14695,3843,1.0,1
14696,6,1.0,1
14697,6227,1.0,1
14698,10838,1.0,1
14699,8163,1.0,1
14700,23,1.0,1
14701,10158,0.5,1
14701,6267,0.5,0
14702,284,1.0,1
14703,292,1.0,1
14704,9724,1.0,1
14705,2056,1.0,1
14706,5892,1.0,1
14707,3911,1.0,1
14708,11028,1.0,1
14709,195,1.0,1
14710,5233,1.0,1
14711,8110,1.0,1
14712,3102,1.0,1
14713,8072,1.0,1
14714,4773,1.0,1
14715,10128,1.0,1
14716,8760,1.0,1
14717,4616,1.0,1
14718,4479,1.0,1
14719,2628,1.0,1
14720,8728,1.0,1
14721,8168,1.0,1
14722,8820,1.0,1
14723,11067,1.0,1
14724,2119,1.0,1
14725,8564,1.0,1
14726,358,1.0,1
14727,839,1.0,1
14728,5565,1.0,1
14729,719,1.0,1
14730,3219,1.0,1
14731,5430,1.0,1
14732,1438,1.0,1
14733,6223,1.0,1
14734,153,1.0,1
14735,10117,1.0,1
14736,9977,1.0,1
14737,6857,1.0,1
14738,4210,1.0,1
14739,906,0.5,1
14739,594,0.5,0
14740,3222,0.5,1
14740,8180,0.5,0
14741,1112,1.0,1
14742,8838,1.0,1
14743,7529,1.0,1
14744,4631,1.0,1
14745,8938,1.0,1
14746,9076,1.0,1
14747,3765,1.0,1
14748,5907,1.0,1
14749,3316,1.0,1
14750,5294,1.0,1
14751,3430,1.0,1
14752,7056,1.0,1
14753,6208,1.0,1
14754,1168,1.0,1
14755,11191,1.0,1
14756,2724,1.0,1
14757,3442,1.0,1
14758,9758,1.0,1
14759,1351,1.0,1
14760,11477,1.0,1
14761,8392,1.0,1
14762,3430,1.0,1
14763,2688,1.0,1
14764,8435,1.0,1
14765,6251,1.0,1
14766,6579,1.0,1
14767,6475,1.0,1
14768,7381,1.0,1
14769,4890,1.0,1
14770,4728,0.25,1
14770,10046,0.25,0
14770,3096,0.25,0
14770,3669,0.25,0
14771,6340,1.0,1
14772,774,1.0,1
14773,6489,1.0,1
14774,2226,1.0,1
14775,5803,1.0,1
14776,2107,1.0,1
14777,5170,1.0,1
14778,10952,1.0,1
14779,7345,1.0,1
14780,4445,1.0,1
14781,3708,1.0,1
14782,8142,1.0,1
14783,82,1.0,1
14784,10066,1.0,1
14785,11701,1.0,1
14786,1557,1.0,1
14787,6070,1.0,1
14788,11544,1.0,1
14789,381,1.0,1
14790,10845,1.0,1
14791,9218,1.0,1
14792,11649,1.0,1
14793,7448,1.0,1
14794,6478,1.0,1
14795,8134,1.0,1
14796,4129,1.0,1
14797,5872,1.0,1
14798,11394,1.0,1
14799,9169,1.0,1
14800,4806,1.0,1
14801,4055,1.0,1
14802,11291,1.0,1
14803,8684,1.0,1
14804,4905,1.0,1
14805,6358,1.0,1
14806,10311,1.0,1
14807,5817,1.0,1
14808,1169,1.0,1
14809,7890,1.0,1
14810,9376,1.0,1
14811,7328,1.0,1
14812,9693,1.0,1
14813,152,1.0,1
14814,2176,1.0,1
14815,10510,1.0,1
14816,9810,0.5,1
14816,10461,0.5,0
14817,9241,1.0,1
14818,10635,1.0,1
14819,11642,1.0,1
14820,9090,1.0,1
14821,2960,1.0,1
14822,8643,1.0,1
14823,7468,1.0,1
14824,2908,1.0,1
14825,6728,1.0,1
14826,4739,1.0,1
14827,10120,1.0,1
14828,7965,1.0,1
14829,11456,1.0,1
14830,9237,1.0,1
14831,2025,1.0,1
14832,7809,1.0,1
14833,667,1.0,1
14834,5073,1.0,1
14835,7827,1.0,1
14836,4157,1.0,1
14837,10419,1.0,1
14838,7003,1.0,1
14839,6575,1.0,1
14840,8353,1.0,1
14841,9745,1.0,1
14842,4840,0.333333,1
14842,9272,0.333333,0
14842,5650,0.333333,0
14843,4760,1.0,1
14844,8098,1.0,1
14845,11516,1.0,1
14846,10822,1.0,1
14847,6274,1.0,1
14848,7990,1.0,1
14849,46,1.0,1
14850,6765,1.0,1
14851,3225,0.5,1
14851,2053,0.5,0
14852,11818,1.0,1
14853,6164,1.0,1
14854,951,1.0,1
14855,8194,1.0,1
14856,4677,1.0,1
14857,4788,1.0,1
14858,1395,1.0,1
14859,4383,1.0,1
14860,9708,1.0,1
14861,10692,1.0,1
14862,9637,1.0,1
14863,7626,1.0,1
14864,5497,1.0,1
14865,710,1.0,1
14866,6931,1.0,1
14867,11440,1.0,1
14868,1155,1.0,1
14869,4270,1.0,1
14870,8444,1.0,1
14871,3468,1.0,1
14872,11465,1.0,1
14873,10128,1.0,1
14874,4283,1.0,1
14875,6569,1.0,1
14876,7137,1.0,1
14877,11818,1.0,1
14878,5256,1.0,1
14879,4123,1.0,1
14880,11866,1.0,1
14881,5934,1.0,1
14882,11456,1.0,1
14883,2893,1.0,1
14884,995,1.0,1
14885,2709,1.0,1
14886,6639,1.0,1
14887,5092,0.5,1
14887,7803,0.5,0
14888,6375,1.0,1
14889,6999,1.0,1
14890,2463,1.0,1
14891,11732,1.0,1
14892,11093,1.0,1
14893,9846,1.0,1
14894,7237,1.0,1
14895,1490,1.0,1
14896,10561,1.0,1
14897,5477,1.0,1
14898,2219,1.0,1
14899,9151,1.0,1
14900,5308,1.0,1
14901,9536,1.0,1
14902,396,1.0,1
14903,10777,1.0,1
14904,8195,1.0,1
14905,10905,1.0,1
14906,1617,1.0,1
14907,8171,1.0,1
14908,11991,1.0,1
14909,9607,0.5,1
14909,10863,0.5,0
14910,813,0.25,1
14910,1900,0.25,0
14910,7130,0.25,0
14910,10842,0.25,0
14911,11057,0.5,1
14911,11056,0.5,0
14912,412,0.5,1
14912,341,0.5,0
14913,11701,1.0,1
14914,9028,1.0,1
14915,5048,1.0,1
14916,10832,1.0,1
14917,5458,1.0,1
14918,5161,1.0,1
14919,899,1.0,1
14920,5689,1.0,1
14921,4377,1.0,1
14922,616,1.0,1
14923,1395,1.0,1
14924,3778,1.0,1
14925,5872,1.0,1
14926,11126,1.0,1
14927,11438,1.0,1
14928,12016,1.0,1
14929,11702,1.0,1
14930,1870,1.0,1
14931,10082,1.0,1
14932,6948,0.5,1
14932,10799,0.5,0
14933,3589,1.0,1
14934,9885,1.0,1
14935,4266,1.0,1
14936,12125,1.0,1
14937,9931,1.0,1
14938,4893,1.0,1
14939,11617,1.0,1
14940,849,1.0,1
14941,812,1.0,1
14942,11538,1.0,1
14943,11215,1.0,1
14944,11792,1.0,1
14945,11113,1.0,1
14946,7447,1.0,1
14947,9530,1.0,1
14948,3469,1.0,1
14949,12133,1.0,1
14950,399,1.0,1
14951,8625,1.0,1
14952,6383,1.0,1
14953,9183,1.0,1
14954,5394,1.0,1
14955,8672,1.0,1
14956,731,1.0,1
14957,5570,1.0,1
14958,4655,1.0,1
14959,2362,1.0,1
14960,3459,1.0,1
14961,3272,1.0,1
14962,10790,1.0,1
14963,10862,1.0,1
14964,4181,1.0,1
14965,2404,1.0,1
14966,8269,1.0,1
14967,9938,1.0,1
14968,10527,1.0,1
14969,4264,1.0,1
14970,758,1.0,1
14971,6491,1.0,1
14972,9709,1.0,1
14973,7079,1.0,1
14974,819,0.5,1
14974,2845,0.5,0
14975,10056,1.0,1
14976,11099,1.0,1
14977,3446,1.0,1
14978,5542,1.0,1
14979,3587,1.0,1
14980,10987,1.0,1
14981,1562,1.0,1
14982,2587,1.0,1
14983,5518,1.0,1
14984,826,1.0,1
14985,2718,1.0,1
14986,11670,1.0,1
14987,10802,1.0,1
14988,1164,1.0,1
14989,3720,1.0,1
14990,2029,1.0,1
14991,1582,1.0,1
14992,9816,1.0,1
14993,8877,1.0,1
14994,10986,1.0,1
14995,4239,1.0,1
14996,2179,1.0,1
14997,10656,1.0,1
14998,9316,1.0,1
14999,6580,1.0,1
15000,1758,1.0,1
15001,8513,1.0,1
15002,4223,0.5,1
15002,7315,0.5,0
15003,5097,1.0,1
15004,7388,1.0,1
15005,11338,0.5,1
15005,8492,0.5,0
15006,11754,1.0,1
15007,324,1.0,1
15008,4546,1.0,1
15009,1331,1.0,1
15010,10111,1.0,1
15011,5072,1.0,1
15012,4426,0.5,1
15012,1886,0.5,0
15013,1562,1.0,1
15014,7032,1.0,1
15015,9442,1.0,1
15016,9606,1.0,1
15017,10150,1.0,1
15018,9165,0.5,1
15018,9595,0.5,0
15019,8392,1.0,1
15020,2393,1.0,1
15021,6786,0.333333,1
15021,671,0.333333,0
15021,6726,0.333333,0
15022,3004,0.5,1
15022,1919,0.5,0
15023,3118,1.0,1
15024,6158,1.0,1
15025,1810,0.5,1
15025,3757,0.5,0
15026,6037,1.0,1
15027,154,1.0,1
15028,1736,1.0,1
15029,2932,1.0,1
15030,9463,1.0,1
15031,5899,1.0,1
15032,11045,1.0,1
15033,3857,1.0,1
15034,8034,1.0,1
15035,10443,1.0,1
15036,8629,1.0,1
15037,9673,1.0,1
15038,1067,1.0,1
15039,676,0.5,1
15039,6642,0.5,0
15040,2656,1.0,1
15041,6835,0.5,1
15041,3013,0.5,0
15042,9887,1.0,1
15043,4583,1.0,1
15044,942,1.0,1
15045,10904,1.0,1
15046,5680,1.0,1
15047,10658,0.5,1
15047,3183,0.5,0
15048,9165,0.333333,1
15048,3748,0.333333,0
15048,5066,0.333333,0
15049,5098,1.0,1
15050,2051,1.0,1
15051,8307,1.0,1
15052,4162,1.0,1
15053,11185,0.25,1
15053,6920,0.25,0
15053,6554,0.25,0
15053,341,0.25,0
15054,3305,0.5,1
15054,11293,0.5,0
15055,5940,1.0,1
15056,4732,1.0,1
15057,1707,0.5,1
15057,6183,0.5,0
15058,6571,1.0,1
15059,4384,1.0,1
15060,10172,1.0,1
15061,11786,1.0,1
15062,9232,1.0,1
15063,55,1.0,1
15064,3229,0.5,1
15064,1250,0.5,0
15065,8012,1.0,1
15066,11714,1.0,1
15067,9710,1.0,1
15068,124,1.0,1
15069,2307,1.0,1
15070,6352,1.0,1
15071,8187,1.0,1
15072,2686,1.0,1
15073,8625,1.0,1
15074,9208,1.0,1
15075,9387,1.0,1
15076,1544,1.0,1
15077,6246,1.0,1
