game_key,publisher_key,allocation_factor,is_primary
1,7065,1.0,1
2,2567,1.0,1
3,9099,1.0,1
4,5687,1.0,1
5,6099,1.0,1
6,2566,1.0,1
7,6970,1.0,1
8,5687,1.0,1
9,3579,1.0,1
10,6924,1.0,1
11,1487,1.0,1
12,5041,1.0,1
13,7772,1.0,1
14,3120,1.0,1
15,239,1.0,1
16,898,1.0,1
17,3626,0.5,1
17,650,0.5,0
18,5680,1.0,1
19,3538,1.0,1
20,8064,1.0,1
21,5279,1.0,1
22,5123,1.0,1
23,642,1.0,1
24,7536,1.0,1
25,6604,1.0,1
26,6711,1.0,1
27,7775,1.0,1
28,9167,1.0,1
29,6190,1.0,1
30,4794,1.0,1
31,349,1.0,1
32,6216,1.0,1
33,5151,1.0,1
34,3952,1.0,1
35,714,1.0,1
36,1882,0.5,1
36,49,0.5,0
37,7962,1.0,1
38,2765,1.0,1
39,6782,1.0,1
40,1748,1.0,1
41,8439,1.0,1
42,6835,1.0,1
43,1539,1.0,1
44,5422,1.0,1
45,6984,1.0,1
46,2795,1.0,1
47,6371,1.0,1
48,5116,1.0,1
49,6453,1.0,1
50,700,1.0,1
51,9382,1.0,1
52,6391,1.0,1
53,1756,0.5,1
53,6869,0.5,0
54,1775,1.0,1
55,5522,1.0,1
56,22,1.0,1
57,9303,1.0,1
58,8439,1.0,1
59,31,0.25,1
59,1227,0.25,0
59,9337,0.25,0
59,4775,0.25,0
60,6934,1.0,1
61,7068,1.0,1
62,4201,1.0,1
63,3401,1.0,1
64,1945,1.0,1
65,8837,1.0,1
66,3535,1.0,1
67,6055,1.0,1
68,3862,0.5,1
68,2661,0.5,0
69,494,1.0,1
70,5831,1.0,1
71,8097,1.0,1
72,7819,0.5,1
72,1675,0.5,0
73,5137,1.0,1
74,9410,1.0,1
75,2835,1.0,1
76,1691,1.0,1
77,6502,1.0,1
78,494,1.0,1
79,3952,1.0,1
80,1882,0.5,1
80,2075,0.5,0
81,8382,1.0,1
82,3442,1.0,1
83,7463,1.0,1
84,2007,1.0,1
85,3479,1.0,1
86,8315,1.0,1
87,1945,1.0,1
88,7314,1.0,1
89,1886,1.0,1
90,7607,1.0,1
91,1335,0.5,1
91,4053,0.5,0
92,7229,1.0,1
93,4825,1.0,1
94,465,0.5,1
94,2945,0.5,0
95,9099,1.0,1
96,4608,1.0,1
97,3106,1.0,1
98,1653,1.0,1
99,700,1.0,1
100,2580,1.0,1
101,1896,1.0,1
102,7745,1.0,1
103,2621,1.0,1
104,5457,1.0,1
105,130,1.0,1
106,9294,0.5,1
106,427,0.5,0
107,7065,1.0,1
108,2266,1.0,1
109,4815,1.0,1
110,2531,1.0,1
111,5133,1.0,1
112,3127,1.0,1
113,3823,1.0,1
114,150,1.0,1
115,3158,1.0,1
116,6780,1.0,1
117,629,1.0,1
118,7424,1.0,1
119,642,1.0,1
120,5635,1.0,1
121,1724,1.0,1
122,5387,1.0,1
123,456,1.0,1
124,531,1.0,1
125,1401,1.0,1
126,3772,1.0,1
127,7713,1.0,1
128,714,1.0,1
129,6362,1.0,1
130,1643,1.0,1
131,7065,1.0,1
132,4864,1.0,1
133,3971,1.0,1
134,5096,1.0,1
135,3611,1.0,1
136,3971,1.0,1
137,2460,1.0,1
138,1476,1.0,1
139,1955,1.0,1
140,5128,1.0,1
141,6857,1.0,1
142,2460,1.0,1
143,2645,1.0,1
144,2565,0.5,1
144,3602,0.5,0
145,6132,1.0,1
146,3877,1.0,1
147,4791,1.0,1
148,1371,1.0,1
149,2402,1.0,1
150,1944,1.0,1
151,8355,0.5,1
151,547,0.5,0
152,7012,0.5,1
152,8888,0.5,0
153,2911,1.0,1
154,5194,1.0,1
155,6973,1.0,1
156,7316,1.0,1
157,2191,1.0,1
158,3873,1.0,1
159,243,1.0,1
160,5440,1.0,1
161,8639,1.0,1
162,8805,1.0,1
163,3138,1.0,1
164,1869,1.0,1
165,456,1.0,1
166,59,1.0,1
167,9034,1.0,1
168,8074,1.0,1
169,8166,1.0,1
170,7620,1.0,1
171,3224,1.0,1
172,492,1.0,1
173,8118,1.0,1
174,110,1.0,1
175,8404,1.0,1
176,696,1.0,1
177,1511,1.0,1
178,6003,1.0,1
179,7395,1.0,1
180,6529,1.0,1
181,7174,1.0,1
182,246,0.5,1
182,8884,0.5,0
183,5737,1.0,1
184,3954,1.0,1
185,6312,0.5,1
185,3295,0.5,0
186,823,1.0,1
187,859,1.0,1
188,6214,1.0,1
189,1745,1.0,1
190,1198,1.0,1
191,3067,1.0,1
192,2679,1.0,1
193,6106,1.0,1
194,6144,1.0,1
195,8900,1.0,1
196,3713,1.0,1
197,1147,1.0,1
198,1025,1.0,1
199,7280,1.0,1
200,3306,1.0,1
201,7014,1.0,1
202,3228,0.5,1
202,5196,0.5,0
203,9314,1.0,1
204,6381,1.0,1
205,5146,1.0,1
206,2340,1.0,1
207,8143,1.0,1
208,6164,0.5,1
208,6089,0.5,0
209,8884,1.0,1
210,5612,1.0,1
211,358,1.0,1
212,3979,1.0,1
213,4349,1.0,1
214,4665,1.0,1
215,7484,1.0,1
216,4846,1.0,1
217,2560,1.0,1
218,3122,1.0,1
219,6427,1.0,1
220,6747,1.0,1
221,5440,1.0,1
222,8513,1.0,1
223,456,1.0,1
224,4995,1.0,1
225,1580,1.0,1
226,7616,1.0,1
227,3546,1.0,1
228,1756,0.5,1
228,6869,0.5,0
229,6355,1.0,1
230,6432,1.0,1
231,7065,1.0,1
232,8685,1.0,1
233,2956,1.0,1
234,8521,0.5,1
234,4713,0.5,0
235,8400,1.0,1
236,4744,1.0,1
237,53,1.0,1
238,3971,1.0,1
239,5095,1.0,1
240,5146,1.0,1
241,4005,1.0,1
242,3548,1.0,1
243,5968,1.0,1
244,464,1.0,1
245,4416,1.0,1
246,1230,1.0,1
247,268,1.0,1
248,5723,1.0,1
249,8884,1.0,1
250,5326,1.0,1
251,7382,1.0,1
252,2311,1.0,1
253,442,1.0,1
254,525,1.0,1
255,7063,1.0,1
256,979,1.0,1
257,8613,1.0,1
258,9044,1.0,1
259,4261,1.0,1
260,7146,1.0,1
261,208,1.0,1
262,8804,1.0,1
263,1793,1.0,1
264,4384,1.0,1
265,9204,0.5,1
265,9205,0.5,0
266,5126,1.0,1
267,4391,1.0,1
268,8443,1.0,1
269,8857,1.0,1
270,7730,1.0,1
271,8307,0.5,1
271,3338,0.5,0
272,1321,1.0,1
273,5677,1.0,1
274,9072,1.0,1
275,2965,1.0,1
276,3315,1.0,1
277,8884,1.0,1
278,5499,1.0,1
279,3246,1.0,1
280,5716,1.0,1
281,3228,1.0,1
282,3518,1.0,1
283,8422,1.0,1
284,7135,1.0,1
285,8632,1.0,1
286,4718,1.0,1
287,1407,1.0,1
288,7182,1.0,1
289,5977,1.0,1
290,7454,1.0,1
291,5440,1.0,1
292,360,1.0,1
293,4815,1.0,1
294,6912,1.0,1
295,5632,1.0,1
296,3988,1.0,1
297,7987,1.0,1
298,4596,1.0,1
299,2489,0.5,1
299,7844,0.5,0
300,2188,1.0,1
301,61,1.0,1
302,1847,1.0,1
303,9035,1.0,1
304,5031,1.0,1
305,6003,1.0,1
306,4326,1.0,1
307,1869,1.0,1
308,6227,1.0,1
309,3928,1.0,1
310,3436,1.0,1
311,2405,1.0,1
312,8472,1.0,1
313,4822,1.0,1
314,689,1.0,1
315,6119,1.0,1
316,5835,1.0,1
317,8133,1.0,1
318,3122,1.0,1
319,5208,1.0,1
320,2614,1.0,1
321,2487,1.0,1
322,6506,0.5,1
322,9134,0.5,0
323,7377,1.0,1
324,650,1.0,1
325,8449,1.0,1
326,2414,0.5,1
326,366,0.5,0
327,2211,1.0,1
328,1096,1.0,1
329,1401,1.0,1
330,7893,1.0,1
331,400,1.0,1
332,8381,1.0,1
333,3227,1.0,1
334,7543,1.0,1
335,3999,1.0,1
336,4128,1.0,1
337,3952,1.0,1
338,3562,1.0,1
339,1217,1.0,1
340,8851,1.0,1
341,731,1.0,1
342,4304,1.0,1
343,730,1.0,1
344,4513,1.0,1
345,650,1.0,1
346,2956,1.0,1
347,2177,1.0,1
348,2666,1.0,1
349,5906,1.0,1
350,64,1.0,1
351,504,1.0,1
352,8058,0.5,1
352,2956,0.5,0
353,5632,1.0,1
354,8010,1.0,1
355,88,1.0,1
356,9062,1.0,1
357,1777,1.0,1
358,6775,1.0,1
359,1674,1.0,1
360,1288,0.5,1
360,2645,0.5,0
361,5526,1.0,1
362,2377,1.0,1
363,683,1.0,1
364,1082,0.5,1
364,4290,0.5,0
365,2942,1.0,1
366,1330,1.0,1
367,5796,1.0,1
368,9254,1.0,1
369,995,1.0,1
370,5074,1.0,1
371,3050,1.0,1
372,5917,1.0,1
373,3442,1.0,1
374,1724,1.0,1
375,8748,0.5,1
375,8824,0.5,0
376,5805,1.0,1
377,5790,1.0,1
378,1993,1.0,1
379,2479,1.0,1
380,5931,1.0,1
381,2653,1.0,1
382,2333,1.0,1
383,2880,1.0,1
384,8407,1.0,1
385,9039,1.0,1
386,7065,1.0,1
387,2103,1.0,1
388,4773,1.0,1
389,2062,1.0,1
390,3008,1.0,1
391,3636,1.0,1
392,8454,1.0,1
393,2509,1.0,1
394,3656,1.0,1
395,5264,1.0,1
396,3306,1.0,1
397,5700,1.0,1
398,5440,1.0,1
399,8387,1.0,1
400,8603,1.0,1
401,4663,1.0,1
402,1486,1.0,1
403,4429,1.0,1
404,3158,1.0,1
405,7929,1.0,1
406,545,1.0,1
407,488,1.0,1
408,8720,1.0,1
409,8131,1.0,1
410,2343,1.0,1
411,6808,1.0,1
412,5737,1.0,1
413,5389,1.0,1
414,8971,1.0,1
415,4805,1.0,1
416,5959,1.0,1
417,3505,1.0,1
418,3720,1.0,1
419,639,1.0,1
420,6755,1.0,1
421,5229,1.0,1
422,4769,1.0,1
423,7891,1.0,1
424,9099,1.0,1
425,8514,1.0,1
426,1541,1.0,1
427,5478,1.0,1
428,3916,1.0,1
429,3360,1.0,1
430,730,1.0,1
431,6212,0.5,1
431,4898,0.5,0
432,3858,1.0,1
433,9173,1.0,1
434,6602,1.0,1
435,650,1.0,1
436,5150,1.0,1
437,6496,1.0,1
438,6869,1.0,1
439,5846,1.0,1
440,3787,1.0,1
441,7088,1.0,1
442,3485,1.0,1
443,669,1.0,1
444,601,1.0,1
445,4963,1.0,1
446,6232,1.0,1
447,1057,1.0,1
448,2220,1.0,1
449,5116,1.0,1
450,4889,1.0,1
451,1388,1.0,1
452,4139,1.0,1
453,7869,1.0,1
454,2706,1.0,1
455,20,1.0,1
456,4831,1.0,1
457,8622,1.0,1
458,6184,1.0,1
459,9116,1.0,1
460,2012,1.0,1
461,7830,1.0,1
462,7606,1.0,1
463,1513,1.0,1
464,273,1.0,1
465,278,1.0,1
466,6606,1.0,1
467,5146,1.0,1
468,3952,1.0,1
469,8692,1.0,1
470,9369,0.5,1
470,2966,0.5,0
471,6300,1.0,1
472,7146,1.0,1
473,1926,1.0,1
474,6487,1.0,1
475,1765,1.0,1
476,384,1.0,1
477,8731,1.0,1
478,4233,1.0,1
479,321,1.0,1
480,5002,1.0,1
481,6575,1.0,1
482,6606,1.0,1
483,3033,1.0,1
484,692,1.0,1
485,561,1.0,1
486,7172,1.0,1
487,4961,1.0,1
488,234,1.0,1
489,5625,1.0,1
490,1372,1.0,1
491,4786,1.0,1
492,3033,1.0,1
493,5395,1.0,1
494,3574,1.0,1
495,456,1.0,1
496,2952,1.0,1
497,3546,1.0,1
498,1024,0.5,1
498,5103,0.5,0
499,1570,1.0,1
500,4600,1.0,1
501,7436,1.0,1
502,4672,1.0,1
503,8946,1.0,1
504,5440,1.0,1
505,2159,1.0,1
506,748,1.0,1
507,4467,1.0,1
508,378,1.0,1
509,692,1.0,1
510,1552,1.0,1
511,7715,1.0,1
512,5080,1.0,1
513,5912,1.0,1
514,1150,1.0,1
515,1793,1.0,1
516,310,1.0,1
517,1724,1.0,1
518,5118,1.0,1
519,4167,1.0,1
520,1004,1.0,1
521,7934,1.0,1
522,3299,1.0,1
523,3194,1.0,1
524,622,1.0,1
525,8710,1.0,1
526,4582,1.0,1
527,2065,1.0,1
528,7357,1.0,1
529,2836,1.0,1
530,1153,1.0,1
531,220,1.0,1
532,6889,1.0,1
533,9416,1.0,1
534,7182,1.0,1
535,2923,1.0,1
536,6624,1.0,1
537,872,1.0,1
538,11,1.0,1
539,8304,1.0,1
540,4433,1.0,1
541,8911,1.0,1
542,3939,1.0,1
543,3464,1.0,1
544,627,1.0,1
545,3474,0.5,1
545,6315,0.5,0
546,1382,1.0,1
547,6808,1.0,1
548,3392,0.5,1
548,5632,0.5,0
549,5146,1.0,1
550,7840,1.0,1
551,2519,1.0,1
552,2940,1.0,1
553,522,1.0,1
554,5154,0.5,1
554,6832,0.5,0
555,4936,1.0,1
556,6661,1.0,1
557,7138,1.0,1
558,2939,0.5,1
558,5906,0.5,0
559,6232,1.0,1
560,1403,1.0,1
561,4821,1.0,1
562,753,1.0,1
563,8884,1.0,1
564,8226,1.0,1
565,9368,1.0,1
566,7990,0.5,1
566,5790,0.5,0
567,2029,1.0,1
568,354,1.0,1
569,7179,1.0,1
570,2202,1.0,1
571,6940,1.0,1
572,3173,1.0,1
573,3255,1.0,1
574,402,1.0,1
575,773,1.0,1
576,5547,1.0,1
577,5239,1.0,1
578,3050,1.0,1
579,7816,1.0,1
580,7065,1.0,1
581,6042,1.0,1
582,8962,1.0,1
583,7106,1.0,1
584,3610,1.0,1
585,3925,1.0,1
586,453,1.0,1
587,6805,1.0,1
588,3317,1.0,1
589,2765,0.333333,1
589,6003,0.333333,0
589,9296,0.333333,0
590,7406,1.0,1
591,3806,1.0,1
592,8315,1.0,1
593,5440,1.0,1
594,6979,1.0,1
595,3296,1.0,1
596,9036,1.0,1
597,6393,0.5,1
597,3719,0.5,0
598,6765,1.0,1
599,2952,1.0,1
600,5095,0.5,1
600,5231,0.5,0
601,1027,1.0,1
602,6459,1.0,1
603,2349,1.0,1
604,3683,1.0,1
605,680,1.0,1
606,585,1.0,1
607,7646,1.0,1
608,1339,1.0,1
609,4041,1.0,1
610,983,1.0,1
611,571,0.5,1
611,5110,0.5,0
612,790,1.0,1
613,3180,1.0,1
614,7478,1.0,1
615,156,1.0,1
616,1793,1.0,1
617,4772,1.0,1
618,8383,1.0,1
619,7385,0.5,1
619,2956,0.5,0
620,3971,1.0,1
621,3971,1.0,1
622,1254,1.0,1
623,7985,1.0,1
624,2464,1.0,1
625,3955,1.0,1
626,6090,1.0,1
627,1967,0.5,1
627,6000,0.5,0
628,4382,1.0,1
629,253,1.0,1
630,1621,1.0,1
631,2103,1.0,1
632,355,1.0,1
633,1707,1.0,1
634,4298,1.0,1
635,6840,1.0,1
636,6025,1.0,1
637,686,1.0,1
638,4918,1.0,1
639,7055,1.0,1
640,8884,1.0,1
641,6679,1.0,1
642,6713,1.0,1
643,7772,1.0,1
644,4704,1.0,1
645,3979,1.0,1
646,6363,1.0,1
647,4905,0.5,1
647,4982,0.5,0
648,4918,1.0,1
649,7112,1.0,1
650,4727,1.0,1
651,2026,1.0,1
652,3286,0.5,1
652,2956,0.5,0
653,7599,1.0,1
654,8449,1.0,1
655,2738,1.0,1
656,3243,0.5,1
656,2268,0.5,0
657,9135,0.5,1
657,6636,0.5,0
658,1767,1.0,1
659,1709,1.0,1
660,1945,1.0,1
661,7010,1.0,1
662,3480,1.0,1
663,6400,1.0,1
664,6206,1.0,1
665,7844,1.0,1
666,6371,1.0,1
667,2645,1.0,1
668,8091,1.0,1
669,13,1.0,1
670,5161,1.0,1
671,902,1.0,1
672,3248,1.0,1
673,2808,1.0,1
674,5966,1.0,1
675,6763,1.0,1
676,6708,1.0,1
677,6244,1.0,1
678,3485,1.0,1
679,7464,0.5,1
679,7022,0.5,0
680,5291,1.0,1
681,8802,1.0,1
682,6455,1.0,1
683,2962,1.0,1
684,3178,1.0,1
685,5199,1.0,1
686,8176,1.0,1
687,7464,0.5,1
687,7022,0.5,0
688,6162,1.0,1
689,244,0.5,1
689,3602,0.5,0
690,2050,1.0,1
691,1030,1.0,1
692,1930,1.0,1
693,1584,1.0,1
694,123,1.0,1
695,6206,1.0,1
696,1265,1.0,1
697,6561,0.5,1
697,719,0.5,0
698,5622,1.0,1
699,3040,1.0,1
700,4777,1.0,1
701,4197,1.0,1
702,1090,1.0,1
703,4543,1.0,1
704,8739,1.0,1
705,2434,1.0,1
706,2365,1.0,1
707,2334,1.0,1
708,6602,1.0,1
709,6550,1.0,1
710,8078,1.0,1
711,7236,1.0,1
712,1380,1.0,1
713,3735,1.0,1
714,3536,1.0,1
715,2963,0.5,1
715,4151,0.5,0
716,8709,1.0,1
717,1082,1.0,1
718,8003,1.0,1
719,8005,0.5,1
719,2951,0.5,0
720,8487,1.0,1
721,494,1.0,1
722,3038,1.0,1
723,4009,1.0,1
724,3734,0.5,1
724,3972,0.5,0
725,7065,1.0,1
726,8022,1.0,1
727,7256,1.0,1
728,954,1.0,1
729,6237,1.0,1
730,6016,1.0,1
731,2605,1.0,1
732,4813,1.0,1
733,5206,1.0,1
734,7771,1.0,1
735,6455,1.0,1
736,2394,1.0,1
737,7987,1.0,1
738,6983,1.0,1
739,171,1.0,1
740,2037,1.0,1
741,368,1.0,1
742,4335,1.0,1
743,5440,1.0,1
744,1396,1.0,1
745,5366,0.5,1
745,2934,0.5,0
746,6565,1.0,1
747,1366,1.0,1
748,4330,1.0,1
749,1401,1.0,1
750,5573,1.0,1
751,5440,1.0,1
752,4519,1.0,1
753,4752,1.0,1
754,1872,1.0,1
755,1724,1.0,1
756,2397,1.0,1
757,5862,1.0,1
758,1907,1.0,1
759,1078,1.0,1
760,5066,1.0,1
761,5196,0.5,1
761,3228,0.5,0
762,790,1.0,1
763,7358,1.0,1
764,3480,1.0,1
765,3944,1.0,1
766,3306,1.0,1
767,6787,1.0,1
768,7816,1.0,1
769,3971,1.0,1
770,6241,1.0,1
771,1407,1.0,1
772,8372,1.0,1
773,9375,0.5,1
773,4324,0.5,0
774,5327,1.0,1
775,2534,1.0,1
776,5106,1.0,1
777,8470,1.0,1
778,4179,1.0,1
779,3979,1.0,1
780,6721,1.0,1
781,4200,1.0,1
782,8899,1.0,1
783,4260,1.0,1
784,436,1.0,1
785,8064,1.0,1
786,3954,1.0,1
787,2017,1.0,1
788,9146,1.0,1
789,3505,1.0,1
790,8371,1.0,1
791,3229,1.0,1
792,1717,1.0,1
793,2548,1.0,1
794,3458,1.0,1
795,7445,1.0,1
796,6482,1.0,1
797,1866,1.0,1
798,3971,1.0,1
799,7898,1.0,1
800,6602,1.0,1
801,4708,1.0,1
802,6729,1.0,1
803,7539,1.0,1
804,6915,1.0,1
805,3332,1.0,1
806,4889,1.0,1
807,6879,1.0,1
808,2440,1.0,1
809,3127,1.0,1
810,3087,0.5,1
810,3602,0.5,0
811,6520,1.0,1
812,1426,1.0,1
813,9011,1.0,1
814,6892,1.0,1
815,7594,1.0,1
816,7919,1.0,1
817,6087,1.0,1
818,184,1.0,1
819,2544,1.0,1
820,742,1.0,1
821,6604,1.0,1
822,8302,1.0,1
823,2245,1.0,1
824,2406,1.0,1
825,6768,1.0,1
826,4683,0.5,1
826,3411,0.5,0
827,7639,1.0,1
828,6419,1.0,1
829,2871,1.0,1
830,8884,1.0,1
831,2239,1.0,1
832,7081,0.5,1
832,9026,0.5,0
833,1050,0.5,1
833,3590,0.5,0
834,3322,1.0,1
835,3908,0.5,1
835,7297,0.5,0
836,1388,1.0,1
837,5536,1.0,1
838,2352,1.0,1
839,3938,1.0,1
840,2699,1.0,1
841,7057,1.0,1
842,1407,1.0,1
843,2956,1.0,1
844,6059,1.0,1
845,4740,1.0,1
846,1317,1.0,1
847,1200,1.0,1
848,2012,1.0,1
849,8064,1.0,1
850,7122,1.0,1
851,6740,1.0,1
852,6217,1.0,1
853,7572,0.5,1
853,4780,0.5,0
854,4460,1.0,1
855,5327,1.0,1
856,3349,1.0,1
857,1333,1.0,1
858,4403,0.5,1
858,2020,0.5,0
859,6906,1.0,1
860,593,1.0,1
861,3789,1.0,1
862,1386,1.0,1
863,2645,1.0,1
864,1054,1.0,1
865,2572,1.0,1
866,7623,1.0,1
867,5869,1.0,1
868,2978,1.0,1
869,7087,1.0,1
870,2307,1.0,1
871,9117,1.0,1
872,3112,1.0,1
873,8603,1.0,1
874,6395,1.0,1
875,8668,1.0,1
876,4195,1.0,1
877,8166,1.0,1
878,3971,1.0,1
879,5502,1.0,1
880,5913,1.0,1
881,8685,1.0,1
882,6465,1.0,1
883,84,0.5,1
883,2765,0.5,0
884,8617,1.0,1
885,5830,1.0,1
886,1499,1.0,1
887,6161,1.0,1
888,1643,1.0,1
889,8445,1.0,1
890,6299,1.0,1
891,1775,1.0,1
892,7443,1.0,1
893,5480,1.0,1
894,3013,1.0,1
895,8064,1.0,1
896,3745,1.0,1
897,425,1.0,1
898,3578,1.0,1
899,3480,1.0,1
900,6801,1.0,1
901,5465,1.0,1
902,657,1.0,1
903,6206,1.0,1
904,3108,1.0,1
905,962,1.0,1
906,7252,1.0,1
907,9118,0.333333,1
907,5625,0.333333,0
907,1882,0.333333,0
908,4248,1.0,1
909,5635,1.0,1
910,8381,1.0,1
911,4745,1.0,1
912,3122,1.0,1
913,5780,1.0,1
914,7339,1.0,1
915,7021,1.0,1
916,5982,1.0,1
917,8431,1.0,1
918,8783,1.0,1
919,6267,1.0,1
920,6646,1.0,1
921,1504,1.0,1
922,5094,1.0,1
923,4565,1.0,1
924,2248,1.0,1
925,3979,1.0,1
926,8381,1.0,1
927,7996,1.0,1
928,3979,1.0,1
929,971,0.5,1
929,4290,0.5,0
930,5108,1.0,1
931,3988,1.0,1
932,4377,0.25,1
932,2753,0.25,0
932,5906,0.25,0
932,2750,0.25,0
933,3971,1.0,1
934,8188,1.0,1
935,3589,1.0,1
936,2672,1.0,1
937,3127,1.0,1
938,4876,1.0,1
939,8118,1.0,1
940,2372,1.0,1
941,3957,1.0,1
942,604,1.0,1
943,1316,1.0,1
944,6572,1.0,1
945,4778,1.0,1
946,8439,1.0,1
947,6048,1.0,1
948,1165,0.5,1
948,5006,0.5,0
949,8078,1.0,1
950,5160,1.0,1
951,5665,1.0,1
952,5516,1.0,1
953,8701,1.0,1
954,760,0.333333,1
954,2268,0.333333,0
954,8174,0.333333,0
955,8845,1.0,1
956,5042,0.5,1
956,3687,0.5,0
957,6203,1.0,1
958,7897,1.0,1
959,4458,1.0,1
960,2596,1.0,1
961,2589,1.0,1
962,5232,1.0,1
963,4543,1.0,1
964,6480,1.0,1
965,5928,1.0,1
966,1744,0.5,1
966,3314,0.5,0
967,4931,1.0,1
968,1350,1.0,1
969,7791,1.0,1
970,310,1.0,1
971,3952,1.0,1
972,7622,1.0,1
973,4337,1.0,1
974,4496,0.5,1
974,8389,0.5,0
975,314,1.0,1
976,6158,1.0,1
977,5828,1.0,1
978,5322,1.0,1
979,9068,1.0,1
980,5625,0.5,1
980,1882,0.5,0
981,2795,1.0,1
982,1679,1.0,1
983,2250,1.0,1
984,6869,1.0,1
985,4942,0.5,1
985,8435,0.5,0
986,8315,1.0,1
987,3637,1.0,1
988,5587,1.0,1
989,355,1.0,1
990,5116,1.0,1
991,1102,1.0,1
992,8064,1.0,1
993,7484,1.0,1
994,7890,1.0,1
995,1764,1.0,1
996,5875,1.0,1
997,7950,1.0,1
998,4379,1.0,1
999,4927,1.0,1
1000,8354,1.0,1
1001,2777,1.0,1
1002,1775,1.0,1
1003,6605,0.5,1
1003,8606,0.5,0
1004,3993,1.0,1
1005,2939,0.5,1
1005,5906,0.5,0
1006,7843,1.0,1
1007,790,1.0,1
1008,5116,1.0,1
1009,456,1.0,1
1010,2350,1.0,1
1011,540,1.0,1
1012,7847,1.0,1
1013,4813,1.0,1
1014,6568,1.0,1
1015,7827,0.5,1
1015,2645,0.5,0
1016,3513,1.0,1
1017,5390,1.0,1
1018,5505,1.0,1
1019,1528,1.0,1
1020,3468,1.0,1
1021,6655,1.0,1
1022,354,1.0,1
1023,1599,1.0,1
1024,228,1.0,1
1025,5210,0.5,1
1025,6237,0.5,0
1026,9071,1.0,1
1027,3474,1.0,1
1028,552,1.0,1
1029,1882,1.0,1
1030,8884,1.0,1
1031,9314,1.0,1
1032,585,1.0,1
1033,4335,1.0,1
1034,8048,0.5,1
1034,1235,0.5,0
1035,2951,0.5,1
1035,8005,0.5,0
1036,8407,0.5,1
1036,2955,0.5,0
1037,335,0.5,1
1037,1738,0.5,0
1038,3971,1.0,1
1039,1945,1.0,1
1040,2266,1.0,1
1041,1300,1.0,1
1042,9057,1.0,1
1043,8884,1.0,1
1044,5917,1.0,1
1045,2046,1.0,1
1046,101,1.0,1
1047,4854,1.0,1
1048,2195,1.0,1
1049,9438,1.0,1
1050,8055,1.0,1
1051,4005,1.0,1
1052,7031,1.0,1
1053,4804,1.0,1
1054,4783,1.0,1
1055,683,1.0,1
1056,937,1.0,1
1057,3315,1.0,1
1058,7333,1.0,1
1059,790,1.0,1
1060,6575,1.0,1
1061,6922,1.0,1
1062,5194,1.0,1
1063,7146,1.0,1
1064,5635,1.0,1
1065,2940,0.5,1
1065,5906,0.5,0
1066,7662,1.0,1
1067,5382,1.0,1
1068,1882,1.0,1
1069,683,1.0,1
1070,8472,1.0,1
1071,7840,1.0,1
1072,8439,1.0,1
1073,528,1.0,1
1074,8031,1.0,1
1075,27,1.0,1
1076,3187,1.0,1
1077,903,1.0,1
1078,8483,1.0,1
1079,4739,1.0,1
1080,6063,1.0,1
1081,2402,1.0,1
1082,322,1.0,1
1083,1128,1.0,1
1084,5146,1.0,1
1085,1886,1.0,1
1086,1930,0.5,1
1086,1758,0.5,0
1087,5747,1.0,1
1088,5857,1.0,1
1089,3027,0.5,1
1089,2931,0.5,0
1090,4501,1.0,1
1091,5527,1.0,1
1092,3245,1.0,1
1093,2405,1.0,1
1094,4712,1.0,1
1095,6037,1.0,1
1096,8284,1.0,1
1097,1375,0.5,1
1097,64,0.5,0
1098,8064,1.0,1
1099,7635,0.5,1
1099,4819,0.5,0
1100,5116,1.0,1
1101,310,1.0,1
1102,7465,1.0,1
1103,5146,1.0,1
1104,5277,1.0,1
1105,6014,1.0,1
1106,4215,0.5,1
1106,8480,0.5,0
1107,8920,1.0,1
1108,8884,1.0,1
1109,5128,1.0,1
1110,2350,1.0,1
1111,2078,1.0,1
1112,3009,1.0,1
1113,3606,1.0,1
1114,5173,1.0,1
1115,5908,0.5,1
1115,5238,0.5,0
1116,4773,1.0,1
1117,8048,0.5,1
1117,1235,0.5,0
1118,3316,1.0,1
1119,2679,1.0,1
1120,2312,1.0,1
1121,5822,0.5,1
1121,1011,0.5,0
1122,4616,1.0,1
1123,2435,1.0,1
1124,355,1.0,1
1125,3887,1.0,1
1126,6057,0.333333,1
1126,6935,0.333333,0
1126,3921,0.333333,0
1127,6275,0.5,1
1127,2350,0.5,0
1128,8133,1.0,1
1129,1422,1.0,1
1130,2491,1.0,1
1131,4754,1.0,1
1132,730,1.0,1
1133,2510,1.0,1
1134,4739,1.0,1
1135,5672,1.0,1
1136,4229,1.0,1
1137,1975,1.0,1
1138,4859,1.0,1
1139,8181,1.0,1
1140,6353,1.0,1
1141,6602,1.0,1
1142,1497,1.0,1
1143,4603,1.0,1
1144,1369,1.0,1
1145,3481,1.0,1
1146,6906,1.0,1
1147,1466,1.0,1
1148,3979,1.0,1
1149,3812,1.0,1
1150,1050,0.5,1
1150,3590,0.5,0
1151,5371,1.0,1
1152,9387,1.0,1
1153,601,1.0,1
1154,3683,1.0,1
1155,2551,1.0,1
1156,7571,1.0,1
1157,7675,1.0,1
1158,5385,1.0,1
1159,3144,1.0,1
1160,8987,1.0,1
1161,820,1.0,1
1162,5440,1.0,1
1163,355,1.0,1
1164,2589,1.0,1
1165,4965,1.0,1
1166,261,1.0,1
1167,8016,1.0,1
1168,6602,1.0,1
1169,5440,1.0,1
1170,2350,1.0,1
1171,7423,1.0,1
1172,4667,1.0,1
1173,7161,1.0,1
1174,3789,1.0,1
1175,4082,1.0,1
1176,6237,1.0,1
1177,6987,1.0,1
1178,5320,1.0,1
1179,7278,0.5,1
1179,5865,0.5,0
1180,2679,1.0,1
1181,2645,1.0,1
1182,1624,1.0,1
1183,923,1.0,1
1184,3971,1.0,1
1185,6629,1.0,1
1186,9335,1.0,1
1187,6048,1.0,1
1188,6134,1.0,1
1189,3442,1.0,1
1190,2736,1.0,1
1191,7804,1.0,1
1192,5487,1.0,1
1193,5403,1.0,1
1194,6979,1.0,1
1195,6884,1.0,1
1196,3979,1.0,1
1197,1933,1.0,1
1198,9066,1.0,1
1199,2350,1.0,1
1200,2264,1.0,1
1201,8462,1.0,1
1202,2074,1.0,1
1203,3452,1.0,1
1204,6634,1.0,1
1205,5923,1.0,1
1206,5703,1.0,1
1207,7803,1.0,1
1208,3971,1.0,1
1209,3734,1.0,1
1210,64,1.0,1
1211,7499,1.0,1
1212,1557,1.0,1
1213,7850,1.0,1
1214,4019,1.0,1
1215,6269,1.0,1
1216,2365,1.0,1
1217,5236,0.5,1
1217,3480,0.5,0
1218,4553,1.0,1
1219,2862,1.0,1
1220,8738,1.0,1
1221,7189,1.0,1
1222,5945,1.0,1
1223,6866,1.0,1
1224,6509,1.0,1
1225,393,0.5,1
1225,5710,0.5,0
1226,2577,0.5,1
1226,3602,0.5,0
1227,7890,1.0,1
1228,1238,1.0,1
1229,2279,1.0,1
1230,5382,1.0,1
1231,7456,1.0,1
1232,4377,0.5,1
1232,5906,0.5,0
1233,4654,1.0,1
1234,4207,1.0,1
1235,7263,1.0,1
1236,1630,1.0,1
1237,6844,1.0,1
1238,3673,1.0,1
1239,1049,1.0,1
1240,7008,1.0,1
1241,7313,1.0,1
1242,4298,1.0,1
1243,1084,1.0,1
1244,4815,1.0,1
1245,8846,0.5,1
1245,3295,0.5,0
1246,8804,1.0,1
1247,8891,1.0,1
1248,2791,1.0,1
1249,1879,1.0,1
1250,5143,1.0,1
1251,4273,1.0,1
1252,5804,1.0,1
1253,3123,1.0,1
1254,8740,1.0,1
1255,5463,1.0,1
1256,349,1.0,1
1257,1473,1.0,1
1258,3398,1.0,1
1259,6772,1.0,1
1260,494,1.0,1
1261,4813,1.0,1
1262,8685,1.0,1
1263,8467,1.0,1
1264,7996,1.0,1
1265,1674,1.0,1
1266,1616,1.0,1
1267,3369,1.0,1
1268,5440,1.0,1
1269,5846,1.0,1
1270,2886,1.0,1
1271,3031,1.0,1
1272,5292,1.0,1
1273,470,1.0,1
1274,5512,1.0,1
1275,1886,1.0,1
1276,1060,1.0,1
1277,6206,1.0,1
1278,8740,1.0,1
1279,3916,1.0,1
1280,349,1.0,1
1281,7406,1.0,1
1282,8439,1.0,1
1283,6077,1.0,1
1284,9306,1.0,1
1285,4280,1.0,1
1286,2338,1.0,1
1287,8974,1.0,1
1288,5006,1.0,1
1289,6253,1.0,1
1290,1691,1.0,1
1291,6989,1.0,1
1292,1882,0.5,1
1292,2175,0.5,0
1293,4861,1.0,1
1294,3076,1.0,1
1295,2756,1.0,1
1296,1367,1.0,1
1297,5906,1.0,1
1298,4388,1.0,1
1299,7215,1.0,1
1300,6002,1.0,1
1301,7793,1.0,1
1302,528,1.0,1
1303,7756,1.0,1
1304,5424,1.0,1
1305,4593,1.0,1
1306,903,1.0,1
1307,8034,1.0,1
1308,3996,1.0,1
1309,2908,1.0,1
1310,2581,1.0,1
1311,3079,1.0,1
1312,8016,1.0,1
1313,5540,1.0,1
1314,604,1.0,1
1315,6163,1.0,1
1316,6342,1.0,1
1317,6763,1.0,1
1318,8144,1.0,1
1319,8552,1.0,1
1320,4788,1.0,1
1321,790,1.0,1
1322,3538,1.0,1
1323,7987,1.0,1
1324,1396,1.0,1
1325,1048,1.0,1
1326,4500,0.5,1
1326,4053,0.5,0
1327,5146,1.0,1
1328,4520,1.0,1
1329,1515,1.0,1
1330,6862,1.0,1
1331,8685,1.0,1
1332,792,1.0,1
1333,310,1.0,1
1334,7990,0.5,1
1334,5790,0.5,0
1335,216,1.0,1
1336,730,1.0,1
1337,3171,1.0,1
1338,3668,0.5,1
1338,1728,0.5,0
1339,1617,1.0,1
1340,4428,1.0,1
1341,6256,1.0,1
1342,9280,1.0,1
1343,1770,1.0,1
1344,2746,1.0,1
1345,3979,1.0,1
1346,6293,1.0,1
1347,9060,1.0,1
1348,6440,1.0,1
1349,5259,1.0,1
1350,1901,1.0,1
1351,2150,0.5,1
1351,1646,0.5,0
1352,8291,1.0,1
1353,4972,1.0,1
1354,5457,1.0,1
1355,212,1.0,1
1356,5128,1.0,1
1357,4152,1.0,1
1358,494,1.0,1
1359,6604,1.0,1
1360,890,1.0,1
1361,4859,1.0,1
1362,7772,1.0,1
1363,6067,1.0,1
1364,3329,1.0,1
1365,1595,1.0,1
1366,7501,1.0,1
1367,1471,1.0,1
1368,2457,1.0,1
1369,2332,1.0,1
1370,3979,1.0,1
1371,4471,1.0,1
1372,6652,1.0,1
1373,4430,1.0,1
1374,5367,1.0,1
1375,9452,1.0,1
1376,3122,1.0,1
1377,8672,1.0,1
1378,3474,1.0,1
1379,8045,1.0,1
1380,6160,1.0,1
1381,8133,1.0,1
1382,7304,1.0,1
1383,255,1.0,1
1384,3955,1.0,1
1385,7863,1.0,1
1386,1574,1.0,1
1387,3228,1.0,1
1388,6257,1.0,1
1389,9298,0.5,1
1389,9419,0.5,0
1390,5734,1.0,1
1391,3435,1.0,1
1392,9352,1.0,1
1393,8727,1.0,1
1394,1407,1.0,1
1395,2779,1.0,1
1396,8381,1.0,1
1397,456,1.0,1
1398,3375,1.0,1
1399,3662,1.0,1
1400,8472,1.0,1
1401,242,1.0,1
1402,7360,1.0,1
1403,8139,1.0,1
1404,8257,1.0,1
1405,4437,1.0,1
1406,950,1.0,1
1407,7996,1.0,1
1408,84,1.0,1
1409,5128,1.0,1
1410,6138,0.333333,1
1410,4324,0.333333,0
1410,4639,0.333333,0
1411,7703,1.0,1
1412,8072,1.0,1
1413,2763,1.0,1
1414,2940,1.0,1
1415,7008,1.0,1
1416,8888,1.0,1
1417,447,1.0,1
1418,5194,1.0,1
1419,6172,1.0,1
1420,5210,0.5,1
1420,6237,0.5,0
1421,7329,1.0,1
1422,5003,1.0,1
1423,2685,0.5,1
1423,4002,0.5,0
1424,4375,1.0,1
1425,5196,1.0,1
1426,9000,1.0,1
1427,562,1.0,1
1428,6037,1.0,1
1429,1965,1.0,1
1430,8036,0.5,1
1430,2661,0.5,0
1431,893,0.5,1
1431,2416,0.5,0
1432,5593,1.0,1
1433,22,1.0,1
1434,7484,1.0,1
1435,7844,1.0,1
1436,5210,0.5,1
1436,6237,0.5,0
1437,593,0.5,1
1437,2951,0.5,0
1438,6194,1.0,1
1439,8526,1.0,1
1440,1940,1.0,1
1441,6494,1.0,1
1442,1834,0.5,1
1442,2867,0.5,0
1443,8685,1.0,1
1444,9046,0.5,1
1444,9148,0.5,0
1445,3324,1.0,1
1446,7490,1.0,1
1447,7362,1.0,1
1448,5777,1.0,1
1449,585,1.0,1
1450,3649,1.0,1
1451,5186,0.5,1
1451,5089,0.5,0
1452,5128,1.0,1
1453,5146,1.0,1
1454,4658,1.0,1
1455,8884,1.0,1
1456,3979,1.0,1
1457,2324,1.0,1
1458,7391,1.0,1
1459,6356,1.0,1
1460,7991,1.0,1
1461,5213,1.0,1
1462,2652,1.0,1
1463,7441,1.0,1
1464,922,1.0,1
1465,9111,1.0,1
1466,3538,1.0,1
1467,1578,1.0,1
1468,498,1.0,1
1469,5146,1.0,1
1470,6400,1.0,1
1471,4926,1.0,1
1472,5867,1.0,1
1473,7833,1.0,1
1474,7182,1.0,1
1475,5632,1.0,1
1476,730,1.0,1
1477,8431,1.0,1
1478,5440,1.0,1
1479,1088,1.0,1
1480,3554,1.0,1
1481,797,1.0,1
1482,4080,1.0,1
1483,5335,1.0,1
1484,1725,1.0,1
1485,8959,1.0,1
1486,2521,0.5,1
1486,4890,0.5,0
1487,4160,1.0,1
1488,6280,1.0,1
1489,494,1.0,1
1490,6806,1.0,1
1491,5635,0.5,1
1491,8097,0.5,0
1492,8185,0.5,1
1492,9099,0.5,0
1493,1595,1.0,1
1494,6935,1.0,1
1495,68,1.0,1
1496,6856,1.0,1
1497,8753,1.0,1
1498,7891,1.0,1
1499,7310,1.0,1
1500,6386,1.0,1
1501,8884,1.0,1
1502,7619,1.0,1
1503,8431,1.0,1
1504,1509,1.0,1
1505,6087,1.0,1
1506,3971,1.0,1
1507,5685,1.0,1
1508,1480,1.0,1
1509,5293,1.0,1
1510,4438,1.0,1
1511,5128,1.0,1
1512,4255,1.0,1
1513,7217,1.0,1
1514,1244,1.0,1
1515,1532,1.0,1
1516,9154,1.0,1
1517,3971,1.0,1
1518,2770,1.0,1
1519,6995,1.0,1
1520,4861,1.0,1
1521,1476,1.0,1
1522,4433,1.0,1
1523,5196,1.0,1
1524,7065,1.0,1
1525,9171,1.0,1
1526,2312,1.0,1
1527,827,1.0,1
1528,5519,1.0,1
1529,3158,1.0,1
1530,8606,1.0,1
1531,231,1.0,1
1532,4319,1.0,1
1533,7530,1.0,1
1534,2699,1.0,1
1535,1428,1.0,1
1536,1841,1.0,1
1537,6033,1.0,1
1538,4260,1.0,1
1539,5285,0.5,1
1539,650,0.5,0
1540,7346,0.333333,1
1540,7318,0.333333,0
1540,7249,0.333333,0
1541,1945,1.0,1
1542,1888,1.0,1
1543,586,1.0,1
1544,9450,1.0,1
1545,6645,1.0,1
1546,42,1.0,1
1547,1981,1.0,1
1548,483,1.0,1
1549,3575,1.0,1
1550,8071,1.0,1
1551,3403,1.0,1
1552,1143,1.0,1
1553,790,1.0,1
1554,8567,1.0,1
1555,5265,0.5,1
1555,9367,0.5,0
1556,6334,1.0,1
1557,1572,1.0,1
1558,4918,1.0,1
1559,109,1.0,1
1560,8781,1.0,1
1561,5352,1.0,1
1562,6810,1.0,1
1563,4989,1.0,1
1564,1949,1.0,1
1565,6478,1.0,1
1566,7692,1.0,1
1567,3486,0.5,1
1567,3487,0.5,0
1568,8357,1.0,1
1569,5264,1.0,1
1570,4031,1.0,1
1571,3261,1.0,1
1572,585,1.0,1
1573,3122,1.0,1
1574,262,1.0,1
1575,1318,1.0,1
1576,5726,1.0,1
1577,7760,1.0,1
1578,4391,1.0,1
1579,869,1.0,1
1580,689,1.0,1
1581,576,1.0,1
1582,8439,1.0,1
1583,6953,1.0,1
1584,8890,1.0,1
1585,6830,1.0,1
1586,2656,1.0,1
1587,7428,1.0,1
1588,7147,1.0,1
1589,660,1.0,1
1590,3209,1.0,1
1591,1238,1.0,1
1592,2672,1.0,1
1593,6017,1.0,1
1594,4794,1.0,1
1595,8823,1.0,1
1596,3567,1.0,1
1597,8520,1.0,1
1598,5339,1.0,1
1599,1885,1.0,1
1600,8340,1.0,1
1601,4961,1.0,1
1602,790,0.5,1
1602,8511,0.5,0
1603,7768,1.0,1
1604,3971,1.0,1
1605,8238,1.0,1
1606,7323,1.0,1
1607,6575,1.0,1
1608,1246,1.0,1
1609,3698,1.0,1
1610,6594,1.0,1
1611,5855,0.333333,1
1611,5625,0.333333,0
1611,1882,0.333333,0
1612,6340,1.0,1
1613,3751,1.0,1
1614,1410,1.0,1
1615,757,1.0,1
1616,190,1.0,1
1617,2868,1.0,1
1618,115,1.0,1
1619,7182,1.0,1
1620,1396,1.0,1
1621,1684,1.0,1
1622,5983,1.0,1
1623,456,1.0,1
1624,4043,1.0,1
1625,1476,1.0,1
1626,8090,1.0,1
1627,4667,1.0,1
1628,8972,1.0,1
1629,5403,1.0,1
1630,7586,1.0,1
1631,1570,1.0,1
1632,3991,1.0,1
1633,5146,1.0,1
1634,1882,1.0,1
1635,6786,1.0,1
1636,6015,1.0,1
1637,6053,0.5,1
1637,5746,0.5,0
1638,1401,1.0,1
1639,8354,1.0,1
1640,7182,1.0,1
1641,5725,1.0,1
1642,4445,1.0,1
1643,6786,1.0,1
1644,8551,1.0,1
1645,8482,1.0,1
1646,8770,0.5,1
1646,2956,0.5,0
1647,4697,1.0,1
1648,8517,1.0,1
1649,650,1.0,1
1650,6786,1.0,1
1651,6442,1.0,1
1652,7422,1.0,1
1653,3941,1.0,1
1654,5632,1.0,1
1655,3838,1.0,1
1656,948,1.0,1
1657,1091,1.0,1
1658,1941,1.0,1
1659,9158,1.0,1
1660,1461,1.0,1
1661,650,1.0,1
1662,7798,1.0,1
1663,1487,1.0,1
1664,6809,1.0,1
1665,790,1.0,1
1666,2645,1.0,1
1667,6650,1.0,1
1668,7950,1.0,1
1669,8064,1.0,1
1670,7703,0.5,1
1670,7809,0.5,0
1671,4779,1.0,1
1672,2901,1.0,1
1673,3971,1.0,1
1674,4750,1.0,1
1675,4570,1.0,1
1676,1553,1.0,1
1677,333,1.0,1
1678,2619,1.0,1
1679,7284,1.0,1
1680,6808,1.0,1
1681,4815,1.0,1
1682,6565,1.0,1
1683,3941,1.0,1
1684,4348,1.0,1
1685,6230,1.0,1
1686,4891,1.0,1
1687,5818,1.0,1
1688,8327,1.0,1
1689,2911,1.0,1
1690,4644,1.0,1
1691,2798,1.0,1
1692,6198,1.0,1
1693,3546,1.0,1
1694,706,0.5,1
1694,707,0.5,0
1695,8531,0.5,1
1695,2355,0.5,0
1696,252,1.0,1
1697,5790,1.0,1
1698,7065,1.0,1
1699,5455,1.0,1
1700,4433,1.0,1
1701,3253,1.0,1
1702,6827,1.0,1
1703,5687,1.0,1
1704,6263,1.0,1
1705,7146,1.0,1
1706,8064,1.0,1
1707,2951,0.5,1
1707,8005,0.5,0
1708,3807,1.0,1
1709,2202,1.0,1
1710,6967,1.0,1
1711,2125,1.0,1
1712,8315,1.0,1
1713,5149,0.5,1
1713,816,0.5,0
1714,5098,1.0,1
1715,2224,1.0,1
1716,8616,1.0,1
1717,8686,1.0,1
1718,8143,1.0,1
1719,7894,1.0,1
1720,8254,1.0,1
1721,7990,0.5,1
1721,5790,0.5,0
1722,1476,1.0,1
1723,1635,1.0,1
1724,6780,1.0,1
1725,3437,1.0,1
1726,1226,1.0,1
1727,650,1.0,1
1728,1999,1.0,1
1729,7409,1.0,1
1730,3737,1.0,1
1731,2167,1.0,1
1732,5290,1.0,1
1733,8994,1.0,1
1734,4861,1.0,1
1735,8435,0.333333,1
1735,9369,0.333333,0
1735,2966,0.333333,0
1736,6121,1.0,1
1737,1674,1.0,1
1738,3067,1.0,1
1739,8645,1.0,1
1740,753,1.0,1
1741,5600,1.0,1
1742,4112,1.0,1
1743,6786,1.0,1
1744,650,1.0,1
1745,5920,1.0,1
1746,900,1.0,1
1747,8303,0.5,1
1747,413,0.5,0
1748,1536,0.5,1
1748,4053,0.5,0
1749,3350,1.0,1
1750,6935,1.0,1
1751,9115,1.0,1
1752,2310,1.0,1
1753,8407,1.0,1
1754,3291,1.0,1
1755,7811,1.0,1
1756,9046,1.0,1
1757,5077,1.0,1
1758,2705,1.0,1
1759,5811,1.0,1
1760,4494,1.0,1
1761,4918,1.0,1
1762,409,0.5,1
1762,8064,0.5,0
1763,7065,1.0,1
1764,6459,1.0,1
1765,3442,1.0,1
1766,3132,1.0,1
1767,1293,1.0,1
1768,7891,1.0,1
1769,8275,1.0,1
1770,9095,1.0,1
1771,7607,1.0,1
1772,1793,1.0,1
1773,1563,1.0,1
1774,6323,1.0,1
1775,5149,0.5,1
1775,4435,0.5,0
1776,6599,1.0,1
1777,4250,1.0,1
1778,1823,1.0,1
1779,3154,1.0,1
1780,2956,1.0,1
1781,2530,1.0,1
1782,6606,1.0,1
1783,4762,1.0,1
1784,3809,1.0,1
1785,780,1.0,1
1786,8720,1.0,1
1787,4162,1.0,1
1788,3279,1.0,1
1789,7477,1.0,1
1790,391,1.0,1
1791,2027,1.0,1
1792,3228,1.0,1
1793,8234,1.0,1
1794,8024,1.0,1
1795,61,1.0,1
1796,5766,1.0,1
1797,799,1.0,1
1798,934,0.5,1
1798,5137,0.5,0
1799,7578,1.0,1
1800,8185,0.5,1
1800,9099,0.5,0
1801,6565,1.0,1
1802,5174,1.0,1
1803,10,1.0,1
1804,2908,1.0,1
1805,4411,1.0,1
1806,4386,1.0,1
1807,8928,1.0,1
1808,7309,1.0,1
1809,5018,1.0,1
1810,6488,1.0,1
1811,7990,0.5,1
1811,5790,0.5,0
1812,2604,1.0,1
1813,2011,1.0,1
1814,6489,1.0,1
1815,188,1.0,1
1816,3464,1.0,1
1817,3848,1.0,1
1818,1183,1.0,1
1819,7841,1.0,1
1820,3160,1.0,1
1821,1379,1.0,1
1822,6287,1.0,1
1823,6625,1.0,1
1824,1658,1.0,1
1825,1021,1.0,1
1826,5356,1.0,1
1827,5264,0.5,1
1827,3447,0.5,0
1828,592,0.333333,1
1828,5928,0.333333,0
1828,4679,0.333333,0
1829,7895,1.0,1
1830,3781,1.0,1
1831,593,1.0,1
1832,298,1.0,1
1833,8005,1.0,1
1834,405,1.0,1
1835,1969,1.0,1
1836,8043,1.0,1
1837,8213,0.5,1
1837,7151,0.5,0
1838,9204,0.5,1
1838,9205,0.5,0
1839,2266,1.0,1
1840,629,0.5,1
1840,8389,0.5,0
1841,4861,1.0,1
1842,5625,0.5,1
1842,1882,0.5,0
1843,1630,0.333333,1
1843,3295,0.333333,0
1843,6312,0.333333,0
1844,8800,1.0,1
1845,5263,1.0,1
1846,4739,1.0,1
1847,683,1.0,1
1848,4518,1.0,1
1849,6417,0.5,1
1849,3602,0.5,0
1850,7484,1.0,1
1851,5541,1.0,1
1852,2016,1.0,1
1853,5632,1.0,1
1854,3312,1.0,1
1855,2475,1.0,1
1856,8292,1.0,1
1857,1853,1.0,1
1858,5783,1.0,1
1859,8227,1.0,1
1860,2964,1.0,1
1861,4889,1.0,1
1862,7625,1.0,1
1863,8551,1.0,1
1864,6037,1.0,1
1865,1665,1.0,1
1866,6480,1.0,1
1867,6206,1.0,1
1868,1401,1.0,1
1869,1721,1.0,1
1870,5863,1.0,1
1871,3485,1.0,1
1872,4815,1.0,1
1873,3212,0.5,1
1873,6635,0.5,0
1874,6056,1.0,1
1875,5906,0.5,1
1875,6345,0.5,0
1876,6480,0.5,1
1876,2956,0.5,0
1877,8526,1.0,1
1878,547,1.0,1
1879,3261,1.0,1
1880,7724,1.0,1
1881,494,1.0,1
1882,1691,1.0,1
1883,5233,1.0,1
1884,7146,1.0,1
1885,7652,1.0,1
1886,9002,1.0,1
1887,5625,0.333333,1
1887,7400,0.333333,0
1887,1882,0.333333,0
1888,235,1.0,1
1889,1410,1.0,1
1890,8804,1.0,1
1891,8060,1.0,1
1892,6176,1.0,1
1893,4385,1.0,1
1894,6889,1.0,1
1895,8407,1.0,1
1896,3792,0.5,1
1896,564,0.5,0
1897,3669,1.0,1
1898,844,1.0,1
1899,162,1.0,1
1900,1972,1.0,1
1901,6229,1.0,1
1902,4141,1.0,1
1903,5520,1.0,1
1904,3167,1.0,1
1905,8246,1.0,1
1906,4739,1.0,1
1907,5751,1.0,1
1908,6069,1.0,1
1909,1775,1.0,1
1910,6906,1.0,1
1911,3442,1.0,1
1912,1391,1.0,1
1913,3088,1.0,1
1914,3965,1.0,1
1915,3971,1.0,1
1916,7497,1.0,1
1917,1162,1.0,1
1918,6602,1.0,1
1919,8300,1.0,1
1920,121,1.0,1
1921,3898,1.0,1
1922,9315,1.0,1
1923,349,1.0,1
1924,8570,0.5,1
1924,303,0.5,0
1925,1322,1.0,1
1926,5632,1.0,1
1927,2365,1.0,1
1928,2266,1.0,1
1929,1272,1.0,1
1930,7606,0.5,1
1930,1458,0.5,0
1931,3971,1.0,1
1932,2196,1.0,1
1933,1916,1.0,1
1934,8320,1.0,1
1935,526,0.5,1
1935,5721,0.5,0
1936,5128,1.0,1
1937,2740,1.0,1
1938,4865,1.0,1
1939,1407,1.0,1
1940,3548,1.0,1
1941,7980,1.0,1
1942,1938,1.0,1
1943,6127,1.0,1
1944,1046,1.0,1
1945,9064,1.0,1
1946,7196,1.0,1
1947,1596,1.0,1
1948,1342,1.0,1
1949,4202,1.0,1
1950,6470,1.0,1
1951,4993,1.0,1
1952,208,1.0,1
1953,1495,0.5,1
1953,2266,0.5,0
1954,4046,1.0,1
1955,7357,1.0,1
1956,5102,1.0,1
1957,8048,1.0,1
1958,6237,1.0,1
1959,3208,1.0,1
1960,7323,1.0,1
1961,4344,1.0,1
1962,4961,1.0,1
1963,5928,1.0,1
1964,6016,1.0,1
1965,2950,1.0,1
1966,4139,1.0,1
1967,3014,1.0,1
1968,456,1.0,1
1969,7519,1.0,1
1970,2205,1.0,1
1971,8861,1.0,1
1972,5006,1.0,1
1973,1196,1.0,1
1974,6206,1.0,1
1975,9155,1.0,1
1976,681,1.0,1
1977,5510,1.0,1
1978,6696,1.0,1
1979,1643,1.0,1
1980,1584,1.0,1
1981,349,1.0,1
1982,6208,1.0,1
1983,3261,1.0,1
1984,4204,0.5,1
1984,2521,0.5,0
1985,2816,1.0,1
1986,3890,1.0,1
1987,7919,1.0,1
1988,809,0.5,1
1988,9205,0.5,0
1989,5544,1.0,1
1990,8435,1.0,1
1991,1065,0.5,1
1991,7493,0.5,0
1992,2973,0.333333,1
1992,3628,0.333333,0
1992,3122,0.333333,0
1993,5743,1.0,1
1994,113,1.0,1
1995,762,1.0,1
1996,4861,1.0,1
1997,9298,0.5,1
1997,6606,0.5,0
1998,366,1.0,1
1999,9273,1.0,1
2000,2911,1.0,1
2001,3144,1.0,1
2002,6432,1.0,1
2003,1010,1.0,1
2004,3979,1.0,1
2005,3971,1.0,1
2006,2267,1.0,1
2007,7541,1.0,1
2008,3225,1.0,1
2009,3658,1.0,1
2010,7772,0.5,1
2010,4945,0.5,0
2011,1269,0.5,1
2011,8389,0.5,0
2012,3538,1.0,1
2013,5704,1.0,1
2014,8326,1.0,1
2015,4430,1.0,1
2016,2422,1.0,1
2017,2740,1.0,1
2018,4308,1.0,1
2019,18,1.0,1
2020,8579,1.0,1
2021,6735,1.0,1
2022,7534,1.0,1
2023,6298,1.0,1
2024,730,1.0,1
2025,5456,1.0,1
2026,7350,1.0,1
2027,3597,1.0,1
2028,2603,1.0,1
2029,6723,1.0,1
2030,1566,1.0,1
2031,3979,1.0,1
2032,4836,1.0,1
2033,4357,1.0,1
2034,3495,1.0,1
2035,5288,1.0,1
2036,6626,1.0,1
2037,2908,1.0,1
2038,8001,1.0,1
2039,64,1.0,1
2040,5146,1.0,1
2041,301,1.0,1
2042,3474,1.0,1
2043,9122,1.0,1
2044,6206,1.0,1
2045,6575,1.0,1
2046,2741,1.0,1
2047,3538,1.0,1
2048,8654,1.0,1
2049,3451,1.0,1
2050,998,1.0,1
2051,3464,1.0,1
2052,6456,1.0,1
2053,2370,1.0,1
2054,4340,1.0,1
2055,7772,1.0,1
2056,6237,1.0,1
2057,4787,1.0,1
2058,3538,1.0,1
2059,311,1.0,1
2060,4226,1.0,1
2061,7142,1.0,1
2062,8526,1.0,1
2063,8566,1.0,1
2064,2266,1.0,1
2065,7065,1.0,1
2066,7416,1.0,1
2067,4109,1.0,1
2068,3039,1.0,1
2069,262,1.0,1
2070,4916,1.0,1
2071,1769,1.0,1
2072,6012,1.0,1
2073,8082,1.0,1
2074,6326,1.0,1
2075,7901,1.0,1
2076,2314,1.0,1
2077,4431,1.0,1
2078,23,1.0,1
2079,8689,1.0,1
2080,2813,1.0,1
2081,1810,1.0,1
2082,2773,1.0,1
2083,4663,1.0,1
2084,9136,1.0,1
2085,8823,1.0,1
2086,996,1.0,1
2087,6786,1.0,1
2088,3582,1.0,1
2089,8185,0.5,1
2089,9099,0.5,0
2090,9291,1.0,1
2091,6906,1.0,1
2092,7268,1.0,1
2093,4766,1.0,1
2094,5279,1.0,1
2095,7306,1.0,1
2096,3448,1.0,1
2097,3734,0.5,1
2097,3972,0.5,0
2098,5052,1.0,1
2099,8888,0.5,1
2099,7308,0.5,0
2100,702,1.0,1
2101,2016,1.0,1
2102,5916,1.0,1
2103,7971,1.0,1
2104,5457,1.0,1
2105,5128,1.0,1
2106,9164,1.0,1
2107,6141,1.0,1
2108,7290,1.0,1
2109,1087,1.0,1
2110,3979,1.0,1
2111,8063,1.0,1
2112,8884,1.0,1
2113,4118,1.0,1
2114,7182,1.0,1
2115,4367,1.0,1
2116,2098,1.0,1
2117,5375,1.0,1
2118,4721,1.0,1
2119,8332,1.0,1
2120,8220,1.0,1
2121,2742,1.0,1
2122,3952,1.0,1
2123,9098,1.0,1
2124,7814,1.0,1
2125,8050,1.0,1
2126,2956,1.0,1
2127,9044,1.0,1
2128,5799,1.0,1
2129,4029,0.333333,1
2129,3036,0.333333,0
2129,3822,0.333333,0
2130,7323,1.0,1
2131,6347,1.0,1
2132,2742,1.0,1
2133,807,1.0,1
2134,6786,1.0,1
2135,8992,1.0,1
2136,5440,1.0,1
2137,8980,1.0,1
2138,7794,1.0,1
2139,6738,1.0,1
2140,5589,1.0,1
2141,3254,1.0,1
2142,7772,1.0,1
2143,4961,1.0,1
2144,2261,1.0,1
2145,7425,1.0,1
2146,5632,1.0,1
2147,5256,1.0,1
2148,8786,1.0,1
2149,5591,1.0,1
2150,4679,1.0,1
2151,2271,1.0,1
2152,8884,1.0,1
2153,3359,1.0,1
2154,625,1.0,1
2155,5356,1.0,1
2156,7902,1.0,1
2157,8508,1.0,1
2158,81,1.0,1
2159,4103,1.0,1
2160,1728,0.5,1
2160,2956,0.5,0
2161,6193,1.0,1
2162,7670,1.0,1
2163,3811,1.0,1
2164,1278,1.0,1
2165,3318,1.0,1
2166,742,1.0,1
2167,6820,1.0,1
2168,8444,1.0,1
2169,8710,1.0,1
2170,3501,1.0,1
2171,7830,1.0,1
2172,8884,1.0,1
2173,4082,1.0,1
2174,629,1.0,1
2175,2011,1.0,1
2176,2431,1.0,1
2177,4341,1.0,1
2178,3601,1.0,1
2179,585,1.0,1
2180,3971,1.0,1
2181,3345,1.0,1
2182,9035,1.0,1
2183,8399,1.0,1
2184,764,0.5,1
2184,2538,0.5,0
2185,4097,1.0,1
2186,3558,1.0,1
2187,3096,1.0,1
2188,1570,1.0,1
2189,8783,1.0,1
2190,3588,1.0,1
2191,5625,0.5,1
2191,1882,0.5,0
2192,5809,1.0,1
2193,2461,1.0,1
2194,4139,1.0,1
2195,8716,1.0,1
2196,4864,1.0,1
2197,39,1.0,1
2198,7056,1.0,1
2199,7256,1.0,1
2200,2350,1.0,1
2201,494,1.0,1
2202,5937,0.5,1
2202,6987,0.5,0
2203,1989,1.0,1
2204,7188,1.0,1
2205,6986,1.0,1
2206,6085,1.0,1
2207,543,1.0,1
2208,2740,1.0,1
2209,3513,1.0,1
2210,8036,1.0,1
2211,3238,1.0,1
2212,1691,1.0,1
2213,5322,1.0,1
2214,6074,1.0,1
2215,8355,1.0,1
2216,5172,1.0,1
2217,4815,1.0,1
2218,3202,1.0,1
2219,5196,0.5,1
2219,3228,0.5,0
2220,3026,1.0,1
2221,6791,1.0,1
2222,8885,1.0,1
2223,1579,1.0,1
2224,532,1.0,1
2225,108,1.0,1
2226,7182,1.0,1
2227,6774,1.0,1
2228,3906,1.0,1
2229,7411,1.0,1
2230,3941,1.0,1
2231,1648,1.0,1
2232,6175,1.0,1
2233,6484,1.0,1
2234,6636,0.5,1
2234,7579,0.5,0
2235,4773,0.5,1
2235,95,0.5,0
2236,7449,1.0,1
2237,7440,1.0,1
2238,3916,1.0,1
2239,2094,1.0,1
2240,5146,1.0,1
2241,9251,1.0,1
2242,6091,1.0,1
2243,813,1.0,1
2244,2840,1.0,1
2245,2586,0.5,1
2245,2956,0.5,0
2246,1558,1.0,1
2247,4739,1.0,1
2248,3971,1.0,1
2249,7955,1.0,1
2250,6242,1.0,1
2251,1163,1.0,1
2252,6135,1.0,1
2253,5790,1.0,1
2254,3643,1.0,1
2255,3067,1.0,1
2256,4736,1.0,1
2257,8262,1.0,1
2258,5144,1.0,1
2259,1793,1.0,1
2260,9099,1.0,1
2261,1364,1.0,1
2262,7703,1.0,1
2263,2093,1.0,1
2264,9165,1.0,1
2265,252,1.0,1
2266,2553,1.0,1
2267,6357,1.0,1
2268,8248,1.0,1
2269,1576,1.0,1
2270,6191,1.0,1
2271,1476,1.0,1
2272,5906,1.0,1
2273,797,1.0,1
2274,2937,1.0,1
2275,9046,0.5,1
2275,9148,0.5,0
2276,8900,0.5,1
2276,8888,0.5,0
2277,5770,1.0,1
2278,424,1.0,1
2279,3635,1.0,1
2280,3480,1.0,1
2281,215,1.0,1
2282,2532,1.0,1
2283,2103,1.0,1
2284,1238,1.0,1
2285,9118,1.0,1
2286,6270,1.0,1
2287,4095,1.0,1
2288,6037,1.0,1
2289,3994,1.0,1
2290,2557,1.0,1
2291,3979,1.0,1
2292,1190,1.0,1
2293,1760,1.0,1
2294,1290,1.0,1
2295,1619,1.0,1
2296,9028,1.0,1
2297,4597,1.0,1
2298,9045,1.0,1
2299,2818,1.0,1
2300,1375,0.5,1
2300,64,0.5,0
2301,2826,1.0,1
2302,2600,0.5,1
2302,5625,0.5,0
2303,8653,1.0,1
2304,9038,1.0,1
2305,132,1.0,1
2306,872,1.0,1
2307,64,0.5,1
2307,5558,0.5,0
2308,296,1.0,1
2309,6659,1.0,1
2310,7182,1.0,1
2311,8955,1.0,1
2312,8177,1.0,1
2313,932,1.0,1
2314,958,1.0,1
2315,1950,1.0,1
2316,314,1.0,1
2317,6103,1.0,1
2318,7944,1.0,1
2319,9118,1.0,1
2320,9035,1.0,1
2321,495,1.0,1
2322,6206,1.0,1
2323,3100,1.0,1
2324,6104,1.0,1
2325,3971,1.0,1
2326,1124,1.0,1
2327,8217,1.0,1
2328,5322,1.0,1
2329,4626,1.0,1
2330,7057,1.0,1
2331,7182,1.0,1
2332,6707,1.0,1
2333,4416,1.0,1
2334,639,1.0,1
2335,4580,1.0,1
2336,7892,1.0,1
2337,4058,1.0,1
2338,5751,1.0,1
2339,5261,1.0,1
2340,7288,1.0,1
2341,7649,1.0,1
2342,7990,0.5,1
2342,5790,0.5,0
2343,9415,1.0,1
2344,2355,1.0,1
2345,1993,1.0,1
2346,8472,1.0,1
2347,1891,1.0,1
2348,7833,1.0,1
2349,726,1.0,1
2350,4026,1.0,1
2351,125,1.0,1
2352,700,1.0,1
2353,3119,1.0,1
2354,6135,1.0,1
2355,696,1.0,1
2356,7608,1.0,1
2357,6237,1.0,1
2358,1793,1.0,1
2359,341,1.0,1
2360,1797,1.0,1
2361,2657,1.0,1
2362,1756,0.5,1
2362,6869,0.5,0
2363,8884,1.0,1
2364,1238,1.0,1
2365,6569,1.0,1
2366,5196,0.5,1
2366,3228,0.5,0
2367,6392,1.0,1
2368,8554,1.0,1
2369,8778,1.0,1
2370,5916,1.0,1
2371,1019,1.0,1
2372,8854,1.0,1
2373,5796,1.0,1
2374,7891,1.0,1
2375,2765,1.0,1
2376,650,1.0,1
2377,6816,1.0,1
2378,1376,1.0,1
2379,8412,1.0,1
2380,6238,1.0,1
2381,3252,1.0,1
2382,2193,1.0,1
2383,8869,1.0,1
2384,3979,1.0,1
2385,8206,1.0,1
2386,1936,1.0,1
2387,5143,1.0,1
2388,7023,1.0,1
2389,3556,1.0,1
2390,7406,1.0,1
2391,5396,1.0,1
2392,1092,1.0,1
2393,6575,1.0,1
2394,5642,1.0,1
2395,7089,1.0,1
2396,4074,1.0,1
2397,3185,1.0,1
2398,6868,1.0,1
2399,4363,1.0,1
2400,456,1.0,1
2401,4051,1.0,1
2402,4798,1.0,1
2403,9011,1.0,1
2404,2802,1.0,1
2405,3480,1.0,1
2406,5829,1.0,1
2407,903,1.0,1
2408,6188,1.0,1
2409,9151,1.0,1
2410,7555,1.0,1
2411,8,1.0,1
2412,7799,1.0,1
2413,459,1.0,1
2414,2728,1.0,1
2415,6037,1.0,1
2416,7659,1.0,1
2417,1254,1.0,1
2418,2659,1.0,1
2419,6670,1.0,1
2420,7609,0.5,1
2420,8888,0.5,0
2421,6663,1.0,1
2422,7202,1.0,1
2423,4660,1.0,1
2424,355,1.0,1
2425,2245,1.0,1
2426,3127,1.0,1
2427,4859,1.0,1
2428,4728,0.5,1
2428,5231,0.5,0
2429,1086,1.0,1
2430,1820,1.0,1
2431,6445,1.0,1
2432,5811,1.0,1
2433,9213,1.0,1
2434,5143,1.0,1
2435,1643,1.0,1
2436,5796,1.0,1
2437,6392,1.0,1
2438,6386,1.0,1
2439,3564,1.0,1
2440,6606,1.0,1
2441,6869,1.0,1
2442,266,1.0,1
2443,6123,1.0,1
2444,5584,1.0,1
2445,7594,1.0,1
2446,7182,1.0,1
2447,3936,1.0,1
2448,1325,1.0,1
2449,7245,1.0,1
2450,3801,1.0,1
2451,1980,1.0,1
2452,7116,1.0,1
2453,1892,0.5,1
2453,5236,0.5,0
2454,6668,1.0,1
2455,2537,1.0,1
2456,6500,1.0,1
2457,4739,1.0,1
2458,6155,1.0,1
2459,7816,1.0,1
2460,4155,1.0,1
2461,3734,1.0,1
2462,7288,1.0,1
2463,6458,1.0,1
2464,5581,1.0,1
2465,5882,1.0,1
2466,3971,1.0,1
2467,8521,0.5,1
2467,4713,0.5,0
2468,3537,1.0,1
2469,2235,1.0,1
2470,3963,1.0,1
2471,3445,1.0,1
2472,2873,1.0,1
2473,3538,1.0,1
2474,1936,1.0,1
2475,3952,1.0,1
2476,9241,1.0,1
2477,141,1.0,1
2478,7851,1.0,1
2479,355,1.0,1
2480,3158,1.0,1
2481,8646,1.0,1
2482,4897,1.0,1
2483,310,1.0,1
2484,1218,1.0,1
2485,7707,1.0,1
2486,3087,0.333333,1
2486,4679,0.333333,0
2486,8036,0.333333,0
2487,3087,0.333333,1
2487,4679,0.333333,0
2487,5059,0.333333,0
2488,1996,1.0,1
2489,5635,1.0,1
2490,349,1.0,1
2491,9302,1.0,1
2492,8840,1.0,1
2493,7607,1.0,1
2494,585,1.0,1
2495,3971,1.0,1
2496,2924,1.0,1
2497,8381,1.0,1
2498,456,1.0,1
2499,8471,1.0,1
2500,2341,0.5,1
2500,3613,0.5,0
2501,277,1.0,1
2502,4260,1.0,1
2503,1437,1.0,1
2504,5820,1.0,1
2505,6067,1.0,1
2506,5128,1.0,1
2507,6903,1.0,1
2508,4144,1.0,1
2509,9443,1.0,1
2510,256,1.0,1
2511,8893,1.0,1
2512,5886,1.0,1
2513,5416,1.0,1
2514,9088,1.0,1
2515,197,1.0,1
2516,1728,0.333333,1
2516,2956,0.333333,0
2516,3668,0.333333,0
2517,9099,1.0,1
2518,8216,1.0,1
2519,5917,1.0,1
2520,1280,1.0,1
2521,8790,1.0,1
2522,8811,1.0,1
2523,9231,0.5,1
2523,5143,0.5,0
2524,585,1.0,1
2525,8560,1.0,1
2526,980,1.0,1
2527,145,1.0,1
2528,7730,1.0,1
2529,127,1.0,1
2530,5055,1.0,1
2531,5419,1.0,1
2532,8590,1.0,1
2533,3158,1.0,1
2534,1401,1.0,1
2535,9235,1.0,1
2536,1795,1.0,1
2537,5440,1.0,1
2538,755,1.0,1
2539,5751,1.0,1
2540,4864,1.0,1
2541,5755,1.0,1
2542,8186,1.0,1
2543,8963,0.5,1
2543,4679,0.5,0
2544,5947,1.0,1
2545,8359,0.333333,1
2545,5105,0.333333,0
2545,8389,0.333333,0
2546,1756,1.0,1
2547,3145,1.0,1
2548,5437,0.5,1
2548,5632,0.5,0
2549,2266,1.0,1
2550,6452,1.0,1
2551,1697,1.0,1
2552,1487,1.0,1
2553,5457,1.0,1
2554,2756,1.0,1
2555,8566,1.0,1
2556,1897,1.0,1
2557,3120,1.0,1
2558,5720,1.0,1
2559,9035,1.0,1
2560,7531,1.0,1
2561,6606,1.0,1
2562,3941,1.0,1
2563,7851,1.0,1
2564,3192,1.0,1
2565,5440,1.0,1
2566,6848,1.0,1
2567,6766,1.0,1
2568,7095,1.0,1
2569,797,1.0,1
2570,6602,1.0,1
2571,8832,1.0,1
2572,7440,1.0,1
2573,8804,1.0,1
2574,6632,1.0,1
2575,829,1.0,1
2576,8557,1.0,1
2577,7606,1.0,1
2578,3177,1.0,1
2579,6604,1.0,1
2580,7347,1.0,1
2581,8514,1.0,1
2582,3885,1.0,1
2583,7969,1.0,1
2584,7425,1.0,1
2585,6046,1.0,1
2586,3233,0.5,1
2586,8964,0.5,0
2587,5308,1.0,1
2588,1461,1.0,1
2589,6446,1.0,1
2590,8526,1.0,1
2591,2106,1.0,1
2592,5747,1.0,1
2593,6971,1.0,1
2594,4414,1.0,1
2595,3409,1.0,1
2596,5440,1.0,1
2597,7031,1.0,1
2598,5229,1.0,1
2599,1691,1.0,1
2600,5818,1.0,1
2601,5643,1.0,1
2602,7678,1.0,1
2603,1775,1.0,1
2604,6212,0.5,1
2604,4898,0.5,0
2605,6786,1.0,1
2606,1498,1.0,1
2607,3923,1.0,1
2608,494,1.0,1
2609,2137,0.5,1
2609,7484,0.5,0
2610,5928,1.0,1
2611,1491,1.0,1
2612,2217,1.0,1
2613,2656,1.0,1
2614,5575,1.0,1
2615,8959,1.0,1
2616,2699,1.0,1
2617,3989,1.0,1
2618,1081,1.0,1
2619,3492,1.0,1
2620,8551,1.0,1
2621,7065,1.0,1
2622,2660,1.0,1
2623,5327,1.0,1
2624,6602,1.0,1
2625,6230,0.5,1
2625,3602,0.5,0
2626,8614,1.0,1
2627,1775,1.0,1
2628,8149,1.0,1
2629,8063,1.0,1
2630,2975,1.0,1
2631,9015,1.0,1
2632,286,1.0,1
2633,3962,1.0,1
2634,9166,1.0,1
2635,2656,1.0,1
2636,5906,0.5,1
2636,6926,0.5,0
2637,2677,0.333333,1
2637,5906,0.333333,0
2637,3314,0.333333,0
2638,7594,1.0,1
2639,506,1.0,1
2640,3964,1.0,1
2641,3042,1.0,1
2642,4739,1.0,1
2643,20,1.0,1
2644,4328,1.0,1
2645,9288,1.0,1
2646,1282,1.0,1
2647,5440,1.0,1
2648,3598,1.0,1
2649,1034,1.0,1
2650,7439,1.0,1
2651,3188,1.0,1
2652,5387,1.0,1
2653,650,1.0,1
2654,1724,1.0,1
2655,860,1.0,1
2656,166,1.0,1
2657,2815,1.0,1
2658,1683,1.0,1
2659,3082,1.0,1
2660,3755,1.0,1
2661,3447,1.0,1
2662,2956,1.0,1
2663,652,1.0,1
2664,3290,1.0,1
2665,5586,1.0,1
2666,7458,1.0,1
2667,1117,1.0,1
2668,6302,1.0,1
2669,3442,1.0,1
2670,6739,1.0,1
2671,6012,1.0,1
2672,8873,1.0,1
2673,3882,1.0,1
2674,3433,1.0,1
2675,7048,1.0,1
2676,1407,1.0,1
2677,4815,1.0,1
2678,7553,1.0,1
2679,6678,1.0,1
2680,3392,1.0,1
2681,5486,0.5,1
2681,3134,0.5,0
2682,9081,0.5,1
2682,6636,0.5,0
2683,8193,1.0,1
2684,8419,1.0,1
2685,220,1.0,1
2686,2195,1.0,1
2687,2882,1.0,1
2688,3370,1.0,1
2689,2902,1.0,1
2690,7373,1.0,1
2691,1018,1.0,1
2692,1921,1.0,1
2693,8286,1.0,1
2694,2687,1.0,1
2695,6461,0.5,1
2695,9297,0.5,0
2696,7053,1.0,1
2697,7065,1.0,1
2698,2223,1.0,1
2699,5654,1.0,1
2700,1229,1.0,1
2701,8084,1.0,1
2702,5822,0.5,1
2702,1011,0.5,0
2703,7457,1.0,1
2704,5441,0.5,1
2704,8313,0.5,0
2705,4351,1.0,1
2706,618,1.0,1
2707,6636,0.333333,1
2707,1902,0.333333,0
2707,3158,0.333333,0
2708,7221,1.0,1
2709,1838,1.0,1
2710,1384,1.0,1
2711,3816,1.0,1
2712,1622,0.5,1
2712,5324,0.5,0
2713,2033,1.0,1
2714,2617,1.0,1
2715,32,1.0,1
2716,3148,1.0,1
2717,4859,1.0,1
2718,2202,1.0,1
2719,629,1.0,1
2720,130,0.5,1
2720,5795,0.5,0
2721,355,0.5,1
2721,2288,0.5,0
2722,5440,1.0,1
2723,5263,1.0,1
2724,6861,1.0,1
2725,3971,1.0,1
2726,4701,1.0,1
2727,2051,1.0,1
2728,6538,1.0,1
2729,8055,1.0,1
2730,8884,0.5,1
2730,4679,0.5,0
2731,7011,0.5,1
2731,244,0.5,0
2732,4961,1.0,1
2733,8829,1.0,1
2734,1863,1.0,1
2735,3052,1.0,1
2736,8136,1.0,1
2737,8485,1.0,1
2738,5196,0.5,1
2738,3228,0.5,0
2739,6353,1.0,1
2740,7140,1.0,1
2741,5591,1.0,1
2742,3971,1.0,1
2743,9398,1.0,1
2744,2964,0.5,1
2744,3602,0.5,0
2745,3954,1.0,1
2746,607,1.0,1
2747,3979,1.0,1
2748,4915,1.0,1
2749,3485,1.0,1
2750,2811,1.0,1
2751,1451,1.0,1
2752,6975,1.0,1
2753,2041,1.0,1
2754,5386,1.0,1
2755,8341,1.0,1
2756,790,1.0,1
2757,5210,0.5,1
2757,6237,0.5,0
2758,3764,1.0,1
2759,5146,1.0,1
2760,1700,1.0,1
2761,1728,1.0,1
2762,8331,1.0,1
2763,6372,1.0,1
2764,2337,1.0,1
2765,5568,1.0,1
2766,4636,1.0,1
2767,104,1.0,1
2768,8652,1.0,1
2769,3439,1.0,1
2770,2666,1.0,1
2771,693,1.0,1
2772,6802,1.0,1
2773,4792,1.0,1
2774,2103,1.0,1
2775,8189,1.0,1
2776,8355,1.0,1
2777,5263,1.0,1
2778,6715,1.0,1
2779,5275,1.0,1
2780,5725,1.0,1
2781,8019,1.0,1
2782,1922,1.0,1
2783,1926,1.0,1
2784,604,1.0,1
2785,8333,1.0,1
2786,5058,1.0,1
2787,606,1.0,1
2788,9356,1.0,1
2789,7065,1.0,1
2790,6335,1.0,1
2791,8185,1.0,1
2792,494,1.0,1
2793,2537,1.0,1
2794,3856,1.0,1
2795,3474,1.0,1
2796,1206,1.0,1
2797,2236,1.0,1
2798,4926,1.0,1
2799,7323,1.0,1
2800,4161,1.0,1
2801,5634,1.0,1
2802,1945,1.0,1
2803,6835,1.0,1
2804,964,1.0,1
2805,5906,0.5,1
2805,2715,0.5,0
2806,2589,1.0,1
2807,4361,1.0,1
2808,5632,1.0,1
2809,3229,1.0,1
2810,3679,1.0,1
2811,8695,1.0,1
2812,6602,1.0,1
2813,5358,1.0,1
2814,2622,1.0,1
2815,7987,1.0,1
2816,8844,1.0,1
2817,2638,0.5,1
2817,3476,0.5,0
2818,8710,1.0,1
2819,2451,1.0,1
2820,5146,1.0,1
2821,7840,1.0,1
2822,3538,1.0,1
2823,872,1.0,1
2824,7029,1.0,1
2825,6795,1.0,1
2826,3836,1.0,1
2827,9201,1.0,1
2828,4825,1.0,1
2829,5369,1.0,1
2830,2802,1.0,1
2831,5635,1.0,1
2832,7065,1.0,1
2833,5537,1.0,1
2834,6385,1.0,1
2835,2832,1.0,1
2836,3592,1.0,1
2837,2804,1.0,1
2838,7253,1.0,1
2839,1679,1.0,1
2840,1712,1.0,1
2841,5327,1.0,1
2842,7094,1.0,1
2843,3625,1.0,1
2844,7667,1.0,1
2845,3622,1.0,1
2846,1555,1.0,1
2847,4649,1.0,1
2848,5635,1.0,1
2849,2249,1.0,1
2850,2600,0.333333,1
2850,5625,0.333333,0
2850,65,0.333333,0
2851,1583,1.0,1
2852,3971,1.0,1
2853,596,1.0,1
2854,6786,1.0,1
2855,2413,1.0,1
2856,4764,1.0,1
2857,345,1.0,1
2858,8685,1.0,1
2859,3830,1.0,1
2860,9002,1.0,1
2861,2571,1.0,1
2862,4526,1.0,1
2863,4153,1.0,1
2864,6850,1.0,1
2865,2908,1.0,1
2866,5479,1.0,1
2867,5394,1.0,1
2868,8434,1.0,1
2869,7113,1.0,1
2870,5146,1.0,1
2871,4654,1.0,1
2872,8572,1.0,1
2873,4856,1.0,1
2874,5554,1.0,1
2875,2956,1.0,1
2876,2435,1.0,1
2877,7952,1.0,1
2878,3988,1.0,1
2879,8685,1.0,1
2880,2082,1.0,1
2881,8133,1.0,1
2882,1270,1.0,1
2883,2103,1.0,1
2884,7065,1.0,1
2885,1476,1.0,1
2886,8412,1.0,1
2887,8986,1.0,1
2888,355,1.0,1
2889,584,1.0,1
2890,7341,1.0,1
2891,5054,1.0,1
2892,8530,1.0,1
2893,3097,1.0,1
2894,6053,1.0,1
2895,5578,0.5,1
2895,2934,0.5,0
2896,4848,1.0,1
2897,7264,1.0,1
2898,6097,1.0,1
2899,1851,1.0,1
2900,4360,1.0,1
2901,316,1.0,1
2902,1176,1.0,1
2903,1958,1.0,1
2904,3122,0.333333,1
2904,2956,0.333333,0
2904,8070,0.333333,0
2905,5883,1.0,1
2906,5796,1.0,1
2907,8303,1.0,1
2908,3971,1.0,1
2909,7182,1.0,1
2910,6219,1.0,1
2911,7288,1.0,1
2912,6066,1.0,1
2913,9099,1.0,1
2914,387,1.0,1
2915,2911,1.0,1
2916,7891,1.0,1
2917,6396,1.0,1
2918,6554,1.0,1
2919,8514,1.0,1
2920,7476,1.0,1
2921,4436,1.0,1
2922,9208,1.0,1
2923,4943,0.5,1
2923,7151,0.5,0
2924,1493,1.0,1
2925,7742,1.0,1
2926,2062,1.0,1
2927,5070,1.0,1
2928,5632,1.0,1
2929,730,1.0,1
2930,5097,1.0,1
2931,7665,1.0,1
2932,6455,1.0,1
2933,354,1.0,1
2934,6255,1.0,1
2935,6714,1.0,1
2936,6322,1.0,1
2937,5285,0.333333,1
2937,7766,0.333333,0
2937,650,0.333333,0
2938,4815,1.0,1
2939,2450,1.0,1
2940,5354,1.0,1
2941,2645,1.0,1
2942,6381,1.0,1
2943,5231,1.0,1
2944,121,1.0,1
2945,1196,1.0,1
2946,9025,1.0,1
2947,7177,1.0,1
2948,4665,1.0,1
2949,841,1.0,1
2950,4469,1.0,1
2951,7431,1.0,1
2952,3971,1.0,1
2953,5562,1.0,1
2954,6189,1.0,1
2955,5906,0.5,1
2955,2715,0.5,0
2956,8380,1.0,1
2957,428,1.0,1
2958,8185,0.5,1
2958,9099,0.5,0
2959,3227,1.0,1
2960,4167,1.0,1
2961,601,1.0,1
2962,4952,1.0,1
2963,3999,1.0,1
2964,3962,1.0,1
2965,3313,1.0,1
2966,2741,1.0,1
2967,8521,0.333333,1
2967,4713,0.333333,0
2967,4711,0.333333,0
2968,8112,1.0,1
2969,2545,1.0,1
2970,6786,1.0,1
2971,2790,1.0,1
2972,7959,1.0,1
2973,2950,1.0,1
2974,5690,1.0,1
2975,1070,0.5,1
2975,1069,0.5,0
2976,7325,1.0,1
2977,7844,0.5,1
2977,7380,0.5,0
2978,4461,1.0,1
2979,6101,1.0,1
2980,7192,1.0,1
2981,5024,1.0,1
2982,8349,1.0,1
2983,2450,1.0,1
2984,6637,1.0,1
2985,8685,1.0,1
2986,2789,0.5,1
2986,7351,0.5,0
2987,1630,0.5,1
2987,8215,0.5,0
2988,1378,1.0,1
2989,8528,1.0,1
2990,1426,1.0,1
2991,1443,1.0,1
2992,5905,1.0,1
2993,3762,1.0,1
2994,1584,1.0,1
2995,1518,1.0,1
2996,8456,1.0,1
2997,1969,1.0,1
2998,6606,1.0,1
2999,2613,1.0,1
3000,1969,1.0,1
3001,368,1.0,1
3002,8643,1.0,1
3003,4709,1.0,1
3004,1691,1.0,1
3005,1080,1.0,1
3006,7917,1.0,1
3007,3883,1.0,1
3008,7034,0.5,1
3008,8389,0.5,0
3009,6870,1.0,1
3010,8459,1.0,1
3011,8884,1.0,1
3012,2916,1.0,1
3013,7546,1.0,1
3014,907,0.5,1
3014,1567,0.5,0
3015,2589,1.0,1
3016,4688,1.0,1
3017,2864,1.0,1
3018,5539,1.0,1
3019,6400,1.0,1
3020,1978,1.0,1
3021,2581,1.0,1
3022,8315,1.0,1
3023,5603,1.0,1
3024,2627,1.0,1
3025,899,1.0,1
3026,9298,0.5,1
3026,6606,0.5,0
3027,7722,1.0,1
3028,244,1.0,1
3029,7182,1.0,1
3030,8664,0.5,1
3030,8313,0.5,0
3031,6138,1.0,1
3032,7245,1.0,1
3033,8421,1.0,1
3034,6055,1.0,1
3035,1352,1.0,1
3036,1670,1.0,1
3037,5632,1.0,1
3038,8007,1.0,1
3039,6857,1.0,1
3040,5826,1.0,1
3041,2344,1.0,1
3042,6946,1.0,1
3043,6989,0.5,1
3043,8152,0.5,0
3044,4731,1.0,1
3045,6199,1.0,1
3046,6150,1.0,1
3047,4038,1.0,1
3048,1882,1.0,1
3049,1407,1.0,1
3050,5019,1.0,1
3051,3971,1.0,1
3052,2916,1.0,1
3053,5440,1.0,1
3054,3162,1.0,1
3055,3377,1.0,1
3056,445,0.5,1
3056,3969,0.5,0
3057,1312,1.0,1
3058,494,1.0,1
3059,5458,1.0,1
3060,5830,1.0,1
3061,8064,1.0,1
3062,9099,1.0,1
3063,390,1.0,1
3064,3181,1.0,1
3065,310,1.0,1
3066,2670,1.0,1
3067,8020,1.0,1
3068,4453,1.0,1
3069,1577,1.0,1
3070,4395,1.0,1
3071,3979,1.0,1
3072,1775,1.0,1
3073,7904,1.0,1
3074,4478,1.0,1
3075,4285,0.5,1
3075,4143,0.5,0
3076,1500,1.0,1
3077,2764,1.0,1
3078,5632,1.0,1
3079,6892,1.0,1
3080,6487,1.0,1
3081,2984,1.0,1
3082,1341,1.0,1
3083,3971,1.0,1
3084,2734,1.0,1
3085,4202,1.0,1
3086,61,1.0,1
3087,5928,1.0,1
3088,9208,0.5,1
3088,9205,0.5,0
3089,5592,1.0,1
3090,8330,1.0,1
3091,3306,1.0,1
3092,6922,1.0,1
3093,5292,1.0,1
3094,7821,1.0,1
3095,4859,1.0,1
3096,656,1.0,1
3097,6462,1.0,1
3098,2583,1.0,1
3099,7747,1.0,1
3100,6922,1.0,1
3101,5196,0.5,1
3101,3228,0.5,0
3102,3348,1.0,1
3103,5604,1.0,1
3104,2701,0.333333,1
3104,6782,0.333333,0
3104,4775,0.333333,0
3105,1082,1.0,1
3106,5796,0.5,1
3106,64,0.5,0
3107,1028,1.0,1
3108,142,1.0,1
3109,5143,1.0,1
3110,4290,1.0,1
3111,825,1.0,1
3112,6774,1.0,1
3113,629,0.333333,1
3113,8389,0.333333,0
3113,4775,0.333333,0
3114,7548,1.0,1
3115,4852,1.0,1
3116,4720,1.0,1
3117,3929,1.0,1
3118,6892,1.0,1
3119,1565,1.0,1
3120,5200,1.0,1
3121,6418,1.0,1
3122,3338,1.0,1
3123,5352,1.0,1
3124,4210,1.0,1
3125,8237,1.0,1
3126,7667,0.5,1
3126,2062,0.5,0
3127,7307,1.0,1
3128,2504,1.0,1
3129,7755,1.0,1
3130,709,0.5,1
3130,4151,0.5,0
3131,9227,1.0,1
3132,2570,1.0,1
3133,6786,1.0,1
3134,9099,1.0,1
3135,8930,1.0,1
3136,4808,1.0,1
3137,8788,1.0,1
3138,5830,1.0,1
3139,907,1.0,1
3140,4946,1.0,1
3141,7219,1.0,1
3142,7410,1.0,1
3143,2656,1.0,1
3144,8,1.0,1
3145,4886,1.0,1
3146,6786,1.0,1
3147,1296,1.0,1
3148,2765,1.0,1
3149,6070,1.0,1
3150,6660,0.5,1
3150,722,0.5,0
3151,1166,1.0,1
3152,696,1.0,1
3153,612,1.0,1
3154,1891,1.0,1
3155,8317,1.0,1
3156,140,1.0,1
3157,3971,1.0,1
3158,758,1.0,1
3159,8603,1.0,1
3160,3261,1.0,1
3161,7819,1.0,1
3162,5635,1.0,1
3163,3729,1.0,1
3164,3442,1.0,1
3165,1350,0.333333,1
3165,8676,0.333333,0
3165,4962,0.333333,0
3166,8551,1.0,1
3167,601,1.0,1
3168,6688,1.0,1
3169,3307,1.0,1
3170,5958,1.0,1
3171,1691,1.0,1
3172,2164,1.0,1
3173,7379,1.0,1
3174,2765,1.0,1
3175,363,1.0,1
3176,790,1.0,1
3177,5202,1.0,1
3178,7007,1.0,1
3179,4167,1.0,1
3180,301,1.0,1
3181,2405,1.0,1
3182,5464,1.0,1
3183,3734,0.5,1
3183,3973,0.5,0
3184,5501,1.0,1
3185,1196,1.0,1
3186,3513,1.0,1
3187,5859,1.0,1
3188,7691,1.0,1
3189,3979,1.0,1
3190,1371,1.0,1
3191,6863,1.0,1
3192,1065,0.5,1
3192,7494,0.5,0
3193,2348,1.0,1
3194,4241,1.0,1
3195,8704,1.0,1
3196,1595,1.0,1
3197,6085,0.5,1
3197,1262,0.5,0
3198,6037,1.0,1
3199,4564,1.0,1
3200,3357,1.0,1
3201,302,1.0,1
3202,2042,1.0,1
3203,3156,1.0,1
3204,4757,1.0,1
3205,863,1.0,1
3206,2862,1.0,1
3207,790,1.0,1
3208,7045,0.5,1
3208,8900,0.5,0
3209,1110,1.0,1
3210,1522,1.0,1
3211,1405,1.0,1
3212,3581,1.0,1
3213,2603,1.0,1
3214,966,1.0,1
3215,3442,1.0,1
3216,5531,1.0,1
3217,4135,1.0,1
3218,6575,1.0,1
3219,4669,1.0,1
3220,1435,1.0,1
3221,8231,1.0,1
3222,9172,0.5,1
3222,5906,0.5,0
3223,6864,1.0,1
3224,373,1.0,1
3225,20,1.0,1
3226,5193,1.0,1
3227,6147,1.0,1
3228,1800,1.0,1
3229,3249,1.0,1
3230,8710,1.0,1
3231,5833,1.0,1
3232,8968,1.0,1
3233,4861,1.0,1
3234,6701,1.0,1
3235,3329,1.0,1
3236,6425,1.0,1
3237,6374,1.0,1
3238,8381,1.0,1
3239,5625,0.5,1
3239,1882,0.5,0
3240,3442,1.0,1
3241,355,1.0,1
3242,5652,1.0,1
3243,7437,1.0,1
3244,5642,1.0,1
3245,7162,1.0,1
3246,6242,1.0,1
3247,9245,1.0,1
3248,8637,1.0,1
3249,620,0.5,1
3249,2527,0.5,0
3250,8538,1.0,1
3251,7065,1.0,1
3252,9099,1.0,1
3253,8984,1.0,1
3254,8685,1.0,1
3255,6921,1.0,1
3256,2875,1.0,1
3257,1777,1.0,1
3258,6064,1.0,1
3259,3675,1.0,1
3260,8427,1.0,1
3261,1563,1.0,1
3262,8431,1.0,1
3263,4861,1.0,1
3264,108,1.0,1
3265,6869,1.0,1
3266,8204,1.0,1
3267,1238,1.0,1
3268,650,1.0,1
3269,6435,1.0,1
3270,3442,1.0,1
3271,4413,1.0,1
3272,9140,1.0,1
3273,7694,1.0,1
3274,5635,1.0,1
3275,5803,1.0,1
3276,6037,1.0,1
3277,8603,1.0,1
3278,8084,1.0,1
3279,5146,1.0,1
3280,1837,1.0,1
3281,2568,1.0,1
3282,2686,1.0,1
3283,912,1.0,1
3284,5322,1.0,1
3285,1651,1.0,1
3286,6620,1.0,1
3287,9292,1.0,1
3288,6269,1.0,1
3289,2356,1.0,1
3290,5158,1.0,1
3291,2266,1.0,1
3292,1172,1.0,1
3293,3152,1.0,1
3294,4955,1.0,1
3295,6786,1.0,1
3296,3247,1.0,1
3297,4941,1.0,1
3298,2450,1.0,1
3299,3725,1.0,1
3300,6565,1.0,1
3301,5440,1.0,1
3302,9298,0.5,1
3302,6606,0.5,0
3303,1238,1.0,1
3304,6336,1.0,1
3305,1593,1.0,1
3306,4692,1.0,1
3307,2183,1.0,1
3308,8682,1.0,1
3309,2747,1.0,1
3310,6932,1.0,1
3311,8269,1.0,1
3312,555,1.0,1
3313,3936,1.0,1
3314,363,1.0,1
3315,4859,1.0,1
3316,3641,1.0,1
3317,4990,0.333333,1
3317,7270,0.333333,0
3317,8888,0.333333,0
3318,6984,1.0,1
3319,1917,1.0,1
3320,629,1.0,1
3321,108,1.0,1
3322,6237,1.0,1
3323,4919,1.0,1
3324,4169,1.0,1
3325,5285,0.5,1
3325,650,0.5,0
3326,110,1.0,1
3327,6920,1.0,1
3328,6495,1.0,1
3329,1849,1.0,1
3330,349,1.0,1
3331,79,1.0,1
3332,843,1.0,1
3333,9292,1.0,1
3334,145,1.0,1
3335,7974,0.5,1
3335,8435,0.5,0
3336,3120,1.0,1
3337,6786,1.0,1
3338,5946,1.0,1
3339,6101,1.0,1
3340,7456,1.0,1
3341,7289,1.0,1
3342,3346,1.0,1
3343,3356,1.0,1
3344,790,1.0,1
3345,1716,1.0,1
3346,4809,1.0,1
3347,5813,1.0,1
3348,2911,1.0,1
3349,554,1.0,1
3350,957,1.0,1
3351,1407,1.0,1
3352,6385,1.0,1
3353,8315,1.0,1
3354,3022,1.0,1
3355,4918,1.0,1
3356,9362,1.0,1
3357,599,1.0,1
3358,3376,1.0,1
3359,1975,0.333333,1
3359,5198,0.333333,0
3359,4324,0.333333,0
3360,4242,1.0,1
3361,4710,0.333333,1
3361,8521,0.333333,0
3361,4713,0.333333,0
3362,1035,1.0,1
3363,4371,1.0,1
3364,9099,1.0,1
3365,5128,1.0,1
3366,3971,1.0,1
3367,6316,1.0,1
3368,1945,1.0,1
3369,1727,1.0,1
3370,2884,1.0,1
3371,491,1.0,1
3372,4913,1.0,1
3373,5660,1.0,1
3374,6110,1.0,1
3375,4476,1.0,1
3376,8878,1.0,1
3377,1772,1.0,1
3378,8195,1.0,1
3379,778,1.0,1
3380,1410,1.0,1
3381,7819,1.0,1
3382,1882,0.5,1
3382,2934,0.5,0
3383,2013,1.0,1
3384,6437,1.0,1
3385,3955,1.0,1
3386,4484,1.0,1
3387,8462,1.0,1
3388,5934,1.0,1
3389,1407,1.0,1
3390,2412,1.0,1
3391,8908,1.0,1
3392,8834,1.0,1
3393,4326,1.0,1
3394,3734,1.0,1
3395,4859,1.0,1
3396,7702,1.0,1
3397,7182,1.0,1
3398,8710,1.0,1
3399,3538,1.0,1
3400,1484,1.0,1
3401,8881,1.0,1
3402,5871,1.0,1
3403,5128,1.0,1
3404,6965,1.0,1
3405,5137,1.0,1
3406,226,1.0,1
3407,3971,1.0,1
3408,2756,1.0,1
3409,5673,1.0,1
3410,1024,1.0,1
3411,1121,1.0,1
3412,7043,1.0,1
3413,609,1.0,1
3414,8439,1.0,1
3415,9244,1.0,1
3416,607,1.0,1
3417,4410,1.0,1
3418,2103,1.0,1
3419,4560,1.0,1
3420,7207,1.0,1
3421,3979,1.0,1
3422,4864,1.0,1
3423,4542,1.0,1
3424,1803,1.0,1
3425,5286,1.0,1
3426,6209,1.0,1
3427,4794,1.0,1
3428,8569,1.0,1
3429,2338,1.0,1
3430,5465,1.0,1
3431,3084,1.0,1
3432,8306,1.0,1
3433,462,1.0,1
3434,4630,1.0,1
3435,2970,1.0,1
3436,7241,1.0,1
3437,8551,1.0,1
3438,3395,1.0,1
3439,7246,1.0,1
3440,2862,1.0,1
3441,3734,1.0,1
3442,8702,1.0,1
3443,4908,1.0,1
3444,395,1.0,1
3445,6775,1.0,1
3446,3662,1.0,1
3447,4658,1.0,1
3448,2645,0.5,1
3448,3602,0.5,0
3449,5891,1.0,1
3450,7746,1.0,1
3451,6260,1.0,1
3452,377,1.0,1
3453,8573,1.0,1
3454,5632,1.0,1
3455,4405,1.0,1
3456,5931,1.0,1
3457,3006,1.0,1
3458,143,1.0,1
3459,6116,1.0,1
3460,2601,1.0,1
3461,312,1.0,1
3462,4358,1.0,1
3463,7607,1.0,1
3464,3261,1.0,1
3465,9298,0.5,1
3465,4680,0.5,0
3466,3743,1.0,1
3467,8438,1.0,1
3468,730,1.0,1
3469,1696,1.0,1
3470,3422,1.0,1
3471,9231,0.5,1
3471,5143,0.5,0
3472,5225,1.0,1
3473,4810,1.0,1
3474,6786,1.0,1
3475,7972,1.0,1
3476,3540,1.0,1
3477,2645,1.0,1
3478,8361,1.0,1
3479,5004,1.0,1
3480,4650,1.0,1
3481,2258,1.0,1
3482,2593,1.0,1
3483,3979,1.0,1
3484,2959,1.0,1
3485,8303,0.5,1
3485,413,0.5,0
3486,5605,1.0,1
3487,8744,1.0,1
3488,1699,1.0,1
3489,344,1.0,1
3490,3057,1.0,1
3491,6266,1.0,1
3492,714,1.0,1
3493,3988,1.0,1
3494,4903,1.0,1
3495,1945,1.0,1
3496,7058,1.0,1
3497,790,1.0,1
3498,8951,1.0,1
3499,3475,1.0,1
3500,8439,1.0,1
3501,338,1.0,1
3502,6989,1.0,1
3503,6756,1.0,1
3504,7097,1.0,1
3505,5627,0.5,1
3505,3602,0.5,0
3506,9393,0.5,1
3506,4791,0.5,0
3507,5440,1.0,1
3508,7931,1.0,1
3509,5825,1.0,1
3510,7175,1.0,1
3511,2329,1.0,1
3512,8187,1.0,1
3513,3100,1.0,1
3514,3133,1.0,1
3515,6028,1.0,1
3516,5548,1.0,1
3517,903,1.0,1
3518,5922,1.0,1
3519,3977,1.0,1
3520,6906,1.0,1
3521,5624,1.0,1
3522,7851,1.0,1
3523,2841,1.0,1
3524,5328,1.0,1
3525,2702,1.0,1
3526,9065,1.0,1
3527,6981,1.0,1
3528,1399,1.0,1
3529,1185,1.0,1
3530,4311,1.0,1
3531,323,1.0,1
3532,4986,1.0,1
3533,3478,1.0,1
3534,3143,1.0,1
3535,3952,1.0,1
3536,6232,1.0,1
3537,2388,1.0,1
3538,3513,1.0,1
3539,1534,1.0,1
3540,5753,1.0,1
3541,7515,1.0,1
3542,7403,1.0,1
3543,5630,1.0,1
3544,8794,0.5,1
3544,7839,0.5,0
3545,252,1.0,1
3546,1407,1.0,1
3547,7851,1.0,1
3548,8780,1.0,1
3549,5567,1.0,1
3550,926,1.0,1
3551,2395,1.0,1
3552,6606,1.0,1
3553,7540,1.0,1
3554,8208,1.0,1
3555,1662,1.0,1
3556,7464,0.5,1
3556,7022,0.5,0
3557,8364,1.0,1
3558,5571,1.0,1
3559,7145,1.0,1
3560,6859,1.0,1
3561,4855,1.0,1
3562,8431,1.0,1
3563,683,1.0,1
3564,7920,1.0,1
3565,5196,0.5,1
3565,3228,0.5,0
3566,4202,1.0,1
3567,6310,1.0,1
3568,3710,1.0,1
3569,8463,1.0,1
3570,5116,1.0,1
3571,3474,1.0,1
3572,2477,1.0,1
3573,2919,1.0,1
3574,942,1.0,1
3575,7606,1.0,1
3576,2564,1.0,1
3577,8143,1.0,1
3578,5411,1.0,1
3579,5625,0.5,1
3579,1882,0.5,0
3580,2870,1.0,1
3581,2656,1.0,1
3582,3971,1.0,1
3583,536,1.0,1
3584,651,1.0,1
3585,6906,1.0,1
3586,5128,1.0,1
3587,538,1.0,1
3588,8352,1.0,1
3589,4389,1.0,1
3590,5669,1.0,1
3591,5146,1.0,1
3592,3087,0.5,1
3592,4679,0.5,0
3593,2920,1.0,1
3594,2983,1.0,1
3595,7973,1.0,1
3596,1418,1.0,1
3597,8320,1.0,1
3598,6181,1.0,1
3599,4612,1.0,1
3600,6459,1.0,1
3601,561,1.0,1
3602,1369,1.0,1
3603,1224,1.0,1
3604,7813,1.0,1
3605,2976,1.0,1
3606,4996,1.0,1
3607,6441,1.0,1
3608,3954,1.0,1
3609,1808,1.0,1
3610,310,1.0,1
3611,165,1.0,1
3612,4105,1.0,1
3613,6903,1.0,1
3614,1882,1.0,1
3615,349,1.0,1
3616,8888,1.0,1
3617,1838,1.0,1
3618,3609,1.0,1
3619,790,0.5,1
3619,8389,0.5,0
3620,790,1.0,1
3621,1111,1.0,1
3622,7774,1.0,1
3623,5077,1.0,1
3624,637,1.0,1
3625,5609,1.0,1
3626,4815,1.0,1
3627,2765,1.0,1
3628,4464,1.0,1
3629,8519,1.0,1
3630,3239,1.0,1
3631,3087,0.5,1
3631,4679,0.5,0
3632,3896,1.0,1
3633,3353,1.0,1
3634,1779,1.0,1
3635,5591,1.0,1
3636,5112,1.0,1
3637,2350,1.0,1
3638,6673,1.0,1
3639,8687,1.0,1
3640,9212,1.0,1
3641,127,1.0,1
3642,82,1.0,1
3643,3464,1.0,1
3644,1643,1.0,1
3645,3442,1.0,1
3646,675,1.0,1
3647,1945,1.0,1
3648,2513,1.0,1
3649,146,0.5,1
3649,642,0.5,0
3650,1015,1.0,1
3651,2098,1.0,1
3652,6322,1.0,1
3653,1720,1.0,1
3654,714,1.0,1
3655,6984,1.0,1
3656,5915,1.0,1
3657,2952,0.5,1
3657,1440,0.5,0
3658,5635,0.333333,1
3658,1442,0.333333,0
3658,2645,0.333333,0
3659,6264,1.0,1
3660,5439,1.0,1
3661,8389,0.5,1
3661,629,0.5,0
3662,4356,1.0,1
3663,1030,0.5,1
3663,2931,0.5,0
3664,2537,1.0,1
3665,1775,1.0,1
3666,3232,1.0,1
3667,1268,1.0,1
3668,6922,1.0,1
3669,1811,1.0,1
3670,5912,1.0,1
3671,2361,1.0,1
3672,1726,1.0,1
3673,4614,1.0,1
3674,6974,1.0,1
3675,5796,1.0,1
3676,2206,0.5,1
3676,7422,0.5,0
3677,3517,1.0,1
3678,6892,1.0,1
3679,4773,1.0,1
3680,2656,1.0,1
3681,540,1.0,1
3682,8150,0.5,1
3682,1633,0.5,0
3683,4426,1.0,1
3684,7174,1.0,1
3685,6329,0.5,1
3685,5928,0.5,0
3686,9145,1.0,1
3687,8912,1.0,1
3688,3971,1.0,1
3689,1809,1.0,1
3690,2195,1.0,1
3691,6162,1.0,1
3692,6433,1.0,1
3693,1401,1.0,1
3694,3791,1.0,1
3695,2765,1.0,1
3696,3228,1.0,1
3697,8316,1.0,1
3698,1775,1.0,1
3699,8431,1.0,1
3700,730,1.0,1
3701,5430,1.0,1
3702,9433,1.0,1
3703,4959,1.0,1
3704,5494,1.0,1
3705,232,1.0,1
3706,4784,0.5,1
3706,1259,0.5,0
3707,8185,0.5,1
3707,9099,0.5,0
3708,3087,0.5,1
3708,4679,0.5,0
3709,4347,1.0,1
3710,4987,1.0,1
3711,9359,1.0,1
3712,5717,1.0,1
3713,7484,1.0,1
3714,144,0.5,1
3714,7229,0.5,0
3715,1860,1.0,1
3716,2967,1.0,1
3717,8516,1.0,1
3718,3087,0.5,1
3718,7422,0.5,0
3719,4861,1.0,1
3720,6152,1.0,1
3721,3882,1.0,1
3722,5273,1.0,1
3723,2236,1.0,1
3724,7942,1.0,1
3725,536,1.0,1
3726,8959,1.0,1
3727,802,1.0,1
3728,5280,1.0,1
3729,7182,1.0,1
3730,7736,1.0,1
3731,7936,1.0,1
3732,3541,1.0,1
3733,4759,1.0,1
3734,5101,1.0,1
3735,6301,1.0,1
3736,7856,1.0,1
3737,1886,0.5,1
3737,8389,0.5,0
3738,3087,1.0,1
3739,822,1.0,1
3740,412,1.0,1
3741,3954,1.0,1
3742,3605,1.0,1
3743,1229,1.0,1
3744,7356,1.0,1
3745,1001,1.0,1
3746,4480,1.0,1
3747,8038,1.0,1
3748,8884,1.0,1
3749,4773,1.0,1
3750,1989,1.0,1
3751,8800,1.0,1
3752,310,1.0,1
3753,1303,1.0,1
3754,7323,1.0,1
3755,2319,1.0,1
3756,5400,1.0,1
3757,872,1.0,1
3758,9100,1.0,1
3759,9035,1.0,1
3760,7007,1.0,1
3761,1994,1.0,1
3762,4888,0.5,1
3762,5784,0.5,0
3763,3420,1.0,1
3764,629,1.0,1
3765,7314,1.0,1
3766,5146,1.0,1
3767,8804,1.0,1
3768,3505,1.0,1
3769,9398,1.0,1
3770,1713,1.0,1
3771,8585,1.0,1
3772,6483,1.0,1
3773,6515,0.333333,1
3773,1491,0.333333,0
3773,5632,0.333333,0
3774,9257,0.5,1
3774,9234,0.5,0
3775,6230,0.5,1
3775,2213,0.5,0
3776,1630,1.0,1
3777,6922,1.0,1
3778,7607,1.0,1
3779,2656,1.0,1
3780,2939,0.5,1
3780,5906,0.5,0
3781,450,1.0,1
3782,8315,1.0,1
3783,4482,1.0,1
3784,7159,1.0,1
3785,4794,1.0,1
3786,5635,1.0,1
3787,2350,1.0,1
3788,8803,1.0,1
3789,5597,1.0,1
3790,6206,1.0,1
3791,3911,1.0,1
3792,2814,1.0,1
3793,8141,1.0,1
3794,7050,1.0,1
3795,365,1.0,1
3796,4634,1.0,1
3797,7186,1.0,1
3798,2003,1.0,1
3799,2940,0.5,1
3799,5906,0.5,0
3800,3261,1.0,1
3801,960,1.0,1
3802,4553,1.0,1
3803,3988,1.0,1
3804,9020,1.0,1
3805,7182,1.0,1
3806,7607,1.0,1
3807,570,1.0,1
3808,3122,0.5,1
3808,8070,0.5,0
3809,5264,1.0,1
3810,7844,1.0,1
3811,9356,1.0,1
3812,6762,1.0,1
3813,3079,1.0,1
3814,4806,1.0,1
3815,238,1.0,1
3816,2450,1.0,1
3817,2928,1.0,1
3818,7065,1.0,1
3819,6906,1.0,1
3820,8828,1.0,1
3821,3512,1.0,1
3822,9020,1.0,1
3823,435,1.0,1
3824,3661,1.0,1
3825,7606,1.0,1
3826,4223,1.0,1
3827,8584,1.0,1
3828,6432,1.0,1
3829,125,1.0,1
3830,1402,1.0,1
3831,6786,1.0,1
3832,3484,1.0,1
3833,6733,1.0,1
3834,5719,1.0,1
3835,8449,0.5,1
3835,8389,0.5,0
3836,943,1.0,1
3837,1432,1.0,1
3838,3306,1.0,1
3839,5528,1.0,1
3840,2582,1.0,1
3841,4889,1.0,1
3842,8390,1.0,1
3843,2899,1.0,1
3844,3999,0.5,1
3844,4679,0.5,0
3845,7276,1.0,1
3846,5879,1.0,1
3847,4821,1.0,1
3848,8541,1.0,1
3849,2476,1.0,1
3850,5204,1.0,1
3851,1301,1.0,1
3852,5591,1.0,1
3853,7876,1.0,1
3854,3971,1.0,1
3855,536,1.0,1
3856,7101,1.0,1
3857,5298,1.0,1
3858,7232,1.0,1
3859,7175,1.0,1
3860,1752,1.0,1
3861,8344,1.0,1
3862,914,1.0,1
3863,252,1.0,1
3864,6574,1.0,1
3865,9450,1.0,1
3866,5321,1.0,1
3867,5284,1.0,1
3868,9298,1.0,1
3869,9099,1.0,1
3870,8566,1.0,1
3871,3971,1.0,1
3872,8096,1.0,1
3873,2575,1.0,1
3874,3130,1.0,1
3875,8526,1.0,1
3876,1911,1.0,1
3877,536,1.0,1
3878,1431,1.0,1
3879,8836,1.0,1
3880,790,1.0,1
3881,3423,1.0,1
3882,3455,1.0,1
3883,9219,1.0,1
3884,5662,1.0,1
3885,4131,1.0,1
3886,3669,1.0,1
3887,2189,1.0,1
3888,3790,1.0,1
3889,8685,1.0,1
3890,710,1.0,1
3891,8648,1.0,1
3892,7941,1.0,1
3893,7772,1.0,1
3894,5472,1.0,1
3895,6575,0.5,1
3895,2540,0.5,0
3896,4710,0.333333,1
3896,4711,0.333333,0
3896,8521,0.333333,0
3897,903,1.0,1
3898,6606,1.0,1
3899,1945,1.0,1
3900,6725,1.0,1
3901,6361,1.0,1
3902,8941,1.0,1
3903,4832,1.0,1
3904,4139,1.0,1
3905,2742,1.0,1
3906,2862,1.0,1
3907,9147,1.0,1
3908,4730,1.0,1
3909,4156,1.0,1
3910,500,1.0,1
3911,8904,1.0,1
3912,1945,1.0,1
3913,5906,1.0,1
3914,1724,1.0,1
3915,5687,0.5,1
3915,5686,0.5,0
3916,5128,1.0,1
3917,8884,1.0,1
3918,8321,1.0,1
3919,5222,1.0,1
3920,7082,1.0,1
3921,790,1.0,1
3922,2939,0.5,1
3922,5906,0.5,0
3923,6753,1.0,1
3924,4550,1.0,1
3925,6003,1.0,1
3926,8477,1.0,1
3927,2951,0.5,1
3927,8005,0.5,0
3928,6268,1.0,1
3929,914,1.0,1
3930,2519,1.0,1
3931,2753,0.333333,1
3931,2750,0.333333,0
3931,5906,0.333333,0
3932,124,1.0,1
3933,7709,1.0,1
3934,2159,1.0,1
3935,2648,1.0,1
3936,3734,1.0,1
3937,767,1.0,1
3938,6285,1.0,1
3939,9159,1.0,1
3940,2794,1.0,1
3941,7990,0.5,1
3941,5790,0.5,0
3942,7990,0.5,1
3942,5790,0.5,0
3943,9011,1.0,1
3944,5902,1.0,1
3945,5382,1.0,1
3946,7510,1.0,1
3947,5687,1.0,1
3948,3025,1.0,1
3949,4840,0.5,1
3949,2801,0.5,0
3950,3127,1.0,1
3951,8524,1.0,1
3952,6869,1.0,1
3953,5796,1.0,1
3954,2198,1.0,1
3955,4260,1.0,1
3956,3979,1.0,1
3957,786,1.0,1
3958,3941,1.0,1
3959,2350,1.0,1
3960,5854,1.0,1
3961,5085,1.0,1
3962,1226,1.0,1
3963,2040,1.0,1
3964,7606,1.0,1
3965,2589,1.0,1
3966,1945,1.0,1
3967,5370,1.0,1
3968,117,0.5,1
3968,5625,0.5,0
3969,5146,1.0,1
3970,7406,1.0,1
3971,6429,1.0,1
3972,4575,1.0,1
3973,2650,1.0,1
3974,2266,1.0,1
3975,5865,1.0,1
3976,3971,1.0,1
3977,5747,1.0,1
3978,5725,1.0,1
3979,5414,1.0,1
3980,426,1.0,1
3981,1810,1.0,1
3982,3429,1.0,1
3983,5175,1.0,1
3984,5051,1.0,1
3985,456,1.0,1
3986,8447,1.0,1
3987,7556,1.0,1
3988,379,1.0,1
3989,7065,1.0,1
3990,8440,1.0,1
3991,4332,1.0,1
3992,8262,1.0,1
3993,43,1.0,1
3994,7819,1.0,1
3995,1830,1.0,1
3996,2493,0.5,1
3996,8407,0.5,0
3997,7877,1.0,1
3998,1793,1.0,1
3999,4090,1.0,1
4000,9118,1.0,1
4001,2313,1.0,1
4002,6399,1.0,1
4003,1226,1.0,1
4004,2164,1.0,1
4005,8884,1.0,1
4006,9221,1.0,1
4007,7520,1.0,1
4008,3893,1.0,1
4009,8888,1.0,1
4010,6432,1.0,1
4011,2525,1.0,1
4012,1023,1.0,1
4013,7463,1.0,1
4014,7721,1.0,1
4015,2956,1.0,1
4016,3979,1.0,1
4017,7759,1.0,1
4018,390,1.0,1
4019,3971,1.0,1
4020,9179,1.0,1
4021,3325,1.0,1
4022,4684,1.0,1
4023,8526,1.0,1
4024,5282,1.0,1
4025,2109,1.0,1
4026,5906,1.0,1
4027,2759,1.0,1
4028,3087,0.5,1
4028,3602,0.5,0
4029,5438,1.0,1
4030,6135,1.0,1
4031,1103,1.0,1
4032,2052,1.0,1
4033,8431,1.0,1
4034,1317,1.0,1
4035,8062,1.0,1
4036,3971,1.0,1
4037,3754,0.5,1
4037,5790,0.5,0
4038,3356,1.0,1
4039,6453,1.0,1
4040,6115,1.0,1
4041,6797,1.0,1
4042,924,1.0,1
4043,4033,1.0,1
4044,7103,1.0,1
4045,359,1.0,1
4046,7696,1.0,1
4047,1392,1.0,1
4048,549,1.0,1
4049,6641,1.0,1
4050,4263,1.0,1
4051,3626,0.5,1
4051,650,0.5,0
4052,8521,0.333333,1
4052,4713,0.333333,0
4052,4710,0.333333,0
4053,6775,1.0,1
4054,3407,1.0,1
4055,4813,1.0,1
4056,2516,0.5,1
4056,9051,0.5,0
4057,9298,1.0,1
4058,2925,1.0,1
4059,3159,1.0,1
4060,5921,1.0,1
4061,8685,1.0,1
4062,3971,1.0,1
4063,1894,1.0,1
4064,2158,1.0,1
4065,4889,1.0,1
4066,903,1.0,1
4067,3546,1.0,1
4068,3514,1.0,1
4069,1894,1.0,1
4070,1504,1.0,1
4071,6237,1.0,1
4072,7484,1.0,1
4073,3971,1.0,1
4074,8885,1.0,1
4075,8685,1.0,1
4076,3158,1.0,1
4077,528,1.0,1
4078,6997,1.0,1
4079,294,1.0,1
4080,8318,1.0,1
4081,5687,1.0,1
4082,4068,1.0,1
4083,2266,1.0,1
4084,546,0.5,1
4084,7484,0.5,0
4085,1945,1.0,1
4086,7844,1.0,1
4087,7292,0.5,1
4087,8389,0.5,0
4088,2502,1.0,1
4089,5657,1.0,1
4090,7650,1.0,1
4091,1845,1.0,1
4092,5365,1.0,1
4093,7302,1.0,1
4094,8863,1.0,1
4095,7464,0.5,1
4095,7022,0.5,0
4096,108,1.0,1
4097,7606,1.0,1
4098,4223,1.0,1
4099,3999,1.0,1
4100,714,1.0,1
4101,2739,1.0,1
4102,8603,0.5,1
4102,2934,0.5,0
4103,494,1.0,1
4104,8720,1.0,1
4105,5632,1.0,1
4106,7950,1.0,1
4107,3050,1.0,1
4108,1793,1.0,1
4109,2577,1.0,1
4110,9101,1.0,1
4111,7008,1.0,1
4112,515,1.0,1
4113,6889,1.0,1
4114,703,1.0,1
4115,4977,1.0,1
4116,2195,1.0,1
4117,5440,1.0,1
4118,7869,1.0,1
4119,7290,1.0,1
4120,8853,1.0,1
4121,3228,1.0,1
4122,2038,1.0,1
4123,4591,1.0,1
4124,7182,1.0,1
4125,4645,1.0,1
4126,2335,1.0,1
4127,4166,1.0,1
4128,4447,1.0,1
4129,4997,1.0,1
4130,3034,1.0,1
4131,5940,1.0,1
4132,6237,1.0,1
4133,7905,1.0,1
4134,6882,1.0,1
4135,475,1.0,1
4136,108,1.0,1
4137,4995,1.0,1
4138,7065,1.0,1
4139,4573,1.0,1
4140,1401,1.0,1
4141,87,1.0,1
4142,5904,1.0,1
4143,5997,1.0,1
4144,730,1.0,1
4145,8185,0.5,1
4145,9099,0.5,0
4146,7888,1.0,1
4147,6567,0.5,1
4147,5735,0.5,0
4148,5872,1.0,1
4149,1882,1.0,1
4150,6487,1.0,1
4151,304,1.0,1
4152,6353,1.0,1
4153,7758,1.0,1
4154,1759,1.0,1
4155,5128,1.0,1
4156,1886,1.0,1
4157,7311,1.0,1
4158,6587,1.0,1
4159,5160,1.0,1
4160,7903,1.0,1
4161,8369,1.0,1
4162,6206,1.0,1
4163,7146,1.0,1
4164,4194,1.0,1
4165,2152,1.0,1
4166,3538,1.0,1
4167,3392,1.0,1
4168,4468,1.0,1
4169,7146,1.0,1
4170,7462,1.0,1
4171,2266,1.0,1
4172,9099,1.0,1
4173,5223,1.0,1
4174,5858,1.0,1
4175,7413,1.0,1
4176,5906,0.5,1
4176,2715,0.5,0
4177,5686,1.0,1
4178,8685,1.0,1
4179,5457,1.0,1
4180,3615,1.0,1
4181,4115,1.0,1
4182,1446,0.333333,1
4182,2956,0.333333,0
4182,8874,0.333333,0
4183,8897,1.0,1
4184,7477,1.0,1
4185,133,1.0,1
4186,4918,1.0,1
4187,7438,1.0,1
4188,7772,1.0,1
4189,5100,1.0,1
4190,5485,1.0,1
4191,5403,1.0,1
4192,1936,1.0,1
4193,7065,1.0,1
4194,1476,1.0,1
4195,4124,1.0,1
4196,7363,1.0,1
4197,7182,1.0,1
4198,6902,1.0,1
4199,1894,1.0,1
4200,2982,0.5,1
4200,61,0.5,0
4201,3195,1.0,1
4202,2589,1.0,1
4203,7772,1.0,1
4204,1219,1.0,1
4205,3786,1.0,1
4206,9099,1.0,1
4207,1008,1.0,1
4208,6434,1.0,1
4209,5884,0.5,1
4209,3295,0.5,0
4210,5855,0.333333,1
4210,5625,0.333333,0
4210,1882,0.333333,0
4211,2741,1.0,1
4212,1607,1.0,1
4213,4889,1.0,1
4214,6174,1.0,1
4215,7619,1.0,1
4216,4793,1.0,1
4217,3504,1.0,1
4218,3938,1.0,1
4219,5078,1.0,1
4220,3952,1.0,1
4221,7420,1.0,1
4222,4196,1.0,1
4223,8884,1.0,1
4224,5345,1.0,1
4225,3952,1.0,1
4226,5830,1.0,1
4227,7256,1.0,1
4228,6959,1.0,1
4229,5128,1.0,1
4230,1677,1.0,1
4231,2812,1.0,1
4232,2699,1.0,1
4233,5890,1.0,1
4234,2840,1.0,1
4235,790,1.0,1
4236,7629,1.0,1
4237,5854,1.0,1
4238,3681,1.0,1
4239,2997,1.0,1
4240,3348,1.0,1
4241,5271,1.0,1
4242,3072,1.0,1
4243,4993,1.0,1
4244,3131,1.0,1
4245,6575,1.0,1
4246,2309,1.0,1
4247,8468,1.0,1
4248,4335,1.0,1
4249,4136,1.0,1
4250,4951,1.0,1
4251,3789,1.0,1
4252,4475,1.0,1
4253,8710,1.0,1
4254,506,1.0,1
4255,718,1.0,1
4256,1620,1.0,1
4257,3955,1.0,1
4258,7288,1.0,1
4259,6459,1.0,1
4260,1518,1.0,1
4261,2016,1.0,1
4262,5079,1.0,1
4263,9398,1.0,1
4264,7218,0.5,1
4264,7022,0.5,0
4265,7996,1.0,1
4266,6869,1.0,1
4267,3121,1.0,1
4268,8723,0.5,1
4268,9185,0.5,0
4269,5028,1.0,1
4270,6037,1.0,1
4271,5244,1.0,1
4272,9084,1.0,1
4273,1070,0.5,1
4273,1069,0.5,0
4274,1141,1.0,1
4275,8982,1.0,1
4276,8363,1.0,1
4277,2770,0.5,1
4277,6870,0.5,0
4278,202,1.0,1
4279,8064,0.5,1
4279,8092,0.5,0
4280,215,1.0,1
4281,2629,1.0,1
4282,6324,1.0,1
4283,6786,1.0,1
4284,5591,1.0,1
4285,5632,1.0,1
4286,8184,1.0,1
4287,4655,0.5,1
4287,5832,0.5,0
4288,1197,1.0,1
4289,6206,1.0,1
4290,7829,1.0,1
4291,5502,1.0,1
4292,9157,1.0,1
4293,3348,0.5,1
4293,6702,0.5,0
4294,5310,1.0,1
4295,1190,1.0,1
4296,2505,1.0,1
4297,1630,1.0,1
4298,1496,1.0,1
4299,5236,1.0,1
4300,5828,1.0,1
4301,9298,0.5,1
4301,6606,0.5,0
4302,6720,1.0,1
4303,6790,1.0,1
4304,3442,1.0,1
4305,3979,1.0,1
4306,9449,1.0,1
4307,3979,1.0,1
4308,456,1.0,1
4309,3778,1.0,1
4310,2402,1.0,1
4311,3228,1.0,1
4312,5196,1.0,1
4313,6786,1.0,1
4314,4420,1.0,1
4315,8339,1.0,1
4316,4345,1.0,1
4317,5098,1.0,1
4318,3483,1.0,1
4319,7996,1.0,1
4320,1995,1.0,1
4321,2879,1.0,1
4322,9040,1.0,1
4323,1894,1.0,1
4324,7031,1.0,1
4325,7575,1.0,1
4326,6237,1.0,1
4327,996,1.0,1
4328,8044,1.0,1
4329,1635,1.0,1
4330,5146,1.0,1
4331,1014,1.0,1
4332,8521,0.333333,1
4332,4713,0.333333,0
4332,4711,0.333333,0
4333,2737,0.5,1
4333,799,0.5,0
4334,4287,1.0,1
4335,4543,0.5,1
4335,5602,0.5,0
4336,8962,1.0,1
4337,7729,1.0,1
4338,497,1.0,1
4339,6775,1.0,1
4340,321,1.0,1
4341,730,1.0,1
4342,8905,1.0,1
4343,6386,1.0,1
4344,7149,1.0,1
4345,5903,1.0,1
4346,5340,1.0,1
4347,61,1.0,1
4348,5076,1.0,1
4349,4133,0.5,1
4349,3295,0.5,0
4350,2378,1.0,1
4351,5188,1.0,1
4352,7870,1.0,1
4353,1416,1.0,1
4354,7750,1.0,1
4355,93,1.0,1
4356,7795,1.0,1
4357,7757,1.0,1
4358,574,1.0,1
4359,714,1.0,1
4360,1581,1.0,1
4361,310,1.0,1
4362,210,1.0,1
4363,6700,1.0,1
4364,3111,1.0,1
4365,7932,1.0,1
4366,5846,1.0,1
4367,4049,1.0,1
4368,5619,1.0,1
4369,3255,1.0,1
4370,7007,1.0,1
4371,1476,1.0,1
4372,4864,1.0,1
4373,5411,1.0,1
4374,5128,1.0,1
4375,4797,1.0,1
4376,3979,1.0,1
4377,3196,1.0,1
4378,5196,1.0,1
4379,682,1.0,1
4380,6349,1.0,1
4381,7182,1.0,1
4382,2393,1.0,1
4383,9099,1.0,1
4384,62,1.0,1
4385,1945,1.0,1
4386,1129,0.5,1
4386,2893,0.5,0
4387,494,1.0,1
4388,1728,1.0,1
4389,8064,1.0,1
4390,3508,1.0,1
4391,4861,1.0,1
4392,2469,0.5,1
4392,5632,0.5,0
4393,2160,1.0,1
4394,3137,1.0,1
4395,7703,1.0,1
4396,2047,1.0,1
4397,2030,0.5,1
4397,4455,0.5,0
4398,7079,1.0,1
4399,3546,1.0,1
4400,3228,1.0,1
4401,1271,1.0,1
4402,5874,1.0,1
4403,8749,1.0,1
4404,8031,1.0,1
4405,7146,1.0,1
4406,9351,1.0,1
4407,1643,1.0,1
4408,4952,1.0,1
4409,5591,1.0,1
4410,6949,1.0,1
4411,6218,1.0,1
4412,1229,1.0,1
4413,1159,1.0,1
4414,7858,1.0,1
4415,8056,1.0,1
4416,2681,0.5,1
4416,2934,0.5,0
4417,1226,1.0,1
4418,8200,1.0,1
4419,6794,1.0,1
4420,5113,1.0,1
4421,3228,1.0,1
4422,8555,0.5,1
4422,9292,0.5,0
4423,4252,1.0,1
4424,3454,1.0,1
4425,9401,1.0,1
4426,3394,1.0,1
4427,6178,1.0,1
4428,3108,1.0,1
4429,7167,1.0,1
4430,9099,1.0,1
4431,5255,1.0,1
4432,4887,1.0,1
4433,4498,1.0,1
4434,6037,1.0,1
4435,6604,1.0,1
4436,7596,1.0,1
4437,6085,1.0,1
4438,14,0.5,1
4438,4729,0.5,0
4439,7981,1.0,1
4440,6109,1.0,1
4441,8407,1.0,1
4442,302,1.0,1
4443,3979,1.0,1
4444,2862,1.0,1
4445,3272,1.0,1
4446,1614,1.0,1
4447,7606,1.0,1
4448,6575,1.0,1
4449,5625,0.5,1
4449,1882,0.5,0
4450,5704,0.5,1
4450,5634,0.5,0
4451,7484,1.0,1
4452,6889,1.0,1
4453,4739,1.0,1
4454,3988,1.0,1
4455,494,1.0,1
4456,5634,1.0,1
4457,2308,1.0,1
4458,2549,1.0,1
4459,4859,1.0,1
4460,3374,1.0,1
4461,7484,1.0,1
4462,8804,1.0,1
4463,2447,1.0,1
4464,3896,1.0,1
4465,916,1.0,1
4466,5004,1.0,1
4467,5635,1.0,1
4468,3423,1.0,1
4469,1140,1.0,1
4470,2587,0.5,1
4470,4030,0.5,0
4471,2103,1.0,1
4472,1785,1.0,1
4473,1748,1.0,1
4474,6763,1.0,1
4475,1703,1.0,1
4476,7288,1.0,1
4477,1604,1.0,1
4478,7091,1.0,1
4479,6085,1.0,1
4480,3546,1.0,1
4481,2945,0.5,1
4481,465,0.5,0
4482,9179,1.0,1
4483,1454,1.0,1
4484,5635,1.0,1
4485,2839,1.0,1
4486,1256,1.0,1
4487,5902,1.0,1
4488,1520,1.0,1
4489,4988,1.0,1
4490,1500,1.0,1
4491,2266,1.0,1
4492,2266,1.0,1
4493,1497,1.0,1
4494,2656,1.0,1
4495,5902,1.0,1
4496,7634,0.5,1
4496,1675,0.5,0
4497,8029,1.0,1
4498,71,1.0,1
4499,3955,1.0,1
4500,635,1.0,1
4501,4083,1.0,1
4502,3172,1.0,1
4503,5906,1.0,1
4504,3442,1.0,1
4505,2509,1.0,1
4506,5014,1.0,1
4507,1724,1.0,1
4508,8163,1.0,1
4509,4122,1.0,1
4510,4794,1.0,1
4511,1210,1.0,1
4512,2645,1.0,1
4513,8639,1.0,1
4514,5889,1.0,1
4515,4815,1.0,1
4516,4773,1.0,1
4517,5236,1.0,1
4518,2737,0.5,1
4518,797,0.5,0
4519,6870,1.0,1
4520,2656,1.0,1
4521,7606,1.0,1
4522,2266,1.0,1
4523,1252,1.0,1
4524,6194,1.0,1
4525,3979,1.0,1
4526,3979,1.0,1
4527,5397,1.0,1
4528,7061,1.0,1
4529,557,1.0,1
4530,2594,1.0,1
4531,4487,1.0,1
4532,1830,1.0,1
4533,9456,1.0,1
4534,5906,1.0,1
4535,4834,1.0,1
4536,2325,0.5,1
4536,8064,0.5,0
4537,6990,1.0,1
4538,3538,1.0,1
4539,409,0.5,1
4539,8064,0.5,0
4540,6746,1.0,1
4541,8146,1.0,1
4542,547,1.0,1
4543,7606,1.0,1
4544,2254,1.0,1
4545,7008,1.0,1
4546,3362,1.0,1
4547,3275,1.0,1
4548,585,1.0,1
4549,3073,1.0,1
4550,3954,1.0,1
4551,5625,0.333333,1
4551,683,0.333333,0
4551,1882,0.333333,0
4552,5377,1.0,1
4553,8216,1.0,1
4554,5894,1.0,1
4555,1874,1.0,1
4556,3647,1.0,1
4557,121,1.0,1
4558,5236,0.5,1
4558,1861,0.5,0
4559,7960,1.0,1
4560,8251,1.0,1
4561,6512,1.0,1
4562,8253,1.0,1
4563,6324,1.0,1
4564,4271,1.0,1
4565,8419,1.0,1
4566,7290,0.333333,1
4566,6479,0.333333,0
4566,2934,0.333333,0
4567,275,1.0,1
4568,5180,1.0,1
4569,8066,0.5,1
4569,1957,0.5,0
4570,730,1.0,1
4571,2636,1.0,1
4572,9364,0.5,1
4572,6530,0.5,0
4573,7986,1.0,1
4574,3754,0.5,1
4574,5790,0.5,0
4575,1073,1.0,1
4576,2585,1.0,1
4577,4696,1.0,1
4578,3127,1.0,1
4579,8645,1.0,1
4580,7205,1.0,1
4581,2508,1.0,1
4582,1189,1.0,1
4583,8185,0.5,1
4583,9099,0.5,0
4584,1407,1.0,1
4585,4739,1.0,1
4586,2395,1.0,1
4587,3971,1.0,1
4588,5826,1.0,1
4589,271,1.0,1
4590,8882,0.5,1
4590,7438,0.5,0
4591,167,1.0,1
4592,5537,1.0,1
4593,5796,1.0,1
4594,3315,1.0,1
4595,799,1.0,1
4596,7484,1.0,1
4597,5502,1.0,1
4598,4884,1.0,1
4599,5049,1.0,1
4600,6206,1.0,1
4601,2038,1.0,1
4602,2458,1.0,1
4603,2801,1.0,1
4604,1132,1.0,1
4605,5591,1.0,1
4606,7452,1.0,1
4607,1407,1.0,1
4608,8230,1.0,1
4609,2734,1.0,1
4610,4545,1.0,1
4611,7879,1.0,1
4612,2588,1.0,1
4613,1756,0.5,1
4613,6869,0.5,0
4614,6223,1.0,1
4615,2500,1.0,1
4616,7146,1.0,1
4617,5885,1.0,1
4618,7182,1.0,1
4619,7288,1.0,1
4620,6212,0.5,1
4620,4898,0.5,0
4621,3975,1.0,1
4622,1701,1.0,1
4623,6415,1.0,1
4624,8531,1.0,1
4625,4234,1.0,1
4626,8740,1.0,1
4627,7146,1.0,1
4628,268,1.0,1
4629,8603,1.0,1
4630,8160,1.0,1
4631,1677,1.0,1
4632,8375,1.0,1
4633,6961,1.0,1
4634,5796,1.0,1
4635,252,1.0,1
4636,650,1.0,1
4637,7633,1.0,1
4638,5932,1.0,1
4639,193,1.0,1
4640,3423,1.0,1
4641,7584,1.0,1
4642,494,1.0,1
4643,6744,1.0,1
4644,6032,1.0,1
4645,1329,1.0,1
4646,8005,1.0,1
4647,8243,1.0,1
4648,1431,1.0,1
4649,3087,0.5,1
4649,4679,0.5,0
4650,1894,1.0,1
4651,1534,1.0,1
4652,20,1.0,1
4653,5635,1.0,1
4654,6786,1.0,1
4655,4392,1.0,1
4656,1112,0.5,1
4656,6085,0.5,0
4657,1203,1.0,1
4658,5152,1.0,1
4659,748,1.0,1
4660,674,1.0,1
4661,2559,1.0,1
4662,6786,1.0,1
4663,8381,1.0,1
4664,8191,1.0,1
4665,3505,1.0,1
4666,4060,1.0,1
4667,4462,1.0,1
4668,2986,1.0,1
4669,1570,1.0,1
4670,9014,1.0,1
4671,8396,1.0,1
4672,6789,1.0,1
4673,6676,1.0,1
4674,1401,1.0,1
4675,5428,1.0,1
4676,7283,1.0,1
4677,50,1.0,1
4678,4463,1.0,1
4679,3971,1.0,1
4680,267,1.0,1
4681,1724,1.0,1
4682,1783,1.0,1
4683,8407,1.0,1
4684,2907,1.0,1
4685,7840,1.0,1
4686,5440,1.0,1
4687,8548,0.5,1
4687,2992,0.5,0
4688,1947,1.0,1
4689,1413,1.0,1
4690,1082,1.0,1
4691,7378,1.0,1
4692,5077,1.0,1
4693,8309,1.0,1
4694,1411,1.0,1
4695,4376,0.5,1
4695,2956,0.5,0
4696,2426,1.0,1
4697,5849,1.0,1
4698,5322,1.0,1
4699,2266,1.0,1
4700,3521,1.0,1
4701,1943,1.0,1
4702,7751,1.0,1
4703,1818,1.0,1
4704,5565,1.0,1
4705,4276,1.0,1
4706,33,1.0,1
4707,5902,1.0,1
4708,3423,0.5,1
4708,4902,0.5,0
4709,4998,1.0,1
4710,1691,1.0,1
4711,7772,1.0,1
4712,1401,1.0,1
4713,8324,0.5,1
4713,8351,0.5,0
4714,4794,1.0,1
4715,7291,1.0,1
4716,2796,1.0,1
4717,5591,1.0,1
4718,7407,1.0,1
4719,1750,1.0,1
4720,2280,1.0,1
4721,5822,1.0,1
4722,7052,1.0,1
4723,2939,0.5,1
4723,5906,0.5,0
4724,2266,1.0,1
4725,2787,1.0,1
4726,5902,1.0,1
4727,2903,0.5,1
4727,4438,0.5,0
4728,3306,1.0,1
4729,3604,1.0,1
4730,4498,1.0,1
4731,2361,1.0,1
4732,1285,1.0,1
4733,5247,1.0,1
4734,8211,1.0,1
4735,2948,0.5,1
4735,1649,0.5,0
4736,698,1.0,1
4737,903,1.0,1
4738,5274,1.0,1
4739,7626,1.0,1
4740,982,1.0,1
4741,3441,1.0,1
4742,9251,1.0,1
4743,591,1.0,1
4744,4288,1.0,1
4745,3464,1.0,1
4746,8642,1.0,1
4747,1893,1.0,1
4748,790,1.0,1
4749,3962,1.0,1
4750,903,1.0,1
4751,6648,1.0,1
4752,3962,1.0,1
4753,797,1.0,1
4754,6266,1.0,1
4755,5281,1.0,1
4756,4067,1.0,1
4757,2420,1.0,1
4758,1258,1.0,1
4759,1410,1.0,1
4760,1742,0.5,1
4760,441,0.5,0
4761,1388,1.0,1
4762,6911,1.0,1
4763,5218,1.0,1
4764,9132,1.0,1
4765,6842,1.0,1
4766,3071,1.0,1
4767,5357,1.0,1
4768,480,1.0,1
4769,8521,0.333333,1
4769,4713,0.333333,0
4769,4711,0.333333,0
4770,1936,1.0,1
4771,534,1.0,1
4772,3158,1.0,1
4773,2755,1.0,1
4774,5327,1.0,1
4775,7605,1.0,1
4776,196,1.0,1
4777,5057,1.0,1
4778,8705,1.0,1
4779,154,1.0,1
4780,7453,1.0,1
4781,5906,1.0,1
4782,6823,1.0,1
4783,1108,1.0,1
4784,5268,1.0,1
4785,268,1.0,1
4786,61,1.0,1
4787,3957,1.0,1
4788,2926,1.0,1
4789,8167,1.0,1
4790,6237,1.0,1
4791,7171,1.0,1
4792,9024,1.0,1
4793,8526,1.0,1
4794,7359,1.0,1
4795,2397,1.0,1
4796,4223,1.0,1
4797,61,1.0,1
4798,8466,1.0,1
4799,4728,1.0,1
4800,2367,0.5,1
4800,2934,0.5,0
4801,8407,1.0,1
4802,494,1.0,1
4803,6037,1.0,1
4804,1642,1.0,1
4805,308,1.0,1
4806,4629,1.0,1
4807,7221,1.0,1
4808,1826,1.0,1
4809,8057,0.5,1
4809,2920,0.5,0
4810,7869,1.0,1
4811,8710,1.0,1
4812,4472,1.0,1
4813,1691,1.0,1
4814,1663,0.5,1
4814,5064,0.5,0
4815,4910,1.0,1
4816,2365,1.0,1
4817,3356,1.0,1
4818,3120,1.0,1
4819,876,1.0,1
4820,6695,1.0,1
4821,8320,1.0,1
4822,8603,0.5,1
4822,2934,0.5,0
4823,790,1.0,1
4824,629,1.0,1
4825,7525,1.0,1
4826,108,1.0,1
4827,650,0.5,1
4827,5285,0.5,0
4828,2656,1.0,1
4829,7606,1.0,1
4830,8105,1.0,1
4831,5346,1.0,1
4832,339,1.0,1
4833,6278,1.0,1
4834,5906,1.0,1
4835,1467,1.0,1
4836,1945,1.0,1
4837,4773,1.0,1
4838,8429,1.0,1
4839,1188,1.0,1
4840,2956,1.0,1
4841,8279,1.0,1
4842,7008,1.0,1
4843,2365,1.0,1
4844,3672,1.0,1
4845,4410,1.0,1
4846,1855,1.0,1
4847,2789,0.5,1
4847,3847,0.5,0
4848,6869,1.0,1
4849,7990,0.5,1
4849,5790,0.5,0
4850,1007,1.0,1
4851,9170,1.0,1
4852,99,1.0,1
4853,478,1.0,1
4854,7590,0.333333,1
4854,5625,0.333333,0
4854,2649,0.333333,0
4855,1877,1.0,1
4856,3513,1.0,1
4857,5486,1.0,1
4858,585,1.0,1
4859,8381,1.0,1
4860,2478,1.0,1
4861,4317,1.0,1
4862,456,1.0,1
4863,8863,1.0,1
4864,6869,1.0,1
4865,5708,1.0,1
4866,3216,1.0,1
4867,9292,1.0,1
4868,4396,1.0,1
4869,6084,1.0,1
4870,9183,1.0,1
4871,349,1.0,1
4872,5667,1.0,1
4873,5196,1.0,1
4874,8407,1.0,1
4875,5906,1.0,1
4876,1441,1.0,1
4877,5591,1.0,1
4878,1824,1.0,1
4879,3087,1.0,1
4880,1576,1.0,1
4881,2044,1.0,1
4882,7550,1.0,1
4883,4815,1.0,1
4884,6197,1.0,1
4885,7700,1.0,1
4886,8354,1.0,1
4887,5591,1.0,1
4888,7402,1.0,1
4889,8469,1.0,1
4890,4815,1.0,1
4891,1039,1.0,1
4892,8391,1.0,1
4893,5411,1.0,1
4894,8740,1.0,1
4895,6764,1.0,1
4896,738,1.0,1
4897,41,1.0,1
4898,7451,1.0,1
4899,1022,1.0,1
4900,5888,1.0,1
4901,6878,1.0,1
4902,2618,1.0,1
4903,5498,0.5,1
4903,4861,0.5,0
4904,1686,1.0,1
4905,4889,1.0,1
4906,6096,1.0,1
4907,1134,1.0,1
4908,3734,1.0,1
4909,7942,1.0,1
4910,6237,1.0,1
4911,7124,1.0,1
4912,4541,1.0,1
4913,7019,1.0,1
4914,5210,0.5,1
4914,6237,0.5,0
4915,7182,1.0,1
4916,9035,1.0,1
4917,4388,1.0,1
4918,8526,1.0,1
4919,880,1.0,1
4920,7484,1.0,1
4921,5838,1.0,1
4922,6206,1.0,1
4923,9402,1.0,1
4924,5075,1.0,1
4925,6772,1.0,1
4926,2505,1.0,1
4927,4113,1.0,1
4928,1513,1.0,1
4929,1463,1.0,1
4930,7649,1.0,1
4931,2924,1.0,1
4932,2953,1.0,1
4933,9097,1.0,1
4934,7682,1.0,1
4935,8355,0.5,1
4935,547,0.5,0
4936,4933,1.0,1
4937,929,1.0,1
4938,2230,1.0,1
4939,3948,1.0,1
4940,15,1.0,1
4941,7614,1.0,1
4942,8526,1.0,1
4943,5906,1.0,1
4944,8659,1.0,1
4945,790,1.0,1
4946,6903,1.0,1
4947,5411,1.0,1
4948,6047,1.0,1
4949,4956,1.0,1
4950,1793,1.0,1
4951,2077,1.0,1
4952,5336,1.0,1
4953,22,1.0,1
4954,7606,1.0,1
4955,2911,1.0,1
4956,7739,1.0,1
4957,4861,1.0,1
4958,6606,0.5,1
4958,2931,0.5,0
4959,8389,1.0,1
4960,8439,1.0,1
4961,736,1.0,1
4962,7302,1.0,1
4963,2655,1.0,1
4964,3442,1.0,1
4965,9298,0.5,1
4965,6606,0.5,0
4966,8162,1.0,1
4967,3227,1.0,1
4968,2395,1.0,1
4969,6091,1.0,1
4970,6575,1.0,1
4971,8526,1.0,1
4972,8161,1.0,1
4973,7606,0.5,1
4973,8172,0.5,0
4974,3709,1.0,1
4975,7146,1.0,1
4976,679,1.0,1
4977,5140,1.0,1
4978,2668,1.0,1
4979,8964,0.5,1
4979,5440,0.5,0
4980,6053,1.0,1
4981,4517,1.0,1
4982,3540,1.0,1
4983,2916,1.0,1
4984,5830,1.0,1
4985,456,1.0,1
4986,3157,1.0,1
4987,5631,1.0,1
4988,5141,1.0,1
4989,8863,1.0,1
4990,7182,1.0,1
4991,7840,1.0,1
4992,4671,1.0,1
4993,4922,1.0,1
4994,5380,1.0,1
4995,7072,1.0,1
4996,4732,1.0,1
4997,4295,1.0,1
4998,3029,1.0,1
4999,2772,1.0,1
5000,5833,1.0,1
5001,4130,1.0,1
5002,2424,1.0,1
5003,5049,1.0,1
5004,6541,1.0,1
5005,7514,1.0,1
5006,7606,1.0,1
5007,3148,1.0,1
5008,93,1.0,1
5009,8812,1.0,1
5010,1083,1.0,1
5011,6922,1.0,1
5012,3321,1.0,1
5013,3665,0.25,1
5013,4775,0.25,0
5013,9270,0.25,0
5013,2218,0.25,0
5014,8324,0.5,1
5014,64,0.5,0
5015,7202,0.5,1
5015,7422,0.5,0
5016,3228,1.0,1
5017,5905,1.0,1
5018,3129,1.0,1
5019,3228,1.0,1
5020,4521,1.0,1
5021,3155,1.0,1
5022,3464,1.0,1
5023,144,0.5,1
5023,7229,0.5,0
5024,7062,1.0,1
5025,7593,1.0,1
5026,1659,1.0,1
5027,7156,1.0,1
5028,1219,1.0,1
5029,2266,1.0,1
5030,176,1.0,1
5031,5635,1.0,1
5032,6775,1.0,1
5033,6603,1.0,1
5034,547,1.0,1
5035,7606,1.0,1
5036,1227,1.0,1
5037,2569,1.0,1
5038,8080,1.0,1
5039,2536,1.0,1
5040,601,1.0,1
5041,1960,1.0,1
5042,6249,1.0,1
5043,8323,1.0,1
5044,1993,1.0,1
5045,3511,1.0,1
5046,9424,1.0,1
5047,730,1.0,1
5048,4425,1.0,1
5049,6697,1.0,1
5050,2103,1.0,1
5051,6620,1.0,1
5052,6582,1.0,1
5053,1906,1.0,1
5054,8457,1.0,1
5055,2038,1.0,1
5056,5224,1.0,1
5057,1942,1.0,1
5058,3202,1.0,1
5059,4914,0.5,1
5059,5195,0.5,0
5060,183,1.0,1
5061,1315,1.0,1
5062,8513,1.0,1
5063,4768,1.0,1
5064,349,1.0,1
5065,6506,1.0,1
5066,908,0.5,1
5066,5104,0.5,0
5067,7766,0.5,1
5067,4554,0.5,0
5068,7703,1.0,1
5069,3971,1.0,1
5070,7228,1.0,1
5071,5768,1.0,1
5072,8265,1.0,1
5073,4859,1.0,1
5074,7317,1.0,1
5075,9010,1.0,1
5076,7421,1.0,1
5077,8232,1.0,1
5078,8954,0.5,1
5078,713,0.5,0
5079,3229,1.0,1
5080,4889,1.0,1
5081,585,1.0,1
5082,5917,1.0,1
5083,5635,1.0,1
5084,1394,1.0,1
5085,5063,1.0,1
5086,8992,1.0,1
5087,6841,1.0,1
5088,6786,1.0,1
5089,5254,1.0,1
5090,2537,1.0,1
5091,3169,1.0,1
5092,2053,0.5,1
5092,7028,0.5,0
5093,3671,1.0,1
5094,7202,1.0,1
5095,8189,1.0,1
5096,326,1.0,1
5097,809,0.5,1
5097,9205,0.5,0
5098,7284,1.0,1
5099,5146,1.0,1
5100,7165,1.0,1
5101,6318,1.0,1
5102,6455,1.0,1
5103,5353,1.0,1
5104,7844,0.5,1
5104,7380,0.5,0
5105,3543,1.0,1
5106,2634,1.0,1
5107,7151,1.0,1
5108,7606,1.0,1
5109,4773,1.0,1
5110,5146,1.0,1
5111,2044,1.0,1
5112,5570,1.0,1
5113,2552,1.0,1
5114,4273,1.0,1
5115,3979,1.0,1
5116,4343,1.0,1
5117,7498,1.0,1
5118,8574,1.0,1
5119,7851,1.0,1
5120,3612,1.0,1
5121,1918,1.0,1
5122,8754,1.0,1
5123,3734,1.0,1
5124,927,1.0,1
5125,349,1.0,1
5126,7463,1.0,1
5127,8190,1.0,1
5128,3261,1.0,1
5129,6559,1.0,1
5130,8084,0.5,1
5130,7422,0.5,0
5131,1033,1.0,1
5132,4292,1.0,1
5133,5320,1.0,1
5134,6760,1.0,1
5135,6037,1.0,1
5136,8088,1.0,1
5137,8511,1.0,1
5138,1527,1.0,1
5139,329,1.0,1
5140,1882,1.0,1
5141,1743,1.0,1
5142,4174,0.5,1
5142,3654,0.5,0
5143,2825,1.0,1
5144,5569,1.0,1
5145,8407,1.0,1
5146,7065,1.0,1
5147,6576,0.5,1
5147,1142,0.5,0
5148,5027,1.0,1
5149,7060,1.0,1
5150,6135,1.0,1
5151,7065,1.0,1
5152,8271,1.0,1
5153,1893,1.0,1
5154,7107,0.5,1
5154,6138,0.5,0
5155,1273,1.0,1
5156,2390,1.0,1
5157,4155,1.0,1
5158,7974,1.0,1
5159,6055,1.0,1
5160,4601,1.0,1
5161,3048,1.0,1
5162,5518,1.0,1
5163,1573,1.0,1
5164,4807,1.0,1
5165,2266,1.0,1
5166,7864,1.0,1
5167,7389,1.0,1
5168,8553,1.0,1
5169,1407,1.0,1
5170,1728,1.0,1
5171,4919,1.0,1
5172,4137,1.0,1
5173,9035,1.0,1
5174,2956,1.0,1
5175,9298,1.0,1
5176,3944,1.0,1
5177,8203,1.0,1
5178,1861,1.0,1
5179,8241,1.0,1
5180,5568,1.0,1
5181,4861,1.0,1
5182,8038,1.0,1
5183,6991,1.0,1
5184,439,1.0,1
5185,3660,0.5,1
5185,5884,0.5,0
5186,201,1.0,1
5187,1092,1.0,1
5188,6959,1.0,1
5189,6610,1.0,1
5190,6206,1.0,1
5191,1395,1.0,1
5192,3202,1.0,1
5193,5632,1.0,1
5194,7606,1.0,1
5195,7005,1.0,1
5196,3444,0.5,1
5196,80,0.5,0
5197,2603,1.0,1
5198,8301,1.0,1
5199,3680,1.0,1
5200,350,1.0,1
5201,362,1.0,1
5202,6050,1.0,1
5203,1672,1.0,1
5204,8315,1.0,1
5205,6237,1.0,1
5206,3971,1.0,1
5207,1945,1.0,1
5208,6755,0.5,1
5208,725,0.5,0
5209,9437,1.0,1
5210,3306,1.0,1
5211,8180,1.0,1
5212,2590,1.0,1
5213,4080,1.0,1
5214,3259,1.0,1
5215,6814,1.0,1
5216,3474,1.0,1
5217,6602,1.0,1
5218,8216,1.0,1
5219,8262,1.0,1
5220,8551,1.0,1
5221,5220,1.0,1
5222,7498,0.5,1
5222,1633,0.5,0
5223,3316,1.0,1
5224,2377,1.0,1
5225,3744,1.0,1
5226,7065,1.0,1
5227,2537,1.0,1
5228,3538,1.0,1
5229,1344,1.0,1
5230,4134,1.0,1
5231,3971,1.0,1
5232,7123,1.0,1
5233,6167,1.0,1
5234,8247,1.0,1
5235,5906,1.0,1
5236,1734,1.0,1
5237,463,1.0,1
5238,8189,1.0,1
5239,5146,1.0,1
5240,7753,1.0,1
5241,5128,1.0,1
5242,2155,1.0,1
5243,8444,1.0,1
5244,3971,1.0,1
5245,3277,0.5,1
5245,7846,0.5,0
5246,2939,0.5,1
5246,5906,0.5,0
5247,110,1.0,1
5248,6009,1.0,1
5249,6681,1.0,1
5250,4081,1.0,1
5251,1235,1.0,1
5252,4904,0.5,1
5252,2956,0.5,0
5253,4731,1.0,1
5254,797,1.0,1
5255,5687,1.0,1
5256,1431,1.0,1
5257,4858,1.0,1
5258,4541,1.0,1
5259,1962,1.0,1
5260,1777,1.0,1
5261,1945,1.0,1
5262,9298,0.5,1
5262,6606,0.5,0
5263,2444,1.0,1
5264,8064,0.5,1
5264,2075,0.5,0
5265,7065,1.0,1
5266,6206,1.0,1
5267,1402,1.0,1
5268,639,1.0,1
5269,7107,0.5,1
5269,6138,0.5,0
5270,2531,1.0,1
5271,2395,1.0,1
5272,7377,1.0,1
5273,3813,1.0,1
5274,2062,1.0,1
5275,683,1.0,1
5276,6433,1.0,1
5277,9105,1.0,1
5278,7065,1.0,1
5279,7151,1.0,1
5280,2802,1.0,1
5281,168,0.5,1
5281,2355,0.5,0
5282,1775,1.0,1
5283,790,1.0,1
5284,683,1.0,1
5285,8884,1.0,1
5286,2956,1.0,1
5287,8884,1.0,1
5288,338,1.0,1
5289,3372,1.0,1
5290,4712,1.0,1
5291,3789,1.0,1
5292,8395,1.0,1
5293,3233,0.5,1
5293,8964,0.5,0
5294,5685,1.0,1
5295,1205,1.0,1
5296,1233,1.0,1
5297,6052,1.0,1
5298,6100,1.0,1
5299,7284,1.0,1
5300,2768,1.0,1
5301,3067,1.0,1
5302,7161,1.0,1
5303,6602,1.0,1
5304,1969,0.5,1
5304,2075,0.5,0
5305,4108,1.0,1
5306,2778,1.0,1
5307,6778,0.5,1
5307,3122,0.5,0
5308,6013,1.0,1
5309,5316,1.0,1
5310,1635,1.0,1
5311,2380,1.0,1
5312,1945,1.0,1
5313,4090,1.0,1
5314,8654,1.0,1
5315,8131,1.0,1
5316,4020,1.0,1
5317,2941,1.0,1
5318,6037,1.0,1
5319,8107,1.0,1
5320,192,1.0,1
5321,9215,1.0,1
5322,9219,1.0,1
5323,9233,1.0,1
5324,914,1.0,1
5325,3387,1.0,1
5326,1122,1.0,1
5327,7418,1.0,1
5328,5196,0.5,1
5328,3228,0.5,0
5329,8381,1.0,1
5330,8341,1.0,1
5331,790,1.0,1
5332,7146,1.0,1
5333,6237,1.0,1
5334,1979,0.5,1
5334,650,0.5,0
5335,6571,0.5,1
5335,2645,0.5,0
5336,1494,1.0,1
5337,1970,1.0,1
5338,6606,1.0,1
5339,3457,1.0,1
5340,3485,1.0,1
5341,2494,1.0,1
5342,6846,1.0,1
5343,733,1.0,1
5344,5873,1.0,1
5345,7065,1.0,1
5346,528,1.0,1
5347,8272,1.0,1
5348,5264,1.0,1
5349,6433,1.0,1
5350,2765,1.0,1
5351,835,1.0,1
5352,8064,1.0,1
5353,3820,1.0,1
5354,7065,1.0,1
5355,2355,0.5,1
5355,4390,0.5,0
5356,6958,1.0,1
5357,1009,1.0,1
5358,5741,1.0,1
5359,8859,1.0,1
5360,2365,1.0,1
5361,8140,1.0,1
5362,5128,1.0,1
5363,3075,1.0,1
5364,5906,0.5,1
5364,5953,0.5,0
5365,6575,1.0,1
5366,8601,1.0,1
5367,6724,1.0,1
5368,1054,1.0,1
5369,1904,1.0,1
5370,6786,1.0,1
5371,5682,1.0,1
5372,3118,1.0,1
5373,5597,1.0,1
5374,1719,1.0,1
5375,5423,1.0,1
5376,6611,1.0,1
5377,3464,1.0,1
5378,7144,1.0,1
5379,9074,1.0,1
5380,268,1.0,1
5381,8526,1.0,1
5382,8820,1.0,1
5383,481,1.0,1
5384,3145,0.5,1
5384,2530,0.5,0
5385,3480,1.0,1
5386,919,1.0,1
5387,1945,1.0,1
5388,3971,1.0,1
5389,6575,1.0,1
5390,1020,1.0,1
5391,6877,1.0,1
5392,8895,1.0,1
5393,2940,0.5,1
5393,5906,0.5,0
5394,7884,1.0,1
5395,61,0.5,1
5395,628,0.5,0
5396,3122,0.5,1
5396,8070,0.5,0
5397,3261,1.0,1
5398,1882,1.0,1
5399,1931,1.0,1
5400,1886,1.0,1
5401,6786,1.0,1
5402,4895,1.0,1
5403,6574,1.0,1
5404,6235,1.0,1
5405,3711,1.0,1
5406,3789,1.0,1
5407,6384,1.0,1
5408,629,1.0,1
5409,3122,1.0,1
5410,3366,0.5,1
5410,4571,0.5,0
5411,349,1.0,1
5412,1595,1.0,1
5413,3313,1.0,1
5414,9150,1.0,1
5415,2911,1.0,1
5416,8715,1.0,1
5417,456,1.0,1
5418,947,1.0,1
5419,6606,1.0,1
5420,3910,1.0,1
5421,1534,1.0,1
5422,6570,1.0,1
5423,6047,1.0,1
5424,7022,1.0,1
5425,3271,1.0,1
5426,2646,0.5,1
5426,2213,0.5,0
5427,7942,1.0,1
5428,8793,1.0,1
5429,8603,0.5,1
5429,2934,0.5,0
5430,1078,0.5,1
5430,6876,0.5,0
5431,3558,1.0,1
5432,7403,1.0,1
5433,7654,1.0,1
5434,6336,1.0,1
5435,3538,1.0,1
5436,990,0.5,1
5436,6808,0.5,0
5437,241,1.0,1
5438,7772,1.0,1
5439,199,1.0,1
5440,6243,1.0,1
5441,3764,1.0,1
5442,2483,1.0,1
5443,6120,1.0,1
5444,4488,1.0,1
5445,3392,1.0,1
5446,1702,1.0,1
5447,3597,0.5,1
5447,6984,0.5,0
5448,3289,1.0,1
5449,2537,1.0,1
5450,2717,1.0,1
5451,8199,1.0,1
5452,7248,0.5,1
5452,8884,0.5,0
5453,1468,1.0,1
5454,3538,1.0,1
5455,6653,1.0,1
5456,3689,1.0,1
5457,2648,1.0,1
5458,7340,1.0,1
5459,8397,1.0,1
5460,347,1.0,1
5461,8023,1.0,1
5462,2207,1.0,1
5463,1754,1.0,1
5464,7990,1.0,1
5465,3409,1.0,1
5466,1861,1.0,1
5467,4240,1.0,1
5468,8133,1.0,1
5469,3005,0.5,1
5469,5694,0.5,0
5470,1775,1.0,1
5471,8654,1.0,1
5472,3955,1.0,1
5473,4220,1.0,1
5474,2401,1.0,1
5475,2200,1.0,1
5476,7961,1.0,1
5477,1178,1.0,1
5478,5687,1.0,1
5479,6654,1.0,1
5480,2940,0.5,1
5480,4964,0.5,0
5481,7424,1.0,1
5482,3406,1.0,1
5483,2509,1.0,1
5484,2163,1.0,1
5485,8226,1.0,1
5486,4556,1.0,1
5487,8692,1.0,1
5488,9005,1.0,1
5489,670,1.0,1
5490,574,1.0,1
5491,3846,1.0,1
5492,5681,1.0,1
5493,3233,0.5,1
5493,8964,0.5,0
5494,1297,1.0,1
5495,4869,1.0,1
5496,8884,1.0,1
5497,8450,1.0,1
5498,8285,1.0,1
5499,5808,1.0,1
5500,7247,1.0,1
5501,5909,1.0,1
5502,4609,0.5,1
5502,1829,0.5,0
5503,3538,1.0,1
5504,3306,0.5,1
5504,865,0.5,0
5505,2437,1.0,1
5506,1263,1.0,1
5507,3442,1.0,1
5508,690,1.0,1
5509,8189,1.0,1
5510,8381,1.0,1
5511,5474,1.0,1
5512,8626,0.5,1
5512,5694,0.5,0
5513,8551,1.0,1
5514,4032,1.0,1
5515,1030,0.5,1
5515,2931,0.5,0
5516,6606,1.0,1
5517,6531,1.0,1
5518,6786,1.0,1
5519,5591,1.0,1
5520,3971,1.0,1
5521,2956,1.0,1
5522,1476,1.0,1
5523,7528,0.333333,1
5523,6822,0.333333,0
5523,4008,0.333333,0
5524,424,1.0,1
5525,100,1.0,1
5526,4638,1.0,1
5527,2789,1.0,1
5528,8219,1.0,1
5529,9377,1.0,1
5530,2749,1.0,1
5531,4961,1.0,1
5532,3303,0.25,1
5532,3447,0.25,0
5532,8389,0.25,0
5532,3984,0.25,0
5533,2202,1.0,1
5534,8141,1.0,1
5535,1728,1.0,1
5536,309,1.0,1
5537,593,1.0,1
5538,3334,1.0,1
5539,1921,1.0,1
5540,974,1.0,1
5541,5874,1.0,1
5542,4663,1.0,1
5543,5798,1.0,1
5544,2732,1.0,1
5545,1313,1.0,1
5546,7486,1.0,1
5547,5598,1.0,1
5548,6774,1.0,1
5549,4842,1.0,1
5550,6590,1.0,1
5551,2996,0.5,1
5551,1477,0.5,0
5552,3971,1.0,1
5553,7861,1.0,1
5554,4690,1.0,1
5555,2872,1.0,1
5556,2368,1.0,1
5557,7139,1.0,1
5558,610,1.0,1
5559,4260,1.0,1
5560,8561,1.0,1
5561,9121,1.0,1
5562,8405,1.0,1
5563,355,1.0,1
5564,8976,1.0,1
5565,6206,1.0,1
5566,7937,1.0,1
5567,3632,1.0,1
5568,3363,1.0,1
5569,1248,1.0,1
5570,627,1.0,1
5571,5653,1.0,1
5572,2656,1.0,1
5573,2071,1.0,1
5574,3971,1.0,1
5575,8518,0.5,1
5575,7096,0.5,0
5576,1945,1.0,1
5577,4524,1.0,1
5578,72,1.0,1
5579,6225,1.0,1
5580,5391,1.0,1
5581,8439,1.0,1
5582,1379,1.0,1
5583,6686,1.0,1
5584,6905,1.0,1
5585,252,1.0,1
5586,4861,1.0,1
5587,7729,1.0,1
5588,3979,1.0,1
5589,8978,1.0,1
5590,3826,1.0,1
5591,2355,0.5,1
5591,4390,0.5,0
5592,1650,1.0,1
5593,562,1.0,1
5594,4784,1.0,1
5595,8884,1.0,1
5596,3389,1.0,1
5597,8236,1.0,1
5598,8241,1.0,1
5599,2064,0.5,1
5599,6602,0.5,0
5600,4794,1.0,1
5601,4362,1.0,1
5602,3007,1.0,1
5603,7520,1.0,1
5604,6956,1.0,1
5605,6534,1.0,1
5606,9059,0.5,1
5606,64,0.5,0
5607,4658,1.0,1
5608,5580,1.0,1
5609,2742,1.0,1
5610,2684,1.0,1
5611,6207,1.0,1
5612,8959,1.0,1
5613,1786,1.0,1
5614,7137,1.0,1
5615,9191,1.0,1
5616,6205,1.0,1
5617,1398,1.0,1
5618,5004,1.0,1
5619,4505,1.0,1
5620,5254,1.0,1
5621,7308,1.0,1
5622,326,1.0,1
5623,5440,1.0,1
5624,8799,1.0,1
5625,7924,1.0,1
5626,5332,1.0,1
5627,310,1.0,1
5628,9099,1.0,1
5629,4082,1.0,1
5630,25,0.5,1
5630,3295,0.5,0
5631,9038,1.0,1
5632,5349,1.0,1
5633,3626,0.5,1
5633,650,0.5,0
5634,4676,1.0,1
5635,5944,1.0,1
5636,8013,1.0,1
5637,3276,0.5,1
5637,8511,0.5,0
5638,19,1.0,1
5639,8315,1.0,1
5640,7618,1.0,1
5641,307,1.0,1
5642,1401,1.0,1
5643,1681,0.5,1
5643,4679,0.5,0
5644,4200,1.0,1
5645,1260,1.0,1
5646,8884,1.0,1
5647,1476,1.0,1
5648,6603,1.0,1
5649,8439,1.0,1
5650,9261,1.0,1
5651,2166,1.0,1
5652,9328,0.333333,1
5652,8435,0.333333,0
5652,9457,0.333333,0
5653,2395,1.0,1
5654,510,1.0,1
5655,8685,1.0,1
5656,895,1.0,1
5657,8439,1.0,1
5658,4715,1.0,1
5659,3602,1.0,1
5660,6763,1.0,1
5661,911,1.0,1
5662,6058,1.0,1
5663,4083,1.0,1
5664,2130,1.0,1
5665,1612,1.0,1
5666,7667,0.5,1
5666,2956,0.5,0
5667,6237,1.0,1
5668,1540,0.5,1
5668,6988,0.5,0
5669,1030,1.0,1
5670,5790,1.0,1
5671,2266,1.0,1
5672,7606,1.0,1
5673,7772,1.0,1
5674,5357,1.0,1
5675,6786,1.0,1
5676,4218,1.0,1
5677,3158,1.0,1
5678,3235,1.0,1
5679,2240,1.0,1
5680,6602,1.0,1
5681,2120,1.0,1
5682,2350,1.0,1
5683,2168,1.0,1
5684,3941,1.0,1
5685,7869,1.0,1
5686,295,0.5,1
5686,7065,0.5,0
5687,6869,1.0,1
5688,8989,1.0,1
5689,518,1.0,1
5690,4235,1.0,1
5691,7086,1.0,1
5692,3857,1.0,1
5693,7990,0.5,1
5693,5790,0.5,0
5694,6088,1.0,1
5695,4794,1.0,1
5696,658,1.0,1
5697,3725,1.0,1
5698,874,1.0,1
5699,5423,1.0,1
5700,1969,1.0,1
5701,5684,1.0,1
5702,1401,1.0,1
5703,7110,1.0,1
5704,936,1.0,1
5705,5632,1.0,1
5706,1219,1.0,1
5707,8133,1.0,1
5708,6892,1.0,1
5709,6622,1.0,1
5710,3979,1.0,1
5711,4686,1.0,1
5712,6869,1.0,1
5713,5034,1.0,1
5714,1513,1.0,1
5715,8759,1.0,1
5716,7629,1.0,1
5717,7703,1.0,1
5718,4232,1.0,1
5719,1674,1.0,1
5720,2351,1.0,1
5721,5635,1.0,1
5722,8418,1.0,1
5723,6983,1.0,1
5724,5101,1.0,1
5725,145,1.0,1
5726,6003,1.0,1
5727,5174,1.0,1
5728,8729,1.0,1
5729,4007,1.0,1
5730,7183,1.0,1
5731,5524,1.0,1
5732,8472,1.0,1
5733,6012,1.0,1
5734,4709,1.0,1
5735,5398,1.0,1
5736,8381,1.0,1
5737,3433,1.0,1
5738,6237,1.0,1
5739,3988,1.0,1
5740,1946,1.0,1
5741,3936,1.0,1
5742,3971,1.0,1
5743,1793,1.0,1
5744,6230,0.5,1
5744,6428,0.5,0
5745,7144,1.0,1
5746,9099,1.0,1
5747,4975,1.0,1
5748,7403,1.0,1
5749,5483,1.0,1
5750,8796,1.0,1
5751,1096,1.0,1
5752,2996,1.0,1
5753,3538,1.0,1
5754,2215,1.0,1
5755,585,1.0,1
5756,2462,1.0,1
5757,4090,1.0,1
5758,805,1.0,1
5759,6206,1.0,1
5760,4753,1.0,1
5761,3225,1.0,1
5762,7820,1.0,1
5763,600,1.0,1
5764,6361,1.0,1
5765,8693,1.0,1
5766,2103,1.0,1
5767,3127,1.0,1
5768,5767,1.0,1
5769,4541,1.0,1
5770,1281,1.0,1
5771,7508,1.0,1
5772,6793,1.0,1
5773,7484,1.0,1
5774,3102,1.0,1
5775,3261,1.0,1
5776,7577,0.5,1
5776,6276,0.5,0
5777,629,0.333333,1
5777,8389,0.333333,0
5777,4775,0.333333,0
5778,3540,1.0,1
5779,440,1.0,1
5780,8589,1.0,1
5781,9058,1.0,1
5782,8389,1.0,1
5783,4324,1.0,1
5784,5876,0.5,1
5784,5877,0.5,0
5785,5915,1.0,1
5786,4794,1.0,1
5787,7368,1.0,1
5788,5635,1.0,1
5789,1517,1.0,1
5790,456,1.0,1
5791,8196,1.0,1
5792,7727,1.0,1
5793,6139,1.0,1
5794,6603,1.0,1
5795,3874,1.0,1
5796,456,1.0,1
5797,7822,1.0,1
5798,2350,1.0,1
5799,6269,1.0,1
5800,5975,1.0,1
5801,420,1.0,1
5802,6444,1.0,1
5803,2961,1.0,1
5804,6493,1.0,1
5805,1694,1.0,1
5806,1945,1.0,1
5807,536,1.0,1
5808,7378,1.0,1
5809,2853,1.0,1
5810,3122,1.0,1
5811,1075,1.0,1
5812,2001,1.0,1
5813,2870,1.0,1
5814,5007,1.0,1
5815,6659,1.0,1
5816,585,1.0,1
5817,2272,1.0,1
5818,4031,1.0,1
5819,2226,1.0,1
5820,245,1.0,1
5821,3584,1.0,1
5822,9415,1.0,1
5823,724,1.0,1
5824,2771,1.0,1
5825,9358,1.0,1
5826,5415,1.0,1
5827,3971,0.5,1
5827,4663,0.5,0
5828,6206,1.0,1
5829,8381,1.0,1
5830,9274,0.5,1
5830,8856,0.5,0
5831,2588,1.0,1
5832,2964,1.0,1
5833,4861,1.0,1
5834,8785,0.5,1
5834,4290,0.5,0
5835,1975,0.5,1
5835,4324,0.5,0
5836,3421,1.0,1
5837,6037,1.0,1
5838,7016,1.0,1
5839,8083,1.0,1
5840,6206,1.0,1
5841,5196,1.0,1
5842,1056,1.0,1
5843,4352,1.0,1
5844,7873,1.0,1
5845,8453,1.0,1
5846,6873,1.0,1
5847,3049,1.0,1
5848,4817,1.0,1
5849,5845,1.0,1
5850,7606,0.5,1
5850,5119,0.5,0
5851,1030,1.0,1
5852,3804,1.0,1
5853,8526,1.0,1
5854,8448,1.0,1
5855,1893,1.0,1
5856,8089,1.0,1
5857,8439,1.0,1
5858,8758,1.0,1
5859,2765,1.0,1
5860,5378,1.0,1
5861,5635,1.0,1
5862,6382,1.0,1
5863,1238,1.0,1
5864,8420,0.5,1
5864,2956,0.5,0
5865,5088,1.0,1
5866,5285,0.5,1
5866,650,0.5,0
5867,4266,1.0,1
5868,1082,1.0,1
5869,7290,1.0,1
5870,4773,0.5,1
5870,5865,0.5,0
5871,2526,1.0,1
5872,8738,1.0,1
5873,1156,1.0,1
5874,2865,0.5,1
5874,646,0.5,0
5875,179,1.0,1
5876,1546,1.0,1
5877,2933,0.5,1
5877,458,0.5,0
5878,3952,1.0,1
5879,424,1.0,1
5880,8156,1.0,1
5881,7367,0.5,1
5881,8441,0.5,0
5882,5727,1.0,1
5883,4873,1.0,1
5884,7740,1.0,1
5885,629,1.0,1
5886,2365,1.0,1
5887,8606,1.0,1
5888,1476,1.0,1
5889,633,1.0,1
5890,3787,1.0,1
5891,3337,1.0,1
5892,5427,1.0,1
5893,3764,1.0,1
5894,8448,1.0,1
5895,5464,1.0,1
5896,8435,1.0,1
5897,6493,1.0,1
5898,4312,1.0,1
5899,4251,1.0,1
5900,2866,1.0,1
5901,4879,1.0,1
5902,3249,0.5,1
5902,8389,0.5,0
5903,8343,1.0,1
5904,2834,1.0,1
5905,143,1.0,1
5906,5460,1.0,1
5907,1691,1.0,1
5908,629,1.0,1
5909,3306,1.0,1
5910,4961,0.333333,1
5910,2700,0.333333,0
5910,8389,0.333333,0
5911,2469,0.5,1
5911,5632,0.5,0
5912,8490,1.0,1
5913,218,1.0,1
5914,1459,1.0,1
5915,5382,1.0,1
5916,8284,1.0,1
5917,5313,1.0,1
5918,4664,1.0,1
5919,7396,1.0,1
5920,4859,1.0,1
5921,256,1.0,1
5922,6660,0.5,1
5922,722,0.5,0
5923,6139,1.0,1
5924,3725,1.0,1
5925,3277,0.5,1
5925,7846,0.5,0
5926,3120,1.0,1
5927,7537,1.0,1
5928,1249,1.0,1
5929,1491,0.5,1
5929,536,0.5,0
5930,8543,1.0,1
5931,9387,1.0,1
5932,5067,1.0,1
5933,6606,1.0,1
5934,6869,1.0,1
5935,7881,1.0,1
5936,7292,0.5,1
5936,8389,0.5,0
5937,8586,1.0,1
5938,6733,1.0,1
5939,6604,1.0,1
5940,7484,1.0,1
5941,629,1.0,1
5942,3213,1.0,1
5943,4539,1.0,1
5944,2312,1.0,1
5945,7074,1.0,1
5946,8323,1.0,1
5947,479,1.0,1
5948,8306,1.0,1
5949,3534,1.0,1
5950,6336,1.0,1
5951,8216,1.0,1
5952,8521,0.333333,1
5952,4713,0.333333,0
5952,4711,0.333333,0
5953,3229,1.0,1
5954,6289,1.0,1
5955,6221,1.0,1
5956,642,1.0,1
5957,1674,1.0,1
5958,8735,0.5,1
5958,8902,0.5,0
5959,5537,1.0,1
5960,8692,1.0,1
5961,7132,1.0,1
5962,550,1.0,1
5963,7239,1.0,1
5964,5434,1.0,1
5965,7432,1.0,1
5966,3464,1.0,1
5967,6369,1.0,1
5968,6906,1.0,1
5969,8316,1.0,1
5970,1775,1.0,1
5971,8733,1.0,1
5972,4124,1.0,1
5973,3538,1.0,1
5974,1382,1.0,1
5975,7406,1.0,1
5976,8354,1.0,1
5977,7754,1.0,1
5978,8679,1.0,1
5979,2956,1.0,1
5980,8355,1.0,1
5981,6869,1.0,1
5982,3971,1.0,1
5983,7085,0.5,1
5983,8888,0.5,0
5984,6361,1.0,1
5985,730,1.0,1
5986,8346,1.0,1
5987,1775,1.0,1
5988,8431,1.0,1
5989,110,1.0,1
5990,6540,1.0,1
5991,1765,1.0,1
5992,6923,1.0,1
5993,717,1.0,1
5994,2499,1.0,1
5995,5632,1.0,1
5996,8314,1.0,1
5997,2699,1.0,1
5998,4663,0.5,1
5998,8389,0.5,0
5999,7277,1.0,1
6000,2602,1.0,1
6001,2940,0.5,1
6001,5906,0.5,0
6002,1261,1.0,1
6003,6177,1.0,1
6004,3707,1.0,1
6005,7743,0.5,1
6005,6276,0.5,0
6006,9298,1.0,1
6007,4868,1.0,1
6008,1802,1.0,1
6009,2266,1.0,1
6010,3039,1.0,1
6011,2291,1.0,1
6012,8916,1.0,1
6013,5303,1.0,1
6014,4035,1.0,1
6015,8839,1.0,1
6016,178,1.0,1
6017,1467,1.0,1
6018,7717,1.0,1
6019,7031,1.0,1
6020,1661,1.0,1
6021,7751,1.0,1
6022,6667,1.0,1
6023,3971,1.0,1
6024,1677,1.0,1
6025,5893,1.0,1
6026,68,1.0,1
6027,4870,1.0,1
6028,9255,1.0,1
6029,8892,1.0,1
6030,4440,1.0,1
6031,1209,1.0,1
6032,3692,1.0,1
6033,6068,1.0,1
6034,3464,1.0,1
6035,1945,1.0,1
6036,6786,1.0,1
6037,2428,1.0,1
6038,2656,1.0,1
6039,6735,1.0,1
6040,8679,1.0,1
6041,1427,1.0,1
6042,1857,1.0,1
6043,5844,1.0,1
6044,5632,1.0,1
6045,3888,1.0,1
6046,4323,1.0,1
6047,8314,1.0,1
6048,3050,1.0,1
6049,8064,0.5,1
6049,1585,0.5,0
6050,5328,1.0,1
6051,3037,1.0,1
6052,354,1.0,1
6053,1534,1.0,1
6054,4187,1.0,1
6055,1126,1.0,1
6056,178,1.0,1
6057,6633,1.0,1
6058,9076,1.0,1
6059,7632,1.0,1
6060,1463,1.0,1
6061,907,1.0,1
6062,2218,1.0,1
6063,3485,1.0,1
6064,4947,1.0,1
6065,6938,1.0,1
6066,7719,1.0,1
6067,8084,0.5,1
6067,7422,0.5,0
6068,6386,1.0,1
6069,7705,1.0,1
6070,3145,1.0,1
6071,4889,1.0,1
6072,3954,1.0,1
6073,2911,1.0,1
6074,7649,1.0,1
6075,3039,1.0,1
6076,3904,1.0,1
6077,6053,1.0,1
6078,122,1.0,1
6079,3716,1.0,1
6080,8603,1.0,1
6081,3917,1.0,1
6082,4900,1.0,1
6083,7772,1.0,1
6084,4889,1.0,1
6085,5196,0.5,1
6085,3228,0.5,0
6086,6574,1.0,1
6087,4177,1.0,1
6088,730,1.0,1
6089,2707,1.0,1
6090,7444,1.0,1
6091,9366,1.0,1
6092,8863,1.0,1
6093,670,1.0,1
6094,7484,1.0,1
6095,94,1.0,1
6096,8449,1.0,1
6097,8521,0.5,1
6097,4713,0.5,0
6098,7592,1.0,1
6099,2933,1.0,1
6100,5906,0.5,1
6100,5898,0.5,0
6101,3474,1.0,1
6102,6992,1.0,1
6103,218,1.0,1
6104,3145,1.0,1
6105,7071,1.0,1
6106,7374,1.0,1
6107,8521,0.5,1
6107,4713,0.5,0
6108,601,1.0,1
6109,2765,1.0,1
6110,7006,1.0,1
6111,3971,1.0,1
6112,5308,1.0,1
6113,3404,1.0,1
6114,5361,1.0,1
6115,3734,1.0,1
6116,5632,1.0,1
6117,2996,0.5,1
6117,1477,0.5,0
6118,5440,1.0,1
6119,4611,0.5,1
6119,5906,0.5,0
6120,2103,1.0,1
6121,7149,1.0,1
6122,4489,1.0,1
6123,273,1.0,1
6124,4824,0.5,1
6124,2203,0.5,0
6125,8064,1.0,1
6126,512,1.0,1
6127,8804,1.0,1
6128,848,1.0,1
6129,3313,1.0,1
6130,6565,1.0,1
6131,4139,1.0,1
6132,8645,1.0,1
6133,77,1.0,1
6134,6407,1.0,1
6135,5635,1.0,1
6136,8950,1.0,1
6137,4743,1.0,1
6138,8317,0.5,1
6138,4168,0.5,0
6139,141,1.0,1
6140,428,1.0,1
6141,1793,1.0,1
6142,5143,1.0,1
6143,6307,1.0,1
6144,8526,0.5,1
6144,6215,0.5,0
6145,5417,1.0,1
6146,6786,1.0,1
6147,8685,1.0,1
6148,7133,1.0,1
6149,7107,0.5,1
6149,6138,0.5,0
6150,1402,1.0,1
6151,9173,1.0,1
6152,7636,0.5,1
6152,4155,0.5,0
6153,6353,1.0,1
6154,6373,1.0,1
6155,8439,1.0,1
6156,7003,1.0,1
6157,8302,1.0,1
6158,5145,1.0,1
6159,8983,1.0,1
6160,2498,1.0,1
6161,6048,1.0,1
6162,4553,1.0,1
6163,7392,1.0,1
6164,3716,1.0,1
6165,6786,1.0,1
6166,7996,1.0,1
6167,7274,1.0,1
6168,1945,1.0,1
6169,8449,1.0,1
6170,7893,1.0,1
6171,4182,1.0,1
6172,6237,1.0,1
6173,968,1.0,1
6174,5116,1.0,1
6175,8966,1.0,1
6176,7606,1.0,1
6177,5113,1.0,1
6178,593,0.5,1
6178,2801,0.5,0
6179,7633,1.0,1
6180,1945,1.0,1
6181,2920,0.5,1
6181,3602,0.5,0
6182,4115,1.0,1
6183,7159,1.0,1
6184,1219,1.0,1
6185,7828,1.0,1
6186,3546,1.0,1
6187,4806,1.0,1
6188,3133,1.0,1
6189,3720,1.0,1
6190,8685,1.0,1
6191,3971,1.0,1
6192,7463,1.0,1
6193,8804,1.0,1
6194,3158,1.0,1
6195,5618,1.0,1
6196,4408,1.0,1
6197,4336,1.0,1
6198,6565,1.0,1
6199,4794,1.0,1
6200,9239,1.0,1
6201,3470,1.0,1
6202,7966,1.0,1
6203,8868,0.5,1
6203,8867,0.5,0
6204,3306,1.0,1
6205,8493,1.0,1
6206,5210,0.5,1
6206,6237,0.5,0
6207,4262,1.0,1
6208,8888,1.0,1
6209,4090,1.0,1
6210,2405,1.0,1
6211,2266,1.0,1
6212,4919,1.0,1
6213,3533,0.5,1
6213,5473,0.5,0
6214,6035,1.0,1
6215,6501,1.0,1
6216,4260,1.0,1
6217,320,1.0,1
6218,8191,1.0,1
6219,7557,1.0,1
6220,29,1.0,1
6221,2510,1.0,1
6222,1472,1.0,1
6223,2060,1.0,1
6224,9243,1.0,1
6225,4381,1.0,1
6226,9179,1.0,1
6227,3055,1.0,1
6228,9107,1.0,1
6229,8374,1.0,1
6230,3122,1.0,1
6231,8444,1.0,1
6232,959,1.0,1
6233,7606,1.0,1
6234,451,1.0,1
6235,1842,1.0,1
6236,3971,1.0,1
6237,7816,1.0,1
6238,1229,1.0,1
6239,3040,1.0,1
6240,3971,1.0,1
6241,1162,1.0,1
6242,3262,1.0,1
6243,4642,1.0,1
6244,2286,1.0,1
6245,7028,1.0,1
6246,355,1.0,1
6247,3464,1.0,1
6248,3958,1.0,1
6249,5962,1.0,1
6250,7990,1.0,1
6251,4424,1.0,1
6252,6602,1.0,1
6253,9369,0.5,1
6253,2966,0.5,0
6254,1502,1.0,1
6255,7582,1.0,1
6256,401,1.0,1
6257,2147,0.333333,1
6257,5906,0.333333,0
6257,3314,0.333333,0
6258,2951,0.5,1
6258,8005,0.5,0
6259,8879,1.0,1
6260,5443,1.0,1
6261,7771,1.0,1
6262,5620,1.0,1
6263,1771,0.5,1
6263,3314,0.5,0
6264,4861,1.0,1
6265,7422,1.0,1
6266,7949,1.0,1
6267,5942,1.0,1
6268,2988,1.0,1
6269,5634,0.5,1
6269,1227,0.5,0
6270,252,1.0,1
6271,284,1.0,1
6272,8659,1.0,1
6273,1216,1.0,1
6274,6604,1.0,1
6275,7647,1.0,1
6276,1643,1.0,1
6277,9141,1.0,1
6278,8811,1.0,1
6279,7328,1.0,1
6280,3751,1.0,1
6281,3278,0.5,1
6281,4791,0.5,0
6282,8527,1.0,1
6283,4180,1.0,1
6284,1366,1.0,1
6285,5457,1.0,1
6286,2780,1.0,1
6287,789,1.0,1
6288,7788,1.0,1
6289,1948,1.0,1
6290,3911,1.0,1
6291,6575,1.0,1
6292,8185,0.5,1
6292,9099,0.5,0
6293,714,1.0,1
6294,5181,0.5,1
6294,1633,0.5,0
6295,3922,1.0,1
6296,7606,1.0,1
6297,4543,1.0,1
6298,4762,1.0,1
6299,7990,0.5,1
6299,5790,0.5,0
6300,3409,1.0,1
6301,3840,1.0,1
6302,3952,1.0,1
6303,328,1.0,1
6304,3379,1.0,1
6305,6639,1.0,1
6306,2497,1.0,1
6307,3979,1.0,1
6308,7456,1.0,1
6309,8185,1.0,1
6310,6977,1.0,1
6311,8660,1.0,1
6312,1030,1.0,1
6313,1328,1.0,1
6314,90,1.0,1
6315,3559,1.0,1
6316,8411,1.0,1
6317,9120,1.0,1
6318,8009,1.0,1
6319,8423,1.0,1
6320,5906,1.0,1
6321,4659,1.0,1
6322,6839,1.0,1
6323,2842,1.0,1
6324,4515,1.0,1
6325,8120,1.0,1
6326,6719,1.0,1
6327,412,1.0,1
6328,8751,1.0,1
6329,2676,1.0,1
6330,143,1.0,1
6331,1534,1.0,1
6332,9407,1.0,1
6333,4755,1.0,1
6334,699,1.0,1
6335,4886,1.0,1
6336,3115,1.0,1
6337,5444,1.0,1
6338,2956,1.0,1
6339,2115,1.0,1
6340,3699,1.0,1
6341,6508,1.0,1
6342,5440,1.0,1
6343,6784,1.0,1
6344,5649,1.0,1
6345,3494,0.5,1
6345,5155,0.5,0
6346,7560,1.0,1
6347,5995,1.0,1
6348,2852,1.0,1
6349,5263,1.0,1
6350,9192,1.0,1
6351,933,1.0,1
6352,7067,1.0,1
6353,5226,1.0,1
6354,4066,1.0,1
6355,1090,1.0,1
6356,493,1.0,1
6357,3010,1.0,1
6358,410,1.0,1
6359,6333,1.0,1
6360,3730,1.0,1
6361,6728,0.5,1
6361,2946,0.5,0
6362,5615,0.5,1
6362,4438,0.5,0
6363,3328,1.0,1
6364,8512,1.0,1
6365,9138,1.0,1
6366,3309,1.0,1
6367,7153,1.0,1
6368,1324,1.0,1
6369,9209,1.0,1
6370,2758,1.0,1
6371,2908,1.0,1
6372,6410,1.0,1
6373,8108,1.0,1
6374,2912,1.0,1
6375,1167,1.0,1
6376,1812,1.0,1
6377,8862,1.0,1
6378,5010,1.0,1
6379,5489,1.0,1
6380,1534,1.0,1
6381,5537,1.0,1
6382,6804,1.0,1
6383,6784,1.0,1
6384,2038,1.0,1
6385,1295,1.0,1
6386,2440,1.0,1
6387,4474,1.0,1
6388,3017,1.0,1
6389,2745,1.0,1
6390,8948,1.0,1
6391,3325,1.0,1
6392,2161,1.0,1
6393,4587,1.0,1
6394,4372,1.0,1
6395,8047,1.0,1
6396,666,1.0,1
6397,6560,0.5,1
6397,7104,0.5,0
6398,81,1.0,1
6399,3255,1.0,1
6400,3204,1.0,1
6401,456,1.0,1
6402,7154,1.0,1
6403,1993,1.0,1
6404,7036,1.0,1
6405,7157,1.0,1
6406,3457,1.0,1
6407,3572,1.0,1
6408,2654,1.0,1
6409,3531,1.0,1
6410,3125,1.0,1
6411,21,1.0,1
6412,1747,1.0,1
6413,5871,1.0,1
6414,945,1.0,1
6415,6353,1.0,1
6416,2859,1.0,1
6417,7178,1.0,1
6418,36,1.0,1
6419,5661,1.0,1
6420,2861,1.0,1
6421,2946,1.0,1
6422,3325,1.0,1
6423,4534,1.0,1
6424,4746,1.0,1
6425,2956,1.0,1
6426,8437,1.0,1
6427,5938,0.5,1
6427,2684,0.5,0
6428,6577,1.0,1
6429,5309,0.5,1
6429,8526,0.5,0
6430,507,1.0,1
6431,1407,1.0,1
6432,6007,1.0,1
6433,6686,1.0,1
6434,5015,1.0,1
6435,1584,1.0,1
6436,5388,1.0,1
6437,3624,1.0,1
6438,7762,1.0,1
6439,7807,1.0,1
6440,3954,1.0,1
6441,2520,1.0,1
6442,3148,1.0,1
6443,5075,1.0,1
6444,5778,1.0,1
6445,7108,1.0,1
6446,1131,1.0,1
6447,1960,1.0,1
6448,3500,1.0,1
6449,6250,1.0,1
6450,8535,1.0,1
6451,1462,1.0,1
6452,3464,1.0,1
6453,4165,1.0,1
6454,8510,1.0,1
6455,213,1.0,1
6456,7184,1.0,1
6457,812,1.0,1
6458,8996,1.0,1
6459,664,1.0,1
6460,3428,1.0,1
6461,6466,1.0,1
6462,6666,1.0,1
6463,8293,1.0,1
6464,7273,1.0,1
6465,1299,1.0,1
6466,5963,1.0,1
6467,9294,1.0,1
6468,556,1.0,1
6469,4284,1.0,1
6470,1292,1.0,1
6471,3456,1.0,1
6472,2218,1.0,1
6473,5278,1.0,1
6474,1211,1.0,1
6475,3074,1.0,1
6476,7327,1.0,1
6477,3607,1.0,1
6478,3147,1.0,1
6479,7398,1.0,1
6480,7182,1.0,1
6481,9409,1.0,1
6482,8967,1.0,1
6483,2131,1.0,1
6484,108,1.0,1
6485,6108,1.0,1
6486,1746,1.0,1
6487,8336,1.0,1
6488,1534,1.0,1
6489,2246,1.0,1
6490,6403,1.0,1
6491,5192,1.0,1
6492,1868,1.0,1
6493,2581,1.0,1
6494,4139,1.0,1
6495,3313,1.0,1
6496,7887,1.0,1
6497,9194,1.0,1
6498,1445,1.0,1
6499,8826,1.0,1
6500,7988,1.0,1
6501,5277,1.0,1
6502,5811,1.0,1
6503,4363,1.0,1
6504,2642,1.0,1
6505,5453,1.0,1
6506,8783,1.0,1
6507,8919,1.0,1
6508,7505,1.0,1
6509,5341,1.0,1
6510,86,1.0,1
6511,8923,1.0,1
6512,1501,1.0,1
6513,2915,1.0,1
6514,1154,1.0,1
6515,5191,1.0,1
6516,8137,0.5,1
6516,7649,0.5,0
6517,8262,1.0,1
6518,5635,1.0,1
6519,1611,1.0,1
6520,3959,1.0,1
6521,7065,1.0,1
6522,8640,1.0,1
6523,5542,1.0,1
6524,9298,1.0,1
6525,2554,1.0,1
6526,8046,1.0,1
6527,7995,1.0,1
6528,6917,1.0,1
6529,513,1.0,1
6530,8677,1.0,1
6531,6416,1.0,1
6532,8385,1.0,1
6533,7728,1.0,1
6534,2488,1.0,1
6535,7282,1.0,1
6536,5811,1.0,1
6537,5067,1.0,1
6538,4330,1.0,1
6539,7077,0.5,1
6539,8888,0.5,0
6540,7609,1.0,1
6541,1539,1.0,1
6542,1939,1.0,1
6543,4552,1.0,1
6544,8775,1.0,1
6545,780,1.0,1
6546,433,1.0,1
6547,1822,1.0,1
6548,4327,1.0,1
6549,961,1.0,1
6550,8407,0.5,1
6550,3640,0.5,0
6551,2989,1.0,1
6552,5821,1.0,1
6553,6706,1.0,1
6554,3174,1.0,1
6555,1905,1.0,1
6556,6202,1.0,1
6557,9298,1.0,1
6558,7254,1.0,1
6559,3306,1.0,1
6560,4465,1.0,1
6561,3266,1.0,1
6562,6212,0.5,1
6562,4898,0.5,0
6563,7059,1.0,1
6564,8312,1.0,1
6565,259,1.0,1
6566,3261,1.0,1
6567,2242,1.0,1
6568,3981,1.0,1
6569,8736,1.0,1
6570,2259,1.0,1
6571,8378,1.0,1
6572,4005,1.0,1
6573,9396,1.0,1
6574,5992,1.0,1
6575,7517,1.0,1
6576,7243,1.0,1
6577,2305,1.0,1
6578,7701,1.0,1
6579,4912,1.0,1
6580,5811,1.0,1
6581,7685,1.0,1
6582,776,1.0,1
6583,6906,1.0,1
6584,8692,1.0,1
6585,3438,1.0,1
6586,7175,1.0,1
6587,8755,1.0,1
6588,4433,1.0,1
6589,6843,1.0,1
6590,9357,1.0,1
6591,7065,1.0,1
6592,7664,1.0,1
6593,5122,1.0,1
6594,7447,1.0,1
6595,8528,1.0,1
6596,5344,1.0,1
6597,6704,1.0,1
6598,4739,1.0,1
6599,7448,1.0,1
6600,2213,1.0,1
6601,4549,1.0,1
6602,8917,1.0,1
6603,8906,1.0,1
6604,3077,1.0,1
6605,3752,1.0,1
6606,1534,1.0,1
6607,7787,1.0,1
6608,5306,1.0,1
6609,4230,1.0,1
6610,3270,1.0,1
6611,3011,1.0,1
6612,3526,1.0,1
6613,8472,1.0,1
6614,7800,1.0,1
6615,2204,1.0,1
6616,5075,1.0,1
6617,2338,1.0,1
6618,3688,1.0,1
6619,175,1.0,1
6620,6411,1.0,1
6621,1191,1.0,1
6622,2802,1.0,1
6623,6136,1.0,1
6624,7148,1.0,1
6625,8141,1.0,1
6626,7191,1.0,1
6627,1030,0.333333,1
6627,2932,0.333333,0
6627,5435,0.333333,0
6628,1079,1.0,1
6629,2485,1.0,1
6630,4767,1.0,1
6631,5794,1.0,1
6632,2387,1.0,1
6633,3023,1.0,1
6634,5906,1.0,1
6635,9365,1.0,1
6636,4735,1.0,1
6637,3509,1.0,1
6638,5774,1.0,1
6639,3827,1.0,1
6640,200,1.0,1
6641,465,0.5,1
6641,2946,0.5,0
6642,8432,1.0,1
6643,649,1.0,1
6644,7786,1.0,1
6645,7175,1.0,1
6646,5811,1.0,1
6647,730,1.0,1
6648,3480,1.0,1
6649,3192,1.0,1
6650,143,1.0,1
6651,5621,1.0,1
6652,2153,1.0,1
6653,4139,1.0,1
6654,319,1.0,1
6655,5449,1.0,1
6656,6608,1.0,1
6657,4050,1.0,1
6658,5295,1.0,1
6659,8675,1.0,1
6660,2338,1.0,1
6661,5977,1.0,1
6662,6493,1.0,1
6663,728,1.0,1
6664,5725,1.0,1
6665,5075,1.0,1
6666,659,1.0,1
6667,5426,1.0,1
6668,340,1.0,1
6669,7790,1.0,1
6670,5497,1.0,1
6671,5837,1.0,1
6672,1627,1.0,1
6673,1534,1.0,1
6674,3179,1.0,1
6675,7945,1.0,1
6676,1698,1.0,1
6677,5056,1.0,1
6678,7988,1.0,1
6679,8923,1.0,1
6680,3258,1.0,1
6681,5796,1.0,1
6682,3203,1.0,1
6683,8381,1.0,1
6684,8475,1.0,1
6685,5697,1.0,1
6686,5132,1.0,1
6687,3974,1.0,1
6688,4278,1.0,1
6689,1782,1.0,1
6690,7114,1.0,1
6691,939,1.0,1
6692,795,1.0,1
6693,3258,1.0,1
6694,9236,1.0,1
6695,346,1.0,1
6696,6308,1.0,1
6697,4722,1.0,1
6698,8898,1.0,1
6699,6505,1.0,1
6700,5811,1.0,1
6701,7120,1.0,1
6702,20,1.0,1
6703,1600,1.0,1
6704,3399,1.0,1
6705,1547,1.0,1
6706,2338,1.0,1
6707,4196,1.0,1
6708,8998,1.0,1
6709,3325,1.0,1
6710,3954,1.0,1
6711,8134,1.0,1
6712,7874,1.0,1
6713,6420,1.0,1
6714,2409,1.0,1
6715,9317,1.0,1
6716,5528,1.0,1
6717,8245,1.0,1
6718,7459,1.0,1
6719,3206,1.0,1
6720,8774,1.0,1
6721,3702,1.0,1
6722,6518,1.0,1
6723,8849,1.0,1
6724,3815,1.0,1
6725,5712,1.0,1
6726,3623,1.0,1
6727,3997,1.0,1
6728,8028,1.0,1
6729,1534,1.0,1
6730,4374,1.0,1
6731,2350,1.0,1
6732,319,1.0,1
6733,7126,1.0,1
6734,7492,1.0,1
6735,4829,1.0,1
6736,2407,1.0,1
6737,7574,1.0,1
6738,986,1.0,1
6739,1465,1.0,1
6740,8202,1.0,1
6741,871,1.0,1
6742,4670,1.0,1
6743,1474,1.0,1
6744,7216,1.0,1
6745,3325,1.0,1
6746,9329,1.0,1
6747,3560,1.0,1
6748,9298,1.0,1
6749,3427,1.0,1
6750,1534,1.0,1
6751,5999,1.0,1
6752,5744,1.0,1
6753,3325,1.0,1
6754,8110,1.0,1
6755,1542,1.0,1
6756,1064,1.0,1
6757,5896,1.0,1
6758,5138,1.0,1
6759,4260,1.0,1
6760,8264,1.0,1
6761,2781,1.0,1
6762,563,1.0,1
6763,468,1.0,1
6764,1852,1.0,1
6765,1945,1.0,1
6766,2147,0.5,1
6766,5906,0.5,0
6767,8356,1.0,1
6768,6071,1.0,1
6769,6167,1.0,1
6770,1534,1.0,1
6771,6480,1.0,1
6772,5017,1.0,1
6773,5146,1.0,1
6774,6362,1.0,1
6775,4260,1.0,1
6776,8376,1.0,1
6777,6792,1.0,1
6778,3955,1.0,1
6779,5090,1.0,1
6780,6426,1.0,1
6781,876,1.0,1
6782,2897,1.0,1
6783,9381,1.0,1
6784,2025,1.0,1
6785,4239,1.0,1
6786,4859,1.0,1
6787,2679,1.0,1
6788,4830,1.0,1
6789,9181,1.0,1
6790,2765,1.0,1
6791,6553,1.0,1
6792,537,1.0,1
6793,641,1.0,1
6794,8624,1.0,1
6795,3529,1.0,1
6796,7455,1.0,1
6797,3227,1.0,1
6798,7812,1.0,1
6799,7064,1.0,1
6800,356,0.5,1
6800,2202,0.5,0
6801,4049,1.0,1
6802,5659,1.0,1
6803,1545,1.0,1
6804,3866,1.0,1
6805,1259,1.0,1
6806,8919,1.0,1
6807,9343,1.0,1
6808,8918,1.0,1
6809,2946,1.0,1
6810,3889,1.0,1
6811,9260,1.0,1
6812,607,1.0,1
6813,3954,1.0,1
6814,6503,1.0,1
6815,1083,1.0,1
6816,9003,1.0,1
6817,3061,0.5,1
6817,8888,0.5,0
6818,5276,1.0,1
6819,7295,1.0,1
6820,8244,1.0,1
6821,1251,1.0,1
6822,9029,1.0,1
6823,7426,1.0,1
6824,7065,1.0,1
6825,6367,1.0,1
6826,7819,1.0,1
6827,4528,1.0,1
6828,6922,1.0,1
6829,1192,1.0,1
6830,4523,1.0,1
6831,7875,1.0,1
6832,4011,1.0,1
6833,3793,1.0,1
6834,2594,1.0,1
6835,9238,1.0,1
6836,3690,1.0,1
6837,4297,1.0,1
6838,4208,1.0,1
6839,7886,1.0,1
6840,8918,1.0,1
6841,4648,1.0,1
6842,4974,1.0,1
6843,8516,1.0,1
6844,2658,1.0,1
6845,7223,1.0,1
6846,2608,1.0,1
6847,2385,1.0,1
6848,5540,1.0,1
6849,163,1.0,1
6850,1967,0.5,1
6850,6000,0.5,0
6851,639,1.0,1
6852,4930,1.0,1
6853,3933,0.5,1
6853,7111,0.5,0
6854,1006,1.0,1
6855,7251,1.0,1
6856,91,1.0,1
6857,3716,1.0,1
6858,5339,1.0,1
6859,2810,1.0,1
6860,1534,1.0,1
6861,7738,1.0,1
6862,3986,1.0,1
6863,9143,1.0,1
6864,3192,1.0,1
6865,4260,1.0,1
6866,4454,1.0,1
6867,7836,1.0,1
6868,4881,1.0,1
6869,2099,1.0,1
6870,2647,1.0,1
6871,6824,1.0,1
6872,6786,1.0,1
6873,3717,1.0,1
6874,4044,0.5,1
6874,8064,0.5,0
6875,1776,1.0,1
6876,1163,1.0,1
6877,1971,1.0,1
6878,9104,1.0,1
6879,4886,1.0,1
6880,4850,1.0,1
6881,7287,1.0,1
6882,5807,1.0,1
6883,4770,1.0,1
6884,6353,1.0,1
6885,1279,1.0,1
6886,3528,1.0,1
6887,4399,1.0,1
6888,1728,1.0,1
6889,3987,1.0,1
6890,7084,1.0,1
6891,8923,1.0,1
6892,8777,0.5,1
6892,6138,0.5,0
6893,4957,1.0,1
6894,5047,1.0,1
6895,5191,1.0,1
6896,3220,1.0,1
6897,8593,1.0,1
6898,7770,1.0,1
6899,7233,1.0,1
6900,3661,1.0,1
6901,8890,1.0,1
6902,6802,1.0,1
6903,7327,1.0,1
6904,5467,1.0,1
6905,7466,1.0,1
6906,3653,1.0,1
6907,6604,1.0,1
6908,3039,1.0,1
6909,1636,1.0,1
6910,3201,1.0,1
6911,4277,1.0,1
6912,6778,1.0,1
6913,5139,1.0,1
6914,4613,1.0,1
6915,5811,1.0,1
6916,1388,1.0,1
6917,6026,1.0,1
6918,9063,1.0,1
6919,4196,1.0,1
6920,7098,1.0,1
6921,9250,1.0,1
6922,1088,1.0,1
6923,326,1.0,1
6924,4264,1.0,1
6925,8245,1.0,1
6926,2221,1.0,1
6927,2038,1.0,1
6928,378,1.0,1
6929,7649,0.5,1
6929,8137,0.5,0
6930,8551,1.0,1
6931,9412,1.0,1
6932,5012,1.0,1
6933,8618,1.0,1
6934,581,1.0,1
6935,6519,1.0,1
6936,2420,0.5,1
6936,2075,0.5,0
6937,1875,1.0,1
6938,1017,1.0,1
6939,143,1.0,1
6940,7638,1.0,1
6941,355,1.0,1
6942,5552,1.0,1
6943,8128,1.0,1
6944,7065,1.0,1
6945,6558,1.0,1
6946,3591,1.0,1
6947,6223,1.0,1
6948,4092,1.0,1
6949,5533,1.0,1
6950,3440,1.0,1
6951,6780,1.0,1
6952,6004,1.0,1
6953,1309,1.0,1
6954,3329,1.0,1
6955,8944,1.0,1
6956,5574,1.0,1
6957,3325,1.0,1
6958,2338,1.0,1
6959,9316,1.0,1
6960,2338,1.0,1
6961,6078,1.0,1
6962,8998,1.0,1
6963,4760,1.0,1
6964,7666,1.0,1
6965,5099,1.0,1
6966,1447,1.0,1
6967,21,1.0,1
6968,1219,1.0,1
6969,1535,1.0,1
6970,54,1.0,1
6971,1920,1.0,1
6972,4388,1.0,1
6973,2467,1.0,1
6974,4983,1.0,1
6975,9322,1.0,1
6976,4816,1.0,1
6977,9360,1.0,1
6978,3909,1.0,1
6979,2366,1.0,1
6980,5,1.0,1
6981,5136,1.0,1
6982,9279,1.0,1
6983,2999,1.0,1
6984,8229,1.0,1
6985,2045,1.0,1
6986,8347,1.0,1
6987,2897,1.0,1
6988,1137,1.0,1
6989,6513,1.0,1
6990,3679,1.0,1
6991,5305,1.0,1
6992,8919,1.0,1
6993,3767,1.0,1
6994,1444,1.0,1
6995,9364,0.5,1
6995,6530,0.5,0
6996,8450,1.0,1
6997,2883,1.0,1
6998,2038,1.0,1
6999,1641,1.0,1
7000,7668,1.0,1
7001,7495,1.0,1
7002,8099,1.0,1
7003,706,0.5,1
7003,707,0.5,0
7004,8918,1.0,1
7005,4400,1.0,1
7006,3841,1.0,1
7007,3505,1.0,1
7008,3040,1.0,1
7009,52,1.0,1
7010,1187,1.0,1
7011,2510,1.0,1
7012,4178,1.0,1
7013,2896,1.0,1
7014,4105,1.0,1
7015,313,1.0,1
7016,3488,1.0,1
7017,5305,1.0,1
7018,5757,0.5,1
7018,2268,0.5,0
7019,5496,1.0,1
7020,2326,1.0,1
7021,7856,1.0,1
7022,7301,1.0,1
7023,1061,1.0,1
7024,1597,1.0,1
7025,706,0.333333,1
7025,707,0.333333,0
7025,8848,0.333333,0
7026,8998,1.0,1
7027,2320,1.0,1
7028,4246,1.0,1
7029,3960,1.0,1
7030,1889,1.0,1
7031,2310,1.0,1
7032,5251,1.0,1
7033,8106,1.0,1
7034,2004,1.0,1
7035,1791,1.0,1
7036,7036,1.0,1
7037,1466,1.0,1
7038,6783,1.0,1
7039,2038,1.0,1
7040,9021,1.0,1
7041,4813,1.0,1
7042,3793,1.0,1
7043,415,1.0,1
7044,1526,1.0,1
7045,7460,1.0,1
7046,608,1.0,1
7047,2338,1.0,1
7048,9281,1.0,1
7049,763,1.0,1
7050,2265,1.0,1
7051,8457,1.0,1
7052,6786,1.0,1
7053,2682,1.0,1
7054,4116,0.5,1
7054,1479,0.5,0
7055,5596,0.5,1
7055,505,0.5,0
7056,2946,1.0,1
7057,851,1.0,1
7058,5712,1.0,1
7059,3485,1.0,1
7060,7708,1.0,1
7061,4292,1.0,1
7062,5038,1.0,1
7063,988,1.0,1
7064,6684,1.0,1
7065,1592,1.0,1
7066,3418,1.0,1
7067,8736,1.0,1
7068,7366,1.0,1
7069,1538,0.5,1
7069,6170,0.5,0
7070,8207,1.0,1
7071,2909,1.0,1
7072,5714,1.0,1
7073,5610,1.0,1
7074,3547,1.0,1
7075,2744,1.0,1
7076,4240,1.0,1
7077,1915,1.0,1
7078,6584,1.0,1
7079,6304,1.0,1
7080,1590,1.0,1
7081,7481,1.0,1
7082,8923,1.0,1
7083,6825,1.0,1
7084,6451,1.0,1
7085,8514,1.0,1
7086,2389,1.0,1
7087,4812,1.0,1
7088,9009,1.0,1
7089,9082,1.0,1
7090,8577,1.0,1
7091,1909,0.5,1
7091,4932,0.5,0
7092,6289,0.5,1
7092,1930,0.5,0
7093,91,1.0,1
7094,8418,1.0,1
7095,4714,1.0,1
7096,815,1.0,1
7097,5504,1.0,1
7098,579,1.0,1
7099,5762,1.0,1
7100,4985,1.0,1
7101,9414,1.0,1
7102,6499,1.0,1
7103,5503,1.0,1
7104,2468,1.0,1
7105,1505,1.0,1
7106,8771,1.0,1
7107,8870,1.0,1
7108,5811,1.0,1
7109,4216,1.0,1
7110,5794,1.0,1
7111,2318,1.0,1
7112,706,0.5,1
7112,707,0.5,0
7113,4512,1.0,1
7114,5724,1.0,1
7115,1971,1.0,1
7116,5785,1.0,1
7117,3396,1.0,1
7118,2512,1.0,1
7119,3493,1.0,1
7120,3953,1.0,1
7121,2023,1.0,1
7122,9156,1.0,1
7123,5529,1.0,1
7124,7065,1.0,1
7125,747,1.0,1
7126,7703,1.0,1
7127,9079,0.5,1
7127,8817,0.5,0
7128,8338,1.0,1
7129,1407,1.0,1
7130,9195,1.0,1
7131,4969,1.0,1
7132,4159,1.0,1
7133,5468,1.0,1
7134,1724,1.0,1
7135,2210,1.0,1
7136,1358,1.0,1
7137,3878,1.0,1
7138,6962,1.0,1
7139,5021,1.0,1
7140,2338,1.0,1
7141,8123,1.0,1
7142,2015,1.0,1
7143,1238,1.0,1
7144,1106,1.0,1
7145,8864,1.0,1
7146,8918,1.0,1
7147,454,1.0,1
7148,4183,1.0,1
7149,6893,1.0,1
7150,2764,1.0,1
7151,920,1.0,1
7152,7327,1.0,1
7153,6392,1.0,1
7154,8601,1.0,1
7155,7095,0.5,1
7155,2459,0.5,0
7156,9378,1.0,1
7157,3226,1.0,1
7158,181,1.0,1
7159,977,1.0,1
7160,3548,1.0,1
7161,3886,1.0,1
7162,2005,1.0,1
7163,5772,1.0,1
7164,1457,1.0,1
7165,4090,1.0,1
7166,5307,1.0,1
7167,4170,1.0,1
7168,2945,0.5,1
7168,465,0.5,0
7169,6432,1.0,1
7170,7047,1.0,1
7171,791,1.0,1
7172,6125,1.0,1
7173,3545,1.0,1
7174,1306,1.0,1
7175,4724,0.5,1
7175,7844,0.5,0
7176,8408,1.0,1
7177,5219,1.0,1
7178,2946,1.0,1
7179,1355,1.0,1
7180,5546,1.0,1
7181,1385,1.0,1
7182,7315,1.0,1
7183,7826,1.0,1
7184,6900,1.0,1
7185,6254,1.0,1
7186,5489,1.0,1
7187,2284,1.0,1
7188,3376,1.0,1
7189,3035,1.0,1
7190,3419,1.0,1
7191,4674,1.0,1
7192,4523,1.0,1
7193,4139,1.0,1
7194,2336,1.0,1
7195,6006,1.0,1
7196,814,1.0,1
7197,1971,1.0,1
7198,6682,1.0,1
7199,8674,1.0,1
7200,2281,1.0,1
7201,8779,1.0,1
7202,8472,1.0,1
7203,6606,1.0,1
7204,476,1.0,1
7205,4156,1.0,1
7206,3183,1.0,1
7207,2735,1.0,1
7208,8876,1.0,1
7209,1291,1.0,1
7210,181,1.0,1
7211,5067,1.0,1
7212,9386,0.5,1
7212,5143,0.5,0
7213,2391,1.0,1
7214,8245,1.0,1
7215,2747,1.0,1
7216,7763,1.0,1
7217,1088,1.0,1
7218,3602,1.0,1
7219,4433,1.0,1
7220,5067,1.0,1
7221,4499,1.0,1
7222,3761,1.0,1
7223,8551,1.0,1
7224,516,1.0,1
7225,5635,1.0,1
7226,135,1.0,1
7227,8245,1.0,1
7228,2350,1.0,1
7229,7649,1.0,1
7230,3258,1.0,1
7231,3935,1.0,1
7232,1407,1.0,1
7233,1047,1.0,1
7234,8932,1.0,1
7235,8625,1.0,1
7236,2038,1.0,1
7237,8358,1.0,1
7238,3835,1.0,1
7239,4919,1.0,1
7240,5811,1.0,1
7241,534,1.0,1
7242,2579,1.0,1
7243,3078,1.0,1
7244,6885,1.0,1
7245,3344,1.0,1
7246,8183,1.0,1
7247,1704,1.0,1
7248,3954,1.0,1
7249,4796,1.0,1
7250,3789,1.0,1
7251,8804,1.0,1
7252,5893,1.0,1
7253,2714,0.5,1
7253,2038,0.5,0
7254,1533,1.0,1
7255,355,1.0,1
7256,3915,1.0,1
7257,2968,1.0,1
7258,1819,1.0,1
7259,973,1.0,1
7260,5679,1.0,1
7261,3998,1.0,1
7262,227,1.0,1
7263,8122,0.5,1
7263,9295,0.5,0
7264,3748,1.0,1
7265,1651,1.0,1
7266,181,1.0,1
7267,6223,1.0,1
7268,6531,1.0,1
7269,8428,1.0,1
7270,1407,1.0,1
7271,5125,1.0,1
7272,3439,1.0,1
7273,3467,1.0,1
7274,8982,1.0,1
7275,520,1.0,1
7276,1,1.0,1
7277,6959,1.0,1
7278,706,0.5,1
7278,707,0.5,0
7279,5325,1.0,1
7280,6630,1.0,1
7281,8833,1.0,1
7282,9078,1.0,1
7283,1097,1.0,1
7284,7655,1.0,1
7285,4198,1.0,1
7286,4334,1.0,1
7287,1470,1.0,1
7288,143,1.0,1
7289,8558,1.0,1
7290,8786,1.0,1
7291,9271,1.0,1
7292,2511,1.0,1
7293,6444,1.0,1
7294,885,1.0,1
7295,8909,1.0,1
7296,5486,1.0,1
7297,2350,1.0,1
7298,6561,1.0,1
7299,5376,0.5,1
7299,4679,0.5,0
7300,3664,1.0,1
7301,2805,1.0,1
7302,4497,1.0,1
7303,6757,1.0,1
7304,5987,1.0,1
7305,2310,1.0,1
7306,4120,0.5,1
7306,9462,0.5,0
7307,437,1.0,1
7308,5262,1.0,1
7309,8685,1.0,1
7310,325,1.0,1
7311,2227,1.0,1
7312,3092,1.0,1
7313,7765,1.0,1
7314,4872,1.0,1
7315,3515,1.0,1
7316,2959,1.0,1
7317,706,1.0,1
7318,3325,1.0,1
7319,57,1.0,1
7320,4259,1.0,1
7321,388,1.0,1
7322,438,1.0,1
7323,6951,1.0,1
7324,5810,1.0,1
7325,8170,1.0,1
7326,7610,1.0,1
7327,4687,1.0,1
7328,421,1.0,1
7329,9031,0.5,1
7329,2956,0.5,0
7330,7481,1.0,1
7331,4181,1.0,1
7332,1229,1.0,1
7333,4433,1.0,1
7334,2350,1.0,1
7335,7958,1.0,1
7336,4980,1.0,1
7337,8703,1.0,1
7338,3521,1.0,1
7339,2338,1.0,1
7340,125,1.0,1
7341,5295,1.0,1
7342,5811,1.0,1
7343,9223,1.0,1
7344,8076,0.5,1
7344,8426,0.5,0
7345,7416,1.0,1
7346,5985,1.0,1
7347,4568,1.0,1
7348,1561,1.0,1
7349,6803,1.0,1
7350,2320,1.0,1
7351,5072,1.0,1
7352,4034,1.0,1
7353,1481,1.0,1
7354,370,1.0,1
7355,6262,1.0,1
7356,9099,1.0,1
7357,5514,1.0,1
7358,66,1.0,1
7359,1151,1.0,1
7360,4906,1.0,1
7361,4433,1.0,1
7362,6694,1.0,1
7363,1094,1.0,1
7364,3035,1.0,1
7365,6880,1.0,1
7366,3604,1.0,1
7367,989,1.0,1
7368,4525,1.0,1
7369,4521,1.0,1
7370,5811,1.0,1
7371,4339,1.0,1
7372,4366,1.0,1
7373,7484,1.0,1
7374,1234,1.0,1
7375,1519,1.0,1
7376,9222,1.0,1
7377,9259,1.0,1
7378,1149,1.0,1
7379,1793,1.0,1
7380,4587,1.0,1
7381,9127,1.0,1
7382,8049,1.0,1
7383,4106,1.0,1
7384,5385,1.0,1
7385,6937,1.0,1
7386,221,1.0,1
7387,4028,1.0,1
7388,955,1.0,1
7389,3457,1.0,1
7390,8002,1.0,1
7391,6111,1.0,1
7392,4456,1.0,1
7393,6034,1.0,1
7394,8503,1.0,1
7395,6359,1.0,1
7396,7688,1.0,1
7397,8734,1.0,1
7398,8949,1.0,1
7399,3646,1.0,1
7400,6246,1.0,1
7401,2180,1.0,1
7402,3381,1.0,1
7403,5429,1.0,1
7404,460,1.0,1
7405,9320,1.0,1
7406,4551,1.0,1
7407,6223,1.0,1
7408,5638,1.0,1
7409,7916,1.0,1
7410,8738,1.0,1
7411,4828,1.0,1
7412,4277,1.0,1
7413,3954,1.0,1
7414,4236,1.0,1
7415,2470,1.0,1
7416,180,1.0,1
7417,6102,1.0,1
7418,4798,0.5,1
7418,9439,0.5,0
7419,1193,1.0,1
7420,9219,1.0,1
7421,9408,1.0,1
7422,7842,1.0,1
7423,2036,1.0,1
7424,4045,1.0,1
7425,1229,1.0,1
7426,4433,1.0,1
7427,4433,1.0,1
7428,331,1.0,1
7429,5852,1.0,1
7430,3062,1.0,1
7431,2133,1.0,1
7432,593,1.0,1
7433,7223,1.0,1
7434,7281,1.0,1
7435,6671,1.0,1
7436,5294,1.0,1
7437,6206,1.0,1
7438,4719,1.0,1
7439,2769,1.0,1
7440,2310,1.0,1
7441,4818,1.0,1
7442,1194,1.0,1
7443,6591,1.0,1
7444,7303,1.0,1
7445,5996,1.0,1
7446,5267,1.0,1
7447,5794,1.0,1
7448,5584,1.0,1
7449,8263,1.0,1
7450,1801,1.0,1
7451,7078,1.0,1
7452,661,1.0,1
7453,1963,1.0,1
7454,5847,1.0,1
7455,7464,0.5,1
7455,7022,0.5,0
7456,2059,1.0,1
7457,4196,1.0,1
7458,5811,1.0,1
7459,3323,1.0,1
7460,6139,1.0,1
7461,4146,1.0,1
7462,3442,1.0,1
7463,7195,1.0,1
7464,1491,1.0,1
7465,6370,1.0,1
7466,5329,1.0,1
7467,5496,1.0,1
7468,8012,1.0,1
7469,4861,1.0,1
7470,276,1.0,1
7471,8009,1.0,1
7472,8465,1.0,1
7473,8952,0.5,1
7473,5355,0.5,0
7474,1286,1.0,1
7475,1971,1.0,1
7476,6800,1.0,1
7477,7129,1.0,1
7478,4857,1.0,1
7479,665,1.0,1
7480,6422,1.0,1
7481,3441,1.0,1
7482,2775,1.0,1
7483,8286,1.0,1
7484,1651,1.0,1
7485,9277,1.0,1
7486,8381,1.0,1
7487,1984,0.5,1
7487,1450,0.5,0
7488,4196,1.0,1
7489,7649,1.0,1
7490,1590,1.0,1
7491,6727,1.0,1
7492,4412,1.0,1
7493,2626,1.0,1
7494,7240,1.0,1
7495,5405,1.0,1
7496,1562,1.0,1
7497,7518,1.0,1
7498,2270,1.0,1
7499,6786,1.0,1
7500,2415,1.0,1
7501,7649,1.0,1
7502,6551,1.0,1
7503,730,1.0,1
7504,8481,1.0,1
7505,7036,1.0,1
7506,1969,0.5,1
7506,2075,0.5,0
7507,8561,1.0,1
7508,3875,1.0,1
7509,5865,1.0,1
7510,2876,1.0,1
7511,9371,1.0,1
7512,197,1.0,1
7513,5509,1.0,1
7514,355,1.0,1
7515,1550,1.0,1
7516,6834,1.0,1
7517,1501,1.0,1
7518,5785,1.0,1
7519,7348,1.0,1
7520,4433,1.0,1
7521,3095,1.0,1
7522,925,1.0,1
7523,579,1.0,1
7524,2512,1.0,1
7525,6621,1.0,1
7526,48,1.0,1
7527,7008,1.0,1
7528,1953,1.0,1
7529,7074,1.0,1
7530,7567,1.0,1
7531,188,1.0,1
7532,2769,1.0,1
7533,1399,1.0,1
7534,3924,1.0,1
7535,1407,1.0,1
7536,5646,1.0,1
7537,7030,1.0,1
7538,7299,1.0,1
7539,2662,1.0,1
7540,8262,1.0,1
7541,8795,1.0,1
7542,1651,1.0,1
7543,8923,1.0,1
7544,6685,1.0,1
7545,8145,1.0,1
7546,7084,1.0,1
7547,1792,1.0,1
7548,1671,1.0,1
7549,6454,1.0,1
7550,7516,1.0,1
7551,3457,1.0,1
7552,6547,1.0,1
7553,369,1.0,1
7554,8086,1.0,1
7555,188,1.0,1
7556,8157,1.0,1
7557,2698,1.0,1
7558,7250,1.0,1
7559,8460,1.0,1
7560,3880,1.0,1
7561,3888,1.0,1
7562,3639,1.0,1
7563,1123,1.0,1
7564,506,1.0,1
7565,721,1.0,1
7566,568,1.0,1
7567,5418,1.0,1
7568,5843,1.0,1
7569,3358,1.0,1
7570,5122,1.0,1
7571,894,1.0,1
7572,3499,0.5,1
7572,7024,0.5,0
7573,1804,1.0,1
7574,153,1.0,1
7575,4632,1.0,1
7576,2729,1.0,1
7577,2350,1.0,1
7578,8026,1.0,1
7579,6066,1.0,1
7580,448,1.0,1
7581,7976,1.0,1
7582,1519,1.0,1
7583,2338,1.0,1
7584,4342,1.0,1
7585,4771,1.0,1
7586,6341,1.0,1
7587,9228,1.0,1
7588,3682,1.0,1
7589,3464,1.0,1
7590,2754,1.0,1
7591,3368,1.0,1
7592,629,1.0,1
7593,7686,1.0,1
7594,7964,1.0,1
7595,2396,1.0,1
7596,5765,1.0,1
7597,2350,1.0,1
7598,3384,1.0,1
7599,6131,1.0,1
7600,4101,1.0,1
7601,299,1.0,1
7602,5005,1.0,1
7603,2777,1.0,1
7604,6716,1.0,1
7605,7336,1.0,1
7606,8287,1.0,1
7607,106,1.0,1
7608,5388,1.0,1
7609,2912,1.0,1
7610,1461,1.0,1
7611,3865,0.5,1
7611,6705,0.5,0
7612,7442,1.0,1
7613,5984,1.0,1
7614,1394,1.0,1
7615,3120,1.0,1
7616,4260,1.0,1
7617,5823,1.0,1
7618,116,1.0,1
7619,6774,1.0,1
7620,2446,1.0,1
7621,355,1.0,1
7622,3211,1.0,1
7623,9422,1.0,1
7624,209,1.0,1
7625,2009,1.0,1
7626,2474,1.0,1
7627,7619,1.0,1
7628,6592,1.0,1
7629,8335,1.0,1
7630,6718,1.0,1
7631,6037,1.0,1
7632,4126,1.0,1
7633,3393,1.0,1
7634,4373,1.0,1
7635,3723,1.0,1
7636,3970,1.0,1
7637,5001,0.5,1
7637,5919,0.5,0
7638,3104,1.0,1
7639,7141,1.0,1
7640,456,1.0,1
7641,2486,1.0,1
7642,921,1.0,1
7643,7065,1.0,1
7644,5139,1.0,1
7645,4419,1.0,1
7646,9109,1.0,1
7647,7566,1.0,1
7648,5799,1.0,1
7649,4882,1.0,1
7650,9354,1.0,1
7651,1766,1.0,1
7652,1350,0.5,1
7652,4962,0.5,0
7653,811,1.0,1
7654,531,1.0,1
7655,5545,1.0,1
7656,3569,1.0,1
7657,6028,1.0,1
7658,7619,1.0,1
7659,230,1.0,1
7660,7061,1.0,1
7661,7330,1.0,1
7662,6922,1.0,1
7663,1651,1.0,1
7664,7842,1.0,1
7665,5899,1.0,1
7666,7357,1.0,1
7667,640,1.0,1
7668,2338,1.0,1
7669,3854,1.0,1
7670,1037,1.0,1
7671,7348,1.0,1
7672,8888,0.5,1
7672,2445,0.5,0
7673,5320,1.0,1
7674,6685,1.0,1
7675,5026,1.0,1
7676,4760,1.0,1
7677,4688,1.0,1
7678,7125,1.0,1
7679,6578,1.0,1
7680,8592,1.0,1
7681,3212,1.0,1
7682,1985,1.0,1
7683,6085,1.0,1
7684,631,1.0,1
7685,6392,1.0,1
7686,8835,1.0,1
7687,7649,1.0,1
7688,6143,0.5,1
7688,5919,0.5,0
7689,6162,1.0,1
7690,1083,1.0,1
7691,4853,1.0,1
7692,7520,1.0,1
7693,9049,1.0,1
7694,3364,1.0,1
7695,8267,1.0,1
7696,4563,1.0,1
7697,6288,1.0,1
7698,6295,1.0,1
7699,2338,1.0,1
7700,2888,1.0,1
7701,9267,1.0,1
7702,1225,1.0,1
7703,6957,1.0,1
7704,4260,1.0,1
7705,3443,1.0,1
7706,2097,1.0,1
7707,8417,1.0,1
7708,8226,1.0,1
7709,4815,1.0,1
7710,8478,1.0,1
7711,3783,1.0,1
7712,6383,1.0,1
7713,5811,1.0,1
7714,8102,1.0,1
7715,6929,1.0,1
7716,2347,1.0,1
7717,9370,1.0,1
7718,3659,1.0,1
7719,7296,1.0,1
7720,5712,1.0,1
7721,3342,1.0,1
7722,5925,1.0,1
7723,8813,0.5,1
7723,5928,0.5,0
7724,5639,1.0,1
7725,8512,1.0,1
7726,7568,1.0,1
7727,8407,1.0,1
7728,1225,1.0,1
7729,7455,1.0,1
7730,128,0.5,1
7730,4151,0.5,0
7731,5844,1.0,1
7732,5414,1.0,1
7733,3039,1.0,1
7734,450,1.0,1
7735,8373,1.0,1
7736,3234,1.0,1
7737,4997,1.0,1
7738,6966,1.0,1
7739,1090,1.0,1
7740,2680,1.0,1
7741,2038,1.0,1
7742,2396,1.0,1
7743,8512,1.0,1
7744,188,1.0,1
7745,1229,1.0,1
7746,5566,1.0,1
7747,1817,1.0,1
7748,1651,1.0,1
7749,8457,1.0,1
7750,5811,1.0,1
7751,9265,0.5,1
7751,8435,0.5,0
7752,3464,1.0,1
7753,2946,1.0,1
7754,2751,1.0,1
7755,5848,1.0,1
7756,629,1.0,1
7757,8572,1.0,1
7758,9334,1.0,1
7759,4912,1.0,1
7760,465,1.0,1
7761,4906,1.0,1
7762,3043,1.0,1
7763,7343,1.0,1
7764,5730,1.0,1
7765,331,1.0,1
7766,7065,1.0,1
7767,2618,1.0,1
7768,7061,1.0,1
7769,1116,1.0,1
7770,2353,1.0,1
7771,1554,1.0,1
7772,6414,1.0,1
7773,2315,1.0,1
7774,7794,1.0,1
7775,3802,1.0,1
7776,5811,1.0,1
7777,1960,1.0,1
7778,6680,1.0,1
7779,1971,1.0,1
7780,8472,1.0,1
7781,6658,1.0,1
7782,6138,1.0,1
7783,1038,1.0,1
7784,3474,1.0,1
7785,3347,1.0,1
7786,5706,1.0,1
7787,4779,1.0,1
7788,3941,1.0,1
7789,4409,1.0,1
7790,1250,1.0,1
7791,7778,1.0,1
7792,9129,1.0,1
7793,4581,1.0,1
7794,4196,1.0,1
7795,2946,1.0,1
7796,8628,1.0,1
7797,4368,1.0,1
7798,6596,1.0,1
7799,7752,1.0,1
7800,3101,1.0,1
7801,7984,1.0,1
7802,5868,1.0,1
7803,7346,0.5,1
7803,7318,0.5,0
7804,4886,1.0,1
7805,1957,1.0,1
7806,5169,1.0,1
7807,4184,1.0,1
7808,9385,1.0,1
7809,8522,1.0,1
7810,5970,1.0,1
7811,2503,1.0,1
7812,9063,1.0,1
7813,392,1.0,1
7814,4918,1.0,1
7815,2518,1.0,1
7816,355,1.0,1
7817,9427,1.0,1
7818,8884,1.0,1
7819,3156,1.0,1
7820,432,0.5,1
7820,5928,0.5,0
7821,1093,1.0,1
7822,9163,0.5,1
7822,4005,0.5,0
7823,8235,1.0,1
7824,4049,1.0,1
7825,8658,1.0,1
7826,2127,1.0,1
7827,310,1.0,1
7828,8551,1.0,1
7829,1229,1.0,1
7830,898,1.0,1
7831,5555,1.0,1
7832,2745,1.0,1
7833,9290,1.0,1
7834,5928,0.5,1
7834,2362,0.5,0
7835,8085,1.0,1
7836,2940,1.0,1
7837,1543,1.0,1
7838,7727,1.0,1
7839,7090,1.0,1
7840,3412,1.0,1
7841,4196,1.0,1
7842,7825,1.0,1
7843,732,1.0,1
7844,9379,1.0,1
7845,3430,1.0,1
7846,8040,1.0,1
7847,4504,1.0,1
7848,1407,1.0,1
7849,9442,1.0,1
7850,4533,1.0,1
7851,9091,1.0,1
7852,8907,1.0,1
7853,8431,1.0,1
7854,5593,1.0,1
7855,8129,1.0,1
7856,20,1.0,1
7857,4350,1.0,1
7858,6672,1.0,1
7859,5061,1.0,1
7860,5234,1.0,1
7861,3954,1.0,1
7862,2087,1.0,1
7863,1815,1.0,1
7864,7175,1.0,1
7865,2038,1.0,1
7866,2263,1.0,1
7867,5811,1.0,1
7868,858,1.0,1
7869,7933,1.0,1
7870,8417,1.0,1
7871,9425,1.0,1
7872,2599,1.0,1
7873,4421,1.0,1
7874,5490,1.0,1
7875,4053,1.0,1
7876,804,1.0,1
7877,8804,1.0,1
7878,6563,1.0,1
7879,7065,1.0,1
7880,6583,1.0,1
7881,8462,1.0,1
7882,9455,1.0,1
7883,1420,1.0,1
7884,1714,1.0,1
7885,1289,1.0,1
7886,2357,1.0,1
7887,2827,1.0,1
7888,8922,1.0,1
7889,2714,1.0,1
7890,2472,1.0,1
7891,8081,1.0,1
7892,8431,1.0,1
7893,1323,1.0,1
7894,3229,1.0,1
7895,1090,1.0,1
7896,7338,1.0,1
7897,3482,1.0,1
7898,5075,1.0,1
7899,706,0.5,1
7899,707,0.5,0
7900,6087,1.0,1
7901,1040,1.0,1
7902,752,1.0,1
7903,9339,1.0,1
7904,8392,1.0,1
7905,3594,1.0,1
7906,6600,1.0,1
7907,7231,1.0,1
7908,4754,1.0,1
7909,8551,1.0,1
7910,5664,1.0,1
7911,5950,1.0,1
7912,7579,0.5,1
7912,7415,0.5,0
7913,1089,1.0,1
7914,158,1.0,1
7915,4293,1.0,1
7916,5048,1.0,1
7917,3740,1.0,1
7918,354,1.0,1
7919,3491,1.0,1
7920,8431,1.0,1
7921,4279,1.0,1
7922,2297,1.0,1
7923,7531,1.0,1
7924,5811,1.0,1
7925,4801,1.0,1
7926,1590,1.0,1
7927,9225,1.0,1
7928,4109,1.0,1
7929,8730,1.0,1
7930,4960,1.0,1
7931,8807,1.0,1
7932,8888,1.0,1
7933,826,1.0,1
7934,7041,1.0,1
7935,8903,1.0,1
7936,142,1.0,1
7937,8064,1.0,1
7938,3142,1.0,1
7939,1534,1.0,1
7940,2792,1.0,1
7941,6343,1.0,1
7942,2979,1.0,1
7943,4490,1.0,1
7944,8665,1.0,1
7945,4260,1.0,1
7946,5383,1.0,1
7947,2430,1.0,1
7948,6606,1.0,1
7949,1421,1.0,1
7950,1363,1.0,1
7951,1088,1.0,1
7952,1613,1.0,1
7953,5075,1.0,1
7954,3207,1.0,1
7955,8631,1.0,1
7956,2386,1.0,1
7957,338,1.0,1
7958,7267,1.0,1
7959,5350,1.0,1
7960,1184,1.0,1
7961,4260,1.0,1
7962,5807,1.0,1
7963,8631,1.0,1
7964,2869,1.0,1
7965,8059,1.0,1
7966,3511,1.0,1
7967,4917,1.0,1
7968,6485,1.0,1
7969,8045,1.0,1
7970,186,1.0,1
7971,1436,1.0,1
7972,7065,1.0,1
7973,2083,1.0,1
7974,4749,1.0,1
7975,3726,1.0,1
7976,6897,1.0,1
7977,2038,1.0,1
7978,1225,1.0,1
7979,6290,1.0,1
7980,6780,1.0,1
7981,1628,1.0,1
7982,6054,1.0,1
7983,7649,1.0,1
7984,2038,1.0,1
7985,3796,1.0,1
7986,5693,1.0,1
7987,4407,1.0,1
7988,2945,1.0,1
7989,3355,1.0,1
7990,1774,1.0,1
7991,7175,1.0,1
7992,7093,1.0,1
7993,139,1.0,1
7994,6018,1.0,1
7995,3373,1.0,1
7996,4069,1.0,1
7997,5373,1.0,1
7998,7652,1.0,1
7999,572,1.0,1
8000,3237,1.0,1
8001,6096,1.0,1
8002,2278,1.0,1
8003,7262,1.0,1
8004,9343,1.0,1
8005,9454,1.0,1
8006,6381,1.0,1
8007,4760,1.0,1
8008,2652,1.0,1
8009,8115,1.0,1
8010,6600,1.0,1
8011,771,1.0,1
8012,1605,1.0,1
8013,285,1.0,1
8014,419,1.0,1
8015,6400,1.0,1
8016,5486,1.0,1
8017,3608,1.0,1
8018,7342,1.0,1
8019,7909,1.0,1
8020,8101,1.0,1
8021,1045,0.5,1
8021,9372,0.5,0
8022,3117,1.0,1
8023,5158,1.0,1
8024,9019,1.0,1
8025,3789,1.0,1
8026,8619,1.0,1
8027,2501,1.0,1
8028,6606,1.0,1
8029,7004,1.0,1
8030,1589,1.0,1
8031,5811,1.0,1
8032,9436,1.0,1
8033,7663,1.0,1
8034,5811,1.0,1
8035,2713,1.0,1
8036,2854,1.0,1
8037,4433,1.0,1
8038,1912,1.0,1
8039,1636,1.0,1
8040,3017,1.0,1
8041,6536,1.0,1
8042,1478,1.0,1
8043,2190,1.0,1
8044,2972,1.0,1
8045,8005,1.0,1
8046,8568,1.0,1
8047,3093,1.0,1
8048,8051,1.0,1
8049,4576,1.0,1
8050,4115,1.0,1
8051,9299,1.0,1
8052,331,1.0,1
8053,4212,1.0,1
8054,8692,1.0,1
8055,4837,1.0,1
8056,7150,1.0,1
8057,6233,1.0,1
8058,1971,1.0,1
8059,688,1.0,1
8060,8692,1.0,1
8061,9217,1.0,1
8062,3506,1.0,1
8063,1587,1.0,1
8064,7674,1.0,1
8065,6040,1.0,1
8066,1965,1.0,1
8067,2216,1.0,1
8068,7532,0.5,1
8068,3295,0.5,0
8069,750,1.0,1
8070,567,1.0,1
8071,1549,1.0,1
8072,768,1.0,1
8073,2946,1.0,1
8074,9389,1.0,1
8075,2462,1.0,1
8076,6060,1.0,1
8077,7334,1.0,1
8078,904,1.0,1
8079,3078,1.0,1
8080,28,1.0,1
8081,2231,1.0,1
8082,1453,1.0,1
8083,8370,1.0,1
8084,1747,1.0,1
8085,7591,1.0,1
8086,2108,1.0,1
8087,3060,1.0,1
8088,8362,1.0,1
8089,7065,1.0,1
8090,8148,1.0,1
8091,6837,1.0,1
8092,2645,1.0,1
8093,2782,1.0,1
8094,6048,1.0,1
8095,7595,1.0,1
8096,4695,1.0,1
8097,6752,1.0,1
8098,6096,1.0,1
8099,7472,1.0,1
8100,770,1.0,1
8101,2338,1.0,1
8102,9077,1.0,1
8103,5811,1.0,1
8104,8576,1.0,1
8105,8061,1.0,1
8106,3045,1.0,1
8107,2118,1.0,1
8108,8004,1.0,1
8109,9394,1.0,1
8110,9284,1.0,1
8111,8293,0.5,1
8111,6589,0.5,0
8112,9006,1.0,1
8113,490,1.0,1
8114,7297,1.0,1
8115,4509,1.0,1
8116,8207,1.0,1
8117,787,1.0,1
8118,4377,0.5,1
8118,5906,0.5,0
8119,8130,1.0,1
8120,2226,1.0,1
8121,3595,1.0,1
8122,7883,1.0,1
8123,3148,1.0,1
8124,3305,1.0,1
8125,5715,1.0,1
8126,2946,0.5,1
8126,465,0.5,0
8127,3325,1.0,1
8128,6685,1.0,1
8129,8141,1.0,1
8130,8476,1.0,1
8131,2411,1.0,1
8132,2807,1.0,1
8133,2946,1.0,1
8134,5994,1.0,1
8135,7449,1.0,1
8136,8381,1.0,1
8137,2127,1.0,1
8138,7648,1.0,1
8139,9043,1.0,1
8140,953,1.0,1
8141,2951,0.5,1
8141,8005,0.5,0
8142,1993,1.0,1
8143,4001,1.0,1
8144,3326,1.0,1
8145,8005,0.5,1
8145,8293,0.5,0
8146,5543,1.0,1
8147,5557,1.0,1
8148,3219,1.0,1
8149,2806,1.0,1
8150,8706,1.0,1
8151,8712,1.0,1
8152,6669,1.0,1
8153,4377,0.5,1
8153,5906,0.5,0
8154,1202,1.0,1
8155,2380,1.0,1
8156,6453,1.0,1
8157,252,1.0,1
8158,6486,1.0,1
8159,3263,1.0,1
8160,2512,1.0,1
8161,6149,1.0,1
8162,784,1.0,1
8163,3860,1.0,1
8164,4919,1.0,1
8165,8804,1.0,1
8166,9112,1.0,1
8167,7376,1.0,1
8168,4979,1.0,1
8169,5794,1.0,1
8170,539,1.0,1
8171,5444,1.0,1
8172,9429,1.0,1
8173,4522,1.0,1
8174,8717,0.5,1
8174,8880,0.5,0
8175,2683,1.0,1
8176,3148,1.0,1
8177,7649,1.0,1
8178,6223,1.0,1
8179,3040,1.0,1
8180,999,1.0,1
8181,3134,1.0,1
8182,5560,1.0,1
8183,2297,1.0,1
8184,9035,1.0,1
8185,7348,1.0,1
8186,1100,1.0,1
8187,1347,1.0,1
8188,5501,1.0,1
8189,8322,1.0,1
8190,342,1.0,1
8191,1490,1.0,1
8192,847,1.0,1
8193,4841,1.0,1
8194,8955,1.0,1
8195,3942,1.0,1
8196,3251,1.0,1
8197,3954,1.0,1
8198,2490,1.0,1
8199,1643,1.0,1
8200,8406,1.0,1
8201,3599,1.0,1
8202,4457,1.0,1
8203,509,1.0,1
8204,6469,1.0,1
8205,5484,1.0,1
8206,3718,1.0,1
8207,2939,0.5,1
8207,5906,0.5,0
8208,5695,0.5,1
8208,60,0.5,0
8209,4761,1.0,1
8210,6968,1.0,1
8211,240,1.0,1
8212,9203,1.0,1
8213,1598,1.0,1
8214,8175,1.0,1
8215,1298,1.0,1
8216,4199,1.0,1
8217,2157,1.0,1
8218,3325,1.0,1
8219,9211,1.0,1
8220,6117,1.0,1
8221,1544,1.0,1
8222,7844,1.0,1
8223,6600,1.0,1
8224,7206,1.0,1
8225,3691,1.0,1
8226,5319,1.0,1
8227,3251,1.0,1
8228,5075,1.0,1
8229,2679,1.0,1
8230,2492,1.0,1
8231,7417,1.0,1
8232,6589,1.0,1
8233,5360,1.0,1
8234,8273,1.0,1
8235,6222,1.0,1
8236,8764,1.0,1
8237,143,1.0,1
8238,6027,1.0,1
8239,8154,1.0,1
8240,3068,1.0,1
8241,1085,1.0,1
8242,8724,1.0,1
8243,7889,1.0,1
8244,2490,1.0,1
8245,2884,1.0,1
8246,6810,1.0,1
8247,2844,1.0,1
8248,5486,1.0,1
8249,2848,1.0,1
8250,162,1.0,1
8251,1846,1.0,1
8252,6574,1.0,1
8253,2048,0.5,1
8253,3667,0.5,0
8254,8657,1.0,1
8255,5887,1.0,1
8256,1927,1.0,1
8257,8290,1.0,1
8258,1793,1.0,1
8259,4189,1.0,1
8260,9343,1.0,1
8261,3134,1.0,1
8262,1773,1.0,1
8263,3082,1.0,1
8264,9082,1.0,1
8265,2038,1.0,1
8266,5790,1.0,1
8267,3646,1.0,1
8268,7456,1.0,1
8269,705,1.0,1
8270,1029,1.0,1
8271,5671,1.0,1
8272,6351,1.0,1
8273,3030,1.0,1
8274,1131,1.0,1
8275,6392,1.0,1
8276,8132,1.0,1
8277,3339,1.0,1
8278,4703,1.0,1
8279,4871,1.0,1
8280,1539,1.0,1
8281,6620,1.0,1
8282,2186,1.0,1
8283,5604,1.0,1
8284,2232,1.0,1
8285,5221,1.0,1
8286,7951,1.0,1
8287,3236,1.0,1
8288,8919,1.0,1
8289,6096,1.0,1
8290,9457,0.5,1
8290,8435,0.5,0
8291,369,1.0,1
8292,2135,1.0,1
8293,8916,1.0,1
8294,4370,1.0,1
8295,5075,1.0,1
8296,6845,1.0,1
8297,3016,1.0,1
8298,6770,1.0,1
8299,4209,1.0,1
8300,3927,1.0,1
8301,4355,1.0,1
8302,2330,1.0,1
8303,7070,1.0,1
8304,5392,1.0,1
8305,3576,1.0,1
8306,1207,1.0,1
8307,9340,1.0,1
8308,2677,0.5,1
8308,5906,0.5,0
8309,7509,1.0,1
8310,3310,1.0,1
8311,98,1.0,1
8312,8431,1.0,1
8313,1923,1.0,1
8314,143,1.0,1
8315,4364,1.0,1
8316,5399,1.0,1
8317,9182,1.0,1
8318,7353,1.0,1
8319,3555,1.0,1
8320,7649,1.0,1
8321,1191,1.0,1
8322,3446,1.0,1
8323,6453,1.0,1
8324,2179,1.0,1
8325,3586,1.0,1
8326,9037,1.0,1
8327,3676,1.0,1
8328,6080,1.0,1
8329,536,1.0,1
8330,7396,1.0,1
8331,3630,1.0,1
8332,3105,1.0,1
8333,566,1.0,1
8334,2206,0.5,1
8334,7422,0.5,0
8335,6044,1.0,1
8336,4140,1.0,1
8337,7419,1.0,1
8338,577,1.0,1
8339,6939,1.0,1
8340,5910,1.0,1
8341,182,1.0,1
8342,2410,1.0,1
8343,4920,1.0,1
8344,7265,1.0,1
8345,8546,1.0,1
8346,1030,0.5,1
8346,2931,0.5,0
8347,8245,1.0,1
8348,2005,1.0,1
8349,644,1.0,1
8350,3800,1.0,1
8351,4260,1.0,1
8352,6353,1.0,1
8353,3325,1.0,1
8354,5159,1.0,1
8355,567,1.0,1
8356,624,1.0,1
8357,7885,1.0,1
8358,4562,1.0,1
8359,7130,1.0,1
8360,1002,1.0,1
8361,6361,1.0,1
8362,1790,1.0,1
8363,7524,1.0,1
8364,1647,1.0,1
8365,5130,1.0,1
8366,1908,1.0,1
8367,9099,1.0,1
8368,6966,1.0,1
8369,6557,1.0,1
8370,5846,1.0,1
8371,8484,1.0,1
8372,4096,1.0,1
8373,7805,1.0,1
8374,2127,1.0,1
8375,7084,1.0,1
8376,1971,1.0,1
8377,1305,1.0,1
8378,4915,1.0,1
8379,7830,1.0,1
8380,8233,1.0,1
8381,1794,1.0,1
8382,7261,1.0,1
8383,2512,1.0,1
8384,5246,1.0,1
8385,8030,1.0,1
8386,2142,1.0,1
8387,8073,1.0,1
8388,5075,1.0,1
8389,7576,1.0,1
8390,21,1.0,1
8391,9219,1.0,1
8392,1724,1.0,1
8393,6514,1.0,1
8394,6179,1.0,1
8395,8736,1.0,1
8396,6743,1.0,1
8397,1412,1.0,1
8398,4594,1.0,1
8399,6223,1.0,1
8400,9070,1.0,1
8401,6890,1.0,1
8402,5718,1.0,1
8403,6522,1.0,1
8404,6957,1.0,1
8405,3205,1.0,1
8406,21,1.0,1
8407,5075,1.0,1
8408,258,1.0,1
8409,7452,1.0,1
8410,3449,1.0,1
8411,143,1.0,1
8412,1407,1.0,1
8413,5811,1.0,1
8414,233,1.0,1
8415,9220,1.0,1
8416,6039,1.0,1
8417,4228,1.0,1
8418,648,1.0,1
8419,8295,1.0,1
8420,691,1.0,1
8421,4521,1.0,1
8422,8936,1.0,1
8423,5342,1.0,1
8424,7481,1.0,1
8425,2195,1.0,1
8426,562,1.0,1
8427,5351,1.0,1
8428,6503,1.0,1
8429,3659,1.0,1
8430,5091,1.0,1
8431,4861,1.0,1
8432,4282,1.0,1
8433,3127,1.0,1
8434,4510,1.0,1
8435,2119,1.0,1
8436,8179,1.0,1
8437,375,1.0,1
8438,2767,1.0,1
8439,3442,1.0,1
8440,4554,1.0,1
8441,4076,1.0,1
8442,9067,1.0,1
8443,206,1.0,1
8444,1053,1.0,1
8445,5871,1.0,1
8446,4021,1.0,1
8447,6477,1.0,1
8448,5811,1.0,1
8449,6561,0.5,1
8449,719,0.5,0
8450,4523,1.0,1
8451,1131,1.0,1
8452,4901,1.0,1
8453,8965,1.0,1
8454,6453,1.0,1
8455,1399,1.0,1
8456,8901,1.0,1
8457,1245,1.0,1
8458,3329,1.0,1
8459,4651,1.0,1
8460,5811,1.0,1
8461,138,1.0,1
8462,2034,0.5,1
8462,7025,0.5,0
8463,2350,1.0,1
8464,7348,1.0,1
8465,2765,1.0,1
8466,5433,1.0,1
8467,5470,1.0,1
8468,1392,1.0,1
8469,6604,1.0,1
8470,6860,1.0,1
8471,9310,1.0,1
8472,21,1.0,1
8473,6325,1.0,1
8474,4260,1.0,1
8475,7830,1.0,1
8476,8507,1.0,1
8477,529,1.0,1
8478,7830,1.0,1
8479,1534,1.0,1
8480,6353,1.0,1
8481,534,1.0,1
8482,1519,1.0,1
8483,5304,1.0,1
8484,6096,1.0,1
8485,3849,1.0,1
8486,3938,1.0,1
8487,5811,1.0,1
8488,2711,1.0,1
8489,6865,1.0,1
8490,211,1.0,1
8491,4758,1.0,1
8492,7797,1.0,1
8493,2449,1.0,1
8494,932,1.0,1
8495,5412,0.5,1
8495,8277,0.5,0
8496,2945,1.0,1
8497,6185,1.0,1
8498,2404,1.0,1
8499,4129,1.0,1
8500,8581,1.0,1
8501,3855,1.0,1
8502,6261,1.0,1
8503,7203,1.0,1
8504,2970,1.0,1
8505,952,1.0,1
8506,4546,1.0,1
8507,6096,1.0,1
8508,5655,1.0,1
8509,4918,1.0,1
8510,7065,1.0,1
8511,9162,1.0,1
8512,6689,1.0,1
8513,4145,1.0,1
8514,6698,1.0,1
8515,3004,1.0,1
8516,7564,1.0,1
8517,2946,1.0,1
8518,5160,1.0,1
8519,5788,1.0,1
8520,389,1.0,1
8521,2908,1.0,1
8522,7703,0.5,1
8522,5521,0.5,0
8523,5683,1.0,1
8524,3619,1.0,1
8525,735,1.0,1
8526,4886,1.0,1
8527,3380,1.0,1
8528,8293,0.5,1
8528,6589,0.5,0
8529,5635,1.0,1
8530,8599,1.0,1
8531,203,1.0,1
8532,4011,1.0,1
8533,3731,1.0,1
8534,2283,1.0,1
8535,1294,1.0,1
8536,5075,1.0,1
8537,359,1.0,1
8538,3032,1.0,1
8539,5983,1.0,1
8540,6565,1.0,1
8541,2293,1.0,1
8542,4310,1.0,1
8543,5850,1.0,1
8544,8563,1.0,1
8545,7657,1.0,1
8546,3524,1.0,1
8547,2730,1.0,1
8548,8979,1.0,1
8549,2949,1.0,1
8550,5933,1.0,1
8551,1240,1.0,1
8552,889,1.0,1
8553,6999,1.0,1
8554,4176,1.0,1
8555,7990,0.5,1
8555,5790,0.5,0
8556,3295,1.0,1
8557,473,1.0,1
8558,7512,1.0,1
8559,6282,1.0,1
8560,5525,1.0,1
8561,7175,1.0,1
8562,325,1.0,1
8563,6006,1.0,1
8564,6079,1.0,1
8565,4280,1.0,1
8566,4260,1.0,1
8567,355,1.0,1
8568,7627,1.0,1
8569,5794,1.0,1
8570,855,1.0,1
8571,5398,1.0,1
8572,5556,1.0,1
8573,2852,1.0,1
8574,7649,0.5,1
8574,8138,0.5,0
8575,4260,1.0,1
8576,984,1.0,1
8577,6194,1.0,1
8578,1369,1.0,1
8579,3775,1.0,1
8580,7005,1.0,1
8581,2574,1.0,1
8582,8594,1.0,1
8583,4042,1.0,1
8584,290,1.0,1
8585,6922,1.0,1
8586,2727,1.0,1
8587,9210,1.0,1
8588,2303,1.0,1
8589,1302,1.0,1
8590,8017,1.0,1
8591,270,1.0,1
8592,1013,1.0,1
8593,5208,1.0,1
8594,4441,1.0,1
8595,3400,1.0,1
8596,4538,1.0,1
8597,7175,1.0,1
8598,4015,1.0,1
8599,5469,1.0,1
8600,2946,1.0,1
8601,9287,1.0,1
8602,1044,1.0,1
8603,3186,1.0,1
8604,207,1.0,1
8605,3566,1.0,1
8606,2282,1.0,1
8607,2448,1.0,1
8608,3425,1.0,1
8609,1784,1.0,1
8610,7604,1.0,1
8611,4976,1.0,1
8612,3542,1.0,1
8613,4733,1.0,1
8614,1993,1.0,1
8615,3107,1.0,1
8616,7583,1.0,1
8617,1584,1.0,1
8618,2376,1.0,1
8619,5044,1.0,1
8620,4861,1.0,1
8621,614,1.0,1
8622,2114,1.0,1
8623,9126,0.5,1
8623,8877,0.5,0
8624,1186,1.0,1
8625,9230,1.0,1
8626,3687,1.0,1
8627,4196,1.0,1
8628,1090,1.0,1
8629,2776,1.0,1
8630,3134,1.0,1
8631,5988,1.0,1
8632,8918,1.0,1
8633,3978,1.0,1
8634,7412,1.0,1
8635,5811,1.0,1
8636,5075,1.0,1
8637,1161,1.0,1
8638,6381,1.0,1
8639,2946,1.0,1
8640,4433,1.0,1
8641,4433,1.0,1
8642,1590,1.0,1
8643,5075,1.0,1
8644,3336,1.0,1
8645,5827,1.0,1
8646,5287,1.0,1
8647,2754,1.0,1
8648,877,1.0,1
8649,4186,1.0,1
8650,4005,0.5,1
8650,1880,0.5,0
8651,1754,1.0,1
8652,5482,1.0,1
8653,2584,1.0,1
8654,8328,0.5,1
8654,8680,0.5,0
8655,3947,1.0,1
8656,5760,1.0,1
8657,1610,1.0,1
8658,1775,1.0,1
8659,2418,1.0,1
8660,590,1.0,1
8661,1090,1.0,1
8662,6802,1.0,1
8663,4196,1.0,1
8664,8410,1.0,1
8665,7611,1.0,1
8666,4035,1.0,1
8667,2917,1.0,1
8668,8290,1.0,1
8669,5055,1.0,1
8670,7946,1.0,1
8671,121,1.0,1
8672,6020,1.0,1
8673,5227,1.0,1
8674,2243,1.0,1
8675,3557,1.0,1
8676,4325,1.0,1
8677,2743,1.0,1
8678,6093,1.0,1
8679,6145,1.0,1
8680,2517,1.0,1
8681,3937,1.0,1
8682,615,1.0,1
8683,2228,1.0,1
8684,6860,1.0,1
8685,5819,1.0,1
8686,7836,1.0,1
8687,1908,1.0,1
8688,4641,1.0,1
8689,3704,1.0,1
8690,4139,1.0,1
8691,4919,1.0,1
8692,1762,1.0,1
8693,9332,1.0,1
8694,3349,1.0,1
8695,7649,1.0,1
8696,496,1.0,1
8697,659,1.0,1
8698,4849,1.0,1
8699,3044,1.0,1
8700,5189,1.0,1
8701,7937,1.0,1
8702,4433,1.0,1
8703,4260,1.0,1
8704,3780,1.0,1
8705,8747,1.0,1
8706,5797,1.0,1
8707,2342,1.0,1
8708,2512,1.0,1
8709,1438,1.0,1
8710,1990,1.0,1
8711,156,1.0,1
8712,3269,1.0,1
8713,4260,1.0,1
8714,9276,1.0,1
8715,6664,1.0,1
8716,5167,1.0,1
8717,4260,1.0,1
8718,4260,1.0,1
8719,3663,1.0,1
8720,8772,1.0,1
8721,6404,1.0,1
8722,8125,1.0,1
8723,6279,1.0,1
8724,4117,1.0,1
8725,9142,1.0,1
8726,4398,1.0,1
8727,4260,1.0,1
8728,9339,1.0,1
8729,5168,1.0,1
8730,9300,1.0,1
8731,6135,1.0,1
8732,4307,1.0,1
8733,790,1.0,1
8734,1886,0.5,1
8734,8389,0.5,0
8735,4800,1.0,1
8736,2338,1.0,1
8737,5698,1.0,1
8738,3817,1.0,1
8739,5402,1.0,1
8740,5841,1.0,1
8741,6860,1.0,1
8742,4813,1.0,1
8743,6774,1.0,1
8744,8930,1.0,1
8745,2107,1.0,1
8746,4480,1.0,1
8747,3956,1.0,1
8748,1854,1.0,1
8749,2501,1.0,1
8750,7076,1.0,1
8751,5917,1.0,1
8752,2473,1.0,1
8753,2822,1.0,1
8754,8486,1.0,1
8755,3115,1.0,1
8756,6124,1.0,1
8757,8551,1.0,1
8758,9448,1.0,1
8759,7815,1.0,1
8760,5445,1.0,1
8761,7585,1.0,1
8762,951,1.0,1
8763,4761,1.0,1
8764,8942,1.0,1
8765,6363,1.0,1
8766,102,1.0,1
8767,6503,1.0,1
8768,7963,1.0,1
8769,310,1.0,1
8770,1747,1.0,1
8771,940,1.0,1
8772,2310,1.0,1
8773,2777,1.0,1
8774,6110,1.0,1
8775,6205,1.0,1
8776,3596,1.0,1
8777,3747,1.0,1
8778,653,1.0,1
8779,5549,1.0,1
8780,3158,1.0,1
8781,1988,1.0,1
8782,4604,1.0,1
8783,8789,1.0,1
8784,8884,1.0,1
8785,8087,1.0,1
8786,8055,1.0,1
8787,6978,1.0,1
8788,5811,1.0,1
8789,8470,1.0,1
8790,8201,1.0,1
8791,6381,1.0,1
8792,9013,1.0,1
8793,9333,1.0,1
8794,3818,1.0,1
8795,467,1.0,1
8796,170,1.0,1
8797,2350,1.0,1
8798,1746,1.0,1
8799,3457,1.0,1
8800,2112,1.0,1
8801,3891,1.0,1
8802,4260,1.0,1
8803,9226,1.0,1
8804,4270,1.0,1
8805,3402,1.0,1
8806,4127,1.0,1
8807,5045,1.0,1
8808,5688,1.0,1
8809,2512,1.0,1
8810,4078,1.0,1
8811,1530,1.0,1
8812,7163,1.0,1
8813,2522,1.0,1
8814,3354,1.0,1
8815,4196,1.0,1
8816,252,1.0,1
8817,1676,1.0,1
8818,741,1.0,1
8819,1088,1.0,1
8820,3325,1.0,1
8821,2821,1.0,1
8822,5440,1.0,1
8823,4795,1.0,1
8824,2786,1.0,1
8825,7146,1.0,1
8826,7065,1.0,1
8827,6424,1.0,1
8828,1556,1.0,1
8829,9269,1.0,1
8830,157,1.0,1
8831,7065,1.0,1
8832,6126,1.0,1
8833,97,1.0,1
8834,4615,1.0,1
8835,730,1.0,1
8836,7631,1.0,1
8837,2201,1.0,1
8838,4363,1.0,1
8839,6976,1.0,1
8840,7984,1.0,1
8841,4707,1.0,1
8842,6543,1.0,1
8843,6925,1.0,1
8844,488,1.0,1
8845,9349,1.0,1
8846,8410,1.0,1
8847,6038,1.0,1
8848,1238,1.0,1
8849,9435,1.0,1
8850,8285,1.0,1
8851,9016,1.0,1
8852,8931,1.0,1
8853,7348,1.0,1
8854,1651,1.0,1
8855,4322,1.0,1
8856,3983,1.0,1
8857,1311,1.0,1
8858,2828,1.0,1
8859,4261,1.0,1
8860,9086,1.0,1
8861,4981,1.0,1
8862,5749,1.0,1
8863,5538,1.0,1
8864,4260,1.0,1
8865,4260,1.0,1
8866,759,1.0,1
8867,2922,1.0,1
8868,9434,1.0,1
8869,3192,1.0,1
8870,6402,1.0,1
8871,6236,1.0,1
8872,9254,1.0,1
8873,3176,1.0,1
8874,3580,1.0,1
8875,5260,1.0,1
8876,3539,1.0,1
8877,2946,1.0,1
8878,5401,1.0,1
8879,152,1.0,1
8880,5338,1.0,1
8881,1016,1.0,1
8882,2956,1.0,1
8883,20,1.0,1
8884,6546,1.0,1
8885,5302,1.0,1
8886,6220,1.0,1
8887,4178,1.0,1
8888,514,1.0,1
8889,6236,1.0,1
8890,8798,0.5,1
8890,21,0.5,0
8891,5927,0.5,1
8891,8435,0.5,0
8892,3457,1.0,1
8893,3645,1.0,1
8894,8765,1.0,1
8895,831,1.0,1
8896,859,1.0,1
8897,8540,1.0,1
8898,465,0.5,1
8898,2946,0.5,0
8899,5572,1.0,1
8900,5593,1.0,1
8901,7433,1.0,1
8902,7131,1.0,1
8903,1088,1.0,1
8904,4085,1.0,1
8905,8629,1.0,1
8906,8318,1.0,1
8907,6381,1.0,1
8908,7880,1.0,1
8909,3769,1.0,1
8910,4741,1.0,1
8911,7978,1.0,1
8912,281,1.0,1
8913,7065,1.0,1
8914,2322,1.0,1
8915,1182,1.0,1
8916,79,1.0,1
8917,7242,1.0,1
8918,6667,1.0,1
8919,2038,1.0,1
8920,6453,1.0,1
8921,4230,1.0,1
8922,9446,1.0,1
8923,8578,1.0,1
8924,5148,1.0,1
8925,4088,1.0,1
8926,3331,1.0,1
8927,1688,1.0,1
8928,4260,1.0,1
8929,203,1.0,1
8930,2154,1.0,1
8931,7697,1.0,1
8932,5956,1.0,1
8933,1534,1.0,1
8934,884,1.0,1
8935,5811,1.0,1
8936,4402,1.0,1
8937,8923,1.0,1
8938,732,1.0,1
8939,4637,1.0,1
8940,706,0.5,1
8940,707,0.5,0
8941,1667,1.0,1
8942,6750,1.0,1
8943,3122,1.0,1
8944,9184,1.0,1
8945,5334,0.5,1
8945,6138,0.5,0
8946,2333,1.0,1
8947,56,1.0,1
8948,4907,1.0,1
8949,3021,1.0,1
8950,6005,1.0,1
8951,3608,1.0,1
8952,6532,1.0,1
8953,3127,1.0,1
8954,8549,1.0,1
8955,7346,0.5,1
8955,7318,0.5,0
8956,217,1.0,1
8957,8884,1.0,1
8958,5613,1.0,1
8959,5960,1.0,1
8960,2310,1.0,1
8961,5307,1.0,1
8962,2373,1.0,1
8963,4477,1.0,1
8964,5384,1.0,1
8965,8973,1.0,1
8966,8648,1.0,1
8967,5182,1.0,1
8968,8703,1.0,1
8969,449,1.0,1
8970,2507,1.0,1
8971,1749,1.0,1
8972,849,1.0,1
8973,7637,1.0,1
8974,3759,1.0,1
8975,8783,1.0,1
8976,6096,1.0,1
8977,6745,1.0,1
8978,6398,1.0,1
8979,246,0.5,1
8979,8884,0.5,0
8980,2101,1.0,1
8981,3258,1.0,1
8982,1171,1.0,1
8983,2921,0.5,1
8983,8884,0.5,0
8984,1077,1.0,1
8985,1269,0.5,1
8985,8389,0.5,0
8986,6730,0.5,1
8986,4896,0.5,0
8987,8317,1.0,1
8988,3035,1.0,1
8989,8276,1.0,1
8990,558,1.0,1
8991,7935,1.0,1
8992,7152,1.0,1
8993,8886,1.0,1
8994,3463,1.0,1
8995,5660,1.0,1
8996,6453,1.0,1
8997,8762,1.0,1
8998,6963,1.0,1
8999,6144,1.0,1
9000,1534,1.0,1
9001,1534,1.0,1
9002,3192,1.0,1
9003,4704,1.0,1
9004,3265,1.0,1
9005,2187,1.0,1
9006,7065,1.0,1
9007,6133,1.0,1
9008,457,1.0,1
9009,5811,1.0,1
9010,2946,1.0,1
9011,9339,1.0,1
9012,619,1.0,1
9013,4838,1.0,1
9014,5084,1.0,1
9015,6397,1.0,1
9016,7108,1.0,1
9017,1682,1.0,1
9018,4269,0.5,1
9018,2848,0.5,0
9019,6019,1.0,1
9020,7255,1.0,1
9021,4930,1.0,1
9022,3122,0.5,1
9022,8389,0.5,0
9023,9177,1.0,1
9024,4521,1.0,1
9025,1088,1.0,1
9026,3871,1.0,1
9027,2862,1.0,1
9028,5911,1.0,1
9029,807,1.0,1
9030,5160,1.0,1
9031,7073,1.0,1
9032,6763,1.0,1
9033,6469,1.0,1
9034,8923,1.0,1
9035,456,1.0,1
9036,325,1.0,1
9037,8784,1.0,1
9038,6305,1.0,1
9039,3552,1.0,1
9040,8497,1.0,1
9041,7015,1.0,1
9042,2262,1.0,1
9043,2338,1.0,1
9044,3431,1.0,1
9045,5797,1.0,1
9046,4139,1.0,1
9047,1483,1.0,1
9048,2946,1.0,1
9049,5082,1.0,1
9050,3553,1.0,1
9051,6969,1.0,1
9052,3712,1.0,1
9053,5816,1.0,1
9054,5754,1.0,1
9055,8769,1.0,1
9056,2182,1.0,1
9057,4632,1.0,1
9058,1101,1.0,1
9059,5312,1.0,1
9060,5794,1.0,1
9061,269,1.0,1
9062,4624,1.0,1
9063,8666,1.0,1
9064,2762,1.0,1
9065,5601,1.0,1
9066,8681,1.0,1
9067,7484,1.0,1
9068,1534,1.0,1
9069,2019,1.0,1
9070,9293,1.0,1
9071,6368,1.0,1
9072,1937,1.0,1
9073,4260,1.0,1
9074,6051,1.0,1
9075,4631,1.0,1
9076,6641,1.0,1
9077,9114,1.0,1
9078,4844,1.0,1
9079,4566,1.0,1
9080,8250,1.0,1
9081,5895,1.0,1
9082,1277,1.0,1
9083,1625,0.5,1
9083,4679,0.5,0
9084,5658,1.0,1
9085,3400,1.0,1
9086,5973,1.0,1
9087,9250,1.0,1
9088,4599,1.0,1
9089,3845,1.0,1
9090,1878,1.0,1
9091,5776,1.0,1
9092,143,1.0,1
9093,8866,1.0,1
9094,521,1.0,1
9095,6561,1.0,1
9096,12,1.0,1
9097,6535,1.0,1
9098,8760,1.0,1
9099,334,1.0,1
9100,3288,1.0,1
9101,461,1.0,1
9102,64,1.0,1
9103,3693,1.0,1
9104,5811,1.0,1
9105,4196,1.0,1
9106,9017,1.0,1
9107,805,1.0,1
9108,8223,1.0,1
9109,7201,1.0,1
9110,9169,1.0,1
9111,4502,1.0,1
9112,6358,1.0,1
9113,3967,1.0,1
9114,5191,1.0,1
9115,5773,1.0,1
9116,8151,1.0,1
9117,8516,1.0,1
9118,3140,1.0,1
9119,6853,1.0,1
9120,3519,1.0,1
9121,5794,1.0,1
9122,7108,1.0,1
9123,4549,1.0,1
9124,1817,1.0,1
9125,5811,1.0,1
9126,8319,1.0,1
9127,8154,1.0,1
9128,263,1.0,1
9129,8685,1.0,1
9130,1747,1.0,1
9131,3457,1.0,1
9132,2194,0.5,1
9132,3122,0.5,0
9133,3696,1.0,1
9134,2350,1.0,1
9135,8607,1.0,1
9136,7237,1.0,1
9137,8214,1.0,1
9138,6389,1.0,1
9139,7957,1.0,1
9140,7862,1.0,1
9141,2443,1.0,1
9142,6957,1.0,1
9143,8032,1.0,1
9144,7213,1.0,1
9145,4062,1.0,1
9146,4489,1.0,1
9147,2704,1.0,1
9148,383,1.0,1
9149,8580,1.0,1
9150,1066,1.0,1
9151,2710,1.0,1
9152,9160,1.0,1
9153,7996,1.0,1
9154,5482,1.0,1
9155,4139,1.0,1
9156,196,0.333333,1
9156,7547,0.333333,0
9156,1992,0.333333,0
9157,5811,1.0,1
9158,3260,1.0,1
9159,8923,1.0,1
9160,3678,1.0,1
9161,5794,1.0,1
9162,663,1.0,1
9163,2028,1.0,1
9164,9030,1.0,1
9165,6128,1.0,1
9166,3426,1.0,1
9167,3122,0.5,1
9167,8070,0.5,0
9168,4294,1.0,1
9169,6011,1.0,1
9170,5585,1.0,1
9171,5663,1.0,1
9172,8815,1.0,1
9173,3666,1.0,1
9174,1706,1.0,1
9175,5075,1.0,1
9176,746,1.0,1
9177,4992,1.0,1
9178,8525,1.0,1
9179,671,1.0,1
9180,1871,1.0,1
9181,188,1.0,1
9182,7990,0.5,1
9182,5790,0.5,0
9183,1534,1.0,1
9184,1506,1.0,1
9185,7913,1.0,1
9186,7204,1.0,1
9187,8245,1.0,1
9188,5583,1.0,1
9189,5023,1.0,1
9190,2338,1.0,1
9191,8919,1.0,1
9192,7649,1.0,1
9193,1229,1.0,1
9194,8937,1.0,1
9195,4855,1.0,1
9196,6537,1.0,1
9197,4646,1.0,1
9198,7213,1.0,1
9199,5424,1.0,1
9200,2954,1.0,1
9201,8670,1.0,1
9202,7687,1.0,1
9203,5442,1.0,1
9204,4794,1.0,1
9205,386,1.0,1
9206,629,1.0,1
9207,8683,1.0,1
9208,1631,0.5,1
9208,5906,0.5,0
9209,8015,1.0,1
9210,37,1.0,1
9211,8120,1.0,1
9212,1590,1.0,1
9213,8945,1.0,1
9214,2038,1.0,1
9215,3091,1.0,1
9216,4026,1.0,1
9217,5846,1.0,1
9218,1220,1.0,1
9219,8381,1.0,1
9220,8872,1.0,1
9221,887,1.0,1
9222,4404,1.0,1
9223,1868,1.0,1
9224,7388,1.0,1
9225,1705,1.0,1
9226,8004,1.0,1
9227,8245,1.0,1
9228,5811,1.0,1
9229,3325,1.0,1
9230,7551,1.0,1
9231,4861,1.0,1
9232,2363,1.0,1
9233,7649,1.0,1
9234,9421,1.0,1
9235,4726,1.0,1
9236,5712,1.0,1
9237,378,1.0,1
9238,2578,1.0,1
9239,7115,1.0,1
9240,2247,1.0,1
9241,7399,1.0,1
9242,3457,1.0,1
9243,6324,1.0,1
9244,7830,1.0,1
9245,4139,1.0,1
9246,2022,1.0,1
9247,5201,1.0,1
9248,2310,1.0,1
9249,8281,1.0,1
9250,8838,1.0,1
9251,7710,1.0,1
9252,7524,1.0,1
9253,1469,1.0,1
9254,110,1.0,1
9255,659,1.0,1
9256,4205,1.0,1
9257,9249,1.0,1
9258,778,1.0,1
9259,9099,1.0,1
9260,1718,1.0,1
9261,83,0.5,1
9261,7244,0.5,0
9262,9219,1.0,1
9263,4365,1.0,1
9264,6802,1.0,1
9265,4102,1.0,1
9266,4829,1.0,1
9267,137,1.0,1
9268,7073,1.0,1
9269,4318,0.5,1
9269,5986,0.5,0
9270,3182,1.0,1
9271,7970,1.0,1
9272,8005,0.5,1
9272,2484,0.5,0
9273,2145,1.0,1
9274,7908,1.0,1
9275,3190,1.0,1
9276,3510,1.0,1
9277,4559,1.0,1
9278,4861,1.0,1
9279,9050,1.0,1
9280,5506,1.0,1
9281,8757,1.0,1
9282,1971,1.0,1
9283,9272,1.0,1
9284,6583,0.5,1
9284,4653,0.5,0
9285,4010,1.0,1
9286,3930,1.0,1
9287,1160,1.0,1
9288,2338,1.0,1
9289,6152,1.0,1
9290,6432,1.0,1
9291,4243,1.0,1
9292,730,1.0,1
9293,2633,1.0,1
9294,2234,1.0,1
9295,2127,1.0,1
9296,3522,1.0,1
9297,2350,1.0,1
9298,522,1.0,1
9299,6381,1.0,1
9300,2049,1.0,1
9301,2306,1.0,1
9302,2432,1.0,1
9303,2209,1.0,1
9304,5363,1.0,1
9305,4164,1.0,1
9306,6869,1.0,1
9307,1026,1.0,1
9308,1456,1.0,1
9309,7612,1.0,1
9310,3570,0.5,1
9310,5906,0.5,0
9311,6910,1.0,1
9312,5906,0.5,1
9312,6345,0.5,0
9313,5093,1.0,1
9314,1534,1.0,1
9315,3166,1.0,1
9316,7408,1.0,1
9317,2350,1.0,1
9318,9454,1.0,1
9319,4111,1.0,1
9320,8198,1.0,1
9321,8998,1.0,1
9322,6457,1.0,1
9323,5440,1.0,1
9324,3384,1.0,1
9325,1208,0.333333,1
9325,1177,0.333333,0
9325,6082,0.333333,0
9326,7222,0.5,1
9326,4324,0.5,0
9327,482,1.0,1
9328,4015,1.0,1
9329,1711,1.0,1
9330,3012,1.0,1
9331,8398,1.0,1
9332,4438,1.0,1
9333,4433,1.0,1
9334,3325,1.0,1
9335,6527,1.0,1
9336,3001,1.0,1
9337,56,1.0,1
9338,2940,1.0,1
9339,260,1.0,1
9340,2912,1.0,1
9341,5157,1.0,1
9342,7698,1.0,1
9343,169,1.0,1
9344,2562,1.0,1
9345,6851,1.0,1
9346,3090,1.0,1
9347,878,1.0,1
9348,3825,1.0,1
9349,8093,1.0,1
9350,5087,1.0,1
9351,611,1.0,1
9352,8550,1.0,1
9353,6691,1.0,1
9354,7134,0.5,1
9354,6785,0.5,0
9355,9186,1.0,1
9356,4803,1.0,1
9357,2998,1.0,1
9358,6072,1.0,1
9359,5882,1.0,1
9360,2044,1.0,1
9361,6292,1.0,1
9362,2716,1.0,1
9363,7810,1.0,1
9364,9266,1.0,1
9365,2946,1.0,1
9366,1809,1.0,1
9367,4220,1.0,1
9368,4799,1.0,1
9369,6712,1.0,1
9370,834,1.0,1
9371,4039,1.0,1
9372,7427,1.0,1
9373,580,1.0,1
9374,7414,1.0,1
9375,2712,1.0,1
9376,7776,1.0,1
9377,8587,1.0,1
9378,4693,1.0,1
9379,915,1.0,1
9380,8865,1.0,1
9381,1864,1.0,1
9382,4100,1.0,1
9383,583,1.0,1
9384,2757,1.0,1
9385,4098,1.0,1
9386,338,1.0,1
9387,8651,1.0,1
9388,3134,1.0,1
9389,1168,1.0,1
9390,3046,1.0,1
9391,932,1.0,1
9392,8791,1.0,1
9393,6580,1.0,1
9394,1590,1.0,1
9395,1589,1.0,1
9396,7223,1.0,1
9397,5053,1.0,1
9398,4196,1.0,1
9399,3464,1.0,1
9400,6402,1.0,1
9401,2946,1.0,1
9402,9413,1.0,1
9403,2044,1.0,1
9404,5320,1.0,1
9405,7286,1.0,1
9406,5811,1.0,1
9407,5632,1.0,1
9408,1404,1.0,1
9409,6783,1.0,1
9410,7271,1.0,1
9411,5806,1.0,1
9412,3520,1.0,1
9413,6928,1.0,1
9414,3392,0.5,1
9414,5016,0.5,0
9415,7065,1.0,1
9416,4815,1.0,1
9417,7619,1.0,1
9418,2797,1.0,1
9419,1807,1.0,1
9420,3805,0.5,1
9420,2708,0.5,0
9421,6773,1.0,1
9422,6359,1.0,1
9423,5216,1.0,1
9424,3799,1.0,1
9425,7855,1.0,1
9426,7840,1.0,1
9427,1608,1.0,1
9428,6400,1.0,1
9429,6504,1.0,1
9430,4811,1.0,1
9431,8027,1.0,1
9432,8251,1.0,1
9433,4925,1.0,1
9434,4393,1.0,1
9435,7734,1.0,1
9436,5962,1.0,1
9437,3373,1.0,1
9438,5317,1.0,1
9439,1314,1.0,1
9440,5674,1.0,1
9441,1739,1.0,1
9442,9313,1.0,1
9443,2980,1.0,1
9444,503,1.0,1
9445,5092,1.0,1
9446,593,1.0,1
9447,8764,1.0,1
9448,7735,1.0,1
9449,3441,1.0,1
9450,5637,1.0,1
9451,2310,1.0,1
9452,2524,1.0,1
9453,5508,1.0,1
9454,1164,1.0,1
9455,8692,1.0,1
9456,8501,1.0,1
9457,2068,1.0,1
9458,4026,1.0,1
9459,3287,1.0,1
9460,7666,1.0,1
9461,8575,1.0,1
9462,6510,1.0,1
9463,7496,1.0,1
9464,1733,1.0,1
9465,4798,1.0,1
9466,9400,1.0,1
9467,2169,1.0,1
9468,981,1.0,1
9469,6477,1.0,1
9470,8852,1.0,1
9471,2956,1.0,1
9472,2882,1.0,1
9473,3784,1.0,1
9474,6196,1.0,1
9475,105,1.0,1
9476,3887,1.0,1
9477,1778,1.0,1
9478,4536,1.0,1
9479,7954,1.0,1
9480,6957,1.0,1
9481,9019,1.0,1
9482,7918,1.0,1
9483,1796,1.0,1
9484,6693,1.0,1
9485,4919,1.0,1
9486,4050,1.0,1
9487,1248,1.0,1
9488,7044,1.0,1
9489,5794,1.0,1
9490,5035,1.0,1
9491,4894,1.0,1
9492,7305,1.0,1
9493,7836,1.0,1
9494,2957,1.0,1
9495,6749,1.0,1
9496,5068,1.0,1
9497,4300,1.0,1
9498,7223,1.0,1
9499,3268,1.0,1
9500,4845,1.0,1
9501,4191,1.0,1
9502,3053,1.0,1
9503,811,1.0,1
9504,6829,1.0,1
9505,7900,1.0,1
9506,7187,1.0,1
9507,485,1.0,1
9508,6146,1.0,1
9509,6111,1.0,1
9510,9275,0.5,1
9510,3715,0.5,0
9511,2054,1.0,1
9512,638,1.0,1
9513,6223,1.0,1
9514,5440,1.0,1
9515,3325,1.0,1
9516,2817,1.0,1
9517,2563,1.0,1
9518,2946,1.0,1
9519,8197,1.0,1
9520,2946,1.0,1
9521,166,1.0,1
9522,6274,1.0,1
9523,785,1.0,1
9524,6037,1.0,1
9525,5851,1.0,1
9526,6586,1.0,1
9527,5811,1.0,1
9528,5811,1.0,1
9529,5318,1.0,1
9530,774,1.0,1
9531,8923,1.0,1
9532,8183,1.0,1
9533,6957,1.0,1
9534,3325,1.0,1
9535,6780,1.0,1
9536,1836,1.0,1
9537,4694,1.0,1
9538,2890,1.0,1
9539,8037,1.0,1
9540,7830,1.0,1
9541,3258,1.0,1
9542,1753,1.0,1
9543,8568,1.0,1
9544,6162,1.0,1
9545,9188,1.0,1
9546,1276,1.0,1
9547,2419,0.5,1
9547,2788,0.5,0
9548,1458,1.0,1
9549,4826,1.0,1
9550,5961,0.5,1
9550,6037,0.5,0
9551,992,1.0,1
9552,9263,1.0,1
9553,6312,1.0,1
9554,1022,1.0,1
9555,8120,1.0,1
9556,6006,1.0,1
9557,3135,1.0,1
9558,1971,1.0,1
9559,7831,1.0,1
9560,58,1.0,1
9561,7521,1.0,1
9562,9235,1.0,1
9563,8448,1.0,1
9564,5440,1.0,1
9565,4610,1.0,1
9566,1526,1.0,1
9567,7348,1.0,1
9568,5643,1.0,1
9569,51,1.0,1
9570,6258,1.0,1
9571,8337,0.5,1
9571,5928,0.5,0
9572,1576,1.0,1
9573,4219,1.0,1
9574,8827,1.0,1
9575,7320,1.0,1
9576,2507,1.0,1
9577,7996,1.0,1
9578,5086,1.0,1
9579,7384,1.0,1
9580,2665,1.0,1
9581,4185,1.0,1
9582,3239,1.0,1
9583,5385,1.0,1
9584,5486,1.0,1
9585,9007,0.5,1
9585,6138,0.5,0
9586,1345,1.0,1
9587,5153,1.0,1
9588,394,1.0,1
9589,3200,1.0,1
9590,2296,1.0,1
9591,659,1.0,1
9592,1396,1.0,1
9593,3803,1.0,1
9594,3078,1.0,1
9595,3816,1.0,1
9596,9224,1.0,1
9597,630,1.0,1
9598,6909,1.0,1
9599,2061,1.0,1
9600,7355,1.0,1
9601,6516,1.0,1
9602,3325,1.0,1
9603,7095,0.5,1
9603,2459,0.5,0
9604,1584,1.0,1
9605,1590,1.0,1
9606,8290,1.0,1
9607,4187,1.0,1
9608,8311,1.0,1
9609,4013,1.0,1
9610,659,1.0,1
9611,2862,1.0,1
9612,4678,0.333333,1
9612,6138,0.333333,0
9612,4324,0.333333,0
9613,4574,1.0,1
9614,860,1.0,1
9615,1534,1.0,1
9616,4523,1.0,1
9617,3701,1.0,1
9618,5263,1.0,1
9619,1954,1.0,1
9620,6392,1.0,1
9621,4627,1.0,1
9622,5147,1.0,1
9623,8094,1.0,1
9624,4059,1.0,1
9625,5347,0.5,1
9625,8855,0.5,0
9626,4260,1.0,1
9627,2338,1.0,1
9628,8688,1.0,1
9629,5712,1.0,1
9630,9377,1.0,1
9631,2338,1.0,1
9632,8565,1.0,1
9633,1983,1.0,1
9634,1610,1.0,1
9635,6927,1.0,1
9636,9042,1.0,1
9637,5411,1.0,1
9638,2756,1.0,1
9639,7065,1.0,1
9640,1170,1.0,1
9641,1099,1.0,1
9642,6224,1.0,1
9643,279,1.0,1
9644,1586,1.0,1
9645,4299,1.0,1
9646,1353,1.0,1
9647,2298,1.0,1
9648,1521,1.0,1
9649,8692,1.0,1
9650,4847,1.0,1
9651,1961,1.0,1
9652,4681,1.0,1
9653,1241,1.0,1
9654,5625,0.5,1
9654,1882,0.5,0
9655,5759,1.0,1
9656,420,1.0,1
9657,3954,1.0,1
9658,7080,1.0,1
9659,8970,1.0,1
9660,8631,1.0,1
9661,6408,1.0,1
9662,2709,1.0,1
9663,6623,1.0,1
9664,8601,1.0,1
9665,9447,1.0,1
9666,2408,1.0,1
9667,355,1.0,1
9668,2063,1.0,1
9669,56,1.0,1
9670,5511,1.0,1
9671,2860,1.0,1
9672,8054,1.0,1
9673,7371,1.0,1
9674,597,1.0,1
9675,8536,1.0,1
9676,7038,1.0,1
9677,7065,1.0,1
9678,1740,1.0,1
9679,3356,1.0,1
9680,2088,1.0,1
9681,424,1.0,1
9682,6990,1.0,1
9683,8736,1.0,1
9684,8889,1.0,1
9685,8582,1.0,1
9686,9125,1.0,1
9687,6549,1.0,1
9688,3489,1.0,1
9689,1534,1.0,1
9690,2669,1.0,1
9691,6480,1.0,1
9692,548,1.0,1
9693,3834,1.0,1
9694,2933,1.0,1
9695,2346,1.0,1
9696,1868,1.0,1
9697,4747,1.0,1
9698,2199,1.0,1
9699,4040,1.0,1
9700,4470,1.0,1
9701,1441,1.0,1
9702,8938,1.0,1
9703,5606,1.0,1
9704,8875,1.0,1
9705,6815,1.0,1
9706,120,1.0,1
9707,5636,1.0,1
9708,3192,1.0,1
9709,319,1.0,1
9710,3343,1.0,1
9711,2625,1.0,1
9712,3170,1.0,1
9713,6874,1.0,1
9714,112,1.0,1
9715,928,1.0,1
9716,8886,1.0,1
9717,3294,1.0,1
9718,8743,1.0,1
9719,8845,1.0,1
9720,4260,1.0,1
9721,9164,1.0,1
9722,2350,1.0,1
9723,4175,1.0,1
9724,5797,1.0,1
9725,883,1.0,1
9726,8540,1.0,1
9727,6690,1.0,1
9728,7269,1.0,1
9729,8611,1.0,1
9730,2938,1.0,1
9731,4924,1.0,1
9732,1895,1.0,1
9733,7566,1.0,1
9734,5530,1.0,1
9735,5075,1.0,1
9736,423,1.0,1
9737,7706,1.0,1
9738,6954,1.0,1
9739,5075,1.0,1
9740,7326,1.0,1
9741,7630,1.0,1
9742,5811,1.0,1
9743,1700,1.0,1
9744,444,1.0,1
9745,7939,1.0,1
9746,8919,1.0,1
9747,756,1.0,1
9748,5666,1.0,1
9749,769,1.0,1
9750,5235,1.0,1
9751,6664,1.0,1
9752,4426,1.0,1
9753,2325,1.0,1
9754,5452,1.0,1
9755,2162,1.0,1
9756,944,1.0,1
9757,2935,1.0,1
9758,219,1.0,1
9759,8714,1.0,1
9760,1410,1.0,1
9761,8440,1.0,1
9762,553,0.5,1
9762,484,0.5,0
9763,7928,1.0,1
9764,3523,1.0,1
9765,6802,1.0,1
9766,5107,1.0,1
9767,9430,1.0,1
9768,1559,1.0,1
9769,8561,1.0,1
9770,9206,1.0,1
9771,8982,1.0,1
9772,6294,1.0,1
9773,6038,1.0,1
9774,4587,1.0,1
9775,7732,1.0,1
9776,5790,1.0,1
9777,5797,1.0,1
9778,5219,1.0,1
9779,5811,1.0,1
9780,6330,1.0,1
9781,131,1.0,1
9782,248,1.0,1
9783,3070,1.0,1
9784,5886,1.0,1
9785,5307,1.0,1
9786,8113,1.0,1
9787,6155,1.0,1
9788,64,1.0,1
9789,8764,1.0,1
9790,3505,1.0,1
9791,937,1.0,1
9792,879,1.0,1
9793,8472,1.0,1
9794,2799,1.0,1
9795,8201,1.0,1
9796,7922,1.0,1
9797,6568,1.0,1
9798,7193,1.0,1
9799,6643,1.0,1
9800,7642,1.0,1
9801,4756,1.0,1
9802,5811,1.0,1
9803,8373,1.0,1
9804,2529,1.0,1
9805,5811,1.0,1
9806,3265,1.0,1
9807,7869,1.0,1
9808,3023,1.0,1
9809,6354,1.0,1
9810,8224,1.0,1
9811,7480,1.0,1
9812,1793,1.0,1
9813,4196,1.0,1
9814,1454,1.0,1
9815,6204,1.0,1
9816,4192,1.0,1
9817,720,1.0,1
9818,4827,1.0,1
9819,9124,1.0,1
9820,287,1.0,1
9821,433,1.0,1
9822,8260,1.0,1
9823,8293,1.0,1
9824,5846,1.0,1
9825,7940,1.0,1
9826,8777,0.5,1
9826,6138,0.5,0
9827,159,1.0,1
9828,9162,1.0,1
9829,3165,1.0,1
9830,357,1.0,1
9831,659,1.0,1
9832,1571,1.0,1
9833,2038,1.0,1
9834,6223,1.0,1
9835,8381,1.0,1
9836,629,1.0,1
9837,7907,1.0,1
9838,8776,1.0,1
9839,5593,1.0,1
9840,1155,1.0,1
9841,6786,1.0,1
9842,5342,1.0,1
9843,2910,1.0,1
9844,8435,1.0,1
9845,8919,1.0,1
9846,4835,0.5,1
9846,7791,0.5,0
9847,4657,1.0,1
9848,6086,1.0,1
9849,7712,1.0,1
9850,3945,1.0,1
9851,2090,1.0,1
9852,2690,1.0,1
9853,3312,1.0,1
9854,9115,1.0,1
9855,2785,1.0,1
9856,7517,1.0,1
9857,4734,1.0,1
9858,9384,1.0,1
9859,7504,1.0,1
9860,3856,1.0,1
9861,6716,1.0,1
9862,7220,1.0,1
9863,4774,1.0,1
9864,8500,1.0,1
9865,3083,1.0,1
9866,3803,1.0,1
9867,2350,1.0,1
9868,2300,0.166667,1
9868,6239,0.166667,0
9868,351,0.166667,0
9868,3298,0.166667,0
9868,8368,0.166667,0
9868,6413,0.166667,0
9869,6007,1.0,1
9870,8298,1.0,1
9871,1327,1.0,1
9872,1131,1.0,1
9873,2956,1.0,1
9874,9292,1.0,1
9875,6600,1.0,1
9876,4969,1.0,1
9877,5811,1.0,1
9878,4909,1.0,1
9879,6906,1.0,1
9880,4346,1.0,1
9881,4587,1.0,1
9882,2885,1.0,1
9883,3352,1.0,1
9884,3971,1.0,1
9885,2151,1.0,1
9886,3733,1.0,1
9887,6409,1.0,1
9888,3587,1.0,1
9889,9190,1.0,1
9890,1626,1.0,1
9891,1295,1.0,1
9892,2495,1.0,1
9893,1971,1.0,1
9894,8617,1.0,1
9895,4548,1.0,1
9896,5559,1.0,1
9897,247,1.0,1
9898,7938,1.0,1
9899,2371,1.0,1
9900,5025,1.0,1
9901,2943,1.0,1
9902,1464,1.0,1
9903,5811,1.0,1
9904,2995,1.0,1
9905,2866,1.0,1
9906,8919,1.0,1
9907,3568,1.0,1
9908,9250,1.0,1
9909,8923,1.0,1
9910,9018,1.0,1
9911,8014,1.0,1
9912,8722,1.0,1
9913,5196,0.5,1
9913,3228,0.5,0
9914,5295,1.0,1
9915,3505,1.0,1
9916,5991,1.0,1
9917,2128,1.0,1
9918,8416,1.0,1
9919,5928,1.0,1
9920,5378,1.0,1
9921,7767,1.0,1
9922,5187,1.0,1
9923,1623,1.0,1
9924,2318,1.0,1
9925,5183,1.0,1
9926,3899,1.0,1
9927,854,1.0,1
9928,2038,1.0,1
9929,5913,1.0,1
9930,806,1.0,1
9931,2607,1.0,1
9932,5905,1.0,1
9933,7098,1.0,1
9934,8943,1.0,1
9935,1638,1.0,1
9936,1000,1.0,1
9937,9103,1.0,1
9938,6675,1.0,1
9939,4196,1.0,1
9940,9023,1.0,1
9941,6168,1.0,1
9942,8687,1.0,1
9943,3554,1.0,1
9944,701,1.0,1
9945,6833,1.0,1
9946,5796,1.0,1
9947,7808,1.0,1
9948,2679,1.0,1
9949,4363,1.0,1
9950,3828,1.0,1
9951,9240,1.0,1
9952,6114,1.0,1
9953,8544,1.0,1
9954,2512,1.0,1
9955,9403,1.0,1
9956,6880,1.0,1
9957,254,1.0,1
9958,2985,1.0,1
9959,5736,1.0,1
9960,3134,1.0,1
9961,6087,1.0,1
9962,6802,1.0,1
9963,2038,1.0,1
9964,4991,1.0,1
9965,5446,1.0,1
9966,4579,1.0,1
9967,6561,1.0,1
9968,6883,1.0,1
9969,8045,1.0,1
9970,5623,1.0,1
9971,5892,1.0,1
9972,3603,1.0,1
9973,870,1.0,1
9974,3938,1.0,1
9975,4892,1.0,1
9976,2745,1.0,1
9977,1875,1.0,1
9978,5322,1.0,1
9979,331,1.0,1
9980,3150,0.5,1
9980,7484,0.5,0
9981,8767,1.0,1
9982,8933,1.0,1
9983,2623,1.0,1
9984,411,1.0,1
9985,4705,1.0,1
9986,8929,1.0,1
9987,6295,1.0,1
9988,3417,1.0,1
9989,8918,1.0,1
9990,3215,1.0,1
9991,2201,1.0,1
9992,6381,1.0,1
9993,6234,1.0,1
9994,2558,1.0,1
9995,4543,1.0,1
9996,7741,1.0,1
9997,4969,1.0,1
9998,683,1.0,1
9999,9339,1.0,1
10000,1832,1.0,1
10001,7600,1.0,1
10002,6748,1.0,1
10003,7163,1.0,1
10004,1687,1.0,1
10005,2651,1.0,1
10006,8961,1.0,1
10007,4260,1.0,1
10008,7549,1.0,1
10009,3833,0.5,1
10009,3593,0.5,0
10010,2202,1.0,1
10011,3703,1.0,1
10012,3280,1.0,1
10013,9428,1.0,1
10014,8766,1.0,1
10015,9336,1.0,1
10016,6880,1.0,1
10017,8919,1.0,1
10018,6379,1.0,1
10019,777,1.0,1
10020,730,1.0,1
10021,5446,1.0,1
10022,4156,1.0,1
10023,7348,1.0,1
10024,8927,1.0,1
10025,4015,1.0,1
10026,4538,1.0,1
10027,4106,1.0,1
10028,7491,0.5,1
10028,8297,0.5,0
10029,4921,1.0,1
10030,4919,1.0,1
10031,6454,1.0,1
10032,3496,1.0,1
10033,4763,1.0,1
10034,3757,1.0,1
10035,3056,1.0,1
10036,6931,1.0,1
10037,4037,1.0,1
10038,1534,1.0,1
10039,6772,1.0,1
10040,2761,1.0,1
10041,5493,1.0,1
10042,8919,1.0,1
10043,3457,1.0,1
10044,737,1.0,1
10045,5675,1.0,1
10046,3457,1.0,1
10047,5811,1.0,1
10048,8366,1.0,1
10049,4781,1.0,1
10050,8547,0.5,1
10050,2148,0.5,0
10051,6597,1.0,1
10052,4886,1.0,1
10053,7520,1.0,1
10054,1534,1.0,1
10055,3333,1.0,1
10056,8075,1.0,1
10057,8055,1.0,1
10058,6619,1.0,1
10059,7327,1.0,1
10060,6763,1.0,1
10061,7945,1.0,1
10062,7158,1.0,1
10063,2543,1.0,1
10064,5387,1.0,1
10065,4667,1.0,1
10066,5713,1.0,1
10067,2597,1.0,1
10068,2542,1.0,1
10069,143,1.0,1
10070,4346,1.0,1
10071,7784,1.0,1
10072,2718,1.0,1
10073,764,0.5,1
10073,2538,0.5,0
10074,93,1.0,1
10075,6394,1.0,1
10076,2391,1.0,1
10077,4196,1.0,1
10078,6780,1.0,1
10079,7348,1.0,1
10080,8564,1.0,1
10081,6770,1.0,1
10082,565,1.0,1
10083,2731,0.333333,1
10083,280,0.333333,0
10083,1173,0.333333,0
10084,654,0.5,1
10084,6598,0.5,0
10085,1507,1.0,1
10086,7956,0.5,1
10086,2527,0.5,0
10087,7982,1.0,1
10088,6849,0.5,1
10088,5608,0.5,0
10089,8685,1.0,1
10090,5635,1.0,1
10091,6886,1.0,1
10092,8141,1.0,1
10093,6914,1.0,1
10094,5407,1.0,1
10095,5266,1.0,1
10096,6980,1.0,1
10097,8509,1.0,1
10098,1986,1.0,1
10099,935,1.0,1
10100,9073,1.0,1
10101,1747,1.0,1
10102,3325,1.0,1
10103,4418,1.0,1
10104,2862,1.0,1
10105,6392,1.0,1
10106,4737,1.0,1
10107,4196,1.0,1
10108,1204,1.0,1
10109,5330,1.0,1
10110,9327,1.0,1
10111,5185,1.0,1
10112,501,1.0,1
10113,8635,1.0,1
10114,6709,1.0,1
10115,9099,1.0,1
10116,2656,1.0,1
10117,7677,1.0,1
10118,4056,1.0,1
10119,3779,1.0,1
10120,1971,1.0,1
10121,288,1.0,1
10122,7802,1.0,1
10123,7748,1.0,1
10124,7065,1.0,1
10125,2323,1.0,1
10126,6395,1.0,1
10127,2192,0.5,1
10127,8940,0.5,0
10128,2241,1.0,1
10129,2350,1.0,1
10130,8692,1.0,1
10131,1682,1.0,1
10132,1534,1.0,1
10133,1982,1.0,1
10134,2375,1.0,1
10135,4493,1.0,1
10136,4398,1.0,1
10137,6953,1.0,1
10138,1114,1.0,1
10139,2946,0.5,1
10139,4643,0.5,0
10140,1603,1.0,1
10141,2704,1.0,1
10142,8362,1.0,1
10143,4260,1.0,1
10144,5842,1.0,1
10145,1870,1.0,1
10146,2031,1.0,1
10147,1070,0.5,1
10147,1069,0.5,0
10148,2947,1.0,1
10149,7999,1.0,1
10150,2933,1.0,1
10151,629,0.5,1
10151,8389,0.5,0
10152,6819,1.0,1
10153,3607,0.333333,1
10153,3459,0.333333,0
10153,2433,0.333333,0
10154,6472,1.0,1
10155,867,1.0,1
10156,8173,1.0,1
10157,8472,1.0,1
10158,7624,1.0,1
10159,3424,1.0,1
10160,6581,1.0,1
10161,4861,1.0,1
10162,2364,1.0,1
10163,3642,1.0,1
10164,8018,1.0,1
10165,2171,1.0,1
10166,6030,1.0,1
10167,9144,1.0,1
10168,2914,1.0,1
10169,8210,1.0,1
10170,887,1.0,1
10171,727,1.0,1
10172,1534,1.0,1
10173,8956,1.0,1
10174,5537,1.0,1
10175,4156,1.0,1
10176,8067,1.0,1
10177,4434,1.0,1
10178,3325,1.0,1
10179,6364,1.0,1
10180,4867,1.0,1
10181,5811,1.0,1
10182,2947,1.0,1
10183,1131,1.0,1
10184,6943,1.0,1
10185,8409,1.0,1
10186,8047,1.0,1
10187,6854,1.0,1
10188,1265,1.0,1
10189,96,1.0,1
10190,1501,1.0,1
10191,745,1.0,1
10192,7648,1.0,1
10193,5811,1.0,1
10194,9383,1.0,1
10195,5785,1.0,1
10196,8489,1.0,1
10197,5791,1.0,1
10198,4433,1.0,1
10199,3100,1.0,1
10200,4016,1.0,1
10201,2397,1.0,1
10202,5178,1.0,1
10203,1390,1.0,1
10204,6075,1.0,1
10205,452,1.0,1
10206,6561,1.0,1
10207,3839,1.0,1
10208,143,1.0,1
10209,978,1.0,1
10210,6573,1.0,1
10211,4200,1.0,1
10212,5790,1.0,1
10213,6388,1.0,1
10214,8647,1.0,1
10215,4363,1.0,1
10216,3952,1.0,1
10217,5013,1.0,1
10218,374,1.0,1
10219,4328,1.0,1
10220,1247,1.0,1
10221,1630,1.0,1
10222,8692,1.0,1
10223,382,1.0,1
10224,2060,1.0,1
10225,1820,1.0,1
10226,4704,1.0,1
10227,5075,1.0,1
10228,8033,1.0,1
10229,7837,1.0,1
10230,4486,1.0,1
10231,8245,1.0,1
10232,2350,1.0,1
10233,2317,1.0,1
10234,414,1.0,1
10235,6767,1.0,1
10236,3859,1.0,1
10237,8222,1.0,1
10238,4443,1.0,1
10239,6036,1.0,1
10240,3089,1.0,1
10241,4048,1.0,1
10242,7018,1.0,1
10243,6265,1.0,1
10244,6533,1.0,1
10245,7834,1.0,1
10246,3736,1.0,1
10247,3595,1.0,1
10248,6137,1.0,1
10249,3441,1.0,1
10250,5381,1.0,1
10251,7393,1.0,1
10252,991,1.0,1
10253,1283,1.0,1
10254,2958,0.5,1
10254,8450,0.5,0
10255,7036,1.0,1
10256,4281,1.0,1
10257,2350,1.0,1
10258,7128,1.0,1
10259,1414,1.0,1
10260,2338,1.0,1
10261,8935,1.0,1
10262,8179,1.0,1
10263,6996,1.0,1
10264,3110,1.0,1
10265,1615,1.0,1
10266,2067,1.0,1
10267,2603,1.0,1
10268,4260,1.0,1
10269,4196,1.0,1
10270,8025,1.0,1
10271,2725,1.0,1
10272,4514,1.0,1
10273,7348,1.0,1
10274,4677,1.0,1
10275,6732,0.5,1
10275,7164,0.5,0
10276,1886,0.333333,1
10276,4775,0.333333,0
10276,8389,0.333333,0
10277,3677,1.0,1
10278,3453,1.0,1
10279,5949,1.0,1
10280,7065,1.0,1
10281,5632,1.0,1
10282,4961,1.0,1
10283,2855,1.0,1
10284,582,1.0,1
10285,7979,1.0,1
10286,5758,1.0,1
10287,2550,1.0,1
10288,8990,1.0,1
10289,997,1.0,1
10290,5866,1.0,1
10291,1307,1.0,1
10292,2991,1.0,1
10293,5950,1.0,1
10294,8615,1.0,1
10295,5812,1.0,1
10296,2936,1.0,1
10297,9461,1.0,1
10298,8288,1.0,1
10299,3325,1.0,1
10300,2946,1.0,1
10301,6467,1.0,1
10302,4260,1.0,1
10303,2038,1.0,1
10304,7294,1.0,1
10305,8988,1.0,1
10306,1660,1.0,1
10307,2145,1.0,1
10308,8329,1.0,1
10309,9167,1.0,1
10310,8600,1.0,1
10311,74,0.5,1
10311,4225,0.5,0
10312,7641,1.0,1
10313,1009,1.0,1
10314,4171,1.0,1
10315,8831,1.0,1
10316,6232,1.0,1
10317,7335,1.0,1
10318,8411,1.0,1
10319,8756,1.0,1
10320,9330,1.0,1
10321,2256,1.0,1
10322,3661,1.0,1
10323,1090,1.0,1
10324,8945,1.0,1
10325,3802,1.0,1
10326,2338,1.0,1
10327,6796,1.0,1
10328,1072,1.0,1
10329,8436,1.0,1
10330,4216,1.0,1
10331,8183,1.0,1
10332,2946,1.0,1
10333,5295,1.0,1
10334,2546,1.0,1
10335,8778,1.0,1
10336,448,1.0,1
10337,5204,1.0,1
10338,7926,1.0,1
10339,9311,1.0,1
10340,1937,1.0,1
10341,4260,1.0,1
10342,6442,1.0,1
10343,6629,1.0,1
10344,9229,1.0,1
10345,634,1.0,1
10346,4240,1.0,1
10347,8545,0.5,1
10347,1689,0.5,0
10348,8886,1.0,1
10349,1041,1.0,1
10350,4353,0.5,1
10350,1686,0.5,0
10351,5811,1.0,1
10352,8896,1.0,1
10353,1952,1.0,1
10354,7485,1.0,1
10355,637,1.0,1
10356,5691,1.0,1
10357,6674,1.0,1
10358,1751,1.0,1
10359,7321,1.0,1
10360,3550,1.0,1
10361,2956,1.0,1
10362,7720,1.0,1
10363,3193,1.0,1
10364,1971,1.0,1
10365,6381,1.0,1
10366,4776,1.0,1
10367,7324,1.0,1
10368,8997,1.0,1
10369,9123,1.0,1
10370,2136,1.0,1
10371,5359,1.0,1
10372,541,1.0,1
10373,9079,0.5,1
10373,8817,0.5,0
10374,5311,1.0,1
10375,579,1.0,1
10376,7690,1.0,1
10377,1569,1.0,1
10378,2092,1.0,1
10379,3867,1.0,1
10380,8470,1.0,1
10381,2703,1.0,1
10382,6977,1.0,1
10383,6930,1.0,1
10384,8201,1.0,1
10385,4495,1.0,1
10386,8021,1.0,1
10387,6881,1.0,1
10388,4521,1.0,1
10389,3115,1.0,1
10390,8245,1.0,1
10391,6024,1.0,1
10392,5446,1.0,1
10393,85,1.0,1
10394,6687,1.0,1
10395,7300,1.0,1
10396,6957,1.0,1
10397,4154,1.0,1
10398,1041,1.0,1
10399,9093,1.0,1
10400,8938,1.0,1
10401,2956,1.0,1
10402,6880,1.0,1
10403,8886,1.0,1
10404,8119,1.0,1
10405,2056,1.0,1
10406,4605,1.0,1
10407,3094,0.5,1
10407,8700,0.5,0
10408,8659,1.0,1
10409,4260,1.0,1
10410,1514,1.0,1
10411,838,1.0,1
10412,2719,1.0,1
10413,8035,1.0,1
10414,7065,1.0,1
10415,4196,1.0,1
10416,20,1.0,1
10417,897,1.0,1
10418,3633,1.0,1
10419,7000,1.0,1
10420,8919,1.0,1
10421,8768,1.0,1
10422,3126,1.0,1
10423,7319,1.0,1
10424,4696,1.0,1
10425,5561,1.0,1
10426,837,1.0,1
10427,8293,1.0,1
10428,2784,1.0,1
10429,2213,1.0,1
10430,1125,1.0,1
10431,5289,1.0,1
10432,9304,1.0,1
10433,1348,1.0,1
10434,9417,1.0,1
10435,6644,1.0,1
10436,2165,1.0,1
10437,2276,1.0,1
10438,3587,1.0,1
10439,4089,1.0,1
10440,2350,1.0,1
10441,8228,1.0,1
10442,173,1.0,1
10443,2095,1.0,1
10444,466,1.0,1
10445,5210,0.333333,1
10445,8579,0.333333,0
10445,6237,0.333333,0
10446,269,1.0,1
10447,4880,1.0,1
10448,7649,1.0,1
10449,8473,1.0,1
10450,1501,1.0,1
10451,2302,1.0,1
10452,6813,1.0,1
10453,1151,1.0,1
10454,589,1.0,1
10455,7105,1.0,1
10456,677,1.0,1
10457,7927,0.5,1
10457,3990,0.5,0
10458,5711,1.0,1
10459,3851,1.0,1
10460,7327,1.0,1
10461,7160,1.0,1
10462,5537,1.0,1
10463,4815,1.0,1
10464,754,1.0,1
10465,4861,1.0,1
10466,6537,1.0,1
10467,2897,1.0,1
10468,3361,1.0,1
10469,6780,1.0,1
10470,8810,1.0,1
10471,5163,0.5,1
10471,7915,0.5,0
10472,4503,1.0,1
10473,188,1.0,1
10474,4506,1.0,1
10475,4203,1.0,1
10476,3450,1.0,1
10477,547,1.0,1
10478,9033,1.0,1
10479,7065,1.0,1
10480,3577,1.0,1
10481,969,1.0,1
10482,2956,1.0,1
10483,4919,1.0,1
10484,8494,1.0,1
10485,147,1.0,1
10486,1971,1.0,1
10487,143,1.0,1
10488,3763,1.0,1
10489,2556,1.0,1
10490,5978,1.0,1
10491,6945,1.0,1
10492,6817,1.0,1
10493,892,1.0,1
10494,492,1.0,1
10495,3128,1.0,1
10496,9404,1.0,1
10497,7993,1.0,1
10498,4647,1.0,1
10499,9183,1.0,1
10500,3325,1.0,1
10501,7166,1.0,1
10502,6317,1.0,1
10503,9016,1.0,1
10504,5628,1.0,1
10505,2946,1.0,1
10506,1381,1.0,1
10507,1221,1.0,1
10508,2667,1.0,1
10509,7127,1.0,1
10510,8242,1.0,1
10511,4685,1.0,1
10512,3251,1.0,1
10513,2173,1.0,1
10514,7372,1.0,1
10515,8977,1.0,1
10516,1668,1.0,1
10517,9376,1.0,1
10518,5577,1.0,1
10519,4003,1.0,1
10520,2679,1.0,1
10521,2202,1.0,1
10522,7656,1.0,1
10523,8038,1.0,1
10524,7175,1.0,1
10525,177,1.0,1
10526,8571,1.0,1
10527,3065,1.0,1
10528,4967,1.0,1
10529,9047,1.0,1
10530,6649,1.0,1
10531,2139,1.0,1
10532,3116,1.0,1
10533,7234,1.0,1
10534,5679,1.0,1
10535,7031,1.0,1
10536,1844,1.0,1
10537,1098,1.0,1
10538,3505,1.0,1
10539,7107,0.5,1
10539,6138,0.5,0
10540,4301,1.0,1
10541,4851,1.0,1
10542,5712,1.0,1
10543,5811,1.0,1
10544,8181,1.0,1
10545,2889,1.0,1
10546,3258,1.0,1
10547,472,1.0,1
10548,5811,1.0,1
10549,575,1.0,1
10550,3231,1.0,1
10551,3325,1.0,1
10552,1005,1.0,1
10553,3258,1.0,1
10554,5166,1.0,1
10555,7527,1.0,1
10556,9152,1.0,1
10557,6381,1.0,1
10558,4485,1.0,1
10559,4602,1.0,1
10560,6561,1.0,1
10561,1523,1.0,1
10562,5406,1.0,1
10563,7136,1.0,1
10564,6112,1.0,1
10565,6947,1.0,1
10566,1043,1.0,1
10567,4221,1.0,1
10568,8109,1.0,1
10569,6096,1.0,1
10570,1534,1.0,1
10571,7947,1.0,1
10572,9252,1.0,1
10573,6552,1.0,1
10574,7370,1.0,1
10575,2765,1.0,1
10576,7819,0.5,1
10576,1675,0.5,0
10577,6048,1.0,1
10578,3382,1.0,1
10579,174,1.0,1
10580,5707,1.0,1
10581,7211,1.0,1
10582,7565,1.0,1
10583,8897,1.0,1
10584,355,1.0,1
10585,6894,1.0,1
10586,8394,1.0,1
10587,2506,1.0,1
10588,5771,1.0,1
10589,1139,1.0,1
10590,6784,1.0,1
10591,3122,1.0,1
10592,4320,1.0,1
10593,4930,1.0,1
10594,1643,1.0,1
10595,7727,1.0,1
10596,5403,1.0,1
10597,3864,1.0,1
10598,8756,1.0,1
10599,8285,1.0,1
10600,5811,1.0,1
10601,9139,1.0,1
10602,2721,1.0,1
10603,1082,1.0,1
10604,4260,1.0,1
10605,4448,1.0,1
10606,1746,1.0,1
10607,9198,1.0,1
10608,6626,1.0,1
10609,3198,1.0,1
10610,3258,1.0,1
10611,1731,1.0,1
10612,5241,1.0,1
10613,6200,1.0,1
10614,4206,1.0,1
10615,2080,1.0,1
10616,143,1.0,1
10617,7211,1.0,1
10618,4260,1.0,1
10619,2244,1.0,1
10620,7529,1.0,1
10621,7061,1.0,1
10622,8000,1.0,1
10623,7535,1.0,1
10624,5210,0.5,1
10624,6237,0.5,0
10625,1813,1.0,1
10626,7781,1.0,1
10627,2956,1.0,1
10628,6129,1.0,1
10629,5788,1.0,1
10630,4687,0.5,1
10630,1107,0.5,0
10631,7259,1.0,1
10632,5811,1.0,1
10633,1265,1.0,1
10634,3505,1.0,1
10635,6638,1.0,1
10636,4139,1.0,1
10637,8239,1.0,1
10638,8818,1.0,1
10639,9162,1.0,1
10640,8919,1.0,1
10641,6692,1.0,1
10642,5954,1.0,1
10643,5919,1.0,1
10644,4523,1.0,1
10645,218,1.0,1
10646,1761,1.0,1
10647,2671,1.0,1
10648,1588,1.0,1
10649,1929,1.0,1
10650,4292,1.0,1
10651,6385,1.0,1
10652,6601,1.0,1
10653,6717,0.5,1
10653,5314,0.5,0
10654,2400,1.0,1
10655,8559,1.0,1
10656,2721,1.0,1
10657,5295,1.0,1
10658,6037,1.0,1
10659,875,1.0,1
10660,5387,1.0,1
10661,4321,1.0,1
10662,2429,1.0,1
10663,1993,1.0,1
10664,6387,1.0,1
10665,8008,0.5,1
10665,1913,0.5,0
10666,8182,1.0,1
10667,7483,1.0,1
10668,4675,1.0,1
10669,2819,1.0,1
10670,9444,1.0,1
10671,7783,1.0,1
10672,355,1.0,1
10673,378,1.0,1
10674,2616,1.0,1
10675,1534,1.0,1
10676,3124,1.0,1
10677,7487,1.0,1
10678,5242,1.0,1
10679,406,1.0,1
10680,1365,1.0,1
10681,5678,1.0,1
10682,143,1.0,1
10683,3507,1.0,1
10684,5640,1.0,1
10685,7036,1.0,1
10686,431,1.0,1
10687,7406,1.0,1
10688,4260,1.0,1
10689,2760,1.0,1
10690,930,1.0,1
10691,4491,1.0,1
10692,4702,1.0,1
10693,1590,1.0,1
10694,1383,1.0,1
10695,523,1.0,1
10696,4433,1.0,1
10697,5191,1.0,1
10698,1120,1.0,1
10699,9392,1.0,1
10700,3095,1.0,1
10701,6381,1.0,1
10702,8461,1.0,1
10703,1989,1.0,1
10704,1781,1.0,1
10705,4439,1.0,1
10706,2018,0.5,1
10706,7026,0.5,0
10707,5579,1.0,1
10708,4018,1.0,1
10709,5897,1.0,1
10710,7383,1.0,1
10711,4523,1.0,1
10712,2147,1.0,1
10713,8741,1.0,1
10714,1816,1.0,1
10715,3164,1.0,1
10716,4224,1.0,1
10717,6812,1.0,1
10718,73,1.0,1
10719,7990,0.5,1
10719,5790,0.5,0
10720,9248,1.0,1
10721,5811,1.0,1
10722,2572,1.0,1
10723,730,1.0,1
10724,5160,1.0,1
10725,1476,1.0,1
10726,803,1.0,1
10727,6574,1.0,1
10728,3714,1.0,1
10729,4453,1.0,1
10730,1805,0.5,1
10730,6741,0.5,0
10731,2783,1.0,1
10732,7065,1.0,1
10733,4625,1.0,1
10734,9053,1.0,1
10735,3199,0.333333,1
10735,8506,0.333333,0
10735,2,0.333333,0
10736,1131,1.0,1
10737,283,1.0,1
10738,5476,0.5,1
10738,8707,0.5,0
10739,9418,1.0,1
10740,7723,1.0,1
10741,215,0.5,1
10741,6156,0.5,0
10742,5967,1.0,1
10743,8010,1.0,1
10744,1591,1.0,1
10745,2399,1.0,1
10746,4878,1.0,1
10747,7982,1.0,1
10748,9139,1.0,1
10749,8131,1.0,1
10750,7649,0.5,1
10750,8137,0.5,0
10751,2005,1.0,1
10752,4015,1.0,1
10753,8551,1.0,1
10754,2178,1.0,1
10755,5117,1.0,1
10756,7779,1.0,1
10757,1746,1.0,1
10758,5811,1.0,1
10759,4433,1.0,1
10760,7119,0.5,1
10760,2946,0.5,0
10761,977,1.0,1
10762,6118,1.0,1
10763,9388,1.0,1
10764,8131,1.0,1
10765,7597,1.0,1
10766,4004,1.0,1
10767,7065,1.0,1
10768,6649,1.0,1
10769,6004,1.0,1
10770,9199,1.0,1
10771,2035,1.0,1
10772,7223,1.0,1
10773,4139,1.0,1
10774,3371,1.0,1
10775,8474,1.0,1
10776,8278,1.0,1
10777,5733,1.0,1
10778,5075,1.0,1
10779,9459,1.0,1
10780,5158,1.0,1
10781,3457,1.0,1
10782,3753,1.0,1
10783,9252,1.0,1
10784,9312,1.0,1
10785,9338,1.0,1
10786,6297,1.0,1
10787,4260,1.0,1
10788,6742,1.0,1
10789,93,1.0,1
10790,839,1.0,1
10791,3218,1.0,1
10792,6390,1.0,1
10793,1434,1.0,1
10794,3473,1.0,1
10795,3261,1.0,1
10796,191,1.0,1
10797,8602,1.0,1
10798,7517,1.0,1
10799,8389,1.0,1
10800,4093,1.0,1
10801,857,1.0,1
10802,2350,1.0,1
10803,7669,1.0,1
10804,6289,1.0,1
10805,2696,1.0,1
10806,7198,1.0,1
10807,7352,1.0,1
10808,1683,1.0,1
10809,2380,1.0,1
10810,2441,1.0,1
10811,8117,1.0,1
10812,7121,1.0,1
10813,1059,1.0,1
10814,8913,1.0,1
10815,2254,1.0,1
10816,872,1.0,1
10817,3457,1.0,1
10818,2594,1.0,1
10819,5124,1.0,1
10820,2959,1.0,1
10821,9082,1.0,1
10822,4760,1.0,1
10823,9202,0.5,1
10823,6138,0.5,0
10824,3919,0.5,1
10824,2956,0.5,0
10825,1127,1.0,1
10826,6463,1.0,1
10827,8821,1.0,1
10828,143,1.0,1
10829,3627,1.0,1
10830,1174,1.0,1
10831,1534,1.0,1
10832,4308,1.0,1
10833,4126,1.0,1
10834,9246,1.0,1
10835,6950,1.0,1
10836,44,1.0,1
10837,5217,1.0,1
10838,6880,1.0,1
10839,7230,1.0,1
10840,7153,1.0,1
10841,8153,1.0,1
10842,3416,1.0,1
10843,3325,1.0,1
10844,4260,1.0,1
10845,7695,1.0,1
10846,1516,1.0,1
10847,1868,1.0,1
10848,3724,1.0,1
10849,8605,1.0,1
10850,2946,1.0,1
10851,7048,1.0,1
10852,4751,1.0,1
10853,4406,1.0,1
10854,723,1.0,1
10855,6612,1.0,1
10856,7145,1.0,1
10857,2931,1.0,1
10858,4965,1.0,1
10859,6593,1.0,1
10860,1032,1.0,1
10861,1501,1.0,1
10862,7279,1.0,1
10863,3477,1.0,1
10864,1501,1.0,1
10865,1602,1.0,1
10866,5939,1.0,1
10867,8659,1.0,1
10868,6697,1.0,1
10869,318,1.0,1
10870,8712,1.0,1
10871,3900,1.0,1
10872,6237,1.0,1
10873,2032,1.0,1
10874,5711,1.0,1
10875,8282,1.0,1
10876,6166,1.0,1
10877,6165,1.0,1
10878,2350,1.0,1
10879,6381,1.0,1
10880,7100,1.0,1
10881,8556,1.0,1
10882,1243,1.0,1
10883,3319,1.0,1
10884,821,1.0,1
10885,3544,1.0,1
10886,1903,0.5,1
10886,3461,0.5,0
10887,1267,1.0,1
10888,2951,0.5,1
10888,8005,0.5,0
10889,8888,1.0,1
10890,5146,1.0,1
10891,761,1.0,1
10892,3914,1.0,1
10893,2615,1.0,1
10894,6913,1.0,1
10895,551,1.0,1
10896,8171,1.0,1
10897,1201,1.0,1
10898,8103,1.0,1
10899,2848,1.0,1
10900,7802,1.0,1
10901,3184,1.0,1
10902,9342,1.0,1
10903,3843,1.0,1
10904,5313,1.0,1
10905,836,1.0,1
10906,772,1.0,1
10907,2748,1.0,1
10908,2644,1.0,1
10909,3961,1.0,1
10910,4573,1.0,1
10911,4689,1.0,1
10912,317,1.0,1
10913,2897,1.0,1
10914,9022,1.0,1
10915,511,1.0,1
10916,1408,1.0,1
10917,7175,1.0,1
10918,4433,1.0,1
10919,5811,1.0,1
10920,6381,1.0,1
10921,1130,1.0,1
10922,4511,1.0,1
10923,2021,1.0,1
10924,2149,1.0,1
10925,5447,0.333333,1
10925,8389,0.333333,0
10925,4775,0.333333,0
10926,9093,1.0,1
10927,8924,1.0,1
10928,2931,1.0,1
10929,6941,1.0,1
10930,1668,1.0,1
10931,7406,1.0,1
10932,7506,1.0,1
10933,9268,1.0,1
10934,3059,1.0,1
10935,2209,1.0,1
10936,2594,1.0,1
10937,4652,1.0,1
10938,6272,1.0,1
10939,3258,1.0,1
10940,4483,1.0,1
10941,5129,1.0,1
10942,5575,1.0,1
10943,229,1.0,1
10944,9292,1.0,1
10945,4273,1.0,1
10946,4015,1.0,1
10947,2273,1.0,1
10948,1092,1.0,1
10949,5811,1.0,1
10950,659,1.0,1
10951,6314,1.0,1
10952,3134,1.0,1
10953,7066,1.0,1
10954,2122,1.0,1
10955,1736,1.0,1
10956,1631,0.5,1
10956,5906,0.5,0
10957,6392,1.0,1
10958,3146,1.0,1
10959,9265,0.5,1
10959,8435,0.5,0
10960,404,1.0,1
10961,2055,1.0,1
10962,2310,1.0,1
10963,3938,0.333333,1
10963,5635,0.333333,0
10963,1237,0.333333,0
10964,155,1.0,1
10965,3851,1.0,1
10966,704,0.5,1
10966,6180,0.5,0
10967,3080,1.0,1
10968,490,1.0,1
10969,1407,1.0,1
10970,8311,1.0,1
10971,7836,1.0,1
10972,1534,1.0,1
10973,3650,1.0,1
10974,7643,1.0,1
10975,444,1.0,1
10976,6096,1.0,1
10977,6847,1.0,1
10978,5263,1.0,1
10979,8280,1.0,1
10980,4213,1.0,1
10981,2663,1.0,1
10982,8631,1.0,1
10983,5840,1.0,1
10984,3912,1.0,1
10985,8424,0.5,1
10985,8006,0.5,0
10986,4953,1.0,1
10987,8158,1.0,1
10988,508,1.0,1
10989,7108,0.5,1
10989,972,0.5,0
10990,443,1.0,1
10991,5880,1.0,1
10992,7562,1.0,1
10993,7658,0.5,1
10993,7660,0.5,0
10994,8773,1.0,1
10995,1419,1.0,1
10996,4610,1.0,1
10997,1374,1.0,1
10998,3240,1.0,1
10999,5553,1.0,1
11000,1971,1.0,1
11001,3100,1.0,1
11002,3739,1.0,1
11003,7083,1.0,1
11004,7648,1.0,1
11005,1534,1.0,1
11006,4015,1.0,1
11007,3122,0.5,1
11007,8389,0.5,0
11008,8482,1.0,1
11009,5811,1.0,1
11010,5878,1.0,1
11011,8258,1.0,1
11012,9285,1.0,1
11013,4466,1.0,1
11014,9426,1.0,1
11015,5125,1.0,1
11016,6640,1.0,1
11017,1255,1.0,1
11018,3785,1.0,1
11019,4919,1.0,1
11020,8281,1.0,1
11021,5253,1.0,1
11022,8142,1.0,1
11023,7865,1.0,1
11024,788,1.0,1
11025,4231,1.0,1
11026,7989,1.0,1
11027,5871,1.0,1
11028,1090,1.0,1
11029,8386,1.0,1
11030,6245,1.0,1
11031,729,1.0,1
11032,2438,1.0,1
11033,1550,1.0,1
11034,1407,1.0,1
11035,6157,1.0,1
11036,5564,1.0,1
11037,8431,1.0,1
11038,4015,1.0,1
11039,8918,1.0,1
11040,1960,1.0,1
11041,8597,1.0,1
11042,3583,1.0,1
11043,8567,1.0,1
11044,8118,1.0,1
11045,6629,1.0,1
11046,7554,1.0,1
11047,7792,1.0,1
11048,4919,1.0,1
11049,613,1.0,1
11050,5486,1.0,1
11051,6320,1.0,1
11052,7065,1.0,1
11053,2008,1.0,1
11054,7332,1.0,1
11055,5722,1.0,1
11056,2321,1.0,1
11057,7374,1.0,1
11058,1793,1.0,1
11059,8953,1.0,1
11060,3571,1.0,1
11061,6062,1.0,1
11062,8431,1.0,1
11063,1071,1.0,1
11064,1232,1.0,1
11065,1971,1.0,1
11066,6906,1.0,1
11067,4187,1.0,1
11068,1088,1.0,1
11069,4792,1.0,1
11070,3039,1.0,1
11071,743,1.0,1
11072,4840,1.0,1
11073,2641,1.0,1
11074,8452,1.0,1
11075,1239,1.0,1
11076,5801,1.0,1
11077,2793,1.0,1
11078,6589,1.0,1
11079,7430,1.0,1
11080,5408,1.0,1
11081,4139,1.0,1
11082,5914,1.0,1
11083,4024,0.333333,1
11083,6412,0.333333,0
11083,6665,0.333333,0
11084,2689,1.0,1
11085,3340,1.0,1
11086,1821,1.0,1
11087,7027,1.0,1
11088,5795,1.0,1
11089,4785,1.0,1
11090,8377,1.0,1
11091,1692,1.0,1
11092,8721,1.0,1
11093,7697,1.0,1
11094,7882,1.0,1
11095,5811,1.0,1
11096,2218,1.0,1
11097,2304,1.0,1
11098,9347,1.0,1
11099,4661,1.0,1
11100,4025,1.0,1
11101,645,1.0,1
11102,909,1.0,1
11103,5811,1.0,1
11104,5362,1.0,1
11105,2277,1.0,1
11106,5543,1.0,1
11107,2417,1.0,1
11108,2257,1.0,1
11109,5296,1.0,1
11110,9235,1.0,1
11111,8255,1.0,1
11112,4328,1.0,1
11113,1229,1.0,1
11114,4577,1.0,1
11115,6081,1.0,1
11116,2840,1.0,1
11117,1637,1.0,1
11118,4623,1.0,1
11119,8505,1.0,1
11120,5635,1.0,1
11121,3549,1.0,1
11122,2287,1.0,1
11123,8310,1.0,1
11124,2331,1.0,1
11125,7065,1.0,1
11126,2439,1.0,1
11127,9090,1.0,1
11128,5906,1.0,1
11129,2956,1.0,1
11130,8742,1.0,1
11131,1501,1.0,1
11132,8919,1.0,1
11133,7835,1.0,1
11134,9420,1.0,1
11135,1429,1.0,1
11136,8098,1.0,1
11137,7348,1.0,1
11138,7649,1.0,1
11139,1575,1.0,1
11140,2429,1.0,1
11141,3000,1.0,1
11142,6130,1.0,1
11143,3926,1.0,1
11144,327,1.0,1
11145,3758,1.0,1
11146,1894,1.0,1
11147,8079,1.0,1
11148,2856,1.0,1
11149,7065,1.0,1
11150,9308,1.0,1
11151,3058,1.0,1
11152,6275,0.5,1
11152,2350,0.5,0
11153,5568,1.0,1
11154,8365,1.0,1
11155,2848,0.5,1
11155,4269,0.5,0
11156,9001,1.0,1
11157,4065,1.0,1
11158,7521,1.0,1
11159,6811,0.25,1
11159,4923,0.25,0
11159,1304,0.25,0
11159,3976,0.25,0
11160,3256,1.0,1
11161,189,1.0,1
11162,658,1.0,1
11163,8627,1.0,1
11164,3134,1.0,1
11165,7866,1.0,1
11166,8923,1.0,1
11167,1462,1.0,1
11168,2512,1.0,1
11169,3258,1.0,1
11170,2913,1.0,1
11171,4433,1.0,1
11172,3028,1.0,1
11173,8348,1.0,1
11174,808,1.0,1
11175,1636,1.0,1
11176,6360,1.0,1
11177,5853,1.0,1
11178,6880,1.0,1
11179,1798,1.0,1
11180,4313,1.0,1
11181,2696,1.0,1
11182,5769,1.0,1
11183,2862,1.0,1
11184,6073,1.0,1
11185,4196,1.0,1
11186,4531,1.0,1
11187,1651,1.0,1
11188,1971,1.0,1
11189,9085,1.0,1
11190,3464,1.0,1
11191,4829,1.0,1
11192,9237,1.0,1
11193,2338,1.0,1
11194,6037,1.0,1
11195,8183,1.0,1
11196,3457,1.0,1
11197,7348,1.0,1
11198,35,1.0,1
11199,3872,1.0,1
11200,8512,1.0,1
11201,3127,1.0,1
11202,380,1.0,1
11203,3708,1.0,1
11204,6439,1.0,1
11205,7049,1.0,1
11206,1656,0.5,1
11206,3850,0.5,0
11207,1865,1.0,1
11208,4583,1.0,1
11209,6045,1.0,1
11210,3313,1.0,1
11211,6387,1.0,1
11212,9267,1.0,1
11213,2918,1.0,1
11214,5629,1.0,1
11215,3756,1.0,1
11216,7354,1.0,1
11217,2620,1.0,1
11218,8458,1.0,1
11219,3693,1.0,1
11220,8381,1.0,1
11221,3192,1.0,1
11222,2774,1.0,1
11223,1513,1.0,1
11224,34,1.0,1
11225,5313,1.0,1
11226,8919,1.0,1
11227,2338,1.0,1
11228,9207,1.0,1
11229,542,1.0,1
11230,6625,1.0,1
11231,1884,1.0,1
11232,2946,1.0,1
11233,7348,1.0,1
11234,6048,1.0,1
11235,3,1.0,1
11236,4971,1.0,1
11237,4963,0.5,1
11237,8389,0.5,0
11238,956,1.0,1
11239,9073,1.0,1
11240,2374,1.0,1
11241,8919,1.0,1
11242,8058,1.0,1
11243,5551,0.5,1
11243,3261,0.5,0
11244,3868,1.0,1
11245,5795,1.0,1
11246,7327,1.0,1
11247,8041,1.0,1
11248,4289,1.0,1
11249,5793,1.0,1
11250,5372,1.0,1
11251,778,1.0,1
11252,6919,1.0,1
11253,6781,1.0,1
11254,3122,0.5,1
11254,8070,0.5,0
11255,8990,1.0,1
11256,6313,1.0,1
11257,2723,1.0,1
11258,8361,1.0,1
11259,5535,1.0,1
11260,8792,1.0,1
11261,4528,1.0,1
11262,8673,1.0,1
11263,1582,1.0,1
11264,6381,1.0,1
11265,7693,1.0,1
11266,4958,1.0,1
11267,1482,1.0,1
11268,6630,1.0,1
11269,1835,1.0,1
11270,6614,1.0,1
11271,4840,1.0,1
11272,2600,1.0,1
11273,506,1.0,1
11274,6544,1.0,1
11275,7065,1.0,1
11276,4005,1.0,1
11277,3122,1.0,1
11278,3086,1.0,1
11279,5209,0.5,1
11279,5919,0.5,0
11280,7488,1.0,1
11281,8995,1.0,1
11282,9052,1.0,1
11283,1264,1.0,1
11284,687,1.0,1
11285,2837,1.0,1
11286,1074,1.0,1
11287,810,1.0,1
11288,3107,1.0,1
11289,4622,1.0,1
11290,5647,1.0,1
11291,1525,1.0,1
11292,2338,1.0,1
11293,6694,1.0,1
11294,1343,1.0,1
11295,8923,1.0,1
11296,8245,1.0,1
11297,4338,1.0,1
11298,2394,1.0,1
11299,9405,1.0,1
11300,9345,1.0,1
11301,7062,1.0,1
11302,8918,1.0,1
11303,2141,1.0,1
11304,6107,1.0,1
11305,3535,1.0,1
11306,1424,1.0,1
11307,6507,1.0,1
11308,4978,1.0,1
11309,3122,0.5,1
11309,3953,0.5,0
11310,8580,1.0,1
11311,8534,1.0,1
11312,7155,1.0,1
11313,3293,1.0,1
11314,7672,1.0,1
11315,6611,1.0,1
11316,4968,1.0,1
11317,5977,1.0,1
11318,4487,1.0,1
11319,6564,1.0,1
11320,5477,1.0,1
11321,9264,1.0,1
11322,2904,1.0,1
11323,7467,1.0,1
11324,8726,1.0,1
11325,9441,1.0,1
11326,4814,1.0,1
11327,7718,1.0,1
11328,7761,1.0,1
11329,8919,1.0,1
11330,1652,1.0,1
11331,7224,1.0,1
11332,5263,1.0,1
11333,9201,1.0,1
11334,9380,1.0,1
11335,8993,1.0,1
11336,1501,1.0,1
11337,1331,1.0,1
11338,5811,1.0,1
11339,7257,1.0,1
11340,862,1.0,1
11341,7065,1.0,1
11342,4662,1.0,1
11343,6957,1.0,1
11344,7666,1.0,1
11345,8883,1.0,1
11346,1623,1.0,1
11347,4782,1.0,1
11348,2591,1.0,1
11349,3372,1.0,1
11350,5560,1.0,1
11351,1630,1.0,1
11352,6431,1.0,1
11353,2228,1.0,1
11354,3264,1.0,1
11355,8142,1.0,1
11356,5075,1.0,1
11357,4973,1.0,1
11358,8417,1.0,1
11359,8504,1.0,1
11360,2939,0.5,1
11360,5906,0.5,0
11361,1789,1.0,1
11362,5617,1.0,1
11363,3032,1.0,1
11364,9149,1.0,1
11365,2338,1.0,1
11366,5432,1.0,1
11367,9180,0.5,1
11367,9178,0.5,0
11368,7381,1.0,1
11369,9133,1.0,1
11370,6247,1.0,1
11371,1597,1.0,1
11372,4051,1.0,1
11373,2838,1.0,1
11374,6561,1.0,1
11375,8696,1.0,1
11376,7628,1.0,1
11377,5936,1.0,1
11378,5764,1.0,1
11379,8111,1.0,1
11380,7835,1.0,1
11381,8938,1.0,1
11382,2253,1.0,1
11383,8960,1.0,1
11384,3480,1.0,1
11385,7912,1.0,1
11386,4283,1.0,1
11387,6802,1.0,1
11388,5980,1.0,1
11389,7649,1.0,1
11390,8126,1.0,1
11391,9004,1.0,1
11392,3258,1.0,1
11393,3115,1.0,1
11394,8923,1.0,1
11395,3069,1.0,1
11396,1104,1.0,1
11397,5811,1.0,1
11398,8470,1.0,1
11399,4188,1.0,1
11400,8669,1.0,1
11401,3283,1.0,1
11402,502,1.0,1
11403,6162,1.0,1
11404,7039,1.0,1
11405,5981,1.0,1
11406,4607,1.0,1
11407,5134,1.0,1
11408,2338,1.0,1
11409,4363,1.0,1
11410,1542,1.0,1
11411,617,1.0,1
11412,5017,1.0,1
11413,3695,1.0,1
11414,2695,1.0,1
11415,9401,1.0,1
11416,6776,1.0,1
11417,8684,1.0,1
11418,5492,1.0,1
11419,1213,0.5,1
11419,1214,0.5,0
11420,4911,1.0,1
11421,2338,1.0,1
11422,8998,1.0,1
11423,7435,0.5,1
11423,6785,0.5,0
11424,4329,1.0,1
11425,6574,1.0,1
11426,3837,1.0,1
11427,7207,1.0,1
11428,5139,1.0,1
11429,868,1.0,1
11430,2398,1.0,1
11431,8069,1.0,1
11432,6944,1.0,1
11433,159,1.0,1
11434,526,0.5,1
11434,5721,0.5,0
11435,4875,1.0,1
11436,8542,1.0,1
11437,3563,1.0,1
11438,3329,1.0,1
11439,2611,1.0,1
11440,6087,1.0,1
11441,456,1.0,1
11442,6223,1.0,1
11443,3181,1.0,1
11444,6153,1.0,1
11445,4442,1.0,1
11446,8290,1.0,1
11447,5685,1.0,1
11448,8919,1.0,1
11449,9016,1.0,1
11450,7459,1.0,1
11451,8137,1.0,1
11452,8285,1.0,1
11453,7649,1.0,1
11454,3480,1.0,1
11455,1868,1.0,1
11456,2632,1.0,1
11457,231,1.0,1
11458,8588,1.0,1
11459,5423,1.0,1
11460,3794,1.0,1
11461,3834,1.0,1
11462,4791,1.0,1
11463,6977,1.0,1
11464,6061,1.0,1
11465,333,1.0,1
11466,5696,1.0,1
11467,8630,1.0,1
11468,6600,1.0,1
11469,1928,1.0,1
11470,4139,1.0,1
11471,9360,1.0,1
11472,9461,1.0,1
11473,4052,1.0,1
11474,5811,1.0,1
11475,291,1.0,1
11476,3524,1.0,1
11477,9442,1.0,1
11478,6328,1.0,1
11479,830,1.0,1
11480,8806,1.0,1
11481,9406,1.0,1
11482,1883,1.0,1
11483,6858,1.0,1
11484,9353,1.0,1
11485,7033,1.0,1
11486,1534,1.0,1
11487,5948,1.0,1
11488,4349,1.0,1
11489,1181,1.0,1
11490,9423,1.0,1
11491,5075,1.0,1
11492,9099,1.0,1
11493,5635,1.0,1
11494,5748,1.0,1
11495,5932,1.0,1
11496,126,1.0,1
11497,2592,1.0,1
11498,9461,1.0,1
11499,4291,1.0,1
11500,5486,1.0,1
11501,5240,1.0,1
11502,3738,1.0,1
11503,5075,1.0,1
11504,5786,1.0,1
11505,8116,1.0,1
11506,8937,1.0,1
11507,3322,1.0,1
11508,4302,1.0,1
11509,7429,1.0,1
11510,5067,1.0,1
11511,8570,0.5,1
11511,303,0.5,0
11512,2222,1.0,1
11513,3946,1.0,1
11514,6085,1.0,1
11515,5160,1.0,1
11516,5775,1.0,1
11517,8919,1.0,1
11518,1730,1.0,1
11519,2946,1.0,1
11520,2714,1.0,1
11521,941,1.0,1
11522,5856,1.0,1
11523,265,1.0,1
11524,6348,1.0,1
11525,6561,1.0,1
11526,1455,1.0,1
11527,7065,1.0,1
11528,3685,1.0,1
11529,6786,1.0,1
11530,8250,1.0,1
11531,1433,1.0,1
11532,4353,1.0,1
11533,4150,1.0,1
11534,1460,1.0,1
11535,2501,1.0,1
11536,5005,1.0,1
11537,2512,1.0,1
11538,1654,1.0,1
11539,6142,1.0,1
11540,1991,1.0,1
11541,9039,1.0,1
11542,7552,1.0,1
11543,4260,1.0,1
11544,7517,1.0,1
11545,3745,1.0,1
11546,8398,1.0,1
11547,3600,1.0,1
11548,6604,1.0,1
11549,1115,1.0,1
11550,5186,0.5,1
11550,5089,0.5,0
11551,574,1.0,1
11552,2940,1.0,1
11553,4803,1.0,1
11554,6668,1.0,1
11555,1538,0.5,1
11555,6170,0.5,0
11556,7065,1.0,1
11557,3441,1.0,1
11558,3816,1.0,1
11559,8379,1.0,1
11560,1636,1.0,1
11561,4440,1.0,1
11562,2862,1.0,1
11563,3265,1.0,1
11564,6189,1.0,1
11565,1294,1.0,1
11566,376,1.0,1
11567,111,1.0,1
11568,3405,1.0,1
11569,4619,1.0,1
11570,5075,1.0,1
11571,8580,1.0,1
11572,8809,1.0,1
11573,4585,1.0,1
11574,1265,1.0,1
11575,9355,1.0,1
11576,8206,1.0,1
11577,1676,1.0,1
11578,5660,1.0,1
11579,8923,1.0,1
11580,7923,1.0,1
11581,1489,1.0,1
11582,6306,1.0,1
11583,6182,1.0,1
11584,7046,1.0,1
11585,6888,1.0,1
11586,6490,1.0,1
11587,673,1.0,1
11588,3122,1.0,1
11589,783,1.0,1
11590,2229,1.0,1
11591,1925,1.0,1
11592,2501,1.0,1
11593,4862,1.0,1
11594,3297,0.5,1
11594,6511,0.5,0
11595,7469,1.0,1
11596,2765,1.0,1
11597,1209,1.0,1
11598,790,1.0,1
11599,8211,1.0,1
11600,6528,1.0,1
11601,5413,1.0,1
11602,6632,1.0,1
11603,5670,1.0,1
11604,1512,1.0,1
11605,2726,1.0,1
11606,4196,1.0,1
11607,5626,1.0,1
11608,2043,1.0,1
11609,4015,1.0,1
11610,6065,1.0,1
11611,4015,1.0,1
11612,2164,1.0,1
11613,8455,1.0,1
11614,3603,1.0,1
11615,1859,1.0,1
11616,9055,1.0,1
11617,3114,1.0,1
11618,7471,1.0,1
11619,7649,0.5,1
11619,8138,0.5,0
11620,225,1.0,1
11621,901,1.0,1
11622,9397,1.0,1
11623,6562,1.0,1
11624,8736,1.0,1
11625,8871,1.0,1
11626,8005,1.0,1
11627,4592,1.0,1
11628,8470,1.0,1
11629,8702,1.0,1
11630,506,1.0,1
11631,5882,1.0,1
11632,6421,1.0,1
11633,1868,1.0,1
11634,5811,1.0,1
11635,5993,1.0,1
11636,7175,1.0,1
11637,5811,1.0,1
11638,1229,1.0,1
11639,7676,1.0,1
11640,7345,1.0,1
11641,4023,0.5,1
11641,7824,0.5,0
11642,2436,1.0,1
11643,1825,1.0,1
11644,7275,1.0,1
11645,6362,1.0,1
11646,9005,1.0,1
11647,1700,1.0,1
11648,5417,1.0,1
11649,5513,1.0,1
11650,8725,1.0,1
11651,2104,1.0,1
11652,3490,1.0,1
11653,6113,1.0,1
11654,8005,1.0,1
11655,143,1.0,1
11656,6476,1.0,1
11657,9,1.0,1
11658,5448,1.0,1
11659,6574,1.0,1
11660,778,1.0,1
11661,3940,1.0,1
11662,6381,1.0,1
11663,2327,1.0,1
11664,9413,1.0,1
11665,7397,1.0,1
11666,6377,1.0,1
11667,1548,1.0,1
11668,1042,1.0,1
11669,1951,1.0,1
11670,5364,1.0,1
11671,1407,1.0,1
11672,766,1.0,1
11673,3109,1.0,1
11674,5135,1.0,1
11675,1253,1.0,1
11676,5120,0.5,1
11676,4314,0.5,0
11677,2634,1.0,1
11678,2496,1.0,1
11679,9153,1.0,1
11680,3258,1.0,1
11681,7036,1.0,1
11682,8410,1.0,1
11683,5203,1.0,1
11684,1964,1.0,1
11685,5811,1.0,1
11686,305,1.0,1
11687,7638,1.0,1
11688,5297,1.0,1
11689,716,1.0,1
11690,2299,1.0,1
11691,3191,1.0,1
11692,9258,1.0,1
11693,8633,1.0,1
11694,9341,1.0,1
11695,5926,1.0,1
11696,2990,1.0,1
11697,1144,1.0,1
11698,3832,1.0,1
11699,2156,1.0,1
11700,965,1.0,1
11701,1898,1.0,1
11702,685,1.0,1
11703,4813,1.0,1
11704,3223,1.0,1
11705,4050,1.0,1
11706,7998,1.0,1
11707,3122,1.0,1
11708,6561,1.0,1
11709,6436,1.0,1
11710,7065,1.0,1
11711,3775,1.0,1
11712,5943,1.0,1
11713,7092,1.0,1
11714,272,1.0,1
11715,4260,1.0,1
11716,6916,1.0,1
11717,6566,1.0,1
11718,333,1.0,1
11719,4363,1.0,1
11720,866,1.0,1
11721,8251,1.0,1
11722,8431,1.0,1
11723,3789,1.0,1
11724,7842,1.0,1
11725,5750,1.0,1
11726,4940,1.0,1
11727,1088,1.0,1
11728,4433,1.0,1
11729,6828,1.0,1
11730,5240,1.0,1
11731,143,1.0,1
11732,4890,1.0,1
11733,7649,0.5,1
11733,8137,0.5,0
11734,2339,1.0,1
11735,8178,1.0,1
11736,9285,1.0,1
11737,5071,1.0,1
11738,6381,1.0,1
11739,7348,1.0,1
11740,5042,1.0,1
11741,2963,0.5,1
11741,4151,0.5,0
11742,143,1.0,1
11743,6727,1.0,1
11744,519,1.0,1
11745,8250,1.0,1
11746,9131,1.0,1
11747,1601,1.0,1
11748,8431,1.0,1
11749,418,1.0,1
11750,1960,1.0,1
11751,4336,1.0,1
11752,6475,1.0,1
11753,7065,1.0,1
11754,695,1.0,1
11755,4586,1.0,1
11756,6625,1.0,1
11757,5040,1.0,1
11758,7199,1.0,1
11759,489,1.0,1
11760,1705,1.0,1
11761,6703,1.0,1
11762,6498,1.0,1
11763,4861,1.0,1
11764,3306,1.0,1
11765,2537,1.0,1
11766,4286,1.0,1
11767,4267,1.0,1
11768,1724,1.0,1
11769,8596,1.0,1
11770,8750,1.0,1
11771,4090,1.0,1
11772,3914,0.5,1
11772,2354,0.5,0
11773,913,1.0,1
11774,2956,1.0,1
11775,5811,1.0,1
11776,5560,1.0,1
11777,3365,1.0,1
11778,9200,1.0,1
11779,4417,1.0,1
11780,3302,1.0,1
11781,7001,1.0,1
11782,8610,1.0,1
11783,8761,1.0,1
11784,9278,1.0,1
11785,4919,1.0,1
11786,2820,1.0,1
11787,1055,1.0,1
11788,6763,1.0,1
11789,5131,1.0,1
11790,3392,1.0,1
11791,8612,1.0,1
11792,8678,1.0,1
11793,2905,1.0,1
11794,3773,1.0,1
11795,1910,1.0,1
11796,5969,1.0,1
11797,7832,1.0,1
11798,8414,1.0,1
11799,3442,1.0,1
11800,7830,1.0,1
11801,2350,1.0,1
11802,7938,1.0,1
11803,2148,1.0,1
11804,3621,1.0,1
11805,7663,1.0,1
11806,6381,1.0,1
11807,8690,1.0,1
11808,4260,1.0,1
11809,378,1.0,1
11810,4063,1.0,1
11811,8998,1.0,1
11812,2512,1.0,1
11813,1501,1.0,1
11814,8137,0.5,1
11814,7649,0.5,0
11815,264,1.0,1
11816,2514,1.0,1
11817,2643,1.0,1
11818,1448,1.0,1
11819,8127,1.0,1
11820,3797,1.0,1
11821,1869,1.0,1
11822,9298,0.5,1
11822,5919,0.5,0
11823,9139,1.0,1
11824,3971,1.0,1
11825,7515,1.0,1
11826,1642,1.0,1
11827,249,1.0,1
11828,3442,1.0,1
11829,5811,1.0,1
11830,2969,1.0,1
11831,4690,1.0,1
11832,8663,1.0,1
11833,8864,1.0,1
11834,535,1.0,1
11835,8207,1.0,1
11836,706,0.5,1
11836,707,0.5,0
11837,4277,1.0,1
11838,3257,1.0,1
11839,4535,1.0,1
11840,9432,1.0,1
11841,5990,1.0,1
11842,7285,1.0,1
11843,8345,1.0,1
11844,3442,1.0,1
11845,7065,1.0,1
11846,3313,1.0,1
11847,9165,1.0,1
11848,5964,1.0,1
11849,8919,1.0,1
11850,446,1.0,1
11851,4860,1.0,1
11852,1967,0.5,1
11852,6000,0.5,0
11853,1397,1.0,1
11854,9232,1.0,1
11855,5815,1.0,1
11856,4861,1.0,1
11857,3497,1.0,1
11858,3783,1.0,1
11859,6497,1.0,1
11860,471,1.0,1
11861,7727,1.0,1
11862,3585,1.0,1
11863,3210,1.0,1
11864,8450,1.0,1
11865,1534,1.0,1
11866,7640,1.0,1
11867,6096,1.0,1
11868,896,1.0,1
11869,8768,1.0,1
11870,488,1.0,1
11871,5431,0.5,1
11871,2945,0.5,0
11872,2289,1.0,1
11873,4572,1.0,1
11874,2850,1.0,1
11875,3202,1.0,1
11876,8262,1.0,1
11877,3460,1.0,1
11878,8850,1.0,1
11879,4272,1.0,1
11880,2677,1.0,1
11881,4885,1.0,1
11882,3081,1.0,1
11883,6048,1.0,1
11884,5036,1.0,1
11885,7223,1.0,1
11886,3863,1.0,1
11887,355,1.0,1
11888,9321,1.0,1
11889,2463,1.0,1
11890,8969,1.0,1
11891,7598,1.0,1
11892,607,1.0,1
11893,7619,1.0,1
11894,4587,1.0,1
11895,8923,1.0,1
11896,488,1.0,1
11897,8918,1.0,1
11898,3655,1.0,1
11899,3189,1.0,1
11900,4260,1.0,1
11901,5404,1.0,1
11902,2338,1.0,1
11903,935,1.0,1
11904,8698,1.0,1
11905,2678,0.5,1
11905,5928,0.5,0
11906,1409,1.0,1
11907,4137,1.0,1
11908,7102,1.0,1
11909,5000,1.0,1
11910,8283,1.0,1
11911,7921,1.0,1
11912,2069,1.0,1
11913,1694,0.5,1
11913,1449,0.5,0
11914,7733,1.0,1
11915,1735,1.0,1
11916,8623,0.5,1
11916,332,0.5,0
11917,946,1.0,1
11918,6896,1.0,1
11919,5075,1.0,1
11920,5537,1.0,1
11921,7175,1.0,1
11922,4529,1.0,1
11923,3300,1.0,1
11924,2204,1.0,1
11925,3002,1.0,1
11926,1452,1.0,1
11927,310,1.0,1
11928,1462,1.0,1
11929,2038,1.0,1
11930,1076,1.0,1
11931,2664,1.0,1
11932,8015,1.0,1
11933,5029,1.0,1
11934,5537,1.0,1
11935,5607,1.0,1
11936,2530,1.0,1
11937,7228,1.0,1
11938,121,1.0,1
11939,6524,1.0,1
11940,3124,1.0,1
11941,4698,1.0,1
11942,3122,0.333333,1
11942,2931,0.333333,0
11942,8070,0.333333,0
11943,4214,1.0,1
11944,9301,1.0,1
11945,4149,1.0,1
11946,4928,1.0,1
11947,21,0.5,1
11947,3015,0.5,0
11948,5075,1.0,1
11949,3749,1.0,1
11950,9372,1.0,1
11951,3814,1.0,1
11952,1004,1.0,1
11953,4540,1.0,1
11954,7649,0.5,1
11954,8137,0.5,0
11955,3258,1.0,1
11956,4139,1.0,1
11957,9106,1.0,1
11958,4433,1.0,1
11959,7994,1.0,1
11960,9324,1.0,1
11961,6821,1.0,1
11962,8442,1.0,1
11963,3485,1.0,1
11964,6252,1.0,1
11965,8212,1.0,1
11966,4556,1.0,1
11967,970,1.0,1
11968,6769,1.0,1
11969,3122,1.0,1
11970,2482,1.0,1
11971,7065,1.0,1
11972,1787,1.0,1
11973,5815,1.0,1
11974,7065,1.0,1
11975,5983,1.0,1
11976,1755,1.0,1
11977,8100,1.0,1
11978,6583,1.0,1
11979,3306,1.0,1
11980,8289,1.0,1
11981,4949,1.0,1
11982,7789,1.0,1
11983,8913,1.0,1
11984,5515,1.0,1
11985,7365,1.0,1
11986,6779,1.0,1
11987,840,1.0,1
11988,8398,1.0,1
11989,6891,1.0,1
11990,3750,1.0,1
11991,7349,1.0,1
11992,7390,1.0,1
11993,5790,1.0,1
11994,5797,1.0,1
11995,2512,1.0,1
11996,7953,1.0,1
11997,4264,1.0,1
11998,6365,1.0,1
11999,2197,1.0,1
12000,6223,0.5,1
12000,4821,0.5,0
12001,903,1.0,1
12002,5648,1.0,1
12003,3524,1.0,1
12004,3304,1.0,1
12005,7617,1.0,1
12006,6474,1.0,1
12007,1747,1.0,1
12008,7651,1.0,1
12009,4005,1.0,1
12010,3942,1.0,1
12011,3227,1.0,1
12012,4567,1.0,1
12013,5900,1.0,1
12014,881,1.0,1
12015,8655,1.0,1
12016,1284,1.0,1
12017,56,1.0,1
12018,4330,1.0,1
12019,1131,1.0,1
12020,4260,1.0,1
12021,5976,1.0,1
12022,4172,1.0,1
12023,5811,1.0,1
12024,1651,1.0,1
12025,129,1.0,1
12026,2350,1.0,1
12027,4260,1.0,1
12028,3742,1.0,1
12029,8825,1.0,1
12030,8631,1.0,1
12031,7008,1.0,1
12032,6560,1.0,1
12033,2679,1.0,1
12034,7029,1.0,1
12035,6,1.0,1
12036,7925,1.0,1
12037,4893,1.0,1
12038,5139,1.0,1
12039,6194,1.0,1
12040,801,1.0,1
12041,9214,1.0,1
12042,9056,1.0,1
12043,4121,1.0,1
12044,5787,1.0,1
12045,1873,1.0,1
12046,2877,1.0,1
12047,7896,1.0,1
12048,2824,1.0,1
12049,5459,1.0,1
12050,6151,1.0,1
12051,6613,1.0,1
12052,2843,1.0,1
12053,1609,1.0,1
12054,3469,1.0,1
12055,3134,1.0,1
12056,7852,1.0,1
12057,5762,1.0,1
12058,5811,0.5,1
12058,114,0.5,0
12059,1393,1.0,1
12060,4072,1.0,1
12061,3041,1.0,1
12062,5295,1.0,1
12063,6117,1.0,1
12064,3281,1.0,1
12065,5588,1.0,1
12066,3386,1.0,1
12067,4200,1.0,1
12068,533,1.0,1
12069,8402,1.0,1
12070,4748,1.0,1
12071,8042,1.0,1
12072,9119,1.0,1
12073,3216,1.0,1
12074,2338,1.0,1
12075,7173,1.0,1
12076,70,1.0,1
12077,7906,1.0,1
12078,1175,1.0,1
12079,2423,1.0,1
12080,517,1.0,1
12081,6717,0.5,1
12081,5315,0.5,0
12082,1519,1.0,1
12083,6381,1.0,1
12084,4473,1.0,1
12085,5811,1.0,1
12086,4919,1.0,1
12087,3227,1.0,1
12088,2730,1.0,1
12089,5861,1.0,1
12090,1287,1.0,1
12091,1211,1.0,1
12092,2038,1.0,1
12093,8919,1.0,1
12094,9309,1.0,1
12095,1956,1.0,1
12096,2116,1.0,1
12097,6159,1.0,1
12098,2129,1.0,1
12099,1415,1.0,1
12100,8984,1.0,1
12101,5081,1.0,1
12102,7656,1.0,1
12103,6199,1.0,1
12104,5800,1.0,1
12105,3995,1.0,1
12106,3227,1.0,1
12107,5022,1.0,1
12108,3465,1.0,1
12109,2383,1.0,1
12110,4890,1.0,1
12111,7526,1.0,1
12112,2851,1.0,1
12113,8183,1.0,1
12114,7271,1.0,1
12115,1360,1.0,1
12116,9326,1.0,1
12117,1287,1.0,1
12118,9083,1.0,1
12119,7501,1.0,1
12120,3982,1.0,1
12121,1475,1.0,1
12122,5425,1.0,1
12123,1236,0.5,1
12123,2645,0.5,0
12124,1068,1.0,1
12125,6251,1.0,1
12126,7780,1.0,1
12127,5576,0.5,1
12127,5170,0.5,0
12128,3067,1.0,1
12129,3913,1.0,1
12130,4129,1.0,1
12131,876,1.0,1
12132,8787,1.0,1
12133,4173,1.0,1
12134,7260,1.0,1
12135,55,1.0,1
12136,7533,1.0,1
12137,5075,1.0,1
12138,2618,1.0,1
12139,5731,1.0,1
12140,1693,1.0,1
12141,8783,1.0,1
12142,6625,1.0,1
12143,1644,1.0,1
12144,4717,1.0,1
12145,2887,1.0,1
12146,4937,1.0,1
12147,4598,0.5,1
12147,2813,0.5,0
12148,3652,1.0,1
12149,2814,1.0,1
12150,89,1.0,1
12151,823,1.0,1
12152,975,1.0,1
12153,3335,1.0,1
12154,4813,1.0,1
12155,2481,0.5,1
12155,5919,0.5,0
12156,1639,1.0,1
12157,61,1.0,1
12158,6273,1.0,1
12159,7065,1.0,1
12160,5419,1.0,1
12161,1640,1.0,1
12162,9298,1.0,1
12163,3325,1.0,1
12164,5768,1.0,1
12165,1618,1.0,1
12166,8746,1.0,1
12167,8159,1.0,1
12168,2310,1.0,1
12169,7619,1.0,1
12170,6737,1.0,1
12171,7645,1.0,1
12172,8431,1.0,1
12173,5062,1.0,1
12174,1205,1.0,1
12175,8634,1.0,1
12176,2911,1.0,1
12177,8431,1.0,1
12178,3779,1.0,1
12179,3938,1.0,1
12180,4433,1.0,1
12181,2350,1.0,1
12182,9331,1.0,1
12183,3633,1.0,1
12184,6982,1.0,1
12185,5523,1.0,1
12186,64,0.5,1
12186,2934,0.5,0
12187,5792,1.0,1
12188,3617,1.0,1
12189,864,1.0,1
12190,306,1.0,1
12191,6148,1.0,1
12192,2501,1.0,1
12193,3273,1.0,1
12194,5532,1.0,1
12195,6048,1.0,1
12196,404,1.0,1
12197,8401,1.0,1
12198,4617,1.0,1
12199,4398,1.0,1
12200,6001,1.0,1
12201,282,1.0,1
12202,3771,1.0,1
12203,289,1.0,1
12204,5160,1.0,1
12205,2772,0.5,1
12205,1633,0.5,0
12206,5160,1.0,1
12207,4196,1.0,1
12208,1627,1.0,1
12209,8621,0.5,1
12209,4324,0.5,0
12210,4075,1.0,1
12211,5811,1.0,1
12212,3325,1.0,1
12213,367,1.0,1
12214,4260,1.0,1
12215,160,1.0,1
12216,9073,1.0,1
12217,1859,1.0,1
12218,8568,1.0,1
12219,8225,1.0,1
12220,5957,1.0,1
12221,1127,1.0,1
12222,342,1.0,1
12223,1373,1.0,1
12224,4123,1.0,1
12225,7726,1.0,1
12226,3941,1.0,1
12227,1174,1.0,1
12228,8164,1.0,1
12229,4984,0.5,1
12229,3527,0.5,0
12230,6338,0.333333,1
12230,3777,0.333333,0
12230,2111,0.333333,0
12231,5069,1.0,1
12232,333,1.0,1
12233,8407,1.0,1
12234,3047,1.0,1
12235,2906,1.0,1
12236,2956,1.0,1
12237,6641,1.0,1
12238,2038,1.0,1
12239,4049,1.0,1
12240,1534,1.0,1
12241,1534,1.0,1
12242,2286,1.0,1
12243,4919,1.0,1
12244,7401,1.0,1
12245,4433,1.0,1
12246,1708,1.0,1
12247,2977,1.0,1
12248,1534,1.0,1
12249,2233,1.0,1
12250,8918,1.0,1
12251,8252,1.0,1
12252,6492,1.0,1
12253,3505,1.0,1
12254,8183,1.0,1
12255,2640,1.0,1
12256,9298,1.0,1
12257,4222,1.0,1
12258,7870,1.0,1
12259,4508,1.0,1
12260,4012,1.0,1
12261,1146,0.5,1
12261,1145,0.5,0
12262,7322,1.0,1
12263,1867,1.0,1
12264,480,1.0,1
12265,3367,1.0,1
12266,3325,1.0,1
12267,1222,1.0,1
12268,7615,1.0,1
12269,7649,1.0,1
12270,5486,1.0,1
12271,1908,1.0,1
12272,2555,1.0,1
12273,8245,1.0,1
12274,9339,1.0,1
12275,5811,1.0,1
12276,3246,1.0,1
12277,4190,1.0,1
12278,3230,1.0,1
12279,430,1.0,1
12280,2199,1.0,1
12281,2863,1.0,1
12282,3954,1.0,1
12283,3668,1.0,1
12284,765,1.0,1
12285,9361,1.0,1
12286,7914,1.0,1
12287,3141,0.333333,1
12287,3314,0.333333,0
12287,4324,0.333333,0
12288,76,1.0,1
12289,1645,1.0,1
12290,5374,1.0,1
12291,905,1.0,1
12292,6944,1.0,1
12293,9099,1.0,1
12294,1407,1.0,1
12295,3378,1.0,1
12296,1828,1.0,1
12297,1199,1.0,1
12298,4415,1.0,1
12299,1974,1.0,1
12300,9339,1.0,1
12301,4049,1.0,1
12302,8060,1.0,1
12303,3768,1.0,1
12304,6228,1.0,1
12305,887,1.0,1
12306,2170,1.0,1
12307,6096,1.0,1
12308,9193,1.0,1
12309,1688,1.0,1
12310,7900,1.0,1
12311,438,1.0,1
12312,1031,1.0,1
12313,3464,1.0,1
12314,7801,1.0,1
12315,8923,1.0,1
12316,7967,1.0,1
12317,5252,1.0,1
12318,8479,1.0,1
12319,3661,1.0,1
12320,8694,0.5,1
12320,3145,0.5,0
12321,7047,1.0,1
12322,6734,1.0,1
12323,9262,1.0,1
12324,6838,1.0,1
12325,5050,1.0,1
12326,3078,1.0,1
12327,5834,1.0,1
12328,4449,1.0,1
12329,6162,1.0,1
12330,8604,1.0,1
12331,4813,1.0,1
12332,5069,1.0,1
12333,1534,1.0,1
12334,434,1.0,1
12335,9221,1.0,1
12336,5593,1.0,1
12337,3727,1.0,1
12338,8266,1.0,1
12339,2350,1.0,1
12340,6627,1.0,1
12341,3325,1.0,1
12342,4918,1.0,1
12343,9346,1.0,1
12344,4451,1.0,1
12345,4309,0.5,1
12345,64,0.5,0
12346,1526,1.0,1
12347,5725,1.0,1
12348,684,1.0,1
12349,2310,1.0,1
12350,9094,1.0,1
12351,1524,1.0,1
12352,7065,1.0,1
12353,1557,1.0,1
12354,2381,1.0,1
12355,775,1.0,1
12356,1680,1.0,1
12357,2384,1.0,1
12358,4537,1.0,1
12359,8841,1.0,1
12360,3437,1.0,1
12361,616,0.5,1
12361,2113,0.5,0
12362,7065,1.0,1
12363,1062,1.0,1
12364,7065,1.0,1
12365,3798,1.0,1
12366,4139,1.0,1
12367,6717,0.5,1
12367,5314,0.5,0
12368,5795,1.0,1
12369,2974,1.0,1
12370,6807,1.0,1
12371,845,1.0,1
12372,1839,1.0,1
12373,8488,1.0,1
12374,4401,1.0,1
12375,6186,1.0,1
12376,6615,1.0,1
12377,6205,1.0,1
12378,4704,1.0,1
12379,3530,1.0,1
12380,2350,1.0,1
12381,5039,1.0,1
12382,5111,1.0,1
12383,502,1.0,1
12384,7040,1.0,1
12385,8981,1.0,1
12386,349,0.5,1
12386,7422,0.5,0
12387,8052,1.0,1
12388,7748,1.0,1
12389,9323,1.0,1
12390,7671,1.0,1
12391,8207,1.0,1
12392,1827,1.0,1
12393,2126,1.0,1
12394,1362,1.0,1
12395,6583,1.0,1
12396,4220,1.0,1
12397,8921,1.0,1
12398,8354,1.0,1
12399,5194,1.0,1
12400,544,1.0,1
12401,4196,1.0,1
12402,5779,1.0,1
12403,5742,1.0,1
12404,5725,1.0,1
12405,355,1.0,1
12406,4587,1.0,1
12407,6037,1.0,1
12408,6556,1.0,1
12409,6096,1.0,1
12410,8816,1.0,1
12411,7544,1.0,1
12412,4070,1.0,1
12413,4247,1.0,1
12414,1678,1.0,1
12415,4107,1.0,1
12416,8598,1.0,1
12417,594,1.0,1
12418,931,1.0,1
12419,4163,1.0,1
12420,5709,1.0,1
12421,882,1.0,1
12422,8176,1.0,1
12423,1423,1.0,1
12424,3385,1.0,1
12425,4633,1.0,1
12426,2847,1.0,1
12427,1131,1.0,1
12428,3397,1.0,1
12429,6616,1.0,1
12430,2809,1.0,1
12431,2080,1.0,1
12432,2296,1.0,1
12433,8325,1.0,1
12434,1508,1.0,1
12435,876,1.0,1
12436,7638,1.0,1
12437,5184,1.0,1
12438,8256,1.0,1
12439,4316,1.0,1
12440,3383,1.0,1
12441,2512,1.0,1
12442,1768,1.0,1
12443,5538,1.0,1
12444,4315,1.0,1
12445,6948,1.0,1
12446,5601,1.0,1
12447,2720,1.0,1
12448,9305,1.0,1
12449,1534,1.0,1
12450,1575,1.0,1
12451,8137,1.0,1
12452,6443,1.0,1
12453,6286,1.0,1
12454,3192,1.0,1
12455,4432,1.0,1
12456,4444,1.0,1
12457,3788,0.25,1
12457,4138,0.25,0
12457,3861,0.25,0
12457,3551,0.25,0
12458,5042,1.0,1
12459,1407,1.0,1
12460,5979,1.0,1
12461,5811,1.0,1
12462,8926,1.0,1
12463,8388,1.0,1
12464,1346,1.0,1
12465,1737,1.0,1
12466,3526,1.0,1
12467,7200,1.0,1
12468,6600,1.0,1
12469,1814,1.0,1
12470,407,1.0,1
12471,4985,1.0,1
12472,3098,1.0,1
12473,1320,1.0,1
12474,1351,1.0,1
12475,8919,1.0,1
12476,3396,1.0,1
12477,4592,1.0,1
12478,1119,1.0,1
12479,1840,1.0,1
12480,3971,1.0,1
12481,3040,1.0,1
12482,4541,1.0,1
12483,9458,1.0,1
12484,2573,1.0,1
12485,474,1.0,1
12486,2172,1.0,1
12487,8919,1.0,1
12488,3258,1.0,1
12489,6065,1.0,1
12490,3227,1.0,1
12491,6600,1.0,1
12492,8143,1.0,1
12493,1275,1.0,1
12494,2350,1.0,1
12495,5462,1.0,1
12496,7988,1.0,1
12497,906,1.0,1
12498,8526,1.0,1
12499,6324,1.0,1
12500,1180,1.0,1
12501,1463,1.0,1
12502,7838,1.0,1
12503,3824,1.0,1
12504,6600,1.0,1
12505,2822,1.0,1
12506,292,1.0,1
12507,1971,1.0,1
12508,396,1.0,1
12509,6630,1.0,1
12510,1359,1.0,1
12511,237,1.0,1
12512,2639,1.0,1
12513,4197,1.0,1
12514,8084,1.0,1
12515,5802,1.0,1
12516,7782,1.0,1
12517,222,1.0,1
12518,2304,1.0,1
12519,987,1.0,1
12520,9289,1.0,1
12521,8608,1.0,1
12522,331,1.0,1
12523,6786,1.0,1
12524,5604,1.0,1
12525,381,0.5,1
12525,1135,0.5,0
12526,560,1.0,1
12527,8353,1.0,1
12528,1971,1.0,1
12529,5595,1.0,1
12530,4899,1.0,1
12531,5060,1.0,1
12532,1027,1.0,1
12533,1690,1.0,1
12534,6022,1.0,1
12535,2381,1.0,1
12536,6491,1.0,1
12537,1534,1.0,1
12538,3320,1.0,1
12539,4057,1.0,1
12540,818,1.0,1
12541,5008,1.0,1
12542,8065,1.0,1
12543,6021,1.0,1
12544,6037,1.0,1
12545,2528,1.0,1
12546,4158,1.0,1
12547,2091,0.5,1
12547,2829,0.5,0
12548,5075,1.0,1
12549,6783,1.0,1
12550,1971,0.5,1
12550,2403,0.5,0
12551,8728,1.0,1
12552,5811,1.0,1
12553,6376,1.0,1
12554,194,1.0,1
12555,4433,1.0,1
12556,7910,1.0,1
12557,7899,1.0,1
12558,3966,1.0,1
12559,5644,1.0,1
12560,5489,1.0,1
12561,7215,1.0,1
12562,4866,1.0,1
12563,1977,1.0,1
12564,7545,1.0,1
12565,3221,1.0,1
12566,2086,1.0,1
12567,7312,1.0,1
12568,9242,1.0,1
12569,119,1.0,1
12570,5162,1.0,1
12571,4561,1.0,1
12572,3064,1.0,1
12573,2994,1.0,1
12574,2079,1.0,1
12575,3934,0.5,1
12575,9189,0.5,0
12576,331,1.0,1
12577,7293,0.5,1
12577,8389,0.5,0
12578,4544,1.0,1
12579,8431,1.0,1
12580,7209,1.0,1
12581,4553,1.0,1
12582,8915,1.0,1
12583,7968,1.0,1
12584,8808,1.0,1
12585,1279,1.0,1
12586,6331,1.0,1
12587,8169,1.0,1
12588,6049,1.0,1
12589,6895,1.0,1
12590,1485,1.0,1
12591,3824,1.0,1
12592,5839,1.0,1
12593,3525,1.0,1
12594,6595,1.0,1
12595,1728,1.0,1
12596,1873,1.0,1
12597,5781,0.5,1
12597,8389,0.5,0
12598,3618,1.0,1
12599,1634,1.0,1
12600,3938,1.0,1
12601,5436,1.0,1
12602,5481,1.0,1
12603,45,1.0,1
12604,7117,1.0,1
12605,8011,1.0,1
12606,4765,1.0,1
12607,2594,1.0,1
12608,7069,1.0,1
12609,3292,1.0,1
12610,236,1.0,1
12611,6434,1.0,1
12612,4628,1.0,1
12613,1932,0.5,1
12613,2530,0.5,0
12614,2454,1.0,1
12615,8259,1.0,1
12616,5164,1.0,1
12617,8464,1.0,1
12618,3949,1.0,1
12619,6025,1.0,1
12620,2134,1.0,1
12621,9390,1.0,1
12622,938,1.0,1
12623,9099,1.0,1
12624,1012,1.0,1
12625,1669,1.0,1
12626,8930,1.0,1
12627,6600,1.0,1
12628,1425,1.0,1
12629,5156,1.0,1
12630,2184,1.0,1
12631,6799,1.0,1
12632,977,1.0,1
12633,6210,1.0,1
12634,5635,1.0,1
12635,3227,1.0,1
12636,3950,1.0,1
12637,3154,1.0,1
12638,1560,1.0,1
12639,3614,1.0,1
12640,397,1.0,1
12641,8516,1.0,1
12642,587,1.0,1
12643,5230,1.0,1
12644,3228,1.0,1
12645,5632,1.0,1
12646,2624,1.0,1
12647,354,1.0,1
12648,6385,1.0,1
12649,682,1.0,1
12650,4889,1.0,1
12651,2609,1.0,1
12652,559,1.0,1
12653,7606,1.0,1
12654,5128,1.0,1
12655,3145,1.0,1
12656,1152,1.0,1
12657,4380,1.0,1
12658,1847,1.0,1
12659,9175,1.0,1
12660,1793,1.0,1
12661,5582,1.0,1
12662,7950,1.0,1
12663,2800,1.0,1
12664,7731,1.0,1
12665,6761,1.0,1
12666,7589,1.0,1
12667,1722,1.0,1
12668,7942,1.0,1
12669,4492,1.0,1
12670,5744,1.0,1
12671,2956,1.0,1
12672,888,1.0,1
12673,4666,1.0,1
12674,3001,1.0,1
12675,6195,1.0,1
12676,2884,1.0,1
12677,7725,1.0,1
12678,6602,1.0,1
12679,6095,1.0,1
12680,4148,1.0,1
12681,2295,1.0,1
12682,4682,1.0,1
12683,3197,1.0,1
12684,6471,1.0,1
12685,7106,1.0,1
12686,477,1.0,1
12687,7296,1.0,1
12688,6311,1.0,1
12689,1741,1.0,1
12690,1407,1.0,1
12691,1890,1.0,1
12692,6317,1.0,1
12693,5011,1.0,1
12694,3979,1.0,1
12695,8927,1.0,1
12696,3311,1.0,1
12697,5955,1.0,1
12698,650,1.0,1
12699,1657,1.0,1
12700,1775,1.0,1
12701,8783,1.0,1
12702,8884,1.0,1
12703,5451,1.0,1
12704,4773,1.0,1
12705,3985,1.0,1
12706,8884,1.0,1
12707,7891,1.0,1
12708,4260,1.0,1
12709,7965,1.0,1
12710,4656,0.5,1
12710,6281,0.5,0
12711,4453,1.0,1
12712,5077,1.0,1
12713,4944,1.0,1
12714,2769,0.5,1
12714,8638,0.5,0
12715,2238,1.0,1
12716,708,1.0,1
12717,3274,1.0,1
12718,751,1.0,1
12719,4938,1.0,1
12720,8685,1.0,1
12721,8884,1.0,1
12722,2831,1.0,1
12723,846,1.0,1
12724,3267,1.0,1
12725,4274,1.0,1
12726,4258,1.0,1
12727,1179,1.0,1
12728,3306,1.0,1
12729,7859,1.0,1
12730,5368,1.0,1
12731,5293,1.0,1
12732,8355,1.0,1
12733,1513,1.0,1
12734,1997,0.5,1
12734,7484,0.5,0
12735,204,1.0,1
12736,371,1.0,1
12737,2218,1.0,1
12738,1915,1.0,1
12739,4813,1.0,1
12740,8843,1.0,1
12741,8742,1.0,1
12742,6736,1.0,1
12743,6471,1.0,1
12744,6471,1.0,1
12745,2929,0.333333,1
12745,2939,0.333333,0
12745,5906,0.333333,0
12746,3602,1.0,1
12747,9055,1.0,1
12748,5024,1.0,1
12749,9348,1.0,1
12750,8449,1.0,1
12751,6872,1.0,1
12752,7,1.0,1
12753,8520,1.0,1
12754,2002,1.0,1
12755,4460,1.0,1
12756,8923,1.0,1
12757,6602,1.0,1
12758,6423,1.0,1
12759,1503,1.0,1
12760,4584,1.0,1
12761,1387,1.0,1
12762,5761,1.0,1
12763,6786,1.0,1
12764,4939,1.0,1
12765,626,1.0,1
12766,6798,1.0,1
12767,8992,1.0,1
12768,6626,1.0,1
12769,4260,1.0,1
12770,7361,1.0,1
12771,4211,1.0,1
12772,297,1.0,1
12773,2330,0.5,1
12773,3295,0.5,0
12774,5744,1.0,1
12775,3644,1.0,1
12776,7699,1.0,1
12777,3472,1.0,1
12778,8384,1.0,1
12779,422,1.0,1
12780,6230,0.5,1
12780,2075,0.5,0
12781,1476,1.0,1
12782,7817,1.0,1
12783,6606,1.0,1
12784,2338,1.0,1
12785,6579,1.0,1
12786,3651,0.5,1
12786,5641,0.5,0
12787,5836,1.0,1
12788,9445,1.0,1
12789,2466,1.0,1
12790,4359,1.0,1
12791,1212,1.0,1
12792,5272,1.0,1
12793,3020,1.0,1
12794,3879,1.0,1
12795,2338,1.0,1
12796,110,1.0,1
12797,7621,1.0,1
12798,8894,1.0,1
12799,6754,1.0,1
12800,2572,1.0,1
12801,4861,1.0,1
12802,6620,1.0,1
12803,9447,1.0,1
12804,4469,1.0,1
12805,3532,1.0,1
12806,6851,1.0,1
12807,6561,1.0,1
12808,1136,0.5,1
12808,4253,0.5,0
12809,17,0.5,1
12809,2934,0.5,0
12810,4555,1.0,1
12811,1971,1.0,1
12812,730,1.0,1
12813,7272,1.0,1
12814,3734,1.0,1
12815,6087,1.0,1
12816,2913,1.0,1
12817,3471,1.0,1
12818,6008,1.0,1
12819,6271,1.0,1
12820,2628,1.0,1
12821,2369,1.0,1
12822,5245,1.0,1
12823,2752,1.0,1
12824,5502,1.0,1
12825,5300,1.0,1
12826,8721,1.0,1
12827,2146,1.0,1
12828,4589,1.0,1
12829,4700,1.0,1
12830,7943,1.0,1
12831,3602,1.0,1
12832,3853,1.0,1
12833,730,1.0,1
12834,9082,1.0,1
12835,2089,1.0,1
12836,6139,1.0,1
12837,3217,1.0,1
12838,3457,1.0,1
12839,8990,1.0,1
12840,4330,1.0,1
12841,4422,1.0,1
12842,7683,1.0,1
12843,4823,1.0,1
12844,2465,1.0,1
12845,678,1.0,1
12846,6869,1.0,1
12847,861,1.0,1
12848,8860,0.5,1
12848,749,0.5,0
12849,2084,1.0,1
12850,1400,1.0,1
12851,602,0.333333,1
12851,7422,0.333333,0
12851,8737,0.333333,0
12852,4260,1.0,1
12853,9411,1.0,1
12854,2652,1.0,1
12855,3852,1.0,1
12856,469,1.0,1
12857,338,1.0,1
12858,588,1.0,1
12859,5811,1.0,1
12860,8055,1.0,1
12861,7972,1.0,1
12862,110,1.0,1
12863,3122,0.5,1
12863,8070,0.5,0
12864,5591,1.0,1
12865,4260,1.0,1
12866,3728,1.0,1
12867,1133,1.0,1
12868,3442,1.0,1
12869,8360,1.0,1
12870,7587,1.0,1
12871,2927,1.0,1
12872,2946,1.0,1
12873,7517,1.0,1
12874,1858,1.0,1
12875,398,1.0,1
12876,1924,1.0,1
12877,9080,1.0,1
12878,4742,1.0,1
12879,3410,1.0,1
12880,3457,1.0,1
12881,2694,1.0,1
12882,6960,1.0,1
12883,6907,1.0,1
12884,8752,1.0,1
12885,4651,1.0,1
12886,8998,1.0,1
12887,7891,1.0,1
12888,3902,1.0,1
12889,7065,1.0,1
12890,5461,1.0,1
12891,8667,1.0,1
12892,5625,0.5,1
12892,1882,0.5,0
12893,7185,1.0,1
12894,8064,1.0,1
12895,9253,0.333333,1
12895,9344,0.333333,0
12895,1729,0.333333,0
12896,6471,1.0,1
12897,3731,1.0,1
12898,8644,1.0,1
12899,8419,1.0,1
12900,5176,1.0,1
12901,8218,1.0,1
12902,5645,1.0,1
12903,5475,1.0,1
12904,7559,1.0,1
12905,108,1.0,1
12906,40,1.0,1
12907,8155,1.0,1
12908,5466,0.5,1
12908,2260,0.5,0
12909,9161,1.0,1
12910,3881,1.0,1
12911,5789,1.0,1
12912,6479,0.5,1
12912,2934,0.5,0
12913,1728,1.0,1
12914,6451,1.0,1
12915,2121,1.0,1
12916,967,1.0,1
12917,8934,1.0,1
12918,5165,1.0,1
12919,5065,1.0,1
12920,4558,1.0,1
12921,2247,1.0,1
12922,2734,1.0,1
12923,8697,1.0,1
12924,8350,1.0,1
12925,3502,1.0,1
12926,5109,1.0,1
12927,2036,1.0,1
12928,4934,1.0,1
12929,5705,1.0,1
12930,134,0.5,1
12930,16,0.5,0
12931,487,1.0,1
12932,7456,1.0,1
12933,172,0.5,1
12933,9431,0.5,0
12934,2006,1.0,1
12935,205,1.0,1
12936,5210,0.5,1
12936,6237,0.5,0
12937,6455,1.0,1
12938,1361,1.0,1
12939,6309,0.5,1
12939,8064,0.5,0
12940,4686,1.0,1
12941,8433,1.0,1
12942,2987,1.0,1
12943,3477,1.0,1
12944,3829,1.0,1
12945,3992,1.0,1
12946,1340,1.0,1
12947,3122,1.0,1
12948,3979,1.0,1
12949,7991,1.0,1
12950,6206,1.0,1
12951,5421,1.0,1
12952,1407,1.0,1
12953,5906,0.5,1
12953,2715,0.5,0
12954,6771,1.0,1
12955,1131,1.0,1
12956,3391,1.0,1
12957,2294,1.0,1
12958,1775,1.0,1
12959,4022,0.5,1
12959,3648,0.5,0
12960,1407,1.0,1
12961,5507,1.0,1
12962,7744,1.0,1
12963,9069,1.0,1
12964,1439,1.0,1
12965,9089,1.0,1
12966,4047,1.0,1
12967,3776,1.0,1
12968,4507,1.0,1
12969,5137,1.0,1
12970,562,1.0,1
12971,2078,1.0,1
12972,2301,1.0,1
12973,9048,1.0,1
12974,5125,1.0,1
12975,4257,1.0,1
12976,8104,0.333333,1
12976,9046,0.333333,0
12976,9148,0.333333,0
12977,6606,1.0,1
12978,8094,1.0,1
12979,1187,1.0,1
12980,5782,1.0,1
12981,7123,0.5,1
12981,2355,0.5,0
12982,3694,1.0,1
12983,5423,1.0,1
12984,144,0.5,1
12984,7229,0.5,0
12985,8470,1.0,1
12986,8296,1.0,1
12987,4528,1.0,1
12988,3301,1.0,1
12989,3842,1.0,1
12990,4738,1.0,1
12991,7065,1.0,1
12992,2715,0.5,1
12992,5906,0.5,0
12993,8802,1.0,1
12994,4369,1.0,1
12995,5128,1.0,1
12996,1551,1.0,1
12997,886,1.0,1
12998,7872,1.0,1
12999,3149,1.0,1
13000,2606,1.0,1
13001,4843,1.0,1
13002,361,1.0,1
13003,8425,1.0,1
13004,4157,1.0,1
13005,6955,1.0,1
13006,2202,1.0,1
13007,2940,1.0,1
13008,1674,1.0,1
13009,1919,1.0,1
13010,4331,1.0,1
13011,3896,1.0,1
13012,5004,1.0,1
13013,7170,1.0,1
13014,1082,1.0,1
13015,8691,1.0,1
13016,2956,1.0,1
13017,5729,1.0,1
13018,4530,1.0,1
13019,924,1.0,1
13020,3971,1.0,1
13021,9087,1.0,1
13022,9319,0.5,1
13022,9318,0.5,0
13023,8449,1.0,1
13024,7764,1.0,1
13025,3258,1.0,1
13026,4865,1.0,1
13027,337,1.0,1
13028,7851,1.0,1
13029,3099,1.0,1
13030,4260,1.0,1
13031,6003,1.0,1
13032,8656,1.0,1
13033,7434,1.0,1
13034,3901,1.0,1
13035,710,1.0,1
13036,5270,1.0,1
13037,7290,1.0,1
13038,3175,1.0,1
13039,5591,1.0,1
13040,670,0.5,1
13040,3602,0.5,0
13041,143,1.0,1
13042,6642,1.0,1
13043,1635,1.0,1
13044,9187,1.0,1
13045,1747,1.0,1
13046,8597,1.0,1
13047,8403,1.0,1
13048,2971,1.0,1
13049,1417,1.0,1
13050,8910,1.0,1
13051,7785,1.0,1
13052,4704,1.0,1
13053,6887,1.0,1
13054,2144,1.0,1
13055,4590,1.0,1
13056,6901,1.0,1
13057,5811,1.0,1
13058,8711,1.0,1
13059,107,1.0,1
13060,7464,0.5,1
13060,7022,0.5,0
13061,2960,1.0,1
13062,6447,1.0,1
13063,4859,1.0,1
13064,9196,1.0,1
13065,6994,1.0,1
13066,3637,1.0,1
13067,5495,1.0,1
13068,694,1.0,1
13069,1407,1.0,1
13070,3795,1.0,1
13071,56,1.0,1
13072,5728,1.0,1
13073,3351,1.0,1
13074,4691,1.0,1
13075,2505,1.0,1
13076,4859,1.0,1
13077,2692,1.0,1
13078,1531,1.0,1
13079,429,1.0,1
13080,7511,1.0,1
13081,4526,1.0,1
13082,650,1.0,1
13083,6214,1.0,1
13084,5870,1.0,1
13085,7008,1.0,1
13086,1319,1.0,1
13087,8308,1.0,1
13088,4305,1.0,1
13089,3979,1.0,1
13090,5258,1.0,1
13091,4064,1.0,1
13092,9041,1.0,1
13093,455,1.0,1
13094,2185,1.0,1
13095,5010,1.0,1
13096,8802,1.0,1
13097,7602,1.0,1
13098,7438,0.5,1
13098,6782,0.5,0
13099,5712,1.0,1
13100,7226,1.0,1
13101,2338,1.0,1
13102,2471,1.0,1
13103,5067,1.0,1
13104,607,1.0,1
13105,3971,1.0,1
13106,1158,1.0,1
13107,1308,1.0,1
13108,8439,1.0,1
13109,6468,1.0,1
13110,6542,1.0,1
13111,8191,1.0,1
13112,2610,1.0,1
13113,7375,1.0,1
13114,6346,1.0,1
13115,8064,1.0,1
13116,5211,1.0,1
13117,5323,1.0,1
13118,7258,1.0,1
13119,6471,1.0,1
13120,872,1.0,1
13121,7737,1.0,1
13122,5454,1.0,1
13123,2715,0.5,1
13123,5906,0.5,0
13124,4244,1.0,1
13125,5033,1.0,1
13126,2350,1.0,1
13127,151,1.0,1
13128,2255,1.0,1
13129,3388,1.0,1
13130,2693,1.0,1
13131,4479,1.0,1
13132,2181,1.0,1
13133,6626,1.0,1
13134,8692,1.0,1
13135,3399,1.0,1
13136,8381,1.0,1
13137,3139,1.0,1
13138,1806,1.0,1
13139,859,0.5,1
13139,103,0.5,0
13140,2576,1.0,1
13141,5550,1.0,1
13142,5263,1.0,1
13143,6600,1.0,1
13144,1377,1.0,1
13145,3638,1.0,1
13146,3087,0.333333,1
13146,4679,0.333333,0
13146,5059,0.333333,0
13147,6480,1.0,1
13148,5965,0.5,1
13148,8521,0.5,0
13149,6350,1.0,1
13150,8515,1.0,1
13151,9099,1.0,1
13152,228,1.0,1
13153,3503,1.0,1
13154,3258,1.0,1
13155,3177,1.0,1
13156,7344,1.0,1
13157,4557,1.0,1
13158,5811,1.0,1
13159,3979,1.0,1
13160,1793,1.0,1
13161,9391,1.0,1
13162,2058,1.0,1
13163,5146,1.0,1
13164,7507,1.0,1
13165,6362,1.0,1
13166,3085,1.0,1
13167,2380,0.5,1
13167,9325,0.5,0
13168,6847,1.0,1
13169,9096,1.0,1
13170,730,1.0,1
13171,5814,1.0,1
13172,250,1.0,1
13173,3561,1.0,1
13174,4132,1.0,1
13175,6786,1.0,1
13176,7716,1.0,1
13177,6211,1.0,1
13178,730,1.0,1
13179,5825,1.0,1
13180,5906,1.0,1
13181,8765,1.0,1
13182,3920,1.0,1
13183,2039,1.0,1
13184,2382,1.0,1
13185,5676,1.0,1
13186,3103,1.0,1
13187,9032,1.0,1
13188,7561,1.0,1
13189,8685,1.0,1
13190,2039,1.0,1
13191,2765,1.0,1
13192,3161,1.0,1
13193,9404,1.0,1
13194,9286,1.0,1
13195,3918,1.0,1
13196,8305,1.0,1
13197,3931,1.0,1
13198,8886,1.0,1
13199,2849,1.0,1
13200,499,1.0,1
13201,3308,1.0,1
13202,6972,1.0,1
13203,3979,1.0,1
13204,6031,1.0,1
13205,4822,0.333333,1
13205,2959,0.333333,0
13205,6428,0.333333,0
13206,2039,1.0,1
13207,7017,1.0,1
13208,667,1.0,1
13209,5614,1.0,1
13210,3896,1.0,1
13211,3127,1.0,1
13212,4049,1.0,1
13213,6662,1.0,1
13214,5464,1.0,1
13215,7519,1.0,1
13216,2929,0.333333,1
13216,2939,0.333333,0
13216,5906,0.333333,0
13217,6471,1.0,1
13218,4823,1.0,1
13219,536,1.0,1
13220,5591,1.0,1
13221,697,1.0,1
13222,2946,1.0,1
13223,1862,1.0,1
13224,5337,1.0,1
13225,1231,1.0,1
13226,5301,1.0,1
13227,1799,1.0,1
13228,9011,1.0,1
13229,6895,1.0,1
13230,3979,1.0,1
13231,214,1.0,1
13232,7603,1.0,1
13233,7489,1.0,1
13234,5075,1.0,1
13235,2512,1.0,1
13236,369,1.0,1
13237,7689,0.5,1
13237,7422,0.5,0
13238,6869,1.0,1
13239,121,1.0,1
13240,1349,1.0,1
13241,125,1.0,1
13242,3971,1.0,1
13243,3206,1.0,1
13244,3390,1.0,1
13245,4443,1.0,1
13246,832,1.0,1
13247,7681,1.0,1
13248,9438,1.0,1
13249,8039,1.0,1
13250,6471,1.0,1
13251,4640,1.0,1
13252,903,1.0,1
13253,5998,1.0,1
13254,4094,1.0,1
13255,4397,1.0,1
13256,629,1.0,1
13257,8671,1.0,1
13258,6953,0.5,1
13258,64,0.5,0
13259,38,1.0,1
13260,5974,1.0,1
13261,330,1.0,1
13262,404,1.0,1
13263,2350,1.0,1
13264,2286,1.0,1
13265,4673,1.0,1
13266,6607,1.0,1
13267,7513,1.0,1
13268,1132,1.0,1
13269,790,1.0,1
13270,2944,1.0,1
13271,2455,1.0,1
13272,3808,1.0,1
13273,2595,0.5,1
13273,5190,0.5,0
13274,712,1.0,1
13275,4789,1.0,1
13276,8147,1.0,1
13277,632,1.0,1
13278,6626,1.0,1
13279,5594,1.0,1
13280,3971,1.0,1
13281,1083,1.0,1
13282,3227,1.0,1
13283,9113,1.0,1
13284,1063,1.0,1
13285,2898,1.0,1
13286,5160,1.0,1
13287,6319,1.0,1
13288,562,1.0,1
13289,5009,1.0,1
13290,4743,1.0,1
13291,4521,1.0,1
13292,5228,1.0,1
13293,3258,1.0,1
13294,7271,1.0,1
13295,2102,1.0,1
13296,6936,1.0,1
13297,4541,1.0,1
13298,7573,1.0,1
13299,4110,1.0,1
13300,2350,1.0,1
13301,1257,1.0,1
13302,1887,1.0,1
13303,2881,1.0,1
13304,6789,1.0,1
13305,6759,1.0,1
13306,7405,1.0,1
13307,7475,1.0,1
13308,3325,1.0,1
13309,8763,1.0,1
13310,4260,1.0,1
13311,730,1.0,1
13312,8918,1.0,1
13313,8801,1.0,1
13314,4620,1.0,1
13315,3442,1.0,1
13316,3980,1.0,1
13317,5117,1.0,1
13318,8887,1.0,1
13319,5599,1.0,1
13320,8718,1.0,1
13321,3496,1.0,1
13322,3163,1.0,1
13323,161,1.0,1
13324,4446,1.0,1
13325,8745,1.0,1
13326,6918,1.0,1
13327,164,1.0,1
13328,5971,1.0,1
13329,4073,0.5,1
13329,7522,0.5,0
13330,185,1.0,1
13331,8975,1.0,1
13332,46,1.0,1
13333,2705,1.0,1
13334,4245,1.0,1
13335,1763,1.0,1
13336,1793,1.0,1
13337,3869,1.0,1
13338,9168,1.0,1
13339,6105,1.0,1
13340,5738,1.0,1
13341,6473,1.0,1
13342,8884,1.0,1
13343,621,1.0,1
13344,3565,1.0,1
13345,4532,1.0,1
13346,5243,1.0,1
13347,6561,1.0,1
13348,1301,1.0,1
13349,6786,1.0,1
13350,372,1.0,1
13351,4528,1.0,1
13352,9128,1.0,1
13353,3136,0.5,1
13353,3903,0.5,0
13354,1058,1.0,1
13355,2645,1.0,1
13356,7390,1.0,1
13357,315,1.0,1
13358,8124,1.0,1
13359,2350,1.0,1
13360,8513,1.0,1
13361,2124,1.0,1
13362,6561,1.0,1
13363,1666,1.0,1
13364,4950,1.0,1
13365,6173,1.0,1
13366,7468,1.0,1
13367,852,1.0,1
13368,4378,1.0,1
13369,7806,1.0,1
13370,7234,1.0,1
13371,2425,0.5,1
13371,5929,0.5,0
13372,26,1.0,1
13373,5114,1.0,1
13374,963,1.0,1
13375,623,1.0,1
13376,1357,1.0,1
13377,5254,1.0,1
13378,4119,1.0,1
13379,2174,1.0,1
13380,6332,1.0,1
13381,1488,1.0,1
13382,2561,1.0,1
13383,5829,1.0,1
13384,3884,1.0,1
13385,108,1.0,1
13386,5744,1.0,1
13387,3789,1.0,1
13388,2715,1.0,1
13389,5930,1.0,1
13390,1407,1.0,1
13391,7950,0.5,1
13391,1227,0.5,0
13392,4773,1.0,1
13393,2939,0.5,1
13393,5906,0.5,0
13394,1788,1.0,1
13395,5763,1.0,1
13396,1776,1.0,1
13397,4124,1.0,1
13398,2635,1.0,1
13399,9350,0.5,1
13399,9373,0.5,0
13400,3066,1.0,1
13401,5214,1.0,1
13402,5197,1.0,1
13403,9054,1.0,1
13404,8814,1.0,1
13405,7075,1.0,1
13406,5752,1.0,1
13407,7500,1.0,1
13408,2533,1.0,1
13409,8955,1.0,1
13410,5032,1.0,1
13411,6122,1.0,1
13412,6226,1.0,1
13413,5083,1.0,1
13414,7403,1.0,1
13415,5701,1.0,1
13416,7704,1.0,1
13417,8154,1.0,1
13418,3979,1.0,1
13419,5283,1.0,1
13420,2213,1.0,1
13421,824,1.0,1
13422,2219,1.0,1
13423,9176,1.0,1
13424,6366,1.0,1
13425,3894,1.0,1
13426,2931,0.5,1
13426,2956,0.5,0
13427,3259,1.0,1
13428,8398,1.0,1
13429,6997,1.0,1
13430,5635,1.0,1
13431,2690,1.0,1
13432,1332,1.0,1
13433,1138,1.0,1
13434,7618,1.0,1
13435,4054,1.0,1
13436,4874,1.0,1
13437,4773,1.0,1
13438,8270,1.0,1
13439,2356,1.0,1
13440,5080,1.0,1
13441,300,1.0,1
13442,629,1.0,1
13443,8603,1.0,1
13444,5236,1.0,1
13445,873,1.0,1
13446,2208,1.0,1
13447,6237,1.0,1
13448,5440,1.0,1
13449,2140,1.0,1
13450,3741,1.0,1
13451,2360,1.0,1
13452,6237,1.0,1
13453,6984,1.0,1
13454,6453,1.0,1
13455,1664,1.0,1
13456,8496,1.0,1
13457,2846,1.0,1
13458,6043,1.0,1
13459,4071,1.0,1
13460,7823,1.0,1
13461,6984,1.0,1
13462,6588,1.0,1
13463,5440,1.0,1
13464,7966,1.0,1
13465,6831,1.0,1
13466,8999,1.0,1
13467,2874,1.0,1
13468,3392,1.0,1
13469,4459,1.0,1
13470,6617,1.0,1
13471,92,1.0,1
13472,3024,1.0,1
13473,8053,0.5,1
13473,5951,0.5,0
13474,6154,1.0,1
13475,8888,0.5,1
13475,2445,0.5,0
13476,8561,1.0,1
13477,598,1.0,1
13478,4306,1.0,1
13479,2842,1.0,1
13480,1622,1.0,1
13481,8209,1.0,1
13482,3442,1.0,1
13483,1971,1.0,1
13484,4268,1.0,1
13485,5952,1.0,1
13486,6758,1.0,1
13487,3214,1.0,1
13488,4000,1.0,1
13489,353,1.0,1
13490,7037,1.0,1
13491,2093,1.0,1
13492,1971,1.0,1
13493,1720,1.0,1
13494,6607,1.0,1
13495,6786,1.0,1
13496,5817,1.0,1
13497,385,1.0,1
13498,6425,1.0,1
13499,7538,1.0,1
13500,4027,1.0,1
13501,9395,0.5,1
13501,6138,0.5,0
13502,4109,1.0,1
13503,7977,1.0,1
13504,1052,1.0,1
13505,3261,1.0,1
13506,4387,1.0,1
13507,8884,1.0,1
13508,8606,1.0,1
13509,417,1.0,1
13510,4530,1.0,1
13511,4773,1.0,1
13512,6009,0.5,1
13512,8888,0.5,0
13513,2697,1.0,1
13514,1850,1.0,1
13515,349,1.0,1
13516,5420,1.0,1
13517,5635,1.0,1
13518,3971,1.0,1
13519,903,1.0,1
13520,1793,0.5,1
13520,5146,0.5,0
13521,7284,1.0,1
13522,8190,1.0,1
13523,109,1.0,1
13524,6871,0.5,1
13524,2214,0.5,0
13525,2103,1.0,1
13526,6237,1.0,1
13527,5687,1.0,1
13528,6284,1.0,1
13529,7482,1.0,1
13530,1337,0.5,1
13530,3602,0.5,0
13531,6187,1.0,1
13532,6339,1.0,1
13533,5146,1.0,1
13534,3415,1.0,1
13535,1831,1.0,1
13536,3546,1.0,1
13537,8959,1.0,1
13538,8521,0.5,1
13538,4713,0.5,0
13539,7840,1.0,1
13540,793,1.0,1
13541,5210,0.333333,1
13541,6687,0.333333,0
13541,6237,0.333333,0
13542,2292,1.0,1
13543,672,0.5,1
13543,2892,0.5,0
13544,1631,0.5,1
13544,5906,0.5,0
13545,8064,0.5,1
13545,8092,0.5,0
13546,6625,1.0,1
13547,6430,1.0,1
13548,3979,1.0,1
13549,7013,1.0,1
13550,629,1.0,1
13551,5534,1.0,1
13552,6270,1.0,1
13553,734,1.0,1
13554,3538,1.0,1
13555,5073,1.0,1
13556,5924,1.0,1
13557,2073,0.5,1
13557,2070,0.5,0
13558,8168,1.0,1
13559,4275,1.0,1
13560,1148,1.0,1
13561,1655,1.0,1
13562,7484,1.0,1
13563,8914,1.0,1
13564,8830,1.0,1
13565,7143,1.0,1
13566,7369,1.0,1
13567,6722,1.0,1
13568,2274,1.0,1
13569,5906,1.0,1
13570,61,1.0,1
13571,5030,1.0,1
13572,8720,1.0,1
13573,603,1.0,1
13574,8502,1.0,1
13575,5745,1.0,1
13576,1105,1.0,1
13577,676,1.0,1
13578,8430,1.0,1
13579,2830,1.0,1
13580,2598,1.0,1
13581,1899,1.0,1
13582,8526,1.0,1
13583,1976,1.0,1
13584,2637,1.0,1
13585,2570,1.0,1
13586,6010,1.0,1
13587,1500,1.0,1
13588,1108,1.0,1
13589,819,1.0,1
13590,2930,1.0,1
13591,6656,1.0,1
13592,7484,1.0,1
13593,4091,1.0,1
13594,1793,1.0,1
13595,2420,1.0,1
13596,8991,1.0,1
13597,2237,1.0,1
13598,5756,1.0,1
13599,7910,1.0,1
13600,494,1.0,1
13601,7606,1.0,1
13602,797,1.0,1
13603,3686,1.0,1
13604,2656,0.5,1
13604,103,0.5,0
13605,527,1.0,1
13606,8609,1.0,1
13607,108,1.0,1
13608,4082,1.0,1
13609,7182,1.0,1
13610,2123,1.0,1
13611,1336,1.0,1
13612,5042,1.0,1
13613,6555,1.0,1
13614,6266,1.0,1
13615,6266,1.0,1
13616,6545,1.0,1
13617,6230,0.5,1
13617,64,0.5,0
13618,8881,0.5,1
13618,8526,0.5,0
13619,403,1.0,1
13620,7484,1.0,1
13621,797,1.0,1
13622,3516,0.5,1
13622,4679,0.5,0
13623,8189,1.0,1
13624,1695,1.0,1
13625,6237,1.0,1
13626,9172,0.5,1
13626,5906,0.5,0
13627,5864,1.0,1
13628,790,1.0,1
13629,494,1.0,1
13630,8495,0.5,1
13630,8389,0.5,0
13631,108,1.0,1
13632,7542,1.0,1
13633,2789,0.5,1
13633,2419,0.5,0
13634,9147,1.0,1
13635,136,0.5,1
13635,8888,0.5,0
13636,714,1.0,1
13637,6654,1.0,1
13638,2940,1.0,1
13639,7950,1.0,1
13640,6237,1.0,1
13641,784,1.0,1
13642,7484,1.0,1
13643,6003,0.5,1
13643,1894,0.5,0
13644,7606,1.0,1
13645,797,1.0,1
13646,7180,1.0,1
13647,5668,1.0,1
13648,7911,1.0,1
13649,6003,0.5,1
13649,1894,0.5,0
13650,7032,1.0,1
13651,7606,1.0,1
13652,5881,1.0,1
13653,8699,1.0,1
13654,4099,1.0,1
13655,1487,1.0,1
13656,1780,1.0,1
13657,3962,1.0,1
13658,22,1.0,1
13659,6183,0.5,1
13659,5906,0.5,0
13660,2359,1.0,1
13661,5146,1.0,1
13662,1500,1.0,1
13663,799,1.0,1
13664,714,1.0,1
13665,2982,0.5,1
13665,61,0.5,0
13666,6352,1.0,1
13667,3952,1.0,1
13668,4863,1.0,1
13669,61,1.0,1
13670,3466,1.0,1
13671,5348,1.0,1
13672,3423,1.0,1
13673,1169,1.0,1
13674,536,1.0,1
13675,1945,1.0,1
13676,779,0.5,1
13676,9099,0.5,0
13677,6777,0.5,1
13677,790,0.5,0
13678,7606,1.0,1
13679,797,1.0,1
13680,842,1.0,1
13681,7484,1.0,1
13682,1500,1.0,1
13683,8613,0.5,1
13683,5632,0.5,0
13684,7819,1.0,1
13685,1500,1.0,1
13686,5918,1.0,1
13687,6003,1.0,1
13688,2982,0.5,1
13688,61,0.5,0
13689,629,0.5,1
13689,8389,0.5,0
13690,7182,1.0,1
13691,1606,1.0,1
13692,1945,1.0,1
13693,3674,1.0,1
13694,8526,1.0,1
13695,1793,1.0,1
13696,790,0.5,1
13696,4679,0.5,0
13697,6092,1.0,1
13698,6092,1.0,1
13699,5500,1.0,1
13700,5116,1.0,1
13701,3631,1.0,1
13702,6010,1.0,1
13703,790,1.0,1
13704,2016,1.0,1
13705,7769,1.0,1
13706,8720,1.0,1
13707,1529,1.0,1
13708,1431,0.5,1
13708,8511,0.5,0
13709,3870,1.0,1
13710,4082,1.0,1
13711,1894,1.0,1
13712,8521,0.333333,1
13712,4713,0.333333,0
13712,4711,0.333333,0
13713,3241,1.0,1
13714,7684,1.0,1
13715,4610,1.0,1
13716,7484,1.0,1
13717,2266,1.0,1
13718,3341,1.0,1
13719,2147,0.333333,1
13719,5906,0.333333,0
13719,3314,0.333333,0
13720,5128,1.0,1
13721,8341,1.0,1
13722,9399,1.0,1
13723,2724,1.0,1
13724,4142,1.0,1
13725,4859,1.0,1
13726,2316,1.0,1
13727,1242,1.0,1
13728,7679,1.0,1
13729,2328,1.0,1
13730,1793,1.0,1
13731,8511,1.0,1
13732,6922,1.0,1
13733,5651,1.0,1
13734,1945,1.0,1
13735,4716,0.5,1
13735,6657,0.5,0
13736,7484,1.0,1
13737,61,1.0,1
13738,833,1.0,1
13739,5824,1.0,1
13740,8526,1.0,1
13741,714,1.0,1
13742,5472,1.0,1
13743,7404,1.0,1
13744,4635,1.0,1
13745,2770,1.0,1
13746,2143,1.0,1
13747,3844,1.0,1
13748,2901,1.0,1
13749,5119,0.5,1
13749,4543,0.5,0
13750,7008,1.0,1
13751,6867,1.0,1
13752,2656,1.0,1
13753,4790,1.0,1
13754,6344,1.0,1
13755,3962,1.0,1
13756,2901,1.0,1
13757,5146,1.0,1
13758,3971,1.0,1
13759,4256,1.0,1
13760,3423,0.5,1
13760,5179,0.5,0
13761,2251,1.0,1
13762,5704,0.25,1
13762,2656,0.25,0
13762,5633,0.25,0
13762,1757,0.25,0
13763,8521,0.5,1
13763,4713,0.5,0
13764,8511,1.0,1
13765,1945,1.0,1
13766,9216,1.0,1
13767,6575,0.5,1
13767,2541,0.5,0
13768,3108,1.0,1
13769,6575,1.0,1
13770,1945,1.0,1
13771,3120,1.0,1
13772,5146,0.25,1
13772,7667,0.25,0
13772,2931,0.25,0
13772,1728,0.25,0
13773,2688,1.0,1
13774,4859,1.0,1
13775,6575,1.0,1
13776,5322,1.0,1
13777,985,1.0,1
13778,4377,0.333333,1
13778,2753,0.333333,0
13778,2750,0.333333,0
13779,3654,1.0,1
13780,199,1.0,1
13781,2358,1.0,1
13782,6140,1.0,1
13783,8064,0.333333,1
13783,3480,0.333333,0
13783,2934,0.333333,0
13784,585,1.0,1
13785,69,0.5,1
13785,7606,0.5,0
13786,108,1.0,1
13787,3705,0.5,1
13787,3602,0.5,0
13788,856,1.0,1
13789,7844,1.0,1
13790,2010,1.0,1
13791,7950,1.0,1
13792,1022,1.0,1
13793,9099,1.0,1
13794,5116,1.0,1
13795,2570,1.0,1
13796,3952,0.5,1
13796,1228,0.5,0
13797,3513,1.0,1
13798,5257,1.0,1
13799,1771,0.5,1
13799,6875,0.5,0
13800,6464,1.0,1
13801,5236,1.0,1
13802,1894,1.0,1
13803,7484,1.0,1
13804,4739,1.0,1
13805,629,1.0,1
13806,5205,1.0,1
13807,1219,1.0,1
13808,3474,1.0,1
13809,2537,1.0,1
13810,2878,1.0,1
13811,2101,1.0,1
13812,5818,1.0,1
13813,8521,0.333333,1
13813,4713,0.333333,0
13813,4711,0.333333,0
13814,8537,1.0,1
13815,7182,1.0,1
13816,7182,1.0,1
13817,7948,1.0,1
13818,7182,1.0,1
13819,7182,1.0,1
13820,7182,1.0,1
13821,7182,1.0,1
13822,3423,1.0,1
13823,1492,1.0,1
13824,3770,1.0,1
13825,1235,1.0,1
13826,3770,1.0,1
13827,8367,1.0,1
13828,2656,1.0,1
13829,3306,0.5,1
13829,865,0.5,0
13830,715,1.0,1
13831,871,1.0,1
13832,6003,1.0,1
13833,5128,1.0,1
13834,689,1.0,1
13835,6989,1.0,1
13836,7008,1.0,1
13837,3127,1.0,1
13838,1219,1.0,1
13839,7484,1.0,1
13840,7853,1.0,1
13841,7848,1.0,1
13842,1945,1.0,1
13843,3505,1.0,1
13844,2266,1.0,1
13845,8095,1.0,1
13846,2656,1.0,1
13847,2612,1.0,1
13848,9099,1.0,1
13849,6521,1.0,1
13850,3764,1.0,1
13851,9099,1.0,1
13852,6237,1.0,1
13853,2266,1.0,1
13854,2266,1.0,1
13855,2675,0.5,1
13855,7422,0.5,0
13856,202,1.0,1
13857,2266,1.0,1
13858,2266,1.0,1
13859,2266,1.0,1
13860,6092,1.0,1
13861,1886,0.5,1
13861,8389,0.5,0
13862,6575,1.0,1
13863,2266,1.0,1
13864,2266,1.0,1
13865,2266,1.0,1
13866,2266,1.0,1
13867,2266,1.0,1
13868,4055,1.0,1
13869,2939,0.5,1
13869,5906,0.5,0
13870,6321,1.0,1
13871,7054,1.0,1
13872,2266,1.0,1
13873,3498,1.0,1
13874,2266,1.0,1
13875,5210,0.5,1
13875,6237,0.5,0
13876,903,1.0,1
13877,1354,1.0,1
13878,8089,1.0,1
13879,1695,1.0,1
13880,6023,1.0,1
13881,1034,1.0,1
13882,4889,1.0,1
13883,5708,1.0,1
13884,2266,1.0,1
13885,3968,1.0,1
13886,790,1.0,1
13887,2266,1.0,1
13888,2266,1.0,1
13889,4929,1.0,1
13890,7182,1.0,1
13891,7484,1.0,1
13892,3770,1.0,1
13893,2537,1.0,1
13894,4889,1.0,1
13895,1793,1.0,1
13896,2057,1.0,1
13897,1914,1.0,1
13898,2266,1.0,1
13899,3770,1.0,1
13900,2656,1.0,1
13901,3306,1.0,1
13902,797,1.0,1
13903,6425,1.0,1
13904,6425,1.0,1
13905,1219,1.0,1
13906,715,1.0,1
13907,7484,1.0,1
13908,7280,1.0,1
13909,8720,1.0,1
13910,4876,1.0,1
13911,7606,1.0,1
13912,7774,1.0,1
13913,6237,1.0,1
13914,3892,1.0,1
13915,61,1.0,1
13916,3019,1.0,1
13917,8450,1.0,1
13918,7008,1.0,1
13919,5146,1.0,1
13920,6291,0.5,1
13920,3602,0.5,0
13921,2103,1.0,1
13922,9061,1.0,1
13923,2266,1.0,1
13924,2900,1.0,1
13925,8699,1.0,1
13926,9102,0.5,1
13926,2075,0.5,0
13927,9099,1.0,1
13928,6483,1.0,1
13929,1568,1.0,1
13930,2212,1.0,1
13931,5687,1.0,1
13932,6237,1.0,1
13933,3971,1.0,1
13934,9099,1.0,1
13935,1195,1.0,1
13936,1710,1.0,1
13937,2631,0.5,1
13937,2589,0.5,0
13938,2266,1.0,1
13939,2266,1.0,1
13940,5249,1.0,1
13941,3952,1.0,1
13942,6836,1.0,1
13943,3452,1.0,1
13944,3616,1.0,1
13945,5635,1.0,1
13946,3952,1.0,1
13947,7606,1.0,1
13948,1537,0.5,1
13948,7773,0.5,0
13949,5128,1.0,1
13950,914,1.0,1
13951,662,1.0,1
13952,6545,0.5,1
13952,3480,0.5,0
13953,1968,1.0,1
13954,6231,1.0,1
13955,310,1.0,1
13956,7182,1.0,1
13957,1356,1.0,1
13958,7214,1.0,1
13959,1219,1.0,1
13960,3692,1.0,1
13961,800,1.0,1
13962,650,0.5,1
13962,628,0.5,0
13963,4739,1.0,1
13964,941,1.0,1
13965,5611,1.0,1
13966,1945,1.0,1
13967,4237,1.0,1
13968,5343,1.0,1
13969,4080,1.0,1
13970,5409,0.5,1
13970,2934,0.5,0
13971,3766,1.0,1
13972,108,1.0,1
13973,5686,1.0,1
13974,6575,1.0,1
13975,8449,1.0,1
13976,6726,1.0,1
13977,790,1.0,1
13978,8521,0.333333,1
13978,4713,0.333333,0
13978,4711,0.333333,0
13979,817,1.0,1
13980,6808,1.0,1
13981,6201,1.0,1
13982,6469,1.0,1
13983,7868,1.0,1
13984,8064,1.0,1
13985,5972,1.0,1
13986,6575,1.0,1
13987,790,1.0,1
13988,5635,1.0,1
13989,6661,1.0,1
13990,5901,1.0,1
13991,7387,1.0,1
13992,6775,1.0,1
13993,2132,1.0,1
13994,9099,1.0,1
13995,4303,1.0,1
13996,7182,1.0,1
13997,6775,1.0,1
13998,1219,1.0,1
13999,2071,1.0,1
14000,782,1.0,1
14001,7182,1.0,1
14002,7658,0.5,1
14002,7660,0.5,0
14003,5915,1.0,1
14004,7857,1.0,1
14005,6450,1.0,1
14006,8303,0.5,1
14006,413,0.5,0
14007,6984,1.0,1
14008,4699,1.0,1
14009,7176,1.0,1
14010,2266,1.0,1
14011,5146,1.0,1
14012,8077,1.0,1
14013,689,1.0,1
14014,7484,1.0,1
14015,3462,1.0,1
14016,9451,0.5,1
14016,4330,0.5,0
14017,2656,1.0,1
14018,1147,1.0,1
14019,2630,1.0,1
14020,1691,1.0,1
14021,689,1.0,1
14022,8135,1.0,1
14023,5212,1.0,1
14024,1691,1.0,1
14025,6371,1.0,1
14026,42,1.0,1
14027,2266,1.0,1
14028,4859,1.0,1
14029,6575,1.0,1
14030,8165,1.0,1
14031,143,1.0,1
14032,8341,1.0,1
14033,3474,1.0,1
14034,7606,0.5,1
14034,3063,0.5,0
14035,8645,1.0,1
14036,1219,1.0,1
14037,6699,1.0,1
14038,2833,1.0,1
14039,2765,1.0,1
14040,9146,1.0,1
14041,6548,1.0,1
14042,1067,1.0,1
14043,7473,1.0,1
14044,797,1.0,1
14045,6840,0.5,1
14045,5590,0.5,0
14046,494,1.0,1
14047,7606,1.0,1
14048,5906,1.0,1
14049,4177,1.0,1
14050,7051,1.0,1
14051,1954,1.0,1
14052,6469,1.0,1
14053,7008,1.0,1
14054,4036,1.0,1
14055,5322,1.0,1
14056,8884,1.0,1
14057,3955,1.0,1
14058,1595,1.0,1
14059,8884,1.0,1
14060,3087,0.5,1
14060,3602,0.5,0
14061,2117,1.0,1
14062,7298,1.0,1
14063,1510,0.5,1
14063,2656,0.5,0
14064,994,1.0,1
14065,2421,1.0,1
14066,798,1.0,1
14067,2589,1.0,1
14068,8327,1.0,1
14069,4667,1.0,1
14070,2103,1.0,1
14071,3538,1.0,1
14072,4262,1.0,1
14073,7182,1.0,1
14074,2537,1.0,1
14075,1793,1.0,1
14076,8521,0.333333,1
14076,4713,0.333333,0
14076,4711,0.333333,0
14077,2328,1.0,1
14078,7484,1.0,1
14079,9208,0.5,1
14079,6405,0.5,0
14080,5917,1.0,1
14081,1674,1.0,1
14082,1959,1.0,1
14083,3952,1.0,1
14084,3242,1.0,1
14085,7181,1.0,1
14086,4588,1.0,1
14087,6631,1.0,1
14088,6575,1.0,1
14089,4773,1.0,1
14090,1945,1.0,1
14091,5902,1.0,1
14092,7772,1.0,1
14093,990,1.0,1
14094,7644,1.0,1
14095,4541,1.0,1
14096,7479,1.0,1
14097,9044,1.0,1
14098,7008,1.0,1
14099,4773,1.0,1
14100,2589,0.5,1
14100,8740,0.5,0
14101,2740,1.0,1
14102,2539,1.0,1
14103,349,0.5,1
14103,343,0.5,0
14104,2509,1.0,1
14105,1188,1.0,1
14106,7182,1.0,1
14107,1882,0.5,1
14107,2075,0.5,0
14108,6575,1.0,1
14109,3988,1.0,1
14110,7819,1.0,1
14111,856,1.0,1
14112,5128,1.0,1
14113,9218,1.0,1
14114,744,1.0,1
14115,7486,1.0,1
14116,8526,1.0,1
14117,7406,1.0,1
14118,3955,1.0,1
14119,8532,1.0,1
14120,1723,0.5,1
14120,8389,0.5,0
14121,905,1.0,1
14122,84,1.0,1
14123,981,1.0,1
14124,8720,1.0,1
14125,2266,1.0,1
14126,5916,1.0,1
14127,3423,1.0,1
14128,6171,1.0,1
14129,8719,0.5,1
14129,7606,0.5,0
14130,1673,1.0,1
14131,3952,1.0,1
14132,8389,1.0,1
14133,7563,1.0,1
14134,4954,1.0,1
14135,2016,1.0,1
14136,689,1.0,1
14137,7182,1.0,1
14138,5382,1.0,1
14139,797,1.0,1
14140,9099,1.0,1
14141,5006,1.0,1
14142,546,1.0,1
14143,7099,1.0,1
14144,3943,0.5,1
14144,1254,0.5,0
14145,3764,1.0,1
14146,1219,1.0,1
14147,797,1.0,1
14148,6575,1.0,1
14149,6029,1.0,1
14150,1487,1.0,1
14151,7960,1.0,1
14152,2480,1.0,1
14153,7182,1.0,1
14154,6575,1.0,1
14155,4961,1.0,1
14156,223,1.0,1
14157,5100,1.0,1
14158,3971,1.0,1
14159,6575,1.0,1
14160,1219,1.0,1
14161,1219,1.0,1
14162,6575,1.0,1
14163,6575,1.0,1
14164,6575,1.0,1
14165,1431,1.0,1
14166,8869,1.0,1
14167,5656,1.0,1
14168,8603,1.0,1
14169,1728,1.0,1
14170,8323,1.0,1
14171,7606,1.0,1
14172,1964,1.0,1
14173,1861,1.0,1
14174,7911,1.0,1
14175,2266,1.0,1
14176,5902,1.0,1
14177,3631,1.0,1
14178,5382,1.0,1
14179,108,1.0,1
14180,689,1.0,1
14181,3670,1.0,1
14182,7768,1.0,1
14183,871,1.0,1
14184,494,1.0,1
14185,6575,1.0,1
14186,6575,1.0,1
14187,7182,1.0,1
14188,3764,1.0,1
14189,2143,1.0,1
14190,8521,0.5,1
14190,4713,0.5,0
14191,1067,1.0,1
14192,3952,1.0,1
14193,7983,1.0,1
14194,4608,1.0,1
14195,2857,1.0,1
14196,5357,1.0,1
14197,4833,1.0,1
14198,1632,1.0,1
14199,4895,1.0,1
14200,8355,0.5,1
14200,547,0.5,0
14201,6010,0.5,1
14201,8526,0.5,0
14202,7888,1.0,1
14203,7606,1.0,1
14204,2266,1.0,1
14205,5146,1.0,1
14206,8526,1.0,1
14207,5322,1.0,1
14208,3971,1.0,1
14209,3971,1.0,1
14210,2266,1.0,1
14211,647,1.0,1
14212,416,1.0,1
14213,1022,1.0,1
14214,8759,1.0,1
14215,1024,1.0,1
14216,6985,0.5,1
14216,5692,0.5,0
14217,8511,1.0,1
14218,2734,1.0,1
14219,4889,1.0,1
14220,8511,1.0,1
14221,5146,1.0,1
14222,4739,1.0,1
14223,2724,1.0,1
14224,2072,1.0,1
14225,2290,1.0,1
14226,8399,1.0,1
14227,6480,1.0,1
14228,3896,1.0,1
14229,1765,1.0,1
14230,6000,0.5,1
14230,3602,0.5,0
14231,1843,1.0,1
14232,3538,1.0,1
14233,8249,1.0,1
14234,2982,0.5,1
14234,61,0.5,0
14235,268,1.0,1
14236,9108,0.5,1
14236,7606,0.5,0
14237,1697,1.0,1
14238,2656,1.0,1
14239,5055,0.5,1
14239,2138,0.5,0
14240,2926,1.0,1
14241,7182,1.0,1
14242,6000,0.5,1
14242,3602,0.5,0
14243,6575,1.0,1
14244,1945,1.0,1
14245,310,1.0,1
14246,2894,1.0,1
14247,13,1.0,1
14248,2275,1.0,1
14249,5740,1.0,1
14250,4217,1.0,1
14251,3513,1.0,1
14252,6526,1.0,1
14253,5563,0.5,1
14253,3295,0.5,0
14254,1673,1.0,1
14255,1673,1.0,1
14256,1973,1.0,1
14257,524,1.0,1
14258,7182,1.0,1
14259,5146,1.0,1
14260,3952,1.0,1
14261,6899,1.0,1
14262,8374,1.0,1
14263,7009,0.5,1
14263,4031,0.5,0
14264,2740,1.0,1
14265,1945,1.0,1
14266,1278,1.0,1
14267,2359,1.0,1
14268,3971,1.0,1
14269,7266,1.0,1
14270,7996,1.0,1
14271,3722,1.0,1
14272,7996,1.0,1
14273,8939,1.0,1
14274,6677,1.0,1
14275,8847,1.0,1
14276,2397,1.0,1
14277,7292,0.5,1
14277,6898,0.5,0
14278,7601,1.0,1
14279,4739,1.0,1
14280,7997,1.0,1
14281,6277,1.0,1
14282,6169,1.0,1
14283,5858,1.0,1
14284,2397,1.0,1
14285,3250,1.0,1
14286,6564,0.5,1
14286,8499,0.5,0
14287,8539,1.0,1
14288,3787,1.0,1
14289,6869,1.0,1
14290,1401,1.0,1
14291,7197,1.0,1
14292,9027,1.0,1
14293,7996,1.0,1
14294,6869,1.0,1
14295,1945,1.0,1
14296,8884,1.0,1
14297,3087,0.5,1
14297,2956,0.5,0
14298,3018,1.0,1
14299,7581,0.5,1
14299,3602,0.5,0
14300,1876,1.0,1
14301,4084,1.0,1
14302,5393,1.0,1
14303,1728,1.0,1
14304,3442,1.0,1
14305,399,0.5,1
14305,2379,0.5,0
14306,2845,1.0,1
14307,5440,1.0,1
14308,8189,1.0,1
14309,2176,1.0,1
14310,2187,1.0,1
14311,853,1.0,1
14312,7042,1.0,1
14313,4296,1.0,1
14314,4542,1.0,1
14315,6230,1.0,1
14316,3774,1.0,1
14317,1715,1.0,1
14318,6786,1.0,1
14319,8521,0.333333,1
14319,4713,0.333333,0
14319,4711,0.333333,0
14320,6296,0.5,1
14320,2951,0.5,0
14321,9099,1.0,1
14322,20,1.0,1
14323,8241,1.0,1
14324,2733,1.0,1
14325,6460,1.0,1
14326,2722,1.0,1
14327,4147,0.5,1
14327,9298,0.5,0
14328,1338,1.0,1
14329,8884,1.0,1
14330,4820,1.0,1
14331,1679,1.0,1
14332,6283,1.0,1
14333,4877,1.0,1
14334,2645,1.0,1
14335,5517,1.0,1
14336,2509,1.0,1
14337,7474,1.0,1
14338,1906,1.0,1
14339,1987,1.0,1
14340,891,1.0,1
14341,4989,1.0,1
14342,2535,1.0,1
14343,2365,1.0,1
14344,7849,1.0,1
14345,8884,1.0,1
14346,5196,1.0,1
14347,6998,1.0,1
14348,5909,1.0,1
14349,5080,1.0,1
14350,1070,0.5,1
14350,1069,0.5,0
14351,5207,1.0,1
14352,1379,1.0,1
14353,8842,1.0,1
14354,6248,0.5,1
14354,8884,0.5,0
14355,6586,1.0,1
14356,650,1.0,1
14357,4394,1.0,1
14358,8884,1.0,1
14359,2420,1.0,1
14360,5020,1.0,1
14361,7878,1.0,1
14362,1238,1.0,1
14363,3979,1.0,1
14364,2044,1.0,1
14365,4679,1.0,1
14366,1388,1.0,1
14367,8884,1.0,1
14368,7386,1.0,1
14369,1685,1.0,1
14370,6609,1.0,1
14371,796,0.5,1
14371,2521,0.5,0
14372,2679,1.0,1
14373,7456,1.0,1
14374,1683,1.0,1
14375,9118,1.0,1
14376,8888,1.0,1
14377,3765,1.0,1
14378,3434,1.0,1
14379,6908,1.0,1
14380,1777,1.0,1
14381,4861,0.5,1
14381,7461,0.5,0
14382,7190,1.0,1
14383,2674,1.0,1
14384,8529,1.0,1
14385,1594,1.0,1
14386,6906,1.0,1
14387,1926,1.0,1
14388,2652,1.0,1
14389,8299,1.0,1
14390,6192,1.0,1
14391,5386,1.0,1
14392,3051,1.0,1
14393,198,1.0,1
14394,2105,1.0,1
14395,5625,0.333333,1
14395,2213,0.333333,0
14395,1882,0.333333,0
14396,6203,1.0,1
14397,2266,1.0,1
14398,3570,0.5,1
14398,5906,0.5,0
14399,5403,1.0,1
14400,8265,1.0,1
14401,4335,1.0,1
14402,3253,1.0,1
14403,2996,1.0,1
14404,323,1.0,1
14405,1882,1.0,1
14406,8192,1.0,1
14407,7930,1.0,1
14408,4808,1.0,1
14409,5883,1.0,1
14410,8261,1.0,1
14411,3151,1.0,1
14412,2081,1.0,1
14413,3602,0.5,1
14413,2577,0.5,0
14414,850,1.0,1
14415,7992,1.0,1
14416,215,1.0,1
14417,5146,1.0,1
14418,8900,1.0,1
14419,2840,0.5,1
14419,5137,0.5,0
14420,5333,1.0,1
14421,6952,1.0,1
14422,8449,1.0,1
14423,8790,1.0,1
14424,8592,1.0,1
14425,3253,1.0,1
14426,3228,1.0,1
14427,8315,1.0,1
14428,8268,1.0,1
14429,7548,1.0,1
14430,562,1.0,1
14431,3905,1.0,1
14432,4354,1.0,1
14433,2442,1.0,1
14434,6618,0.5,1
14434,6138,0.5,0
14435,3227,1.0,1
14436,6094,1.0,1
14437,5177,1.0,1
14438,668,1.0,1
14439,6818,1.0,1
14440,6406,1.0,1
14441,1783,1.0,1
14442,5385,1.0,1
14443,5299,1.0,1
14444,5471,1.0,1
14445,3485,1.0,1
14446,5807,1.0,1
14447,7727,1.0,1
14448,1368,1.0,1
14449,3464,1.0,1
14450,2981,1.0,1
14451,67,1.0,1
14452,6933,1.0,1
14453,5293,1.0,1
14454,4618,1.0,1
14455,1629,0.5,1
14455,8215,0.5,0
14456,8265,1.0,1
14457,2213,1.0,1
14458,3509,1.0,1
14459,4383,1.0,1
14460,4645,1.0,1
14461,6731,1.0,1
14462,781,1.0,1
14463,4104,1.0,1
14464,4715,1.0,1
14465,9307,1.0,1
14466,2225,1.0,1
14467,7588,1.0,1
14468,9039,1.0,1
14469,8068,1.0,1
14470,2345,1.0,1
14471,6539,1.0,1
14472,1966,1.0,1
14473,6438,1.0,1
14474,6942,1.0,1
14475,8435,1.0,1
14476,5762,1.0,1
14477,3284,1.0,1
14478,4668,1.0,1
14479,7162,1.0,1
14480,5248,1.0,1
14481,6629,1.0,1
14482,5650,1.0,1
14483,4450,1.0,1
14484,8514,1.0,1
14485,4725,1.0,1
14486,56,1.0,1
14487,4481,1.0,1
14488,828,0.5,1
14488,2392,0.5,0
14489,5191,1.0,1
14490,3684,1.0,1
14491,9317,1.0,1
14492,1793,1.0,1
14493,2066,1.0,1
14494,7002,1.0,1
14495,8458,1.0,1
14496,8523,1.0,1
14497,6710,1.0,1
14498,530,1.0,1
14499,5142,1.0,1
14500,1310,1.0,1
14501,6959,1.0,1
14502,8446,1.0,1
14503,2908,1.0,1
14504,8064,0.5,1
14504,3480,0.5,0
14505,2310,1.0,1
14506,4634,1.0,1
14507,9247,1.0,1
14508,68,1.0,1
14509,1113,1.0,1
14510,2823,1.0,1
14511,3457,1.0,1
14512,75,1.0,1
14513,9432,1.0,1
14514,1430,1.0,1
14515,6041,1.0,1
14516,8583,1.0,1
14517,6523,1.0,1
14518,8692,1.0,1
14519,5295,1.0,1
14520,8134,1.0,1
14521,5797,1.0,1
14522,7830,1.0,1
14523,8819,1.0,1
14524,2187,1.0,1
14525,4423,1.0,1
14526,1519,1.0,1
14527,6855,1.0,1
14528,8822,1.0,1
14529,4506,1.0,1
14530,7020,1.0,1
14531,993,1.0,1
14532,8121,1.0,1
14533,5410,1.0,1
14534,6626,1.0,1
14535,93,1.0,1
14536,3153,1.0,1
14537,5989,1.0,1
14538,8094,1.0,1
14539,8929,1.0,1
14540,943,1.0,1
14541,3432,1.0,1
14542,2456,1.0,1
14543,4079,1.0,1
14544,3897,1.0,1
14545,5215,1.0,1
14546,7035,1.0,1
14547,8498,1.0,1
14548,2453,1.0,1
14549,3895,1.0,1
14550,794,1.0,1
14551,2946,1.0,1
14552,7212,1.0,1
14553,7502,1.0,1
14554,730,1.0,1
14555,7227,1.0,1
14556,7661,1.0,1
14557,7711,1.0,1
14558,573,1.0,1
14559,30,1.0,1
14560,6565,1.0,1
14561,2946,1.0,1
14562,4053,1.0,1
14563,2803,1.0,1
14564,6585,1.0,1
14565,143,1.0,1
14566,3831,1.0,1
14567,2515,1.0,1
14568,2110,1.0,1
14569,4547,1.0,1
14570,8439,1.0,1
14571,7714,1.0,1
14572,3979,1.0,1
14573,7168,1.0,1
14574,274,1.0,1
14575,9159,1.0,1
14576,2891,1.0,1
14577,7938,1.0,1
14578,2946,1.0,1
14579,8662,1.0,1
14580,5833,1.0,1
14581,9298,1.0,1
14582,1389,1.0,1
14583,7288,1.0,1
14584,4238,1.0,1
14585,5075,1.0,1
14586,7208,1.0,1
14587,9091,1.0,1
14588,364,1.0,1
14589,125,1.0,1
14590,4086,1.0,1
14591,3485,1.0,1
14592,3883,1.0,1
14593,8957,1.0,1
14594,1003,1.0,1
14595,6448,1.0,1
14596,9283,1.0,1
14597,3629,1.0,1
14598,3789,1.0,1
14599,4452,0.5,1
14599,6098,0.5,0
14600,2993,1.0,1
14601,8138,1.0,1
14602,2946,1.0,1
14603,9137,1.0,1
14604,8450,1.0,1
14605,5849,1.0,1
14606,8685,1.0,1
14607,2024,1.0,1
14608,7891,1.0,1
14609,9174,0.5,1
14609,949,0.5,0
14610,224,1.0,1
14611,739,1.0,1
14612,6826,1.0,1
14613,1274,1.0,1
14614,7796,1.0,1
14615,7613,1.0,1
14616,7065,1.0,1
14617,8435,1.0,1
14618,2946,1.0,1
14619,9099,1.0,1
14620,8582,1.0,1
14621,3420,1.0,1
14622,1109,0.5,1
14622,3282,0.5,0
14623,6964,1.0,1
14624,7225,1.0,1
14625,740,1.0,1
14626,3158,1.0,1
14627,2269,1.0,1
14628,6626,1.0,1
14629,2946,1.0,1
14630,3353,1.0,1
14631,3876,1.0,1
14632,8998,1.0,1
14633,6651,1.0,1
14634,1848,0.5,1
14634,4569,0.5,0
14635,63,1.0,1
14636,683,1.0,1
14637,4994,1.0,1
14638,2766,1.0,1
14639,5191,1.0,1
14640,9282,1.0,1
14641,5115,1.0,1
14642,1651,1.0,1
14643,5935,1.0,1
14644,2946,1.0,1
14645,8620,1.0,1
14646,8841,1.0,1
14647,976,1.0,1
14648,2427,1.0,1
14649,3954,1.0,1
14650,9440,1.0,1
14651,4017,1.0,1
14652,8472,1.0,1
14653,4999,1.0,1
14654,2858,1.0,1
14655,9137,1.0,1
14656,643,0.5,1
14656,3295,0.5,0
14657,3852,1.0,1
14658,3883,1.0,1
14659,6628,1.0,1
14660,1998,1.0,1
14661,352,1.0,1
14662,2721,1.0,1
14663,5907,1.0,1
14664,7854,1.0,1
14665,9008,1.0,1
14666,703,1.0,1
14667,5250,1.0,1
14668,1934,0.5,1
14668,2268,0.5,0
14669,7818,0.5,1
14669,8888,0.5,0
14670,8205,1.0,1
14671,4760,1.0,1
14672,9137,1.0,1
14673,6788,0.5,1
14673,5928,0.5,0
14674,7860,1.0,1
14675,931,1.0,1
14676,4087,0.5,1
14676,4151,0.5,0
14677,8650,1.0,1
14678,8782,1.0,1
14679,3464,1.0,1
14680,7470,1.0,1
14681,730,1.0,1
14682,4964,1.0,1
14683,6076,0.5,1
14683,3907,0.5,0
14684,4260,1.0,1
14685,5201,1.0,1
14686,4254,1.0,1
14687,2014,1.0,1
14688,7673,1.0,1
14689,4706,1.0,1
14690,1223,1.0,1
14691,4677,1.0,1
14692,252,1.0,1
14693,5491,1.0,1
14694,1881,1.0,1
14695,3003,1.0,1
14696,4,1.0,1
14697,1334,1.0,1
14698,8444,1.0,1
14699,6375,1.0,1
14700,24,1.0,1
14701,1513,1.0,1
14702,251,1.0,1
14703,257,1.0,1
14704,7580,1.0,1
14705,1592,1.0,1
14706,4595,1.0,1
14707,3054,1.0,1
14708,8591,1.0,1
14709,56,1.0,1
14710,4061,1.0,1
14711,6337,1.0,1
14712,2395,1.0,1
14713,6303,1.0,1
14714,3732,1.0,1
14715,7880,1.0,1
14716,6852,1.0,1
14717,187,1.0,1
14718,3494,1.0,1
14719,2039,1.0,1
14720,6821,1.0,1
14721,6378,1.0,1
14722,6904,1.0,1
14723,3464,1.0,1
14724,1643,1.0,1
14725,6683,1.0,1
14726,642,1.0,1
14727,655,1.0,1
14728,4333,1.0,1
14729,569,1.0,1
14730,4077,1.0,1
14731,4227,1.0,1
14732,1118,1.0,1
14733,6083,1.0,1
14734,149,1.0,1
14735,7867,1.0,1
14736,7777,1.0,1
14737,5331,1.0,1
14738,3285,1.0,1
14739,711,1.0,1
14740,1930,1.0,1
14741,8114,1.0,1
14742,6919,1.0,1
14743,5860,1.0,1
14744,3620,1.0,1
14745,6993,1.0,1
14746,7106,1.0,1
14747,2933,1.0,1
14748,4606,1.0,1
14749,2555,1.0,1
14750,4114,1.0,1
14751,3485,1.0,1
14752,5488,1.0,1
14753,4839,1.0,1
14754,917,1.0,1
14755,8713,1.0,1
14756,64,1.0,1
14757,2673,1.0,1
14758,8858,1.0,1
14759,1051,1.0,1
14760,8958,1.0,1
14761,6548,1.0,1
14762,3485,1.0,1
14763,2076,1.0,1
14764,6584,1.0,1
14765,4865,1.0,1
14766,5125,1.0,1
14767,5034,1.0,1
14768,5732,1.0,1
14769,3810,1.0,1
14770,3697,1.0,1
14771,4935,1.0,1
14772,605,1.0,1
14773,5046,1.0,1
14774,1732,1.0,1
14775,4516,1.0,1
14776,2948,0.5,1
14776,1649,0.5,0
14777,4014,1.0,1
14778,8533,1.0,1
14779,4696,1.0,1
14780,3464,1.0,1
14781,2885,0.5,1
14781,5694,0.5,0
14782,6363,1.0,1
14783,78,1.0,1
14784,7830,1.0,1
14785,9137,1.0,1
14786,1215,1.0,1
14787,4723,1.0,1
14788,9012,1.0,1
14789,324,1.0,1
14790,8451,1.0,1
14791,5043,1.0,1
14792,3602,1.0,1
14793,5797,1.0,1
14794,5037,1.0,1
14795,5075,1.0,1
14796,3120,1.0,1
14797,4578,1.0,1
14798,8886,1.0,1
14799,7184,1.0,1
14800,3760,1.0,1
14801,3168,1.0,1
14802,6073,0.5,1
14802,8797,0.5,0
14803,6783,1.0,1
14804,3821,1.0,1
14805,4948,1.0,1
14806,6589,1.0,1
14807,4527,1.0,1
14808,918,1.0,1
14809,6545,1.0,1
14810,7331,1.0,1
14811,5699,1.0,1
14812,7558,1.0,1
14813,148,1.0,1
14814,1692,1.0,1
14815,8918,1.0,1
14816,8137,1.0,1
14817,7238,1.0,1
14818,8274,1.0,1
14819,9092,1.0,1
14820,7118,1.0,1
14821,2285,1.0,1
14822,6751,1.0,1
14823,5811,1.0,1
14824,2252,1.0,1
14825,5237,1.0,1
14826,3706,1.0,1
14827,7871,1.0,1
14828,6213,0.5,1
14828,7975,0.5,0
14829,8938,1.0,1
14830,7235,1.0,1
14831,1564,1.0,1
14832,5075,1.0,1
14833,523,1.0,1
14834,1788,1.0,1
14835,6561,1.0,1
14836,3244,1.0,1
14837,8103,1.0,1
14838,5452,1.0,1
14839,5121,1.0,1
14840,6517,1.0,1
14841,1971,1.0,1
14842,3782,1.0,1
14843,3721,1.0,1
14844,6327,1.0,1
14845,8985,1.0,1
14846,8431,1.0,1
14847,4883,1.0,1
14848,6240,1.0,1
14849,47,1.0,1
14850,5269,1.0,1
14851,1589,1.0,1
14852,9216,1.0,1
14853,4802,1.0,1
14854,759,1.0,1
14855,6401,1.0,1
14856,3657,1.0,1
14857,3746,1.0,1
14858,1088,1.0,1
14859,3413,0.5,1
14859,4811,0.5,0
14860,7569,1.0,1
14861,8334,1.0,1
14862,7523,1.0,1
14863,5941,1.0,1
14864,4277,1.0,1
14865,562,1.0,1
14866,5388,1.0,1
14867,8925,1.0,1
14868,910,1.0,1
14869,3330,1.0,1
14870,8141,1.0,1
14871,1935,1.0,1
14872,8947,1.0,1
14873,7880,1.0,1
14874,8918,1.0,1
14875,8887,1.0,1
14876,5075,1.0,1
14877,9201,1.0,1
14878,4079,1.0,1
14879,3222,1.0,1
14880,9256,1.0,1
14881,4621,1.0,1
14882,8938,1.0,1
14883,6525,1.0,1
14884,3258,1.0,1
14885,2096,1.0,1
14886,5171,1.0,1
14887,6087,1.0,1
14888,4966,1.0,1
14889,5450,1.0,1
14890,1900,1.0,1
14891,9161,1.0,1
14892,8636,1.0,1
14893,7680,1.0,1
14894,5616,1.0,1
14895,1157,1.0,1
14896,8221,1.0,1
14897,4265,1.0,1
14898,2085,1.0,1
14899,7169,1.0,1
14900,4125,1.0,1
14901,7450,1.0,1
14902,336,1.0,1
14903,8393,1.0,1
14904,6402,1.0,1
14905,8492,1.0,1
14906,1266,1.0,1
14907,6380,1.0,1
14908,9363,1.0,1
14909,7503,1.0,1
14910,195,1.0,1
14911,8609,1.0,1
14912,348,0.5,1
14912,293,0.5,0
14913,9137,1.0,1
14914,7065,1.0,1
14915,3916,1.0,1
14916,8439,1.0,1
14917,4249,1.0,1
14918,4006,1.0,1
14919,706,0.5,1
14919,707,0.5,0
14920,4433,1.0,1
14921,3408,1.0,1
14922,486,1.0,1
14923,1088,1.0,1
14924,2946,1.0,1
14925,4578,1.0,1
14926,8661,1.0,1
14927,8923,1.0,1
14928,9374,1.0,1
14929,9130,1.0,1
14930,6304,0.5,1
14930,3382,0.5,0
14931,7845,1.0,1
14932,5403,0.5,1
14932,8413,0.5,0
14933,8923,1.0,1
14934,683,1.0,1
14935,3327,1.0,1
14936,9453,1.0,1
14937,7746,1.0,1
14938,3819,1.0,1
14939,9075,1.0,1
14940,659,1.0,1
14941,636,1.0,1
14942,9005,1.0,1
14943,8732,1.0,1
14944,9197,1.0,1
14945,8649,1.0,1
14946,5794,1.0,1
14947,7446,1.0,1
14948,8240,1.0,1
14949,9460,1.0,1
14950,338,1.0,1
14951,6735,1.0,1
14952,4970,1.0,1
14953,7194,1.0,1
14954,4193,1.0,1
14955,1095,1.0,1
14956,578,1.0,1
14957,4337,1.0,1
14958,3634,1.0,1
14959,1833,1.0,1
14960,2691,1.0,1
14961,2523,1.0,1
14962,8403,1.0,1
14963,6223,1.0,1
14964,3266,1.0,1
14965,1856,1.0,1
14966,6449,1.0,1
14967,7749,1.0,1
14968,8194,1.0,1
14969,3325,1.0,1
14970,595,1.0,1
14971,4861,1.0,1
14972,8595,1.0,1
14973,4739,1.0,1
14974,2201,1.0,1
14975,7826,1.0,1
14976,8641,1.0,1
14977,2679,1.0,1
14978,3971,1.0,1
14979,6237,1.0,1
14980,8562,1.0,1
14981,1219,1.0,1
14982,2000,1.0,1
14983,4292,0.5,1
14983,8389,0.5,0
14984,2925,1.0,1
14985,2100,1.0,1
14986,9110,1.0,1
14987,8415,0.5,1
14987,8389,0.5,0
14988,2589,1.0,1
14989,2895,1.0,1
14990,3113,1.0,1
14991,1454,1.0,1
14992,7653,1.0,1
14993,310,1.0,1
14994,7484,0.5,1
14994,408,0.5,0
14995,3306,1.0,1
14996,5146,1.0,1
14997,8294,0.5,1
14997,3295,0.5,0
14998,683,1.0,1
14999,5127,1.0,1
15000,1370,1.0,1
15001,6647,1.0,1
15002,5689,1.0,1
15003,3951,1.0,1
15004,5739,1.0,1
15005,6588,1.0,1
15006,5702,1.0,1
15007,790,1.0,1
15008,3214,1.0,1
15009,1036,1.0,1
15010,6984,1.0,1
15011,3932,1.0,1
15012,5902,1.0,1
15013,1219,1.0,1
15014,5472,1.0,1
15015,5902,1.0,1
15016,8341,0.5,1
15016,8342,0.5,0
15017,2062,1.0,1
15018,7182,1.0,1
15019,6548,1.0,1
15020,7364,1.0,1
15021,528,0.25,1
15021,5236,0.25,0
15021,5285,0.25,0
15021,650,0.25,0
15022,2320,1.0,1
15023,2405,1.0,1
15024,6984,1.0,1
15025,1406,1.0,1
15026,4699,1.0,1
15027,6230,1.0,1
15028,5440,1.0,1
15029,2272,1.0,1
15030,7394,1.0,1
15031,8884,1.0,1
15032,8884,1.0,1
15033,494,1.0,1
15034,7109,1.0,1
15035,2934,0.5,1
15035,64,0.5,0
15036,6738,1.0,1
15037,5440,1.0,1
15038,842,1.0,1
15039,5174,1.0,1
15040,42,1.0,1
15041,5128,1.0,1
15042,7151,1.0,1
15043,3573,1.0,1
15044,748,1.0,1
15045,8491,1.0,1
15046,4427,1.0,1
15047,2452,1.0,1
15048,7182,1.0,1
15049,3952,1.0,1
15050,7606,1.0,1
15051,6481,1.0,1
15052,6898,0.5,1
15052,2934,0.5,0
15053,5101,0.25,1
15053,5379,0.25,0
15053,8708,0.25,0
15053,293,0.25,0
15054,2547,1.0,1
15055,3474,1.0,1
15056,3700,1.0,1
15057,5137,0.5,1
15057,1326,0.5,0
15058,5116,1.0,1
15059,3414,1.0,1
15060,2589,1.0,1
15061,4794,1.0,1
15062,5635,1.0,1
15063,5916,1.0,1
15064,1882,1.0,1
15065,6259,1.0,1
15066,9145,0.5,1
15066,3602,0.5,0
15067,7570,1.0,1
15068,118,0.5,1
15068,3962,0.5,0
15069,7087,1.0,1
15070,8189,1.0,1
15071,8884,0.5,1
15071,2934,0.5,0
15072,2072,1.0,1
15073,6735,1.0,1
15074,7210,1.0,1
15075,7337,0.5,1
15075,4030,0.5,0
15076,2765,1.0,1
15077,20,1.0,1
