developer_key,developer_name
1,"""Nieko"""
2,#FF0000
3,#workshop
4,& Jimmy
5,"+Mpact Games, LLC."
6,+Umbrella
7,-二律背反-
8,.
9,//commentout
10,0 Deer Soft
11,007berd
12,01 Games
13,011 Games
14,02GAMES
15,07th Expansion
16,0Dark&Nerdy
17,10 Chambers
18,100 Creepy Tales
19,100 GAMES
20,1001 Studio
21,100Hr Games Inc
22,10tons Ltd
23,11000AD
24,12B3
25,13AM Games
26,13TH Division
27,1564 Studio
28,16air
29,17-BIT
30,180°
31,18Light Game Ltd.
32,1917 Studios
33,1939 Games
34,199 Cents STUDIO
35,1CC Games
36,1DER Entertainment
37,1M Bits Horde
38,1MB
39,1UP Factory
40,1actose
41,1classydude
42,2 Devi LLC
43,2 FOR 2
44,2 Ton Studios
45,2054
46,221 Games
47,23:23 Team
48,24 Entertainment
49,"24Frame, inc."
50,2645Interactive
51,26PM
52,26k
53,275
54,29x
55,2Awesome Studio
56,2BIGo
57,2Bit Couch Games
58,2Boone Games
59,2D Digital studio
60,2D_猫
61,2Dogs Games Ltd.
62,2Dynamic Games
63,2KMAGIC STUDIO
64,2P Games
65,2S Games
66,2by3 Games
67,2dragontails
68,2nd Studio
69,2ndBoss
70,2pfrog
71,2pt Interactive
72,2tainment
73,3 O'clock grymlins Team
74,3-Fold Games
75,3-Tricks
76,3.5 Inch Team
77,30 Matches
78,30 Parallel
79,302 Interactive
80,302 Studio
81,314 Arts
82,314 Bytes
83,343 Industries
84,34BigThings srl
85,38 Studios
86,3AM Studios
87,3D Aim Trainer
88,3D Realms
89,3D Visualisation Aesthetics Lab
90,3DAR
91,3DClouds
92,3DPet
93,3DPuss
94,3Mind Games
95,3StrakGames
96,3dcafe
97,3dm_live_wallpapers
98,3f Interactive
99,3m0 studio
100,3xBlast
101,4 Fun Studio
102,404 game
103,404.zero
104,42tones
105,43 Studios
106,430Games
107,4A Games
108,4Co
109,"4DAYS LAB Co., Ltd."
110,4Fishing
111,4G
112,4H StudioLab
113,4ugui
114,5 Lives Studios
115,505 Pulse
116,511GAMES
117,515 Games
118,59 Studio
119,5K Gamers
120,5K studios
121,5TH Cell
122,5WORD Team
123,5am Games GmbH
124,5minlab Corp.
125,6 Pillars Studio
126,6 Toad Games
127,616 GAMES
128,6502 Workshop
129,717 pixels
130,727 Not Hound
131,729白起生贺组
132,751 Games
133,7A Games
134,7CoreLoops
135,7DOTS
136,7Eagle
137,7Levels
138,7Road
139,7TaleZ
140,7shi321
141,7th Beat Games
142,838s Maniacs
143,852話
144,8A studio
145,8AH
146,8BITLAB
147,8BitSkull
148,9 Eyes Game Studio
149,91Act
150,96Brothers
151,99 Game Studio
152,99 Grados Games
153,99cent
154,9FingerGames
155,9Garden
156,9Ratones
157,9heads Game Studios
158,9xgame
159,@unepic_fran
160,A Bunch of Hacks
161,A Grumpy Fox
162,A Man and his Computer
163,A Normal Monkey Studios
164,A Shell in the Pit
165,A. Hagen
166,A.M. Team
167,A.T Interactive Studio
168,A.Y.std
169,A2 Game Studio
170,A2 Softworks
171,A:TroY
172,AAD Games
173,AAD Productions
174,ABShot
175,ABX Games Studio
176,ACE Entertainment
177,ACE Team
178,ACGames
179,ACQUIRE Corp.
180,ACTION SQUARE
181,AD Games
182,ADGS
183,ADO
184,ADOG
185,AEXLAB
186,AFOG
187,AG SOFT
188,AGames
189,AHEARTFULOFGAMES
190,AI mainland Game studio
191,AIHASTO
192,AIRSTRAFE INTERACTIVE
193,AIVIK LLC
194,AIx2 Games
195,AJ Ordaz Games
196,AJB GAMES STUDIO
197,AJRPG
198,AK Studio
199,AKATSUKI-WORKS
200,ALI NASSER ALI AL-SADI
201,ALICE IN DISSONANCE
202,ALIEN studio
203,ALLAF GAMES
204,ALPHAWING Inc.
205,ALT Lab
206,ALTARI GAMES
207,AMATA Games
208,AMMC
209,AMPLITUDE Studios
210,AMPro
211,AN Productions
212,ANG People s.r.o.
213,ANIGRAM
214,AO Games
215,AOne Games
216,APOLLOSOFT
217,AQUAPLUS
218,AQUASTYLE
219,"AQURIA Co., Ltd."
220,AR-BRIDGE
221,AR14.works
222,ARCHWITCH GAMES LLC
223,AREAZERO
224,ARIELEK
225,ARMA GAMES
226,ARP Games
227,ARPSEL
228,ART OF DANCE
229,ARTDINK
230,ARTE France
231,ARTIFACTS
232,ARVI VR INC.
233,ARVORE
234,ARZEST Corp.
235,ASA Games Studio
236,ASK GAMES
237,ASTRO PORT
238,ASUS GLOBAL PTE. LTD
239,ASa Project
240,ATK Games
241,ATLUS
242,ATYPIQUE studio
243,AURORA Games
244,AVAKE
245,AVANTGARDE
246,AVIAR B.V.
247,AVOS'
248,AVROD Technologies Inc.
249,AXE Studio
250,AYCE
251,AYGames
252,AZAMATIKA
253,AZARASHI SOFTWARE
254,Aarimous
255,Aarjvark
256,"Aarne ""MekaSkull"" Hunziker"
257,Aaron Gilbert
258,Aaron Miles
259,Aaron W. Calhoun
260,Aaron Wise
261,Aaron Worcester
262,Aasura Project
263,Aatlantis Code
264,Abandoned House Studios
265,Abbey 'Scruncho' Smith
266,Abbey Games
267,Abdalrahman Shakr Hamid
268,Abducted Monkeys
269,Abdullah Akbas
270,Abenteuerpakete
271,Abhi Sundu
272,Abiding Bridge
273,Abigail Corfman
274,Abracadabra Arts
275,Abrakam Entertainment SA
276,Absolute Power Game Studio
277,AbsoluteZero LLC
278,Abstract Digital
279,AbstractArt
280,AbsurdPoncho
281,Aburasobabiyori
282,Abylight Barcelona
283,Abylight Studios
284,Abysmal Fury Games Inc.
285,Abyssal Studios
286,Abyte Entertainment
287,Ac Games
288,Academtech LLC
289,Acclaim Studios Teesside
290,Acerola
291,Achenar Studios
292,Achimostawinan Games
293,Achpile
294,Achrony
295,Acid Man Games
296,Acid Mines Software UG
297,Acid Nerve
298,AcidicDuck
299,Acme Gamestudio
300,Acram Digital
301,Actawesome
302,Action Forms
303,Action Squad Studios
304,Action Square(STUDIO HG)
305,ActionGames.c.l.r.
306,Active Fungus Studios
307,Active Games
308,Activision Shanghai
309,Actoon Studio
310,Actplus Studio
311,Actual Nerds
312,Actura Studios
313,Acureus
314,Acute Mango
315,Acute Owl Studio
316,Ada Rook
317,Adam D. Smith
318,Adam DeLease
319,Adam Dover
320,Adam Dubi
321,Adam Giles
322,Adam Haase
323,Adam Hrubý
324,Adam Kareem
325,Adam Pype & Viktor Kraus
326,Adam Robezzoli
327,Adam Soutar
328,Adam Teo
329,Adam Thompson
330,Adam Travers
331,Adamvision Studios
332,Adato Games
333,Adelante LTD
334,Adeline Software
335,Adem Kaya RockAKGames
336,Adept Studios GD
337,Adglobe
338,Adhiesc
339,Adi Zhavo
340,Adjective Noun
341,Admia
342,Adobe
343,Adriaan de Jongh
344,Adrian Corpuz
345,Adrian Fox
346,Adrian Marple
347,Adrian Systems
348,Adrienne Lombardo
349,Adrián Corbalán
350,AdroVGames
351,Adventure Islands
352,Adventure Planning Service
353,Adventure Soft
354,Adventure Toe Studios
355,Adventure4Life Studios
356,Aegon Games
357,Aehmttw (Matei Budiu)
358,AeonSparx Interactive
359,Aerial_Knight
360,Aerie Digital
361,Aeromir
362,Aerovery Lab
363,Aesir Interactive
364,Aesthetic Interactive
365,Aestronauts
366,Aeternum Game Studios S.L
367,Aether Studios
368,Aetheric Games
369,Affable Games
370,Affility
371,Affordable Acquisition
372,Affordable Cat
373,Affray Interactive
374,Afil Games
375,Afiq Suradi
376,Afterburn
377,Afterburner Studios
378,Afterschool Studio
379,Agafonoff
380,Agate
381,AgeOfGames
382,Aged Immortals
383,Agelvik
384,Agens
385,Aggro Crab
386,Agiriko
387,Agnieszka Michalska
388,Agostinho Dias
389,Ahldain Michael
390,Ahlman Mansion Team
391,Ahmet Yusuf Yatkın
392,Aiaz Marx
393,Aidan Strong
394,Aikasa Collective
395,AikonCWD
396,Aim VR Studios
397,Aineko Games
398,Airdorf Games
399,Airem
400,Airem Motorsport Tech
401,Airo Games
402,Airship Syndicate
403,Aivaras Ivoškus
404,Aiya Games
405,Ajané J.K. Célestin
406,Akaba Studio
407,Akabaka
408,Akamado Factory
409,Akamurasaki Games
410,Akhir Pekan Studio
411,AksawShin
412,Aktamia
413,Alambik Studio
414,Alan Edwardes
415,Alan Guan
416,Alan Hazelden
417,Alan McMillian
418,"Alan-1, Inc."
419,Alaska
420,Alawar
421,Alawar Casual
422,Alba S. Torremocha
423,Albert Birney
424,Albert Wiatr
425,Alberto Alcides
426,Alberto Cartin
427,Alberto Gnoato
428,Albino Studio
429,Alblune
430,Alcedo Games
431,Alchemy Sheep
432,Aldo Jeffrey
433,Aldorlea
434,Aldorlea Games
435,AleCubicSoft
436,Alec's factory
437,Alejandro Guillen
438,Alejandro Hernández Ferrero
439,Aleksandr Golovkin
440,Aleksandr Kolesnyk
441,Aleksandr Nagaev
442,Aleksandr Turkin
443,Aleksey Izimov
444,Aleksey Skvortsov
445,Aleph Null
446,Alessandro Guzzo
447,Alex
448,Alex Demchenko
449,Alex Douglass - Writer
450,Alex Grade
451,Alex Hetherington
452,Alex Krause
453,Alex Loman
454,Alex Luna
455,Alex Mankin
456,Alex Morris
457,Alex Runnels
458,Alex Suber
459,AlexTykh
460,Alexander Ahura
461,Alexander Bazhenov
462,Alexander Bogdanov
463,Alexander Clark
464,Alexander Doyle - Composer
465,Alexander Feinstein
466,Alexander Gromyko
467,Alexander Koch
468,Alexander Lahti
469,Alexander MacLeod
470,Alexander Sablin
471,Alexander Semenov
472,Alexander Sitnikov
473,Alexander Spillman
474,Alexander Tavintsev
475,Alexander Taylor
476,Alexander Van den Bulck
477,Alexander Westwater
478,Alexandre Kadri
479,Alexandrina Svitsyna
480,Alexey Savelev
481,Alexey Suslin
482,Alexis Dean-Jones
483,Alexis Ruiz
484,Alexis Salazar
485,Alfa System
486,"AlfaSystem Co., Ltd."
487,Algorocks
488,Ali Efe IRALI
489,Ali Kaan BAŞHAN
490,Ali Soltanian Fard Jahromi
491,Alice & Smith
492,Alice Halley
493,Alice Nowak
494,Alien Intelligence UAB
495,Alien Pixel Studios
496,"Alienkingdom Co., Ltd."
497,Aliens Developers
498,Alientrap
499,AlienzProject
500,Aligned Games
501,Alioth Studio
502,Alith Games
503,Alkaline Development LLC
504,Alkemi
505,Alkinoy
506,All in! Games
507,Allan Postal
508,Allen Cayn
509,Allen Games
510,Allocate
511,Alloy Mushroom
512,Ally Taylor
513,Allyson de Souza Bacon
514,Alman
515,Almost Playable Games
516,AlmyriganHero
517,Alon Cohen
518,Alon Zubina
519,Alone Fox Games
520,Alpar Entertainment
521,Alphatik Inc
522,Alpheratz Games
523,Altair Games LLC
524,Alter Games
525,Alternative Software Ltd
526,Altfuture
527,Alto Interactive
528,Aluba Van+
529,Alyson Thiago Lopes
530,Amanda End
531,Amanita Design
532,Amanito Computing
533,Amaterasu Software
534,Amateur Sloth
535,Amaury Hyde
536,Amba Moore
537,Amber S. Fiddlemouth
538,Ambiera
539,Ambitious Games
540,Amends Team
541,Amfich
542,Amhardcore
543,Amicable Animal
544,Ammobox Studios
545,Ammonite Design Studios Ltd
546,Amon26
547,Amonga99
548,Amortiz Games
549,Amrita
550,Amrita Studio
551,Amvrella
552,Amy Xu
553,AmyBeryl
554,Ana Beltran
555,Anabasis
556,Anamik Majumdar
557,Anarch Entertainment
558,Anarchy Games
559,Anarchy97 Games
560,Anarkis Gaming
561,Anate Studio
562,Anatoliy Loginovskikh
563,Ancient Civilizations Enigmas
564,Ancient Games
565,Anden Studios
566,AndeoTEAM
567,Andonis Gaja
568,Andrade Games
569,Andre Elijah Immersive
570,Andre Ledermüller
571,Andrea Demetrio
572,Andreas Georgiou
573,Andreev Worlds
574,Andrei Airinei
575,Andrei Cibotariu
576,Andrei Cretu
577,Andrei Fomin
578,Andres Cartin
579,Andres Cavallin
580,Andrew Hussie
581,Andrew Katz
582,Andrew Kenady
583,Andrew Nutter666 Jaggar
584,Andrew Quist
585,Andrew R.
586,Andrew Rowe
587,Andrew Ryan Henke
588,Andrew Spalato
589,Andrew Teo
590,Andrew Thomas
591,Andrew Willman
592,Andrii Bychkovskyi
593,Andrii Lazariev
594,Andrii Novak
595,Andrii Petrov
596,Andromede Studio
597,Andrzej Jarzyna
598,András Nemes
599,André Facchinetti
600,Andrés Borghi
601,Andy Church
602,Andy DiLallo
603,Andy Law
604,Andy Schmitt
605,Andy Schneider
606,Andy Sum
607,Andy Sztark
608,Andymente
609,AndyzziGames
610,Angad Matharoo
611,Angel Matrix
612,Angel Ramirez - Design Team
613,Angela He
614,Angelo Gamedev
615,Angels Blue Digital Entertainment
616,Angelus
617,Angry Mob Games
618,Animafest Workshop 2019
619,Animal Herb
620,Animal Uprising
621,Animalclaw Of Dreams
622,Animalle Studio
623,Animatic Vision
624,Anime Girl Studio
625,AnimicGame
626,Ankaar Productions
627,Ankama Studio
628,Ankokumarimo
629,Anna Sevryugina
630,Anneka Tran
631,Annonymous
632,Annulus Games
633,Anomaly Games
634,Anomic Games
635,Anonymous Penguin Studio
636,Another Axiom Inc.
637,Another Dev Company
638,Another Reality
639,Another Time
640,Anotherway
641,Anpilov Denis
642,AnretanDEV
643,Anshar Studios
644,Ant Design Games
645,Antab Studio
646,Antena
647,Anthony Seeha
648,Anthony Staines
649,Anti-Pattern Studio
650,Antitesa
651,Antler
652,Antler Interactive
653,Antoine Latour
654,Anton Pauli
655,Anton Pushkarev
656,Antonio Freyre
657,Antti Allén
658,Antti Juotasniemi
659,Antti Mannisto
660,Antti Vaihia
661,Anvil Game Studios
662,Anvio
663,Anxious Neck Games
664,Aoga Games
665,Aolriki
666,Ape Tribe Games
667,ApeHardware
668,Apex Studio
669,AploveStudio
670,Apog Labs
671,Apogee Software
672,Apollo Games Lab
673,Apollo Interactive S.L.
674,Apoptosis Games
675,Appci
676,Appci Inc.
677,Appeal Studio
678,Appeal Studios
679,Apphic Games
680,AppleCoffee
681,Applesauce Dev
682,Applimazing
683,Applique
684,Applykat
685,Appnori Inc.
686,Appnormals Team
687,Apptivus
688,Apricot Heart
689,Apseren
690,Apus Software
691,AquaHeaven Studios
692,Aquila Games
693,Arafkan
694,Arc System Works
695,ArcForged
696,ArcRadius
697,ArcWillow
698,Arcade Distillery
699,Arcade Oven
700,Arcade Theory
701,Arcadia
702,Arcadie & Utopie
703,Arcane Games
704,Arcane Miracle Entertainment
705,Arcanum Team
706,Archangel Studios
707,Archimedes Nicholas Xia
708,Architect Studios
709,Archive Entertainment
710,Archor Wright
711,Archvon_Stafen
712,Archwing Entertainment
713,Arclight Creations
714,Arctic Fox Game Studios
715,Arctic Studio
716,Arcupion Art
717,ArdavilGames
718,Ardeal Studio
719,Ardesk LLC
720,ArenaDev
721,ArenaNet®
722,Ares Dragonis
723,Argarium LTD
724,Argent Games
725,Argonautics
726,Argonwood
727,Args Studio
728,Aries
729,Arimac Lanka Private Limited
730,Arinima Games
731,Arka
732,Arkane Austin
733,Arkane Studios
734,Arkhipov Pavel
735,Arkhouse Telegraph
736,Arkio ehf.
737,Arkneru
738,Arkuda Inc.
739,Arm and Leg Studios
740,Arman Nobari
741,ArmanDoesStuff
742,Armchair Interactive
743,Armor Games Studios
744,Army Troop Studios
745,Arnaud Vanbalberghe
746,Arnold Rauers
747,Arrebol studio
748,Arrogant Pixel LTD
749,Arrow Games
750,ArrowSoftGames
751,Arrowfist Games
752,Arrowiz
753,Ars Goetia
754,"Arsi ""Hakita"" Patala"
755,Art Games Studio S.A.
756,Art Interactive
757,Art in Heart
758,ArtNeronDevelopment
759,Artbarian Games
760,Artefacts Studio
761,Artepi Corporation
762,Artesign
763,Artful Games
764,Arthur O'Keefe
765,Artic Wolf Games
766,ArticNet
767,Artifact
768,Artifex Mundi
769,Artificial Disasters
770,Artisan Studios
771,"Artix Entertainment, LLC"
772,Artless Gallery
773,Artless Games
774,Artlifakt
775,ArtofKingsgame
776,Artur Rezende
777,Artur Shevale
778,Artur Smiarowski
779,Aruma Studios
780,Arvydas Žemaitis
781,As
782,Asakiyumemishi
783,Asantee Games
784,Ascendancy Games
785,Ascendant Studios
786,Asephy
787,Aserisoft
788,Asgar Knights
789,Ash Game Studio
790,Ash K
791,Ash and Rust Studios
792,Ashborne Games
793,Ashcraft
794,Ashkandi
795,Ashley H.
796,AsicxArt
797,AskaLot Games
798,Aslak
799,Aslan Game Studio
800,Asmodev
801,"Asobism.Co., Ltd"
802,Asobo Studio
803,Asocial Guarantee
804,Aspyr
805,Aspyr (Mac)
806,AssetFlipGames
807,Assult
808,Asteristic Game Studio
809,Asteroid Game Studio
810,Asteroid Lab
811,AstonVisionSoft Inc.
812,Astra Playroom
813,Astral Game Studio
814,Astral Pixel
815,AstralShift
816,Astralis Games
817,Astravelari LLC
818,Astrid Ztar
819,Astro Pup Games
820,AstroAssault Creations
821,AstroMonkey
822,Astrolabe Interactive Inc.
823,Astrolabe Stories
824,Astronomic Games
825,Astrophysics
826,Asylum Square
827,Asymmetric
828,Ata Oz
829,Ata Türkoğlu
830,Atahan Ozturk
831,Ateam Entertainment Inc.
832,Ategig
833,Atelier Choice
834,Atelier QDB
835,Atelier Wanko
836,Ateliér Duchů
837,Atlas V
838,Atmos Games
839,Atmosphere Studio
840,Atom Brain Games
841,Atom Void
842,AtomTeam
843,Atomic Elbow
844,Atomic Fabrik
845,Atomic Kaiser
846,Atomic Wolf
847,AtomicTorch Studio
848,Atsushi Wada
849,Attack Studio
850,Attainable Entertainment
851,Atthus Games
852,AttritoM7 Productions
853,Aubega
854,Audune
855,Augmented Irreality
856,AuraTummyache
857,Aurea Games Studio
858,Auroch Digital
859,Aurogon Shanghai
860,Aurora Boreala
861,Auroriax
862,AurumDust
863,Austin M.
864,Autarca
865,Authogin
866,AutoAttack Games
867,AutoRotate180
868,Autoexec Games
869,Autumn Rain
870,Autumn Senior
871,AvaXiang
872,Avalanche Software
873,Avalon Digital
874,Avant Games
875,Avelar Studios
876,Avelog Games
877,Average Games
878,Avernus Software
879,Avery Craig - Design Team
880,Avix Games
881,Awaken Realms
882,Awe Interactive
883,Awesome Games
884,Awesome Games Studio
885,Axan Gray
886,Axe Games
887,Axel Sonic
888,Axias
889,Axis Games
890,"Axol Studio, LLC"
891,Axoora
892,Axyos Games
893,"AyDream Co., Ltd."
894,Ayacat Games
895,Ayatsuji_San
896,Aydy
897,Ayrton
898,Aza Game Studio
899,Aztech
900,Azure
901,Azure Drop Studios
902,Azure Mountain
903,Azurekai
904,À̷̟i̸̛͔̪̋́͗̆̑̈́͆̑̈́̅̈́͝r̴̛͎͚͎͍̘̣̈́͑̃͆̾̐̅̑͐̄͊͌̆̊ȩ̸̢̩͎̤̙̝͙̳̯̠̰̒ͅm̴̡̢̜̩͕̹̑́͒̒͒̚
905,B. Maksym (Linker)
906,B.A.G
907,B3 Studios
908,BANDAI NAMCO Studios Inc.
909,BASI Studios
910,BASTI GAMES
911,BATOVI Games
912,BAY GAMES
913,BBC Media Applications Technologies Ltd
914,BBG Entertainment GmbH
915,BBQ大好き
916,BBR
917,BBlack Studio
918,BBstudio Inc.
919,BEDiBUG Concepts
920,BEESWAX GAMES
921,BEHEMUTT
922,"BEIJING IQIYI SCIENCE & TECHNOLOGY CO., LTD."
923,BEPLAYER
924,BETA
925,BG Productions
926,BIFROST CLOUD PTE. LTD.
927,BIGYBOX Games
928,BINGOBELL
929,BITach
930,BK dddDang
931,BKNLab
932,BKOM Studios
933,BL-Logic
934,BLANBEE
935,BLITZ VR
936,BLOCK 211
937,BLOK Games
938,BLOODIOUS GAMES
939,BLUE LIFE
940,BLUE TORCH SOFTWARE
941,BLUECUBE
942,BN Games
943,BONE MADE
944,BONNATE
945,BOV
946,BP
947,BR-Digital
948,BRIAN DAMAGE
949,BRINK XR
950,BRUTE FORCE
951,BT Studios
952,BTrain Studio
953,BUG DUCK GAMES
954,BUG-Studio
955,BULKHEAD
956,BULLWARESOFT
957,BUSAN SANAI GAMES
958,BYKING
959,Baba Nura
960,"Babaoga, LLC"
961,Baby Bison Games
962,Back to Games
963,BackSlash Games
964,BackSnow Games
965,Bacronym
966,Bad Blood Studios
967,Bad Button Studio
968,Bad Byte Games
969,Bad Coffee Games
970,Bad Days Game Studios
971,Bad Dream Games
972,Bad Fox Studios
973,Bad Gremlin Studios
974,Bad Kid Games
975,Bad Minions
976,Bad Pixel
977,Bad Vices Games
978,Bad Viking
979,Bad Weather Studios
980,Bad Yolk Games
981,BadMudStudio
982,BadWolf Games
983,BaddWeather
984,Baggy Cat Ltd.
985,Bahman Aminipour
986,Baked Games
987,Bakumatsu Games
988,Balancing Monkey Games
989,Balazs Rozsa
990,Balbod
991,Balcony Softworks
992,BaleYc Studios
993,Balio Studio
994,Ballistic Interactive
995,Balti Calarasi
996,BamSam Game Studio
997,Bambuseae Games
998,BambuseaeGames
999,Bamtang Games
1000,Bamya Games
1001,"Banana Bird Studios, LLC"
1002,Banana Bytes
1003,BananaDogGames
1004,Bananamanhatguy
1005,Banco
1006,Bandage and Go Studio
1007,Bandai Namco Forge Digitals Inc.
1008,Bandai Namco Studios Inc.
1009,BandanaKid
1010,Bandit Visual Games
1011,Banger Chasers
1012,Bango.Games
1013,Banshee Cat
1014,BanzaiProject
1015,Baobab Studios
1016,Baptiste Portefaix
1017,Bar Holographic Otaku
1018,Bar Shift Games
1019,BarCoffee Studio
1020,Barbara Bode
1021,Barbedwire Studios
1022,Bare Knuckle Development
1023,Bark Bark Games
1024,BarkeyGames
1025,Barlow Studio
1026,Barnaque
1027,BarneyJia
1028,Baronnerie Games
1029,Barracuda Disaster
1030,Barrel Roll Games
1031,Barrel Smash Studios
1032,Barricade Studio
1033,Barspin Studios
1034,Bart Bonte
1035,Bartek Karczmarczyk
1036,Barthdamon
1037,Bartoluw Game
1038,Bartosh Polonski
1039,Bartoš Studio
1040,Basalt Tower
1041,Based On The Play
1042,Baseline Games
1043,"Bashir ""ManliestDev"" Kashalo"
1044,Basically Games
1045,Bass
1046,Bastian von Gostomski
1047,Bastienre4
1048,Bastion Studio (FR)
1049,Bathysfear Labs
1050,Batterneers Dev
1051,Batterystaple Games
1052,BattleCare Inc
1053,BattleGoat Studios
1054,Battlefront
1055,Batuhan Ertan
1056,Batuhan Guner
1057,Batuhan Necati Keleş
1058,Bay 12 Games
1059,Bazaar Games
1060,Bazzucco Entertainment
1061,Be-Rad Entertainment
1062,BeJotah
1063,BeXide Inc.
1064,Beam Software
1065,"Beam Software Pty., Ltd."
1066,Beam Team Games
1067,Beamdog
1068,Bear & Cat Studio
1069,Bear Minimum Games
1070,Beard Envy
1071,Beardlings LLC
1072,BearfoxBear
1073,Bearhammer Games LTD
1074,Bearlex Games
1075,Bearly Playing Games
1076,Bearplane
1077,Bears & Guts
1078,Beast Of World
1079,Beatshapers
1080,Beatshapers Ltd.
1081,Beau Blyth
1082,Beautiful Glitch
1083,BeautifulBee
1084,Bedrock Tribes
1085,Bedtime Digital Games
1086,Bee Braun
1087,Beef Cat
1088,Beem Media
1089,Beenox
1090,"Beep Games, Inc."
1091,Beer Night Studio
1092,BeetBomb
1093,Beethoven
1094,Beethoven and Dinosaur
1095,Beetlewing
1096,BefuddleBug
1097,Befun Studio
1098,Behaviour Interactive Inc.
1099,Behold Studios
1100,"Beijing Changyou Chuangxiang Software Technology Co., Ltd."
1101,"Beijing Lanxii Play Technology Co., Ltd"
1102,"Beijing Litchi Culture Media Co., Ltd."
1103,"Beijing Pixel Software Technology Joint-Stock Co., Ltd."
1104,"Beijing Xianfan Culture Co., Ltd."
1105,BekkerDev Studio
1106,Belleal Games
1107,Ben Fredericks [Collaborations]
1108,Ben Lapid
1109,Ben Lega
1110,Ben Nichols
1111,Ben Olding Games
1112,Ben Outram
1113,Ben Reber
1114,Ben Ridge
1115,Ben Thomas
1116,Ben Wade
1117,BenStar
1118,Bend Studio
1119,Bendegúz Anisics
1120,Beneath the Night Productions
1121,Benedict Ide
1122,Benevolent Banana Studio
1123,Beni Games
1124,"Benjamin ""ThingOnItsOwn"" Hauer"
1125,Benjamin B
1126,Benjamin Chen
1127,Benjamin Rommel Games
1128,Benjamin Schade
1129,Benjamin Staugaard
1130,Benjer Software
1131,Benn Powell
1132,Bennett Skolnick - Composer
1133,Benoit Dereau
1134,Beowulf
1135,Berg Games
1136,Bergamot Digital
1137,Beribo Games
1138,BerilyTeam
1139,Bernardo Barreiros Fialho
1140,Berry Berry Niceu
1141,Berzah Games
1142,Berzerk Studio
1143,Best Games Collection
1144,Best Ride Simulators
1145,Betagames Group
1146,Bethesda Game Studios
1147,Bethesda Softworks
1148,Bethuel K. Okelo
1149,Better Than Life
1150,Bevan McKechnie
1151,Bew Games
1152,Beyond Fun Studio
1153,Beyond Reality
1154,BeyondTheWind
1155,Bezbro Games
1156,BiKouZ
1157,Bibiki
1158,Bible Games
1159,Biduba Version
1160,Big Ant Studios
1161,Big Bad Wolf
1162,Big Bang Studio
1163,Big Blaze Games
1164,Big Blue Bubble
1165,Big Blue Studios
1166,"Big Boot Stoodts, LLC"
1167,Big Cheese Studio
1168,Big City Lab
1169,Big Deal Studios
1170,Big Fat Cat Studio
1171,Big Heart Productions
1172,Big Honk Studios
1173,Big Huge Games
1174,Big Kitty Games
1175,Big Loop Studios
1176,Big Mind Games 9000
1177,Big Play Games
1178,Big Reef Games
1179,Big Scorch
1180,Big Sir Games
1181,Big Trouble
1182,Big Village Games Ltd
1183,Big Way Games
1184,Big Z Studios Inc.
1185,BigBread
1186,BigLight.Games
1187,BigWednesday
1188,Bigboot Studios
1189,Bigitec Studio
1190,Bigosaur
1191,Bikkuri Software
1192,Bil Deerbuch
1193,Binary Brew Studios
1194,Binary Charm
1195,Binary Impact
1196,Binary Tree Studio
1197,Binge Gaming OU
1198,Binogure Studio 🐺
1199,Binx.tv
1200,BioSamurai
1201,BioWare
1202,Bipolar Dawn
1203,Bippinbits
1204,Birbgames
1205,Birch Tree Games
1206,Bird Bath Games
1207,Bird's Eye Games
1208,BirdIsland/PortaPlay
1209,Bird`sEye
1210,BirdyDog Studio
1211,Biro Pivo
1212,Biscuit Play
1213,BiscuitLocker
1214,Bismuth Studio
1215,BisquitPlay
1216,Bissonho
1217,Bit Ink Studios
1218,Bit Loom Games
1219,"Bit Planet Games, LLC"
1220,Bit Rot
1221,BitBros Inc
1222,BitBull Ltd
1223,BitCake Studio
1224,BitCutter Studios Inc.
1225,BitLight
1226,BitNine Studio
1227,Bitbeast Games
1228,Bitfall
1229,Bitfall Studios
1230,Bithell Games
1231,Bitkumsa
1232,Bitlife
1233,Bitmap Bureau
1234,Bitmap Galaxy
1235,Bitmen Studios
1236,Bitrich.info
1237,Bitslo
1238,Bitten Toast Games
1239,Bitwave Games
1240,Björn Loesing
1241,Blacer Studio
1242,Black Banshee Studios
1243,Black Beach Studio
1244,Black Bricks Studio
1245,Black Cardinal Software LLC
1246,Black Cube Games
1247,Black Curtain Studio
1248,Black Cyc
1249,Black Deck Crew
1250,Black Drakkar Games
1251,Black Eye Games
1252,Black Eyed Priest
1253,Black Flag Studios
1254,Black Flamingo
1255,Black Forest Games
1256,Black Hammer Studios
1257,Black Hole Games
1258,Black Isle Studios
1259,Black Ivy Games
1260,Black Mastiff Studios
1261,Black Mermaid
1262,Black Pants Studio
1263,Black Salt Games
1264,Black Sea Games
1265,Black Sheep Studio
1266,Black Tabby Games
1267,Black Thug
1268,Black Tower Basement
1269,Black Train
1270,Black Vein Productions
1271,BlackChiliGoat Studio
1272,BlackHawk Games
1273,BlackLock Games
1274,BlackMill Games
1275,BlackPixel Studio
1276,BlackRobe
1277,BlackTale Games
1278,BlackWhite
1279,Blackbird Interactive
1280,Blackburne Games Yazılım A.Ş.
1281,Blackc
1282,Blackfox Studios
1283,Blacklight Interactive
1284,Blackout Games
1285,Blackridge Entertainment
1286,Blackthornprod
1287,Blackthug
1288,Blake Gillman
1289,Blake Johnson
1290,BlankMediaGames LLC
1291,Blaster Games Studio
1292,Blastmode
1293,Blaze
1294,Blazing Bit Games
1295,Blazing Griffin
1296,Blazing Planet Studio
1297,Blazing Stick
1298,Bleakmill
1299,Bleeding Tapes
1300,Bleem
1301,Blekoh
1302,Blender Games
1303,Blind Monkey Games
1304,Blind Squirrel Entertainment
1305,Blind Squirrel Games
1306,BlindShot Studio
1307,Blindflug Studios AG
1308,Bling Bling Games GmbH
1309,Blingame
1310,BlitWorks
1311,"Blizzard Entertainment, Inc."
1312,Blob Games
1313,Blobfish
1314,Bloober Team
1315,Bloober Team SA
1316,Blood Machine
1317,BloodBrothers Studios
1318,BloodRain Publishing
1319,Bloody Pixel Games
1320,Bloom Digital Media
1321,Bloomside Studios
1322,Blow and Try Again
1323,Blowfish Studios
1324,BlqGms
1325,Blue Banana Lab
1326,Blue Bomber Games
1327,Blue Bottle Games
1328,Blue Brain Games
1329,Blue Giraffe
1330,Blue Isle Studios
1331,Blue Math
1332,Blue Meridian
1333,Blue Moose Games
1334,Blue Pin Studio
1335,Blue Sunset Games
1336,Blue Wizard Digital
1337,Blue Wizard Labs
1338,Blue.Owl
1339,Blue9Fairy
1340,BlueEagle Productions
1341,BlueFront
1342,BluePrinting
1343,BlueTale
1344,BlueTwelve Studio
1345,BluebsTopCat
1346,Bluecharm
1347,Bluelight Construct
1348,Blueplanet VR
1349,Blueside
1350,Bluespy Studios
1351,Blukulélé
1352,Blusagi Team
1353,BlusterD
1354,Blyts
1355,Bo Chen
1356,BoRoBoRoGame
1357,Boar-in-games
1358,BoardgameProgramPlan
1359,Boardscore Inc
1360,Boat Anchor Games
1361,Boatmeal Brothers
1362,Boaz Leshman
1363,Bob
1364,BobberWCC
1365,BobbiDren
1366,Bobby Two Hands
1367,Bocary Studios
1368,Bocata Games Ltd.
1369,Bocharov Games
1370,Bodeville
1371,Bogdan Padjen
1372,Bogdan Rosca
1373,Bogozet
1374,Bohemia Interactive
1375,Bold Statement Games
1376,Bolverk Games
1377,BomBasta Games
1378,Bomb Shelter Games
1379,Bombreature Games
1380,Bonança
1381,Bone Collectors
1382,Bone Nail
1383,BoneApps
1384,Bonereaders
1385,Bones
1386,Bonjourcoco
1387,Bonte Avond
1388,Bonus Level Entertainment
1389,BonusXP
1390,Boogygames Studios
1391,Bookmark Games
1392,Boolba Entertainment
1393,Boolean
1394,Boom Corp
1395,Boom Games
1396,Boom Games Team
1397,Boom Team
1398,BoomBit
1399,Boomfire Games
1400,Boomzap Inc
1401,"Boppy Games, LLC"
1402,Borealis
1403,Borington
1404,Boris the Bear
1405,Borrowed Light VR
1406,Bossa Studios
1407,Botgate
1408,Bottom Feeders
1409,Boujin 【棒陣】
1410,Boulder Trap Games
1411,Bouncyrock Entertainment
1412,Bounding Box Software Inc.
1413,"Boundless Dynamics, LLC"
1414,Boundless Games
1415,BoxCutter Game Studio
1416,BoxFox Studios
1417,BoxFrog Games
1418,Boxelware
1419,Boxstudio
1420,Brabo Game Creations
1421,Brace Yourself Games
1422,Brad Patterson
1423,Braden Banning
1424,Bradley Jardine - Sound Designer/Composer
1425,Bradley Shepherd
1426,Brady Soglin
1427,Braian Strak
1428,Brain Seal Ltd
1429,BrainDead Broccoli
1430,BrainGame
1431,Braincircus
1432,Brainseed Factory
1433,Brainstorm Software
1434,Brainwash Gang
1435,Brametjuhh
1436,Branching Narrative Ltd
1437,Brandon Alexander Holt
1438,Brandon Ofenstein
1439,Brandon Phillips
1440,Brass Persimmon
1441,Brass Token
1442,Brave At Night
1443,Brave Giant LTD
1444,BraveCat'Studios
1445,BraveWolf
1446,Brawsome
1447,Brazen Legions
1448,Bread Panda
1449,Breadcrumbs Interactive
1450,BreakAway Games
1451,Breakdown Studio
1452,Breaking Walls
1453,Breakpoint Games
1454,Brendan Keogh
1455,Brendan Roarty
1456,Brennan McCulloch
1457,Brenntkopf Development
1458,Brent Arnold
1459,Brenton Wildes
1460,Breogan Hackett
1461,Brezg Studio
1462,Brian J. Lancaster
1463,Brian Laflamme
1464,Brian Lindenhof
1465,Brian Lynch
1466,Brian Macumber
1467,Brianode
1468,Brieyh'leai
1469,Briganti
1470,Bright
1471,Bright Corners LLC
1472,Bright Light Interstellar Limited
1473,Brightdawn Entertainment
1474,Brilliance
1475,Brilliance Games
1476,Brilliant Game Studios
1477,Brilliant Skies Ltd.
1478,Brinemedia
1479,Britt Brady
1480,Broadsword
1481,Broken Arms Games
1482,Broken Arrow Games
1483,Broken Bear Games
1484,"Broken Bunny Studios, Inc"
1485,Broken Rules
1486,Broken Spear Inc.
1487,Bronze Box Interactive
1488,Brouillard
1489,Brownmonster Limited
1490,Bruce Scott
1491,Bruno Ferreira Lopes da Silva Teixeira de Queiroz
1492,Bruno Queiroz
1493,Brutal muse
1494,BrutalHack
1495,Bruxão
1496,Bry Guy Studios
1497,Bryce Bucher
1498,Bryce Summer
1499,Brytenwalda
1500,Bubblebird Studio
1501,Bubblegum Home Entertainment
1502,Bubblehead Game Dev
1503,Bubby Darkstar
1504,Buck Studios
1505,Buckethead Entertainment
1506,Buckle Up Games
1507,Bucksoft91
1508,Bud of Lupine
1509,Buff Studio
1510,Buffa Software
1511,BufoProject
1512,Bug Mane LLC
1513,Bugbyte Ltd.
1514,Builderment LLC
1515,BulatHard
1516,Bullets
1517,Bullseye Game Studio
1518,Bulut ULU
1519,Bulwark Studios
1520,BumpkinBrothers
1521,Bungarra Software Pty Ltd
1522,Bunker 22
1523,Bunlysh Studios
1524,Bunny Box Games
1525,Bunnyhug
1526,Burak Dabak
1527,Bureau Bravin
1528,Burgos Games
1529,Burning Bright
1530,Burning Forest
1531,Burning Goat Studio
1532,Burning Leaf Game
1533,Burning Sunset
1534,Burst2Flame Entertainment
1535,Business Goose Studios
1536,ButWhyLevin
1537,Butengo entertainment
1538,Butterscotch Shenanigans
1539,ButtonX
1540,ByOwls
1541,ByVal Games
1542,Bynine Studio
1543,Byron Dunwoody
1544,Byte Barrel
1545,Byte Kinematics
1546,ByteRockers' Games
1547,Bytefire Games
1548,Byterunners
1549,Byterunners Game Studio
1550,Bytten Studio
1551,Byzantine Games
1552,Błażej Smorawski
1553,C.T. Matthews
1554,C3 Games
1555,C3BGames
1556,C5H5 GaMes Lab
1557,CAAMS
1558,CABO Studio
1559,CAM
1560,CAN TASPINAR
1561,"CAPCOM CO., LTD."
1562,"CAPCOM Co., Ltd."
1563,CARHAY Interactive
1564,CASCHA GAMES
1565,CASE
1566,CATASTROPHIC_OVERLOAD
1567,CAVYHOUSE
1568,CC ARTS
1569,CCM
1570,CCS
1571,CD PROJEKT RED
1572,"CFK Co., Ltd."
1573,CG Cowboy Studios
1574,CGA Studio
1575,CHARON
1576,CHEST BOX
1577,CHICKEN SODA GAMES
1578,CI Games
1579,CICUN
1580,CINDYZ STUDIO
1581,CIRCLE Ent.
1582,CITY CONNECTION
1583,CJGames
1584,CLU Entertainment LLC
1585,CLYDE games
1586,CM IMMERSIVE
1587,CMGE
1588,CODE BELL
1589,CODELIFE Studio
1590,COLNELIUS
1591,COMPILE HEART
1592,CORE Games
1593,COSDOTS
1594,COWCAT
1595,CPW Games
1596,CQGAME
1597,CREATIVE ASSEMBLY
1598,CREATIVE VR3D
1599,CREATY
1600,CRGames
1601,CSM
1602,CSTG-小光
1603,CUBETYPE
1604,CUTE ANIME GIRLS
1605,CVR
1606,CaTaTo
1607,Cabbage Soft
1608,Cabbeast Games
1609,Cadabra Games
1610,Cadaver Carnival Studios
1611,Cael O'Sullivan
1612,Caffeinedependent Software
1613,Cafundo Estudio Criativo Eireli
1614,Caio Flavio
1615,Caio Ribeiro Chagas
1616,Caipirinha Games
1617,Caipirinha Games GmbH
1618,CakeGames
1619,Calamity Bay Games
1620,Calangames
1621,Calappa Games
1622,Calathea Game Studio
1623,Caligari Games
1624,Calin Ardelean
1625,Callback
1626,Caltain VR Ltd
1627,Calvares
1628,Camden Cleveland
1629,Camel 101
1630,Camelot.TDM
1631,Cameron Chin
1632,Cameron Downey
1633,Cameron Ladjevardi
1634,Camouflaj
1635,Campfire Studio
1636,Camshaft Software Ltd
1637,Canari Games
1638,Canberk Demir
1639,Candymakers
1640,Canine Games
1641,Cankut Keskin
1642,Cannibal Interactive
1643,Cantarella Massimiliano
1644,Canuck Play Inc
1645,Canvas+Garden
1646,Caos Creations
1647,CapPlay Interactive Inc.
1648,Cape Cosmic
1649,Capital Digital
1650,CappucciNoiz
1651,Capriccio
1652,Capricia Productions
1653,Caps Collective
1654,Capstone Software
1655,Capsule Core
1656,CapsuleCollapse
1657,Captain Bear Games
1658,Captain Games
1659,Capybara Games
1660,CarPhyGames
1661,Caramel-Mocha Studio
1662,Caramelo Game Studio
1663,Carbon Studio
1664,Cardboard Games
1665,Caret Games
1666,Carf Darko
1667,CarloC
1668,CarloCGC
1669,Carlos Coronado
1670,Carlos Diaz Muñoz
1671,Carlos Garza
1672,Carlos Julián López García
1673,Carlos Junio
1674,Carlos Martins
1675,Carnotaurus Team
1676,Caro Builders
1677,Carola Sochiera
1678,Carotaa
1679,Carrion Wave LLC
1680,Carry Castle
1681,Carry-On Games
1682,Carson Kompon
1683,Cartboard Games
1684,Casa Rara
1685,Casey Atkins
1686,Casey Donnellan Games LLC
1687,CashcowGames
1688,CasketCheese
1689,Casper Croes
1690,Caspian Interactive
1691,Cassel Games
1692,Cassidy Robideaux - Audio Lead
1693,Cassius John-Adams
1694,Castello Inc
1695,"Castle Pixel, LLC."
1696,Castle Roaches
1697,Casus Ludi
1698,Cat & Fiddle Games Team
1699,Cat Commandos
1700,Cat Floor Studio
1701,Cat God Studio
1702,Cat In A Jar Games
1703,Cat Nigiri
1704,Cat Paw Game
1705,Cat Play Studio
1706,Cat Shawl Games
1707,Cat Shine
1708,Cat Studio
1709,Cat-astrophe Games
1710,CatOnTree Studio
1711,CatSaw
1712,CataStoica
1713,Cataclysm Entertainment
1714,Catalina Zavaleta
1715,Catbird Soft
1716,Catfood McFly
1717,CatgirlLydia
1718,Catherine Svyataya
1719,Cathuria Games
1720,Catnip
1721,Catobyte
1722,Catowo
1723,Catthia Games
1724,Catze
1725,Cauê Henrique
1726,Cavalry
1727,Cave Ghost Games
1728,Cave Monsters
1729,CaveDave
1730,CaveLight LLC
1731,Cavylabs
1732,Caz
1733,Caz Game Design
1734,Cdu Game
1735,Cel Davison
1736,CelLab
1737,Celebrity Kombat Corp.
1738,Celeritas Games
1739,Celery Emblem™
1740,Cellar Door Games
1741,CelleC Games
1742,Celtos
1743,CenterPoint Gaming
1744,Centers for Disease Control and Prevention
1745,Centicerise Productions
1746,Cerberus Gate Games
1747,Cereal Games
1748,CerebralJam
1749,CggtGroup
1750,Chadderbox
1751,Chalcedony Network
1752,Chalkseagull
1753,ChalkstoneInteractive
1754,Challenging Games
1755,Cham Project
1756,Chameleon Games
1757,ChaniMK
1758,ChaoGames
1759,Chaoclypse
1760,Chaos Concept
1761,Chaos Cute Soft
1762,Chaos Group Games
1763,ChaosForge
1764,ChaosXuX
1765,Chaosmonger Studio
1766,Char & Torfi
1767,Chara-ani Corporation
1768,Chard
1769,Charge Games
1770,Charging Llama
1771,Charles Chiasson
1772,Charles Games
1773,Charlie Brej
1774,Charlie Oscar
1775,Charm Games
1776,ChaseFOX
1777,Chashu Entertainment
1778,Chasing Carrots
1779,Chasing Rats Games
1780,Chatty Pillow
1781,Chaystar Unlimited LLC
1782,Cheap Ramen Games
1783,Checkmaty
1784,CheddaNinja Games
1785,Cheesecake Dev
1786,Cheetah Mobile Inc.
1787,Chem DV
1788,Chemical Pudding
1789,Chequered Ink Ltd.
1790,Cherniukh Andrii
1791,ChessBase GmbH
1792,Chestnut Games
1793,Chewa
1794,Chi Entertainment Corp.
1795,Chi21
1796,Chibig
1797,Chicken Launcher
1798,Chicken Waffle
1799,Chii the Cat
1800,Childish Things Ltd
1801,ChillSwitch Games
1802,Chilla's Art
1803,Chillin' Wolf
1804,ChilloutVR Team
1805,ChillyRoom
1806,Chim Ruoi Games
1807,Chime Corporation
1808,Chimney Castle
1809,Choc Abyss
1810,Choice Provisions
1811,Choice of Games
1812,Chongming Studio
1813,Choose Red
1814,Chopin et al.
1815,Chris
1816,"Chris ""Saget"" Mac"
1817,Chris Antoni
1818,Chris Danelon
1819,Chris Kerich
1820,Chris Klimowski
1821,Chris Lucian
1822,Chris McFarland
1823,Chris Nordgren
1824,Chris Rickett
1825,Chris Shanaz
1826,Chris Turd Boomerang Armstrong
1827,Chris W.
1828,Christian Walter
1829,Christoffer Tornell
1830,Christoph Frey
1831,Christoph Schultz
1832,Christophe Galati
1833,Christopher Cinq-Mars Jarvis
1834,Christopher Couto
1835,Christopher Jarvis
1836,Christopher Juerges
1837,Christopher Mielack
1838,Christopher Yabsley
1839,Chromatic Games
1840,Chrome Horizon 3D
1841,Chronos Unterhaltungssoftware
1842,Chronospace
1843,Chrysolite Software
1844,Chucklefish
1845,Chuhai Labs
1846,Chump Squad
1847,Chun Y.
1848,Chunkybox Games
1849,Chupacabra Game Studios
1850,Church of Bolloxology
1851,Chute Apps
1852,Chuvdji
1853,Cicada Games
1854,Cinder Cone
1855,Cindy Pondillo
1856,Circle Fairy Flower
1857,Circle Gyu
1858,Circle Kurasuke Warehouse
1859,Circle Meimitei
1860,Circle Poison
1861,CircuitLord
1862,Ciro Fernandes (Cube Legal)
1863,Citizen's Arrow Studio
1864,City From Naught Inc.
1865,City Interactive S.A.
1866,City Wizard Games
1867,Clarity Games
1868,Clarus Victoria
1869,Class of 2019-2020
1870,Classic Chocolat
1871,Claudio Correa Dias
1872,Clay Dragon Games
1873,Clay Peterson
1874,Claytechworks
1875,Cleardot Games
1876,Clearline
1877,Cledson Lopes Marta de Oliveira
1878,Clement Willay Games
1879,Clever Beans
1880,Clever Plays
1881,CleverRaven
1882,Cleversan Games
1883,Cliax Games
1884,Cliff
1885,Clifftop Games
1886,Climax Studios
1887,Climbing Goat Games
1888,Cloak and Dagger Games
1889,Clobster Games
1890,Clock In Dream
1891,Clock Out Games
1892,Clock Wizard Games
1893,ClockStone
1894,Clockwork Acorn
1895,Clockwork Bird
1896,Clockwork Conquest Games
1897,Clockwork Origins
1898,Clockwork Pile
1899,Cloisters Interactive
1900,Clops Game Studio
1901,Cloud 9 Limited
1902,Cloud M1
1903,CloudDreamStudio
1904,Cloudfire Studios
1905,Cloudy Games LLC
1906,Clovelt
1907,Clover Bite
1908,Club Foxhole
1909,"Cluck Games, LLC"
1910,Clymenia
1911,CoKe_Deer
1912,Coal Valley Games
1913,Coalescent Studio
1914,CoastGames GmbH
1915,Cobley Games
1916,Cobra Byte Digital
1917,Cockroach Inc.
1918,Code Club AB
1919,Code Monkey
1920,Code Mystics
1921,Code Wakers
1922,CodeForce
1923,CodeManu
1924,CodeParade
1925,Codebrew Games Inc.
1926,Codeglue
1927,Codemasters
1928,Coden Studio
1929,Codename Entertainment Inc.
1930,Code}{atch
1931,Coding Leap
1932,CodingApe Games
1933,Codrin Bradea
1934,Cody Wren
1935,Coffee Addict Studio
1936,Coffee Stain Studios
1937,Coffee Studio
1938,CoffeeCupz Games
1939,Coffeenauts
1940,Cognoggin Games
1941,Cogoo
1942,Cogwheel Software
1943,Coil Games
1944,Coin Crew Games
1945,Colar Group
1946,Colby Crawford
1947,Cold Beam Games
1948,Cold Iron Studios
1949,Cold Symmetry
1950,Cold-Dark Software™
1951,ColdBones
1952,Coldwild Games
1953,Coldwood Interactive
1954,Cole
1955,ColePowered Games
1956,Colestia
1957,ColloseusX
1958,Color Gray Games
1959,Colorfiction
1960,ColorfulMaxtrix
1961,Colorgrave
1962,Colossal Order
1963,Colossus Game Studio
1964,Colton Lathrop
1965,Combat Waffle Studios
1966,Combat Wombat Studios
1967,Combo Routine
1968,Come Over Gaming S.L.U.
1969,Cometsoft Inc.
1970,Comfy Company
1971,CommandosPro
1972,ComonGames
1973,Comp-3 Interactive
1974,Company Not Found
1975,Compile Heart
1976,Complex Games
1977,Complex Plane
1978,Computer Lunch
1979,ComputerDev
1980,Con Artist Games
1981,Conarium Software
1982,Concode
1983,Confirmed Games
1984,Confiture
1985,Conglomerate 5
1986,Congo Jungle Games
1987,Connection
1988,Conner Rush
1989,Conor Petersen
1990,Conor Walsh
1991,Conrad Miller
1992,Conradical Games
1993,Considera Games LLC
1994,Constanta Games
1995,Consumer Softproducts
1996,Container Studio
1997,Contamination Studios
1998,Contigo Games
1999,Continuum XR
2000,Control
2001,Controlled Chaos Media
2002,CooCooSqueaky Games
2003,Cookie Games Club
2004,CookieByte Entertainment
2005,CookieDev
2006,Cool Games Studio
2007,Cool Scooter Software
2008,Cool Smithy Games
2009,CoolCraftGames
2010,CoolJosh3k
2011,Cooperative Innovations
2012,Copperglass
2013,Coral Dream Studio
2014,Corax_Studios
2015,Cordens Interactive
2016,"Corecell Technology Co., Ltd"
2017,Coreffect Interactive
2018,Coresoft Inc.
2019,Corey Martin
2020,Corgi
2021,Corner Office Games
2022,Cornutopia Software
2023,Corpix Games
2024,Corrosive Studios LLC
2025,Corrupted Media Productions
2026,CortexCollider Studios
2027,Cortez Productions
2028,Cortopia Studios
2029,Cory Long
2030,CosCom Art Group
2031,CosMonkeys
2032,Cosmic Adventure Squad
2033,Cosmic Boop
2034,Cosmic Forces
2035,Cosmic Spud
2036,Cosmic Void
2037,Cosmo D
2038,Cosmo D Studios
2039,Cosmo Gatto
2040,Cosmo Machia
2041,Cosmonaut Studios
2042,Cosmos
2043,Costek Games
2044,Cottage Street Interactive
2045,Cotton Candy Cyanide
2046,Cotton Game
2047,Cougar Interactive
2048,Counterplay Games Inc
2049,Courtesy of Endo
2050,Cousins Factory
2051,Covenant.dev
2052,Cow Corp.
2053,Cow Game
2054,Cow Games
2055,Cowboy
2056,Cowleyfornia Studios
2057,Coy Youngblood
2058,Coyote's Corpse
2059,Coyotic Games
2060,Cozy Bee Games
2061,Cozy Live
2062,Cozy Village
2063,CozyStorm
2064,Crablacksmith Studios
2065,Cracked Bone Studios
2066,CrackedGhostGames
2067,Crackoder
2068,Crackshell
2069,Cradle Games
2070,CraebTec
2071,Craft Theory
2072,Crafting Legends
2073,Craftshop Arts Inc.
2074,Crafty Game Lab
2075,Crafty Weazel
2076,Crania Games
2077,Cranky Watermelon
2078,Crashykk Games
2079,Crate Entertainment
2080,Crater Studios
2081,Crave
2082,Crawly Games
2083,Crayz
2084,Crazy Bullet
2085,Crazy Dino Game Studio
2086,Crazy Goat Games
2087,Crazy House
2088,Crazy Rocks
2089,Crazy Turtle Games
2090,CrazyBunch
2091,CrazyLoner
2092,CrazySky3D
2093,Crazysoft Limited
2094,CreSpirit
2095,CreaTeam
2096,Creaky Lantern Games
2097,Creamative
2098,Create Game (OlegM)
2099,Creative Assembly
2100,Creative Bytes Studios
2101,Creative Games Computer Graphics Corporation
2102,Creative Hand
2103,Creative Storm Entertainment
2104,CreativeForge Games
2105,Creativer Game Studio
2106,Creature Cauldron
2107,Creature Labs
2108,Creeepling
2109,Creepy Brothers
2110,Crema
2111,Crenetic
2112,Creobit
2113,Crescent Sun
2114,Crew Lab
2115,CrewLab
2116,Crickkin
2117,Crimson Chaos Studios
2118,Crimsonite Games
2119,Crisp App Studio
2120,Cristian Manolachi
2121,Crit42 Studio
2122,Criterion Games
2123,Critical Miss Games
2124,Critical Rabbit
2125,Critique Gaming
2126,Critix Studios
2127,Critters Collective
2128,Cro Game Developers
2129,Crooks Peak
2130,Cross Game Studio
2131,Croteam
2132,CrowNest Games
2133,Crowbar Collective
2134,Crowfriend
2135,Crown Game
2136,Crownbird
2137,Crowned Daemon Studios
2138,Crows Crows Crows
2139,Crowvisuals
2140,Cruise Elroy
2141,Crunchy
2142,Crush-vAdin
2143,Cryptic Comet Games
2144,Cryptic Sea
2145,Crypton Future Media
2146,Crystal Bat Studio
2147,Crystal Dragon
2148,Crystal Game Works
2149,Crystal Heart's Studio
2150,Crystal Shark Games
2151,CrystallPunk
2152,Crystice Softworks
2153,Crytek
2154,Cube Games
2155,CubeCube Sports Ltd.
2156,Cubinauts
2157,Cubyte Games
2158,Cuca
2159,Cuddle Code
2160,Cuddle Monster Games
2161,Cult Software
2162,Cultic Games
2163,Cupana Games
2164,CupcakeTime Team
2165,Curiosity Computing
2166,Curious Bird
2167,Curious Chicken Games
2168,Curious Fate
2169,Curious Panda Games
2170,Current Games
2171,Curse Box Alt
2172,Curse Box Studios
2173,Curtel Games
2174,Curtis Ashford
2175,CushKim
2176,Cute Hannah's Games
2177,Cutlass Boardgames
2178,"Cyan Worlds, Inc."
2179,Cyanide
2180,Cyanide Studio
2181,Cyber Eye
2182,Cyber Intellect Ltd
2183,Cyber Rhino Studios
2184,CyberConnect2
2185,CyberConnect2 Co. Ltd.
2186,CyberDesktop
2187,CyberDoesStuff
2188,CyberFlux Games
2189,CyberPunch Studios
2190,"CyberStep, Inc."
2191,Cyberdog Software
2192,Cyberian Studios
2193,Cyberius Dei
2194,Cyberlore Studios
2195,Cybernetic Walrus
2196,Cybershoes
2197,Cyberspline Games Inc
2198,Cybertech
2199,Cyberwave
2200,Cyborg Primate
2201,Cyborn B.V.
2202,Cydream
2203,Cyfi Developers
2204,"Cygames, Inc."
2205,Cygnus Entertainment
2206,Cykyria
2207,Cyperk Software
2208,Cypher Creations
2209,Cтрельба
2210,D!Gi productions
2211,D&A Studios
2212,D'Avekki Studios Ltd
2213,D.A.S. Games
2214,D.W. Software
2215,D20Studios
2216,D3T
2217,D4
2218,"D4Enterprise Co., Ltd."
2219,D6 TEAM
2220,DAKIDAKI
2221,DAMNATIO GAMES
2222,DANG!
2223,DARK STUDIO
2224,DAthoughts
2225,DBH
2226,DCTK
2227,DD Games
2228,DD-Consulting
2229,DDDimanN
2230,DDNet Team
2231,DDRACE
2232,DDal
2233,DDreams Games
2234,DE GAMES
2235,DEFICIT Games
2236,DEKLAZON
2237,DELTARTS
2238,DESTINYbit
2239,DEVA
2240,DEVBEEF
2241,DEVBOX
2242,DGMA
2243,DGV-Games
2244,DICE
2245,DICO
2246,DIG Games
2247,DIGIDICED
2248,DIGIFOX
2249,DIMANCHE CORP.
2250,DIRIGO GAMES
2251,DIY Experiences LLC
2252,DK Studio
2253,DLDev
2254,DM CORE
2255,DMM GAMES
2256,DMNT
2257,DMNT Interactive
2258,DND
2259,DNZY Games
2260,DO MY BEST
2261,DODRECK
2262,DOJI
2263,DOKIDOKI GROOVE WORKS
2264,DOMO Studio
2265,DON'T NOD
2266,DONTNOD Entertainment
2267,DOPPELGESICHT
2268,DOTORIS
2269,DOVEINSKY
2270,DPT
2271,"DRAGAMI GAMES, LTD."
2272,DRAGO entertainment
2273,DRAGOLITE
2274,DRAGONnoid
2275,DRAKHAR STUDIO
2276,DRAUGR
2277,DREAMFEEL
2278,DSGame
2279,DSW Games
2280,DU&I
2281,DUBUS Alain
2282,DUT Studio
2283,DVloper
2284,DWall Games
2285,DX Gameworks LLC
2286,DXF Games
2287,DY STUDIO
2288,DYA Games
2289,DYV's Game
2290,DaT Cat Studio
2291,Dabster Entertainment
2292,Dad Hat Games
2293,Daddysucc5000
2294,Daedalic Entertainment
2295,Daev Team
2296,Dahku
2297,"Daikon Games, LLC"
2298,Daily Magic Productions
2299,Daisy Ale Soundworks
2300,Daisy Games
2301,DakeCraft
2302,Daksuki
2303,DalaKoala Games
2304,Dalaran Game Studio
2305,Dale Turner
2306,Damaged Axons
2307,Damian Bernardi
2308,Damian Kubiak
2309,Damian Schloter
2310,Damon Smith
2311,DamonWall
2312,Damp Gnat
2313,Dan Dectis
2314,Dan Goyette
2315,Dan McGrath
2316,Dan Schumacher
2317,Dan Vicarel
2318,Dan's Games
2319,Dandover
2320,Dandylion
2321,Dangerous Derk Interactive
2322,DangerousBob Studio LLC
2323,Dani
2324,Dani Gas
2325,Dani Marti
2326,Danial Rashidi
2327,Danicy
2328,Daniel Benmergui
2329,Daniel Brendel
2330,Daniel Cox
2331,Daniel Gelber
2332,Daniel George
2333,Daniel Hood
2334,Daniel Lochner
2335,Daniel Mullins Games
2336,Daniel Nora
2337,Daniel Noronha
2338,Daniel Onstott
2339,Daniel Seman
2340,Daniel Siqueira Abdelnur
2341,Daniel Somarribas
2342,Daniel Viktorin
2343,Daniel Wiendl
2344,Daniel X Moore
2345,Daniele Doesn't Matter
2346,Daniil Naletov
2347,Daniil Volgutskov
2348,Danil Kalyupa
2349,Dano Sato
2350,Dapper Grim Studios
2351,Dapper Penguin Studios
2352,DarKnot Team
2353,Dari1168
2354,Dariia Babchuk
2355,Daring Touch
2356,Darius Bode
2357,Darius Immanuel Guerrero
2358,Dark Crystal Games
2359,Dark Curry S.L.
2360,Dark Gaia Studios
2361,Dark Lord
2362,Dark Magic Awakening
2363,Dark One!
2364,Dark Point Games
2365,Dark Room Studio
2366,Dark Screen Games
2367,DarkBasicSoftwareLimited
2368,DarkKnight
2369,DarkStone Digital
2370,DarkTree Development
2371,Darkania Works
2372,Darker Gaming
2373,Darkest Room
2374,Darkling Room
2375,Darkmatter Games
2376,Darkpowder
2377,Darkstone Digital
2378,Darksun Studio
2379,Darktree Game Studio
2380,Darkwind Media
2381,DarxDev
2382,DashNet
2383,"Data Art, Inc."
2384,Dave Kap
2385,Dave Seaman
2386,Dave Studio
2387,Dave XP
2388,Daveyyy
2389,"David ""Tain"" Williams"
2390,David Amado Fernández
2391,David Czarnowski
2392,David Decraene
2393,David Dolynny
2394,David Elliot
2395,David Fazzio
2396,David Flossdorf
2397,David Gallardo
2398,David Jalbert
2399,David Kaleta
2400,David Kinns
2401,David M.
2402,David Marquardt Studios
2403,David Monroe
2404,David Montesi Rivas
2405,David Moralejo Sánchez
2406,David Mödinger
2407,David Nguyen
2408,David Owens
2409,David Pateti
2410,David Schmidthoffer
2411,David Shaw
2412,David Su
2413,David Szymanski
2414,David Tree
2415,David Vinokurov
2416,Davyd Moskalenko
2417,"Dawdling Dog, ltd."
2418,Dawid Tomanek
2419,DawnLight Workshop
2420,DawnTree
2421,Dawnatic Games
2422,Dawnblaze Entertainment
2423,Dawnosaur Studios
2424,Dawnwing House
2425,Dawson Dewulf
2426,Day Art's Games
2427,Dazzling Divine
2428,DbVectra
2429,Ddraig House Game Studio Ltd.
2430,DduXan
2431,DeCoded Production
2432,DeGenerals S.A.
2433,Dead Blue Friends
2434,Dead Drop Studios LLC
2435,Dead Joker
2436,Dead Pixel Productions
2437,Dead Thread Games
2438,Dead Unicorn
2439,DeadGrass Games
2440,Deadleaf Games
2441,DeadlyCrow Games
2442,Deadpan Games
2443,Dear Done Dead
2444,Deborg Desolation
2445,Decebal Games Studio
2446,Decent Software LLC
2447,Deck Nine
2448,Deck13
2449,Deconstructeam
2450,Decumanus Games
2451,Deeli Network
2452,Deen Games
2453,Deep Dive Interactive
2454,Deep Field Games
2455,Deep Green Games
2456,Deep Silver Fishlabs
2457,Deep Silver Volition
2458,Deep Voodoo Games
2459,Deepnight Games
2460,Deer Dream Studios
2461,Deertwig Studio
2462,Defiance Game Studio
2463,Deimos Games
2464,Deimos Interactive
2465,Dejima
2466,Dejobaan Games
2467,"Dejobaan Games, LLC"
2468,Deli Interactive LLC
2469,Delirium Tremens Games
2470,Delphinium Games
2471,Delta
2472,Delta Arcade
2473,Delta Bright
2474,Delta Reality
2475,Delta Video Games
2476,Delve Interactive
2477,Demagog Studio
2478,Dementori
2479,Demibug
2480,DemoDog Games
2481,Demonware
2482,DenchiSoft
2483,Dendo Denkido
2484,Denis Petrov
2485,Deniz K.
2486,Denki
2487,Denneko Yuugi
2488,Dennis Gallant
2489,Denny Truong
2490,DenyingProduct
2491,Departure Interactive
2492,Deprecated Games
2493,Derek Golliher
2494,Derin
2495,Dern Lin
2496,Derpmachine
2497,Derrick Does VR
2498,Desert Fox
2499,DeskClub Games
2500,DesktopMan Team
2501,DessertTheory
2502,Destin Piagentini
2503,Destructive Creations
2504,Detach Entertainment
2505,Detalion Games S.A.
2506,Detective Games
2507,Dev It With Cat
2508,Devcats
2509,Devdan Games
2510,Devespresso Games
2511,Devil Beetle Games
2512,Devil's Cider Games
2513,DevilishGames
2514,Devin Carlson
2515,Devious Oatmeal
2516,Devm Games
2517,Devmaru Inc.
2518,Devon
2519,Devon Wiersma
2520,DevonAnimation
2521,"Devster, LLC"
2522,Dex Games Studio
2523,Dexter Manning
2524,Dexter Team Games
2525,DexterCoding
2526,Deydrihm
2527,Dez
2528,Dez Boyle
2529,Deztudio
2530,Di9iware software
2531,DiTMGames
2532,DiaMMax
2533,Diada Novels
2534,Diagrammet AB
2535,Diamond Sky Games
2536,Diamondhenge Entertainment
2537,DiamosDev
2538,Diaz Pepper
2539,Dicesuki
2540,Didactricks
2541,Die of Death Games
2542,Dieselmine
2543,Dieuwt
2544,Different Tales
2545,DigX Studios
2546,Digi Mask Games
2547,DigiPen Europe-Bilbao
2548,DigiTales Interactive
2549,Digiart Interactive
2550,Digital Arrow
2551,Digital Boxcar
2552,Digital Continue
2553,Digital Crafter
2554,Digital Cybercherries
2555,Digital Destiny Games
2556,Digital Dreams Entertainment
2557,Digital Eclipse
2558,Digital Fossil
2559,Digital Fusion Inc.
2560,Digital Gods
2561,Digital Happiness
2562,Digital Kingdom
2563,Digital Mosaic Games
2564,Digital Reality
2565,Digital Reef Games
2566,Digital Secrets
2567,Digital Sun
2568,Digital Synapsis
2569,Digital Tales USA LLC
2570,Digital Theory Ltd.
2571,Digital Tome
2572,Digital Tours Interactive
2573,Digital Universe
2574,Digital Zoo
2575,DigitalDream
2576,DigitalZeon
2577,Digitality Games
2578,Digitalmindsoft
2579,Digiteyes
2580,Digitum Software
2581,Digixart
2582,Digs Team
2583,Dillon Rogers
2584,Dillon Williams
2585,Dim Bulb Games
2586,Dim Sum One
2587,Dimensionless Games
2588,Dimfrost Studio
2589,Dimitri Kipper
2590,Dimpiks
2591,Dimps Corporation
2592,Dinamic Software
2593,Dingxiang Cyber LLC
2594,Dininho
2595,DinjaStudios
2596,Dinobird
2597,Dinosaur Bytes Studio
2598,Dinosaur Polo Club
2599,Dion Cuttriss
2600,Dion ten Have
2601,Dionic Software
2602,Dionous Games
2603,Diophante Studio
2604,Dipsi
2605,Dire Kitten Games
2606,Dire Wolf
2607,DirectDoggo
2608,Direfang
2609,Disafter Games
2610,Disastercake
2611,Discade Project
2612,Disco Entertainment Studio
2613,Discrete Infinity
2614,Discus Games
2615,Disillusion Dev
2616,Disoft Game Developers
2617,Disrate Studios
2618,Dissension Games
2619,"Divergent Realities, LLC"
2620,Divilusion Studio
2621,Dizzy Media
2622,DjokaGames
2623,Dlala Studios
2624,Dmitry Kozlov
2625,Dmitry Zheltobriukhov
2626,Dmytro Pohrebnyi
2627,Dnovel
2628,Do Games Limited
2629,Doble Punch Games
2630,Doborog Games
2631,Doctor Shinobi
2632,Dodge Roll
2633,Dodo Digital
2634,Dog Kiss Studio
2635,DogmaQuest
2636,Dogū
2637,Dojin Otome
2638,Dolphin media
2639,Dom
2640,Dom Camus
2641,Domesticated Ant Games
2642,Dominate Red Studios
2643,Domini
2644,Domini Games
2645,Dominik
2646,Dominik Konečný
2647,Dominique Star
2648,Domuro Soft
2649,Don't Bite Devs
2650,"Dongguan Liuli Game Technology Co., Ltd"
2651,DonislawDev
2652,Donkey Crew
2653,Donnie Game Studio
2654,Dontsugel
2655,Donuts Co. Ltd.
2656,Doodlegames
2657,Doom Turtle
2658,Doomster Entertainment
2659,Door 407
2660,Dope Games
2661,Doppler Creative
2662,Dorime
2663,DorsalFin Studio
2664,Dose
2665,Doseone
2666,Dot8 Studio
2667,DotEmu
2668,Dotemu
2669,Double Damage Games
2670,Double Eggs
2671,Double Fine Productions
2672,Double Machine
2673,Double Peach Productions
2674,Double Stallion
2675,Double Tap Games
2676,Double W
2677,DoubleCherry Ltd
2678,DoubleFury
2679,DoubleMoose Games
2680,DoubleThink Studio
2681,Doublehit Games
2682,Doubles Core
2683,Douglas Rocha Vasco
2684,Douglas Terhune
2685,Douze Dixièmes
2686,Dovetail Games
2687,Downcast Games LLC
2688,DozenByte
2689,Dr BLOC
2690,Dr. Cyril Splutterworth
2691,Dr. Kucho! Games
2692,Dr. Shameless Cat Games
2693,Dracma Studios
2694,Draconia Dev Team
2695,Draconis Games
2696,Draconis Interstellar
2697,Dragon Emperors
2698,Dragon Fruit Studio
2699,Dragon Lord Studio
2700,Dragon Maps Ltd
2701,Dragon Slumber
2702,Dragon's Games
2703,DragonBear Studios
2704,Dragonetti
2705,Dragonflare Studios
2706,Dragonrise Games
2707,Dragons
2708,Dragons Eye Studio
2709,Dragonseye CY Limited
2710,Dragut Stefan
2711,Drake Rose - Engineer
2712,Drakhar Studio
2713,Drakkar Dev
2714,Draknek & Friends
2715,Dramatic Iceberg
2716,DrankiKets
2717,Drastic Games
2718,Drattzy Games LLC
2719,Draw Distance
2720,Draw Me A Pixel
2721,DreaMory
2722,DreadXP
2723,Dream Compass
2724,Dream Cracker
2725,Dream Harvest
2726,Dream Nerdy
2727,Dream Oni
2728,Dream Operator
2729,Dream Potion Games
2730,Dream Powered Games
2731,Dream Within
2732,Dream gear
2733,DreamForge Intertainment
2734,DreamSeller
2735,DreamSkillz
2736,DreamSmith Studio
2737,DreamStep
2738,DreamStorm Studios
2739,DreamTeam Mobile
2740,DreamTree Studio Sdn. Bhd.
2741,DreamWay Games
2742,DreamWeaver
2743,Dreambyte Games
2744,Dreamcatcher Studio
2745,Dreamers
2746,Dreamers Studio
2747,Dreamfire Studios
2748,Dreamirl
2749,Dreamlab XR
2750,Dreamlight Games Studios SL
2751,Dreamlike
2752,Dreamloop Games
2753,Dreamlords Digital Inc.
2754,Dreamplant
2755,Dreampunk Helix
2756,Dreams Uncorporated
2757,Dreamside Interactive
2758,Dreamsite Games
2759,Dreamteck
2760,Drew Gingerich
2761,Drifter®
2762,Drinkbox Studios
2763,Driod Riot
2764,Drix Studios
2765,Drixxel Soft
2766,Drogowit Pomorski
2767,Dronami
2768,Drone Champions AG
2769,Drop_Dead_Fred
2770,Drowning Monkeys Games
2771,Drowsy Whale
2772,Druce Willis
2773,Drunk Bunny Games
2774,Drunken Kitten
2775,Dry Cactus
2776,DuCats Games Studio
2777,DuDeeki
2778,Dual Decade
2779,Dual Effect
2780,Duality Games
2781,Dualtail
2782,Duck Team
2783,Dude Bro's
2784,Dumativa
2785,Dumb
2786,Dumb ****ing Horse
2787,Dumb Video Game Stuff
2788,Dume Games Studio
2789,Dumpster Fire Studio LLC
2790,Dungeon Games
2791,DuoBonza
2792,DuoDuoDog
2793,Duodli
2794,Dusk Dog Studio
2795,"Dusklight CO., LTD."
2796,Dustfade
2797,Dusty Game
2798,"Dvora Studio Co., Ltd."
2799,DygoDev
2800,Dylan
2801,Dylan Bassett
2802,Dylan Burke
2803,Dylan Rodrigues
2804,Dylan Rose - Art Lead
2805,Dylan White
2806,Dymchick1
2807,DynKen
2808,Dynamic Dungeons
2809,Dynamic Games
2810,Dynamic Media Triad
2811,Dynamic Zero
2812,Dynix Studios
2813,Dysnomia
2814,Dystopia Corp
2815,Dystopia Game Studio
2816,E McNeill
2817,E-Crew
2818,E-Line Media
2819,E-Studio
2820,E.144
2821,E.G.G Studio
2822,E.Muzz
2823,E2D2Works
2824,ECC GAMES
2825,ECHTNICE GmbH
2826,EDEN Team
2827,EDPH
2828,EF Universe Games LLC
2829,EGAMER
2830,EGC Games
2831,"EIGHTING Co., Ltd."
2832,EIRTeam
2833,ELECTROSTALIN ENTERTAINMENT
2834,ELEET GAMES
2835,ELIXOR
2836,ELVNEKO
2837,EM Games
2838,EMIKA_GAMES
2839,EMOTION THEORY
2840,ENDESGA
2841,ENGINES Inc.
2842,ENIGMA STUDIO
2843,EQ Studios
2844,ES4 / Eternal Sphere 4
2845,ESAT
2846,"ESQUADRA, inc."
2847,EVC Games
2848,EVEV01
2849,EXAMGAMES
2850,EXOR Studios
2851,EXPERIENCE
2852,EXTREMESOFT
2853,EY-Studio
2854,EYEFRONT
2855,Earlgrey
2856,Early Morning Studio
2857,Earthshine
2858,EastFog Studios
2859,EastWorks
2860,Eastasiasoft Limited
2861,Easy Day Studios Pty Ltd
2862,Easy Trigger Games
2863,Easy game
2864,Ebb Software
2865,Ebim Studio
2866,Ebonscale Games
2867,Echo Chamber Games
2868,Echo Entertainment
2869,Echo607
2870,Echodog Games
2871,Echtra Inc.
2872,Eclectric Softwares
2873,Eclipse Game Labs
2874,Eclipse Games
2875,Ed Lioni
2876,EdFarage
2877,Edelweiss
2878,Eden Industries
2879,Edenic Era LLC
2880,Edgar IX
2881,Edgestudios
2882,Edogawa Games
2883,Eduard Kozadaev
2884,Eduardo Alonso
2885,Edvardas Šneideris
2886,Edward Oliver
2887,Edwin Montgomery
2888,Edym Pixels
2889,"Eek! Games, LLC"
2890,Eerie Forest Studio
2891,Eerie Guest
2892,Efe Mert
2893,Efficiency
2894,Efril
2895,Ege Sayın
2896,Egea Game
2897,Egemen Ertugrul
2898,Eggcode
2899,Egghead Interactive LLC.
2900,Eggion
2901,Eggnut
2902,Eggtart Inc
2903,Egor Magurin
2904,Egor Rezenov
2905,Egutidze
2906,Eh
2907,Eidos-Montréal
2908,Einfach Genial gGmbH
2909,EinzelartigGames
2910,Eirik Wiklund
2911,Eizi Zu
2912,Ejo
2913,Eko Software
2914,Eksperimental Games
2915,Ekuator Games
2916,ElMaHeGames
2917,Elastic Sea
2918,Elasto Mania Team
2919,Eldar Ben Shalom
2920,Elden Pixels
2921,Elder Games
2922,Eldstorm Games
2923,Ele Arts
2924,Electric Falcon LLC
2925,Electric Games
2926,Electrocosmos
2927,ElectronDust
2928,Electronic Arts - Tiburon
2929,Elektri Inc.
2930,"Element Games, LLC"
2931,Element Studio
2932,Element Studios
2933,Elendely
2934,Elendow
2935,Eleon Game Studios
2936,Elephant
2937,Elephant Games
2938,Eleven Puzzles
2939,Elf
2940,Elf Games
2941,Elhaitham Ashmawy
2942,Eli Rainsberry
2943,Elias Steurer (Kelteseth) Tachiom
2944,Elion Games
2945,Elite Lords Studios
2946,Elixir Games
2947,Elizabeth Han
2948,Elizar Skakun
2949,Ellinia games
2950,Elliot Herriman
2951,Elliott Strait
2952,Elliotte Lee
2953,Ellipse Studios
2954,Ellpeck Games
2955,Elmo Mustonen
2956,EloThere
2957,Elphie
2958,Elseware Experience
2959,Elston Studios
2960,Elusor Games
2961,ElvGames
2962,EmCannon
2963,Emanuel N.M
2964,Ember Eye Studio
2965,Ember Lab
2966,Emberfish Games
2967,Emberheart Games
2968,Embers
2969,Emberstone Interactive
2970,Emberwave Studios
2971,Emergence
2972,Emergence Studio
2973,Emergency Entrance Studios
2974,Emerick Gibson
2975,Emi Schaufeld
2976,Emil Ismaylov
2977,Emiliano y Juan
2978,Emilie COYO
2979,Emilios Manolidis
2980,Emily Grey & Eve Grey
2981,Emily Pitcher
2982,Emir Akyazi
2983,Emir Suleiman
2984,Emlise
2985,Emmanuel Perrillon
2986,Emotion Studio
2987,Empress
2988,Empty Die Studio
2989,Empty Teapot
2990,Empyrean
2991,Emre Tanirgan
2992,EnDrew
2993,Enaayah Software Development and Services Private Limited
2994,Enchant Games
2995,Encore
2996,Encrypt Games
2997,End of the Line Studios
2998,EndGameLoop Games
2999,Endava
3000,Endflame
3001,Endless Endeavor LLC
3002,Endless Games
3003,Endless Interactive
3004,Endless Loop Studios
3005,Endless Ritual Assembly
3006,Endless Shirafu
3007,Endless Suffering
3008,Endlessfluff Games
3009,Endnight Games Ltd
3010,Endorphin Studios
3011,Energy Milk
3012,Engine Software
3013,Engine Software BV
3014,Engineers of the Future Studios
3015,Enhance
3016,Enhydra Games
3017,Enigma Dragons LLC
3018,Enigma Entertainment
3019,EnigmaDev Studios
3020,Enigmatic Machines
3021,Enigmatic Network
3022,Enjoy Studio S.A.
3023,EnjoyPlay Corp.
3024,Enlit Games
3025,Enno  Games
3026,Enodo Games
3027,Enoki Games
3028,Enokippu
3029,Enoops
3030,Enrych Media Ltd.
3031,EnsenaSoft
3032,Enter the Game Studios
3033,Entergram
3034,Entertainment Forge
3035,Enthrean Guardian
3036,EntroPi Games
3037,Entropic Island
3038,Entry Studios
3039,EntwicklerX
3040,Eon Gate Innovations
3041,Eonia Studio
3042,Ephiam
3043,EpiXR Games UG
3044,Epic Banana Games LLC
3045,Epic Llama Games
3046,Epicenter Studios
3047,Epiphany Games
3048,"Epyx, Inc."
3049,Equilon
3050,Equitatus Studio
3051,Era of Combat Boxing Ltd.
3052,Erabit
3053,Eremite Games
3054,Eric Jasso
3055,Eric Juvi
3056,Eric Mack
3057,Eric Steinberg
3058,Eric Thullen
3059,Erica Li
3060,Eridanus Industries
3061,Erik Asmussen
3062,Erik Rempen
3063,Erkberg Games
3064,Erlend Kirkeboe
3065,Ernestine
3066,Erochin
3067,Eroducate
3068,Erotes Studio
3069,Errol Bucy
3070,Error 300
3071,Erupting Avocado
3072,Escapp Studio
3073,Escu:de
3074,Esenthel
3075,Essence Games
3076,Essencey
3077,Essential Tactics Games
3078,Esteban Jauregui
3079,Esteban Ugalde
3080,Estoty
3081,Esturia Games
3082,Etchu Island Shipyard
3083,Eternal Dream
3084,Eternal Echoes VR
3085,"Eternal Love Studios, LLC."
3086,Eternal Night Studios
3087,Eternal One Games
3088,Eternal Stardust Studios
3089,Eternal Technics
3090,Eternity Games
3091,Eternity Studios
3092,Ethan Schwabe
3093,Ethan Zimmerle
3094,Ethereal Entertainment Tmi
3095,Etherfield Studio
3096,Ethis CLAUSS
3097,Euclides Lopes
3098,Eugen Systems
3099,Eugene Nesterovych
3100,Eugene Zubko
3101,Eugor Evol
3102,Euphoria Games
3103,Euphoric Bros
3104,Euphoric Brothers
3105,European Flameworms
3106,Eurus Game Studio
3107,Eutechnyx
3108,Eutiquiano
3109,"Evan ""Solidplasma"" Peiperl"
3110,Evan Hemsley
3111,Evan Szymanski
3112,Evenmore Games
3113,Event Horizon
3114,EverCats
3115,Evergreen Games
3116,Everlasting Fantasy
3117,Everplay Interactive
3118,Eversim
3119,Everwake Games
3120,Everyday Agents
3121,Evgeniy Sevostyanov
3122,Evidently Cube
3123,Evil Bunneh
3124,Evil Indie Games
3125,Evil Objective
3126,Evil Raptor
3127,Evil Turtle Productions
3128,Evil Twin Artworks
3129,EvilCharm Games
3130,EvilStar Studios
3131,Evilwind Studio
3132,Evols
3133,Ex-Erotia
3134,Exbleative
3135,Excellent Rectangle
3136,ExceptioNULL Games
3137,Exe Create Inc.
3138,Exhibyte
3139,Exit Plan Games
3140,Exodus Software
3141,Exokit Inc
3142,Expansive Worlds
3143,Expedition Games
3144,Experience Inc.
3145,Experiment 101
3146,Explorers Guild Games
3147,Explosive Squat Games
3148,Explosm
3149,Exponential Games Inc.
3150,Expression Games
3151,Exscape
3152,Extra Nice
3153,Eyaura
3154,EyeContact Games
3155,Eyeball2D
3156,Eyeguys
3157,Eyexapp Play
3158,Ezone PTY LTD
3159,F2House
3160,F4DE
3161,FALCO Software
3162,FAMICON
3163,FAMOUS PRODUCTION
3164,FAS3 Estudios S.L.
3165,FAZIC Games
3166,FC Maker
3167,FCgames15
3168,FDD Studio
3169,FEED
3170,FELISTELLA
3171,FELISTELLA Inc.
3172,FENTUS GAMES LLC
3173,FF Digital
3174,FFool Studio
3175,FHNBHJ
3176,FINGEREYES
3177,FIREBEAST
3178,FIRECHICK
3179,FIT REALITY
3180,FIVE-BN GAMES
3181,FJRD Interactive
3182,FK Digital
3183,FLARB LLC
3184,FLICK Comp GmbH
3185,FLO-server
3186,FLOW Development Team
3187,FLOWERFIELD Games
3188,FM Simple Games Studio
3189,FM Studio
3190,FMV Interactive
3191,FOCKA GAMES
3192,FOUR
3193,"FREE STYLE, Inc."
3194,FRENCH-BREAD
3195,FRIVER
3196,FRODOX
3197,FROGBERT
3198,FURYU Corporation
3199,FUTU Studio
3200,FVS Games
3201,FX Barcelona Games School
3202,FYQD-Studio
3203,FYRE Games
3204,Fabiana Cecin
3205,Fabiano Naspolini de Oliveira
3206,Fabio Ferrara
3207,FabioPDJ
3208,Fabiulous Games
3209,Fabled Game
3210,Fables of Laetus
3211,Fabraz
3212,FactKys Studios
3213,Factus Games
3214,Facundo Aviusso
3215,Fading Club
3216,Faenon
3217,Failbetter Games
3218,Fair Games Studio
3219,Fair Pixel LLC
3220,Fair Play Labs
3221,FairPlay Studios Co. Ltd
3222,Fairyship Games
3223,Fake Boss
3224,FakeFish
3225,Falco Software
3226,Falcon Development
3227,Falko Michael Kötter
3228,Fallen Flag Studio
3229,Fallen Leaf
3230,Fallen Penguin Studios
3231,Falling Squirrel
3232,False Vacuum Games
3233,Family Devs
3234,Famous Dogg Studios
3235,Fan-na
3236,Fanaticus XR
3237,Fancy + Punk
3238,Fancy Fish Games
3239,Fancy Games
3240,Fang's Lab
3241,Fangsoft
3242,Fantasia Studio
3243,Fantasize Games
3244,Fantasma Collective
3245,Fantastico Studio
3246,Fantasy Creations
3247,Fantasy Earth
3248,Fantasy Game
3249,Far From Home
3250,Far side of North Studio
3251,Far-Flung Games
3252,FarSight Studios
3253,Farbworks
3254,Farfelu
3255,Farkhutdinov M
3256,Farlight Games Industry
3257,"Farsight Studios, Inc."
3258,Fast Travel Games
3259,FastGame
3260,Fasu Studio
3261,Fat Gem
3262,Fat Pug Studio
3263,FatSheep Studio
3264,FatalCage
3265,Fatbot Games
3266,Fate Game Studio
3267,Fatih Karaatli
3268,Fatshark
3269,Faucet Software
3270,Favorite
3271,Fawncy Games
3272,Faws
3273,Faye Strawberry
3274,Fayju
3275,Fazerdoo
3276,Fear of Corn
3277,Fearjoy Games
3278,Feas
3279,Feather
3280,February scissors
3281,FeelThere
3282,Feenicks
3283,Feenx Games
3284,Fehorama Filmes
3285,FeiWu Studio
3286,Fein Games
3287,Felio Stung ROG
3288,Felipe Cartin
3289,Felipe Maia
3290,Felipe Mauricio
3291,Felipe Rodrigues
3292,Felix Laukel
3293,Fenous
3294,Feperd Games
3295,Feral Cat Den
3296,Feral Interactive
3297,Feral Interactive (Mac)
3298,Feral World Entertainment
3299,FerfWorks
3300,Fernando Araujo
3301,Fernando Tittz
3302,Ferran Pla
3303,Festive Vector
3304,Fever Game Studios
3305,Feverdream Johnny
3306,Fewjix
3307,Fibrum Limited
3308,Fickle Sickle
3309,Fiction Factory Games
3310,Fictiorama Studios
3311,Fiddlyware
3312,FidgetBear Games
3313,Field Of Vision
3314,Field of View CE
3315,FieldODD
3316,Fiendish Fiction
3317,Fifth Column Games
3318,Fifth Edge Studios
3319,Fifth Vertex
3320,Figtree Digital
3321,Fika Productions
3322,Filament Games
3323,"Filip ""Arcy"" Białokozowicz"
3324,Filip Zemljak
3325,Filipe F. Thomaz
3326,Filmstorm
3327,Final Scene dev
3328,Final Screw
3329,FinalBoss Games
3330,Finger Squad
3331,Finifugal Games
3332,Finish Line Games
3333,Finite Reflection Studios
3334,Firaxis Games
3335,Fire Biscuit Games
3336,Fire Face Corporation
3337,Fire Falcom
3338,Fire Game Studios
3339,Fire Horse Studio
3340,Fire Hose Games
3341,Fire Plant Games
3342,Fire Sword Studios
3343,FirePillar2
3344,FireStone Studio
3345,FireTail
3346,Fireart Games
3347,Firebug Games
3348,Firedog Creative Company Limited
3349,Firefly Studios
3350,Fireline Games
3351,Fireplace Games
3352,Fireproof Games
3353,Firepunchd Games UG
3354,Firesprite Ltd
3355,Fireworks Garland
3356,First Bite Games
3357,First Games Interactive
3358,Fish Run Games
3359,FishSoft LLC
3360,FishTankStudio
3361,Fishagon LLC
3362,Fishing Cactus
3363,Five Finger Studios
3364,Five Mind Creations
3365,Five Percents
3366,FiveTwo Games
3367,Fivemid Studio
3368,FivexGames
3369,Flamebait Games
3370,Flaming Fowl Studios
3371,Flannel Bear Games
3372,Flashback Games
3373,Flashblack Games
3374,Flashbulb
3375,Flashpoint Studios
3376,Flat Head Studio
3377,Flat Hill Games
3378,Flat Tail Studios AB
3379,FlatPonies
3380,Flatcoon
3381,Flavourworks
3382,Flazm
3383,Fleon Games
3384,Flight School Studio
3385,Flightless
3386,Flightyfelon Games Inc.
3387,Flint Games
3388,Flip It
3389,Flipline Studios
3390,Flipstar
3391,Float Gaming Studio
3392,FlodLab
3393,Floppy Club
3394,Florian Himsl
3395,Florian Veltman
3396,Florian van Strien
3397,Flow Fire Games
3398,Flow Studio
3399,Flox Studios
3400,Fluffy Brain
3401,Fluffy Lotus
3402,Flugames
3403,Fluppisoft GmbH
3404,Flute Games
3405,FlutterBeam
3406,Flux Games
3407,Flux-Soul
3408,Fluxscopic Ltd.
3409,Fly & Wing Studio
3410,Fly Dream Dev
3411,Fly Penguin inc.
3412,Fly Studio
3413,FlyAnvil
3414,FlyAway Studios
3415,FlyinDogs
3416,Flying Beast Labs
3417,Flying Islands Team
3418,Flying Oak Games
3419,Flying Panjandrum / ふらいんぐパンジャンドラム
3420,Flying Robot Studios
3421,Flying Squirrel Entertainment
3422,Flying Star Games
3423,Flying Wild Hog
3424,Flynn's Arcade
3425,Flyover Games
3426,Flyover Zone
3427,FoamPunch
3428,Focusd IO
3429,Follow the Feathers
3430,Follow the fun
3431,Fono Labs
3432,Fontainebleau
3433,FooNnProject
3434,Foolish Mortals Games
3435,For7s
3436,Forbidden Folds
3437,Forbidden Knowledge
3438,Forbidden Pleasure
3439,Forced March Games
3440,Forceight
3441,"Fordays Co., Ltd."
3442,ForeShine
3443,ForeVR Games Inc
3444,Forest Games
3445,Forestlight Games
3446,Forever Entertainment S. A.
3447,Forgotten
3448,Forgotten Empires
3449,Format lib: /s
3450,Fortcullis Games
3451,Fortuna Imperatore
3452,Forust
3453,FossettGaming
3454,Fossil Games
3455,Foulball Hangover
3456,Four Circle Interactive
3457,Four Eyes Productions
3458,Four Fats
3459,Four Pixels Games
3460,Four Quarters
3461,Fourexo Entertainment
3462,Fourfold Games
3463,Fourth State
3464,Fowl Machinations
3465,FoxSox Games
3466,Foxy Boxy Games
3467,Foxy Voxel
3468,Fraccas
3469,Fractal Blue Entertainment
3470,Fractal Fall
3471,Fractal Interactive
3472,Fractal Phase
3473,Fractal Projects
3474,Frag Games
3475,Fragaria
3476,Framebar Studio
3477,Frameblade
3478,Francesco Cabbai
3479,Francesco D'Auria
3480,Francis Vace
3481,Francolins studio
3482,Franek
3483,Frank DiCola
3484,Frank Gallinsky
3485,Frankenstein Studio
3486,Frankly Dog
3487,FreakZone Games
3488,Freaking Games
3489,Freaks United
3490,Fred Wood
3491,Freddy Lu
3492,Frederick Marecos
3493,Frederik Holst
3494,Frederik List
3495,Fredrik Hernqvist
3496,Fredrik Öberg
3497,Free Goos Games
3498,Free Lives
3499,Free Range Games
3500,FreeAnimals_Software
3501,FreeMenFreeTime
3502,FreeMind S.A.
3503,FreeTimeDevelopment
3504,Freebird Games
3505,Freeline Games GmbH
3506,Freemergency
3507,Freethrow
3508,FreezeNova
3509,FreezyCat
3510,FreshMountainStudios
3511,Frictional Games
3512,Friday Night
3513,Fridus
3514,Fried Octopus
3515,Friedemann
3516,Friend & Fairy
3517,Friendly Fire Software
3518,Friendly Fox
3519,"Friendly Pixel, Inc."
3520,Frima Studio
3521,Fring Frang Games
3522,Frinky
3523,Frix
3524,Froach Club
3525,Frog Vibes
3526,Frogames SL
3527,Frogsong Studios
3528,Frogteam Games
3529,Frogwares
3530,From Scratch Studios
3531,FromLefcourt
3532,"FromSoftware, Inc."
3533,Frompy Games
3534,Front Room Arcade
3535,Frontier Aja
3536,Frontier Developments
3537,Frontier Works
3538,Frontline: Games Series
3539,Frontwing
3540,"Frontwire Studios, LLC"
3541,Frosted Fears Game Studios
3542,Frosted Wings Studio
3543,Frostfall Realms Studios
3544,Frostpetal Studio
3545,Frostwood Interactive
3546,Frosty Pop
3547,Frozen Line
3548,Frozen Pixel
3549,Frozen Way
3550,Frozenbyte
3551,Fruits of Yggdrasil Studio
3552,Frutgames
3553,Frycandle
3554,Fuchs+Dachs
3555,FujiCubeSoft
3556,Full Orbit Games LLC
3557,Full Trek Media
3558,Fullbeans Studio
3559,Fullmetal Developer
3560,Fully Involved Game Studios
3561,Fulqrum Games
3562,Fuming Fun Studios
3563,Fun Flavor Games
3564,Fun Square Games
3565,"Fun2 Studio CO., LTD."
3566,FunStone
3567,FunYoo Games
3568,FunZone Games
3569,Funcraft Games
3570,Funkmasonry Industries
3571,Funktronic Labs
3572,Funkuisu
3573,Funky Can Creative
3574,Funky Dango
3575,Funkyzeit Games
3576,Funny Games
3577,Funny Twins
3578,Funny game studio
3579,Funomena
3580,Funselektor Labs Inc.
3581,Funspot Games
3582,Funtomata
3583,Funture Games
3584,FurGoldGames
3585,Furious Dogs
3586,Fursin
3587,Fury Studios
3588,Fuse.fun
3589,Fusion Digital
3590,Fusion Studios
3591,FuturLab
3592,Future Immersive
3593,Future Minimalism
3594,FutureVisionsGames
3595,Futurtech
3596,Fuz Games
3597,Fuzion Labs LLC
3598,Fuzz Force
3599,Fuzzy Ghost
3600,Fuzzy Pixel Game Studio
3601,Fuzzy Sock Studios
3602,Fuzzy Wuzzy Games Inc.
3603,Fábio Fontes
3604,Félicien Brochu
3605,FİGEN SU YILMAZ
3606,G CHOICE
3607,G-Blood
3608,G-Lab
3609,G-MODE
3610,G-mode
3611,G. A. Williams
3612,G.rev Ltd.
3613,G1 Playground
3614,G5game
3615,G8Bird
3616,GAGA
3617,"GAGEX Co., Ltd."
3618,GAME FREAK inc.
3619,GAME Games
3620,GAME JUICE STUDIOS
3621,GAME PRESSURE STUDIO LTD
3622,GAMEPULSE 游戏脉冲
3623,GATO STUDIO
3624,GB
3625,GB Patch Games
3626,GC Game Studios
3627,GC Studio
3628,GCN
3629,GDFET
3630,GF Game Studio
3631,GFI
3632,"GFJ Studios, LLC"
3633,GFX47
3634,GG Undroid Games
3635,GGaming
3636,GHBE Studios
3637,GHF GAME
3638,GHXYK2
3639,"GIBBING TREE, LLC"
3640,GIFT TEN INDUSTRY K.K.
3641,GIGA
3642,GIRLSOUL
3643,GKD GAME
3644,GLOAM
3645,GLOBAL DODO ENTERTAINMENT
3646,GMO Free Games
3647,GOATi Entertainment
3648,GOCORE
3649,GOINDOL
3650,GOOD BOYS
3651,GOOSTRONAUT GAMES
3652,GPC
3653,GRASSHOPPER MANUFACTURE INC.
3654,GRüN STUDIO
3655,GTGD
3656,GUNTER GAMES
3657,GVR Training Computer Software
3658,GY Games
3659,GZ Storm
3660,Gabe Zimbler
3661,Gabor Dandar
3662,Gabor Schulze
3663,Gabriel Aldridge
3664,Gabriel Jacintho Bertasso
3665,Gabriel Lopez
3666,Gabriel Machado
3667,Gabriel Maki
3668,Gabriel Noronha
3669,Gabriel SOUSSI
3670,Gabrielė Ušeckaitė
3671,Gabro Media
3672,Gachi Master
3673,Gaco Games
3674,Gaddy Games
3675,Gadget Gaming
3676,Gadir Team
3677,Gael Luguern
3678,Gafafres Studio
3679,Gagonfe
3680,Gal Mamalya
3681,Gala Lab Corp
3682,Galart
3683,Galaxy Grove
3684,Galaxy Pest Control
3685,GalaxyTrail
3686,Galdra Studios
3687,Galen Drew
3688,Galen Games
3689,Galina Kovaleva
3690,Gallistrix
3691,Gallium Games
3692,Gallivanting Rhino Studio
3693,Galloping Ghost Productions
3694,GalopsaTM
3695,Galvanic Games
3696,Gamagora ICOM
3697,Gamajun
3698,Gamatron AB
3699,Gambit Games Studio
3700,Gambrinous
3701,Game Breaker Studios
3702,Game Brewery
3703,Game Changers
3704,Game Controll Studio
3705,Game Creator's School
3706,Game Dynasty
3707,Game Grumps
3708,Game Logic Studio
3709,Game Master Studios LLC
3710,Game Mixer
3711,Game On Production
3712,Game Parts
3713,Game Pill Inc.
3714,Game Plant Entertainment Inc.
3715,Game Refuge
3716,Game River
3717,Game Sage Productions
3718,Game Smithing Limited
3719,Game Source Studio
3720,Game Star
3721,Game Studio 148
3722,Game for games
3723,Game in Society
3724,Game in a Bottle
3725,Game-Labs
3726,GameAtomic
3727,GameBoom VR
3728,GameBrew Studio
3729,GameChanger Studio
3730,GameCrafterTeam
3731,GameDevDave
3732,GameDevMoot
3733,GameFirst
3734,GameFlare.com
3735,GameFlow Studios
3736,GameFormatic S.A.
3737,GameGate
3738,GameHouse
3739,GameHunters
3740,GameIn
3741,GameLand
3742,GameLoop Inc.
3743,GameMixer
3744,GameNobility 遊戲貴族
3745,GameOn Production
3746,GamePlanet
3747,GameRealmMadness
3748,GameStudio Inc.
3749,GameToTop
3750,"GameTomo Co., Ltd."
3751,GameTomo Team
3752,GameTrail Studio
3753,GameTrek
3754,Gamechuck
3755,Gameclaw Studio
3756,Gamecom Team
3757,Gamecraft Studios
3758,Gamedeus
3759,Gamedevs for Bernie
3760,Gamedust
3761,Gamefjord
3762,Gameloft
3763,Gamenastica Studios
3764,Gamepals Studios
3765,Gamera Interactive
3766,Games 4Experience
3767,Games Dot Value
3768,Games For Pleasure
3769,Games From Earth
3770,Games Incubator
3771,Games People Play
3772,Games Revolted
3773,Games by Malcs
3774,Games with Geebs
3775,Gamesage
3776,Gamesandapps
3777,Gamesforfarm
3778,Gamesforgames
3779,Gametoria
3780,Gamex Studio
3781,Gamexel Studio
3782,Gaming 301
3783,Gaming Minds
3784,Gaming Minds Studios
3785,Gaming-Apps.com
3786,GamingPugsStudios
3787,Gamious
3788,Gamitronics
3789,Gamix Studios
3790,Gamma Minus
3791,Gammera Nest
3792,Gample
3793,Gamtropy
3794,GangoGames LLC
3795,Ganitani
3796,Gaopeng Chen
3797,GapTax
3798,Garage Heathen
3799,Garage51
3800,Gard Interactive
3801,Garden of Dreams
3802,Garibaldi Games
3803,Garoa Studios
3804,Garrison Gate Games
3805,Gas Lantern Games
3806,Gas1312
3807,Gasket Games
3808,Gaterooze
3809,Gateway
3810,Gathering Tree
3811,Gato Alebrije
3812,Gatolab
3813,Gavin Dewitt
3814,Gavin Looker
3815,Gavra Games
3816,Gaziter
3817,Gaël Bourhis
3818,Gbanga (Millform)
3819,GeSEI unkan (ゲ製うんかん)
3820,Gear Worx Productions
3821,Gearbox Software
3822,Gearfall Studios
3823,Gearshift Media
3824,Gecco Studio Games
3825,GeekPit
3826,GeekPit Studio
3827,Geekspree
3828,Geeky House
3829,Geeky Panda Studios
3830,Gehoo media
3831,Geiship
3832,Geleos
3833,Gem Bear Games
3834,Gemcutter Games
3835,Gemdrop Games
3836,"Gemdrops, Inc."
3837,Gemini Stars Games
3838,Gen90Software
3839,GenemesicX
3840,Genene Game
3841,General Arcade
3842,General Interactive Co.
3843,GentFish
3844,Gentle Giant
3845,GentleRaven Games
3846,Gentlymad Studios
3847,Genuine
3848,Genunie Studio
3849,Genzai Studio
3850,GeoTECH
3851,Geocentrism Theory
3852,Geod Studio
3853,Geoff 'Zag' Keene
3854,Geoff Keighley
3855,Geography of Robots
3856,Geometa
3857,Geometric Interactive
3858,George Alexandros
3859,George Eracleous
3860,Gerica Pulerà
3861,German Bandera
3862,GermapurApps
3863,Gestalt Development Studio
3864,Gestmorph Games
3865,Get Up Games
3866,Get(Color) Games
3867,Geukte
3868,GexagonVR
3869,Gg
3870,Ghost Cat Games
3871,Ghost Dog Films
3872,Ghost Games
3873,Ghost Goats Games
3874,Ghost Ship Games
3875,Ghost Time Games
3876,Ghost Town Games
3877,Ghost Track Inc
3878,Ghostpie Studio
3879,Gia Bokhua
3880,Giacomo Autili
3881,Giancarlo Gioielli
3882,Giant Door
3883,Giant Enemy Crab
3884,Giant Evil Robot
3885,Giant Flame
3886,Giant Head
3887,Giant Monkey Robot
3888,Giant Scam Industries
3889,Giant Sparrow
3890,Giant Squid
3891,Giants Software
3892,Gibier Games
3893,GidAzGames
3894,Gideon Lazarus
3895,Giga Grunts
3896,Gigabit Games
3897,Gigantic Duck Games
3898,Gillar Limited
3899,Gilligames
3900,Gilp Studio
3901,GimmeBreak
3902,Gingerbred
3903,GingersoftGames
3904,Ginkgo
3905,Giorgi Abelashvili
3906,Giovanni Elgert
3907,GirlGames
3908,Gius Caminiti
3909,Giuseppe Bonanno
3910,Gizmo VR LTD
3911,Glaseeze
3912,Glass Bottom Games
3913,Glass Frog Games
3914,Glass Heart Games
3915,Glass Kettle Games
3916,Glass Revolver
3917,Glasscannon Studio
3918,GlassesCatGames
3919,Glaucus Games
3920,Gleamer Studio
3921,Glee-Cheese Studio
3922,Gleetch
3923,Glen Games
3924,Glenn Verheij
3925,Glim Games
3926,Glimmer Studio
3927,Glimmerware
3928,Glitch Factory
3929,Glitch Games
3930,Glitch Pitch
3931,Glitch Studios
3932,Glitchheart
3933,Glitchr Studio
3934,Gloac
3935,Gloac Games
3936,Glob Games Studio
3937,Globiss Interactive
3938,Glorified Studios
3939,Glovebox Games LLC
3940,Glowfish Interactive
3941,Glowlight
3942,Glowstick Entertainment
3943,Glumberland
3944,Gluten Free Games
3945,Gnarvana Studios
3946,Gnelf
3947,GniFrix
3948,Gniller
3949,Go Play Games Ltd
3950,Go4 Entertainment
3951,Goadstool
3952,GoatApe
3953,Goblin Council
3954,Goblin Rage
3955,Goblinz
3956,Goblinz Studio
3957,Godmode Interactive
3958,GoeX GameS
3959,GoeX Games
3960,Goiaba Megas Xellox
3961,Gold From Straw Games
3962,Gold Turtle Games
3963,GoldKnights
3964,Goldarait
3965,Golddorf Spieleentwicklung
3966,"Golden Dog Interactive, SAS"
3967,Golden Sand Games
3968,GoldenGod Games
3969,Goldhawk Interactive
3970,GolemLabs
3971,Golgedar
3972,Goliath Games
3973,Goloso Games
3974,GoniNmimi Games
3975,Good Free Games to Play
3976,Good Gate Media
3977,Good Luck Games
3978,Good Morning Games
3979,GoodMorningMrFrog
3980,GoodOldMan Studio
3981,GoodbyeWorld Games
3982,Goodgame Studios
3983,Goodvole
3984,Goody Gameworks
3985,Goody Pundit
3986,Google Arts & Culture
3987,Goose Minded
3988,Gordon Little
3989,Gorestation
3990,Goricina Productions
3991,Gorka Games Studios
3992,Gorkem Kutlu
3993,Gossamer Games
3994,GosunSoft
3995,Gotcha Gotcha Games
3996,Gotta Go Studios
3997,Grab Games
3998,Grabba Guild Games LLC
3999,Grace Bruxner
4000,Graceful Decay
4001,Graceless Games
4002,Gradient Studios
4003,Graeme Scott
4004,Grainrain Studio
4005,Gral
4006,Grand Engineer Corps
4007,Grandma Studios
4008,Granzella Inc.
4009,Graphium Studio
4010,Gratesca
4011,Graverobber Foundation
4012,Graviteam
4013,Gray Boss
4014,Gray Mantis
4015,Gray Unit
4016,Grayfax Software
4017,Grease Monkey Games
4018,Great Gretuski Studios
4019,GreatherGames
4020,Greedy Wolf Studio
4021,Green Cube Games
4022,Green Grass Games
4023,Green Lava Studios
4024,Green Pepperoni Software LLC
4025,Green Pitch Gaming
4026,Green Sauce Games
4027,Green Tile Digital
4028,GreenGuy
4029,Greencode
4030,Greener Games
4031,Greenolor Studio
4032,Greensky Games
4033,Greewook Studio
4034,Greg Lobanov
4035,Greg Muhlbock
4036,Gregory Adam Scott
4037,Gregory Nikolaidis
4038,Gregory Oliveira
4039,Gremlin Interactive
4040,Grenaa Games
4041,Grey Alien Games
4042,Grey Wolf Entertainment
4043,Greylock Studio
4044,GridSky Studios
4045,Gridpop
4046,Grim Dark Dev
4047,GrimTalin
4048,Grimbart Tales
4049,Grimlore Games
4050,Grimorio of Games
4051,Grinning Games
4052,Gritstone Games
4053,GrizzlyGames
4054,GrosChevaux
4055,Ground Control Studios
4056,Ground Shatter
4057,Grounding Inc.
4058,Growfall Games
4059,Growing Seeds
4060,Gruby Entertainment
4061,Grump Dog Games
4062,Grumpy Crumpet
4063,Grzegorz Korycki
4064,GsK
4065,Gsb Studios
4066,GuGuh
4067,Gua
4068,GuangZhou Hezhi Co.ltd
4069,Guanpeng Chen
4070,Guara Digital
4071,Guara Studios
4072,Guard Crush
4073,Guarunaut
4074,Guerilla Media
4075,GuessworkVR
4076,Gugames
4077,Gugila
4078,Guild Studio
4079,Guilda Entertainment
4080,Guilherme Giacomini
4081,Guilherme Martins
4082,Guiliam Games
4083,Guillermo Flores Morales (Ris Δos)
4084,Guilty Pleasure Games
4085,GuiltyEva
4086,Guimaraf Studio
4087,"Guin Entertainment, LLC"
4088,Guinxu
4089,Gummy Cat
4090,Gun Hit Wonders
4091,Gundes
4092,Gundorado
4093,Gunfire Games
4094,Gunfire Reborn Studio
4095,Gunfish Games
4096,Gungrounds (Macanga Games j.d.o.o.)
4097,Gungus
4098,GuraShop
4099,GuruGuru
4100,Gus Jewell
4101,Gusarapo Games
4102,GustaIlustra
4103,Gustav
4104,Guts United
4105,Gutter Arcade
4106,Gwydion LLyr Meredydd
4107,Gwyn Games
4108,GyroX
4109,Géraud Zucchini
4110,Göktuğ Ülvan
4111,H-Production
4112,H.T.Project Games
4113,H5DEV Games
4114,HA Studio Ltd.
4115,HAIBOKU Workshop
4116,HARUMURASAKI
4117,HAZAR DEMİROK
4118,HBunny
4119,HCGstudio
4120,HEAD GMZ
4121,HEAT REBORN DEV TEAM
4122,HEDE Game Engine
4123,HEG Games
4124,HEJIU
4125,HEXADRIVE Inc.
4126,HEY
4127,HFM Games
4128,HFire
4129,HIJIKI
4130,HIROKO IMAKI
4131,HIlous
4132,HMoon Publishing
4133,HON Team
4134,HONEYSOFT
4135,HOT CODE COMPANY
4136,HQ Games
4137,HR Innoways
4138,HULOTTE
4139,"HYDE, Inc."
4140,HYDRAGON
4141,HYOGO ONIMUSHI
4142,HYPER GATE
4143,Habupain
4144,Hack Dack Soft
4145,Hack The Publisher
4146,HackjobGames
4147,Haemimont Games
4148,Haguy Eis
4149,Haiku Games Co
4150,Haim Schnitzer
4151,Hajime Doujin Circle
4152,Hakan Martin
4153,Halberd Studios
4154,Halcyon Winds
4155,Half Asleep
4156,Half Human Games
4157,Half Lambda
4158,Half Mermaid
4159,Half Past Yellow
4160,Halfbrick Studios Pty Ltd
4161,Hamish Dunn
4162,Hamma Studios
4163,Hammer & Ravens
4164,HammerFire Interactive
4165,Hamsters Gaming
4166,"Hamumu Games, Inc."
4167,Han Zhiyu
4168,Hana Lee
4169,Hanako Games
4170,HanbitSoft Inc.
4171,Handelabra Games Inc.
4172,Handle Chaos
4173,Hangar 13
4174,Hanging Gardens Interactive
4175,Hangover Cat Purrroduction
4176,"Hangzhou Yongman Network Technology Co., Ltd."
4177,Hanna Hanna Games
4178,Hannah Marquardt
4179,Hanoi Studios
4180,Hanuli
4181,HaoHao Games
4182,Haojoy Game
4183,Hapatus Ltd
4184,Haphazard Studios
4185,Hapiosha
4186,Hapiwaku
4187,Happenstance Games
4188,Happinet
4189,Happy Broccoli Games
4190,Happy Daram Inc.
4191,Happy Frog Games
4192,Happy Juice Games
4193,Happy Ray Games
4194,Happy Shabby Games
4195,Happy Snake
4196,Happy Volcano
4197,HappyGames
4198,HappyGiant
4199,HappyTall Game
4200,Happymeal Inc.
4201,HardBoiled Studios
4202,Hardcoffee Game Studio
4203,HarderGaming
4204,Hardsuit Labs
4205,Hardwin Bui
4206,Hardworker Studio
4207,Hardy Games
4208,Harley Game Studios
4209,Harmonie Games
4210,Harmony Monroe
4211,Harpoon Games
4212,Harrison Lemke
4213,Harrison Truman
4214,Haruneko Entertainment
4215,HasamiMochi
4216,Hasoyua
4217,Hastily Assembled
4218,Hat Games
4219,Hatchlight
4220,Hatfuls Games
4221,Hatus Quemuel
4222,Have A Byte
4223,Haven Media
4224,HawkSandwich
4225,Hawkshaw Studios
4226,Haydee Interactive
4227,Hayden
4228,Hayden Nuyens
4229,"Haypi Co., Ltd."
4230,Hazelight Studios
4231,HazmatWithAHat
4232,HeX
4233,Head Bear Games
4234,Head West
4235,Headbang Club
4236,Headbang Studio
4237,Headcannon
4238,Headquarter S.L.
4239,Headup
4240,Headware Games
4241,Headway Games
4242,Heallios Studio
4243,Heart Art Games
4244,Heart Core
4245,Heart Machine
4246,Heart Shaped Games LLC
4247,Heart's Choice
4248,"Heart-7 Culture Communication (Shanghai) Co., Ltd"
4249,Heart-Line
4250,HeartBeat Plus
4251,HeartCoreDev
4252,Heartbit Interactive
4253,Heartbyte Studios
4254,Heartfun
4255,Heartskip Games
4256,Hearty Soup Studio
4257,Heatwave Studios
4258,Heaven Studios
4259,Heaviside Creations
4260,Heavy Sheep
4261,Hebi Lee
4262,Hechelion
4263,Heck
4264,Hede
4265,Hedgefield
4266,HedronDog
4267,Heideland GameWorks
4268,HeidenGames
4269,Heimo Game Studio
4270,Hejled Studio
4271,Hekate
4272,Helayna Strohfeldt
4273,Helicopter Simulator
4274,Heliocentric Studios
4275,Heliodor
4276,Helios Production
4277,Helios Studio
4278,Heliosphere Software
4279,Heliovisions Productions
4280,Helium9 Games
4281,Hell Studio
4282,Hellhound Studios
4283,Hellicopr
4284,Hellion Studios
4285,Hello Games
4286,Hello John
4287,Hello Penguin Team LLC
4288,Hello Quest
4289,Hellshake Yano
4290,Helraiser
4291,Henagames
4292,Henchman & Goon
4293,Henning Info
4294,Henrique Faitta Chitolina
4295,Henry Hoare
4296,Henry McGehee
4297,Henry Turbedsky
4298,Henry's House
4299,HentyUI
4300,Hera Games
4301,HereSphere LLC
4302,Hermanos Magia
4303,Hermit Games
4304,Hermit Mode
4305,Hernan Perez
4306,Hernán Marandino
4307,Hero Game Co LLC
4308,Hero Games
4309,Hero Studio
4310,HeroCraft PC
4311,Herobeat Studios
4312,Heroic Fantasy Games Dot Com
4313,Hesperides Games
4314,HexWar Games
4315,Hexdraw
4316,Hexpion
4317,Hexproof Yag
4318,Hexware Studio
4319,HeyNau
4320,Heydeck Games
4321,Heypid
4322,Hi-Quality Jerzy Calinski
4323,Hibernian Workshop
4324,Hidari Migiko / 左右子
4325,Hidden Fields
4326,Hidden Layer Games
4327,Hidden Ocean Games
4328,Hidden Realms
4329,Hidden Stag Games
4330,Hidden Tower Studios
4331,Hidden Track
4332,Hide Head
4333,HideChara
4334,Hideout Games
4335,Hiding Spot
4336,Higgs Games GmbH
4337,High Brazil Studio
4338,High Level
4339,High Moon Studios
4340,High Tea Frog
4341,High and Wide
4342,Highball Games
4343,Highlander Interactive
4344,Highlendid
4345,Highrise Software
4346,Highwire Games
4347,Hijong Park
4348,Hikikomori Studios
4349,Hikitory Vens
4350,Hilarious Games
4351,Hillcrest Games Inc.
4352,Hipfire Games
4353,Hippo Rider Games
4354,Hippocampus制作组
4355,Hit'n'Run Digital Studio
4356,"Hit-Point Co., Ltd."
4357,HitGrab
4358,HitP Studio
4359,Hitbear Studio
4360,Hitcents
4361,Hitscan Games
4362,Hituzigumo
4363,HiveSpark LLC
4364,Hobo Cat Games
4365,Hobofeller
4366,HocWar
4367,Hogo Company
4368,Hoki Wolf Studio
4369,Hollis Sanders
4370,Hollow Art Studios
4371,Hollow Ponds
4372,HolmCom
4373,Holotech Studios Inc.
4374,Holotna
4375,Holy Cow Productions
4376,Holy Wow Studios LLC
4377,Home Fire Games
4378,Home Net Games
4379,Home Point Games
4380,Homebased
4381,Homecoming Studio
4382,Homeostase
4383,Homesick Games
4384,Hometopia Inc.
4385,Homo Ludens
4386,Hondune Games
4387,Honestly Games
4388,Honeyslug
4389,HongShou Studio
4390,Hongke Luo
4391,Honig Studios
4392,Honor Games
4393,Honorable Pixel
4394,Hoochoo Game Studios
4395,Hoodust Enterprises
4396,Hook Games
4397,Hookaria Games
4398,Hooksoft
4399,Hoopoe Games LTD
4400,Hooting Banana Studios
4401,Hope Drinkers
4402,HopefulToad
4403,Hopoo Games
4404,Hopsbrook Studios
4405,Horgee Games
4406,"Horizon Hobby, LLC"
4407,Horizon Lab LLP
4408,"Horizon's End, Inc."
4409,HornetStudio
4410,Horrible Guild
4411,Horrific Incorporation
4412,Horror Shop
4413,HorrorTheory
4414,HorseGames
4415,Hosted Games
4416,Hot Chili Games
4417,Hot Chill
4418,Hotta Studio
4419,Houari Mohamed Amine
4420,Hound Games
4421,Houndstooth Games
4422,House House
4423,House of Delaroux
4424,House of Pandas
4425,Housemade Inc.
4426,Housemarque
4427,Hovgaard Games
4428,HuanMos Game
4429,Huang Dun
4430,Huanlin Games
4431,Hubert Cecotti
4432,Hubert cachat
4433,Hubol
4434,Hues Games
4435,Huge
4436,HugePixel
4437,Hugecalf Studios
4438,HugoBDesigner
4439,Human Interact
4440,Humble Grove
4441,Humble Mill
4442,Humble North
4443,Hummus Studios
4444,Hungry Couch Games
4445,Hunny Bunny Studio
4446,Huntah
4447,Hunted Media
4448,HuntingSwan
4449,Huochairen Interactive Entertainment
4450,Huracan Studio
4451,HurakanWorks
4452,Hutlihut Games
4453,Huu Games
4454,Huw Millward
4455,Hyakuren Soft
4456,Hybriona Technologies LLP
4457,Hymoori
4458,HypeTrain Digital
4459,Hyper Games
4460,Hyper Three Studio
4461,Hyperion Studio Limited
4462,Hyperquad Studio
4463,Hyperstrange
4464,Hypnohead
4465,Hypnos Games
4466,Hypnotic Ants
4467,Höganäs Spel
4468,Hörberg Productions
4469,I Motion
4470,I'm moralist
4471,IAN Games
4472,IBOL
4473,IC Games
4474,ID61
4475,IDEA FACTORY
4476,IGNITION M
4477,IGNOST
4478,IKA Games
4479,IKINAGAMES
4480,IKO
4481,IL PALA
4482,IL YA
4483,"ILCA, Inc."
4484,ILCOIN Development team
4485,ILIKESCIFI Games
4486,ILLUSION
4487,ILXAM
4488,IMBA Games
4489,IMPOSSIBLE INC
4490,IMaiIna_
4491,INA
4492,INAZUMA GAMES
4493,INCUR
4494,INDICAVA INTERACTIVE
4495,INDIECN
4496,INFINITE BRIDGE
4497,INFINITY BRIDGE
4498,"INFINITY Co., Ltd."
4499,INNERENCE
4500,INSIDE SYSTEM
4501,INTENSE
4502,INTERIOR/NIGHT
4503,INTERMARUM
4504,"INTI CREATES CO., LTD."
4505,IO Interactive A/S
4506,IOIG Games
4507,ION LANDS
4508,IPACS
4509,IPC Technology（UK）
4510,IQ Soup
4511,ISVR
4512,ISVR北京互联星梦科技有限公司
4513,ISY
4514,IT Student
4515,IT-Fun
4516,ITC Studio
4517,ITD Collective
4518,ITEM42
4519,IZZLE
4520,Ian Fitzsimmons
4521,Ian MacLarty
4522,Ibe Denaux
4523,Ibis Games
4524,Ibis games
4525,Ibrahim sofan
4526,Icarus Interactive Entertainment
4527,Ice Arrow Games
4528,Ice Code Games
4529,Ice Lava Games
4530,Ice-Pick Lodge
4531,IceSitruuna
4532,Iceberg Interactive
4533,Icedrop Games
4534,Iceflake Studios
4535,Icehelm
4536,Icetesy
4537,Icy Mountain Studios
4538,Idan Rooze
4539,Idea Cabin
4540,Idea Cat
4541,Idea Factory
4542,Ideal Games
4543,"Idle System, Inc."
4544,IdunaSoft
4545,Iful GS
4546,Ige Olwen
4547,"Iggymob Co., Ltd"
4548,Igloosoft
4549,Ignacy Grabowski
4550,Ignatev Artem
4551,Ignatios Prouctions LLC
4552,Ignibit
4553,Igniting Spark Games
4554,Igolito Arts Studios
4555,Igor Frank
4556,Igor Migun
4557,Igor Sandman
4558,Igor Shalimov
4559,Igor Uduslivii
4560,Igrek Games
4561,IguanaBee
4562,Ilan Papini
4563,IllFonic
4564,IllSeeYou
4565,Illia Ustenko
4566,Illo Games
4567,Illogic Games
4568,Illunsoft
4569,Illus Seed Games
4570,Illusive Reflection
4571,Illwinter Game Design
4572,Ilogin Studio
4573,Ilya Oblomov
4574,Ilya Shepelev
4575,Ilya Tishchenko
4576,Ilya873
4577,ImCyan
4578,Image & Form Games
4579,Image Power S.A.
4580,Image Works
4581,Imaginary Friends Games LLP
4582,Imagination Rabbit
4583,Imagine Games
4584,Imakeda Games
4585,Imilkowski Dev
4586,Immersion
4587,Immersion Game
4588,Immersive VR Education
4589,Immortal Hand Studios
4590,Imperia Studios
4591,Imperian Online - Core
4592,Imperivm World
4593,Implausible Industries
4594,Improx Games
4595,Impulse Machine
4596,Inasa Fujio
4597,Incarna Studios
4598,"Inception Studios, LLC"
4599,Incineration Productions
4600,Incisor Studios
4601,Incoherent Software LLC
4602,"Incredible Two Studios, LLC"
4603,Incuvo
4604,Indefatigable
4605,Independent Arts Software GmbH
4606,Independent studio
4607,IndependentArt
4608,Indevelopment Productions
4609,Indie Marc
4610,Indie-Geek
4611,Indie/Anon Games
4612,IndieGala
4613,IndieGameMamaDev
4614,IndieMax
4615,Indiesruption
4616,Indigo
4617,Indigo Entertainment
4618,Indigo Studios - Interactive Stories
4619,IndigoBlue Game Studio
4620,IndigoWare
4621,Indoor Astronaut
4622,Industry Games
4623,Inertia Game Studios
4624,Inexplicable Games
4625,Infiland
4626,Infima Labs
4627,Infinigon Games
4628,Infinite Dreams
4629,Infinite Level
4630,Infinite Loop Games
4631,Infinite State Games
4632,Infinite Studio
4633,Infinite Worlds
4634,Infinitus Studios
4635,Infinity Studio
4636,Infinity Ward
4637,InfinityNan Studios
4638,Infogrames Europe SA
4639,Infosuccess3d
4640,Infuse Studio
4641,Initory Studio
4642,Ink
4643,Ink Stains Games
4644,InkDevStudios
4645,Inko
4646,Inlet Pipe Productions
4647,Innersloth
4648,InnerspaceVR
4649,Innervoid Interactive
4650,InnoGames
4651,Innocent Grey
4652,Innocent Soul
4653,Innomen Team
4654,Innominate Games
4655,Innominatum Digital
4656,Innoverse Ltd
4657,Innovina/StudioKiku
4658,Ino-Co Plus
4659,InsVolcStudio
4660,Insane Code
4661,Insane Dreamers
4662,InsaneHawk
4663,Insatiable Cycle
4664,Insert Disk 22
4665,Inside Studios
4666,Inside Universe
4667,Insidious Games
4668,Insightful Games
4669,Insomniac Games
4670,Inspire Game Studios
4671,Instal Entretenimento
4672,Instituto de Astrofísica
4673,Insular Games
4674,Integer games
4675,Intentionally Sad Products
4676,InterAction studios
4677,InterDan
4678,InterStudio
4679,Interabang Entertainment
4680,Interaction Ideas GmbH
4681,Interactive Fate
4682,Interactive Gaming Studios
4683,Intercept Games
4684,Inters Media
4685,Intersky Studios
4686,Intetic
4687,Intofeel Company
4688,Intrepid Marmot
4689,Introversion Software
4690,Inu to Neko
4691,Inverge Studios
4692,Inverse Game
4693,InvertMouse
4694,Invictus Games
4695,Invictus Games Ltd.
4696,Invisible Walls
4697,Invoke Games
4698,Inwave Labs
4699,Io Normal
4700,Ioaan Prepodobniy
4701,Ionborn Entertainment
4702,Ionized Games
4703,Ionized Studios
4704,Iori Branford
4705,Ireero
4706,Irinkutor
4707,Irisfield
4708,Irisloft
4709,IriySoft
4710,Iron Boar Labs Ltd.
4711,Iron Galaxy Studios
4712,Iron Gate AB
4713,Iron Lizard Games
4714,Iron Stag Games
4715,Iron Tower Studio
4716,Iron VR
4717,Iron Wolf Games
4718,Iron Wolf Studio S.A.
4719,IronZog
4720,Ironcode Gaming
4721,Ironhide Game Studio
4722,Ironward
4723,IronyDev
4724,Irreflex Studios
4725,Isa Hutchinson
4726,Isaac Andrews
4727,Isaac Lee
4728,Isaac MENARD
4729,Isaac Torres
4730,Isekai Entertainment
4731,Ishbull Studios
4732,Ishtar Games
4733,Iskra
4734,Island's Curse Entertainment
4735,Ismael Rodriguez
4736,Ismail Doner
4737,Isoca Games
4738,Isolated Games
4739,Istanbul Simulator
4740,Isto Inc.
4741,Istotex
4742,It Matters Games
4743,It Moves Studio
4744,It's Anecdotal
4745,It's happening
4746,Italian Party of Indie Developer
4747,Italian Party of Indie Developers
4748,Italic Pig
4749,Itera Laboratories
4750,Iteration 11
4751,Iteration Games
4752,Ithaqua Labs
4753,Ithiro Sumi
4754,IthonyGames
4755,ItimatuSeika
4756,Ivan Armandy
4757,Ivan Sukhanov
4758,Ivan Zanotti's MyMadnessWorks
4759,Ivanovich Games
4760,Ivories Studios
4761,Ivy Sly
4762,IvyCanopy
4763,Iván Marcelo Pretti
4764,Ixeria
4765,Izanabit
4766,IzanagiGames
4767,Izmir Games Collective
4768,"J Wonder Co., Ltd."
4769,J. L. Bravo
4770,J.Bowman
4771,J.S.Void
4772,J2YSOFT
4773,J6 Games
4774,JAB team
4775,JAMONG
4776,JCP Games Studio
4777,JDM4iK Games
4778,JFerreira
4779,JFi Games
4780,JFxGames
4781,JG Roos
4782,"JH Soft Co., Ltd."
4783,JIB Games
4784,JJJ
4785,JJS Games
4786,JKM corp
4787,JM Neto Game Dev
4788,JMAA Games
4789,JMN
4790,JOIS Games
4791,JOONSPICTURES
4792,JOTASOFT STUDIOS
4793,JOZGamer
4794,JPEG OF PAIN GAMES
4795,JPG_Games
4796,JSL Entertainment
4797,JSR-Productions
4798,JUKKAKU GAMES
4799,JUNGLE
4800,JW
4801,JXT
4802,Jabari Alii
4803,Jachun Digital
4804,Jack Astral
4805,Jack Goddard
4806,Jack Holt
4807,Jack Kelly
4808,Jack Lance
4809,Jack Schlesinger
4810,Jack Sweet
4811,Jack Twin
4812,"Jackbox Games, Inc."
4813,Jackerino
4814,JacksonG13
4815,Jackto Studios
4816,Jacob Allen
4817,Jacob Dzwinel
4818,Jacwab
4819,Jaemoon Choi
4820,Jagaimo Studios
4821,Jagex Ltd
4822,Jagit Games
4823,Jaibo Games
4824,Jailbreak Studio
4825,Jaja City
4826,Jake Donkersgoed
4827,Jake Rabinowitz
4828,Jaklub
4829,Jakob Delzer
4830,Jakub Klementewicz
4831,Jakub Kucera
4832,Jam2go
4833,James Bendon
4834,James Horn
4835,James K. Isaac
4836,James Madsen Digital Enterprises
4837,James Moulang
4838,James O
4839,James Patton
4840,James Sager III
4841,James Smart
4842,JamesGamesNZ
4843,Jamie D
4844,Jamie Mulvaney
4845,Jamie Nord
4846,Jaming Soo
4847,Jan Jileček
4848,Jan Malitschek
4849,Jan Place Jakobsen
4850,JanduSoft
4851,Jane Wilson
4852,Jani Rivinoja
4853,Janius Digital
4854,Jankenteam
4855,Janne
4856,Janner
4857,JapanFR
4858,JapanSSJ
4859,Japanime Digital
4860,Jasmine Osler
4861,JasminsSummer Project
4862,Jason Gertner
4863,Jason Oda
4864,Jason PK Games
4865,Jason Thomas
4866,Jasozz Games
4867,Jaspel
4868,Jaw Drop
4869,Jaxx Vane Studio
4870,JaysGames
4871,Jchoco
4872,Jean Groenewald
4873,Jean Onche
4874,Jean-Baptiste Lancelot
4875,Jean-marc Vanbalberghe
4876,Ject Entertainment
4877,Jeeratumrong Nakpracha
4878,Jeferson Belmiro
4879,Jeferson Dias
4880,Jeff Krause
4881,Jeff Sproul
4882,Jeff Weber
4883,Jeffrey Lu
4884,Jelle Booij
4885,Jelle van Doorne
4886,JellySnow Studio
4887,Jellyfish Parade
4888,Jeminie Interactive
4889,Jennifer Kindl
4890,Jens Roderus
4891,Jenya Kuzmenko
4892,Jeremy Couillard
4893,Jeremy Fischer
4894,Jerome Labelle
4895,Jerry Verhoeven
4896,Jesper Bergman
4897,Jesse Makkonen
4898,Jessien
4899,Jessy Lemieux
4900,Jet Stone Games
4901,Jetdogs Studios
4902,Jetpack Interactive
4903,Jetstrike Justice
4904,Jhoffis
4905,Jiabisu
4906,JiangHu Studio
4907,Jie En Lee
4908,Jieyi Na
4909,Jim
4910,Jim Bame
4911,Jim Makes Games
4912,Jimmy Arcade Limited
4913,Jinch
4914,Jingjing Shen
4915,Jingyi Li
4916,Jingyi Song
4917,Jingyi Zhang
4918,Jinny Lab Inc.
4919,Jint Game
4920,Jinthree Studio
4921,Jinwind
4922,Jipang2Games
4923,Jisoo Kim
4924,Jiv Jago
4925,Jiwoo Lee
4926,Jo-Mei Games
4927,Jo.Jo art
4928,JoLu Games
4929,JoPaSä
4930,JoaAM Productions
4931,Joakim Larsen
4932,Joarez C. Santini
4933,Job Talle
4934,Joccish
4935,Jochen Terstiege
4936,Joe Chisholm
4937,Joe Richardson
4938,Joel Carter
4939,Joel D.
4940,Joey Cook
4941,Joey Drew Studios
4942,Joey Sipos
4943,JofiSoft
4944,Johan Hjärpe
4945,Johan Scherft
4946,Johannes Gäbler
4947,John Bishop
4948,John Carline
4949,John L.
4950,John Rais
4951,John Scarpias
4952,John Szymanski
4953,John Wallace
4954,John Watson
4955,John's Project
4956,Johnny Dale Lonack
4957,Joi Max
4958,JoinGames
4959,Jok
4960,Jokondu
4961,Jolly Theory
4962,Jollypunch Games
4963,Jon Aegis
4964,Jon Lamont
4965,Jon Miller
4966,Jon Nielsen
4967,Jonas Autenrieth
4968,Jonas Oppliger
4969,Jonas Patrik
4970,Jonas Skjønnemann
4971,Jonas Tyroller
4972,Jonathan Brassaud
4973,Jonathan Calsolaro
4974,Jonathan Dana
4975,Jonathan K-Q
4976,Jonathan Lorenz
4977,Jonathan Rosato
4978,JoneH
4979,Jong Jiang Kwang
4980,Jonne Ojennus
4981,Jonpaul Gee - Engineer
4982,Jony Dev
4983,Joon
4984,Jordan B Cutler
4985,Jordan Freeman Group
4986,Jordan Magnuson
4987,Jordan Schuetz
4988,Jordan Zimmer - Executive Producer
4989,Jordi Roca
4990,Jordy Lakiere
4991,Jorge David Sánchez Rey
4992,JosPlays
4993,Josep Monzonis Hernandez
4994,Joseph Cook
4995,Joseph Distler
4996,Joseph Hewitt
4997,Joseph Murray
4998,Josh Finklestein
4999,Josh Hill
5000,Josh Larsen
5001,Josh Presseisen
5002,Joshua
5003,Joshua Bossie
5004,Joshua Cutting
5005,Joshua Keith
5006,Joshua Mariscal - Design Lead
5007,Joshua Nelson
5008,Joshua Rice
5009,Josie Brechner
5010,Josyan
5011,Joulion S.
5012,Journey Bound Games
5013,Joy Manufacturing Co.
5014,Joy Way
5015,JoyBits Ltd.
5016,JoyJog
5017,JoyMasher
5018,JoyMoe Interactive Entertainment Limited
5019,JoySpark Games
5020,Joycity
5021,Joymania Development
5022,Joynow Studio
5023,Joyride
5024,Jozsef Szotak
5025,JuTek Pixel
5026,Juan Collin
5027,Jubcow
5028,JubleLemonSeed
5029,Juggernaut Games
5030,Juggler Games
5031,Jujubee S.A.
5032,Jukio
5033,Jukka Mattila
5034,Julia Daxenbichler
5035,Julia Lee
5036,Julian Edison
5037,Julien Baumgartner
5038,Julián Palacios Gechtman
5039,Jumit
5040,Jump Over The Age
5041,Jumpship
5042,"Jundroo, LLC"
5043,June Studio
5044,Junla Games
5045,Junybox64
5046,Junyi Liu
5047,"Just Add Water (Developments), Ltd."
5048,Just Sauce Studio
5049,Just Two ltd.
5050,JustJeff
5051,JustTomcuk
5052,JustUsGameLab
5053,JustWallWireHead Games
5054,Justin Kroh
5055,Justin Vaz
5056,Justus Yew
5057,Jutsu Games
5058,Juvty Worlds
5059,Jérémy Entressangle
5060,K App.
5061,K Monkey
5062,K-Project
5063,K26 Games
5064,KADOKAWA
5065,KAGAMI Ⅱ WORKs
5066,KAI GRAPHICS INC.
5067,KAIJYU-09
5068,KAIKO
5069,KAIRA Deepware
5070,KAMINARI GAMES Inc.
5071,KAPA
5072,KAR Games
5073,KATSU
5074,KATUSADA LABO
5075,KAT_Editor
5076,KAYAC Inc.
5077,KBA3u's factory
5078,KEIZO
5079,KEMCO
5080,KENEI DESIGN
5081,KHB-Soft
5082,KIDFansClub
5083,KIMIDORI SOFT
5084,KIMYS STUDIO
5085,KING Art
5086,KIRA
5087,KIRA LLC
5088,KITE Games
5089,KIWIWALKS
5090,KK Games
5091,KKANGTO STUDIO
5092,KKK
5093,KLP Company
5094,KLab Inc.
5095,KMHgames
5096,KOA BOA
5097,KODGAMES LLC
5098,"KOEI TECMO GAMES CO., LTD."
5099,KOEX studio
5100,KOGADO STUDIO
5101,KOJIMA PRODUCTIONS
5102,KONAMI
5103,KONEKO
5104,KO_OP
5105,KPC
5106,KPas
5107,KR Games
5108,"KRAFTON, Inc."
5109,KSYM
5110,KT Racing
5111,KUBI Games
5112,KUROSAWACREATE
5113,KW-SFF
5114,KY Games
5115,"Kabam Games, Inc."
5116,Kabi Jedhagen
5117,Kabuk Games
5118,KaeruPanda Inc.
5119,Kagura Games
5120,Kai Hutchence
5121,Kaigan Games
5122,Kaikalii
5123,Kainaris Alzabaar
5124,Kaio Meris
5125,Kairoscope
5126,"Kairosoft Co., Ltd"
5127,KaiserGames
5128,Kaitec Games
5129,Kaizen Game Works
5130,Kaka Ku Games Inc.
5131,Kaká Gamer & Dev
5132,KalaOh Games
5133,Kale the Quick
5134,Kaleb Wassa
5135,Kalla Gameworks
5136,Kami Ventures AB
5137,Kamichichi
5138,KaminGames
5139,Kamina Dimension
5140,Kan.Kikuchi
5141,KanapaGames
5142,Kanashi Studio
5143,Kane Carter
5144,Kaneva LLC
5145,Kanipro Games
5146,Kara Sokra
5147,Kara Stone
5148,Karate Goose Studio
5149,Karl Dupere-Richer
5150,Karley
5151,Karnage Studios
5152,Karv
5153,Kastel Software
5154,Kat Underhill - Writing Lead
5155,Katabasi Studio
5156,Katelyst
5157,Katherine Clark
5158,Katta Games
5159,Kaudojogo
5160,Kautki Cave
5161,Kavorkaplay
5162,Kawaru Games
5163,Kayabros
5164,Kazakhstan Sila Games
5165,Kazakov Oleg
5166,Kazakov Studios
5167,Kcfos
5168,KeKaiXinLe
5169,Keaton Applebaum
5170,Kebabos
5171,Kedexa
5172,Keep Sheep
5173,Kehler Creations
5174,Keinart Lobre
5175,Keith Burgun Games
5176,Kela van der Deijl
5177,Kelint
5178,KellenKyo
5179,Kemalcan Ustabasi
5180,Ken Henson
5181,Kendall Zhu
5182,Keng7
5183,Kenisoft Game Studio
5184,Kenkou Land
5185,Kennex
5186,Kenney
5187,Kenny Diaz
5188,Kenny Sun
5189,Kensei
5190,KeokeN Interactive
5191,Keplerians
5192,Kerberos Productions
5193,Kerry Batts
5194,Kersten Glaser
5195,Kether Studio
5196,KevTheDev
5197,Kevei Kristóf
5198,Kevin Baker
5199,Kevin Hinker
5200,Kevin Macumber
5201,Kevin Maxon
5202,Key Realm Studios
5203,Keybol Games
5204,Keycap Games LLC
5205,Keyreal
5206,Keystone Knight
5207,Khalil Hammouda
5208,Khayalan Arts
5209,Khosouf Studio
5210,Khud0
5211,Khuong Le
5212,Kiane Thomas
5213,Kiary Games
5214,KiberKreker
5215,Kibi Games
5216,Kibou Entertainment
5217,Kid Onion Studio
5218,Kid's Revolt
5219,Kiddy
5220,Kids With Sticks
5221,Kiepska Spółka
5222,Kieran
5223,KigyoDev
5224,Kiiega
5225,Kikai Digital
5226,Kikimora Games
5227,KillHouse Games
5228,KillZero Game
5229,Killed Pixel Games
5230,Killerfish Games
5231,Killian M
5232,Kilowatt Games
5233,Kilz Knight
5234,Kim Ji-Won
5235,Kim Laughton
5236,Kim Yusok
5237,KimHeeDong
5238,Kimmo Lahtinen
5239,Kind Cat Games
5240,Kinderril
5241,Kindred Games
5242,Kinemotik Studios
5243,Kinetic Games
5244,King Bird Games
5245,King Crow Studios
5246,King Deluxe
5247,King Moon
5248,Kink Master Studios
5249,KiokLI
5250,Kirakira monstars
5251,Kiralice Sha
5252,Kirillkrm
5253,Kiririn
5254,Kirisame Jump
5255,Kirley Games
5256,Kiro Games
5257,KishMish Games
5258,Kit9 Studio
5259,Kitfox Games
5260,Kitsune Games
5261,Kitten Cup Studio
5262,Kitten Fortress
5263,Kitten Purradise Studios
5264,Kitty
5265,Kivano
5266,Kiyummi Games
5267,Klabater
5268,Klei Entertainment
5269,Kleitos
5270,KleskBY
5271,Klode
5272,Knight Division Games
5273,Knight Owl Games
5274,Knight by Night
5275,Knightsoft Studio
5276,Knuckle Cracker
5277,Knut Müller
5278,KoS Studios
5279,Koan
5280,Kobayashimaru LLC
5281,Kodansha
5282,Kodansha VR Lab
5283,Koding Nights
5284,Kodo Linija
5285,Koei Tecmo
5286,Koker_007
5287,Koksny.com
5288,Kokutou Umeboshi
5289,KolaCape
5290,KomBits Game Studio
5291,Komi Games Inc.
5292,KomodoBit Games
5293,Konfa Games
5294,Koniro Dice
5295,Konnichiwa Games
5296,Konrad Pawlikowski
5297,"Konstantin ""Kash"" Spasoff"
5298,Konstantin Koshutin
5299,Kontrast
5300,Kool2Play
5301,Koraku
5302,Korion Interactive
5303,Koro.Games
5304,Korpi Games Oy
5305,Korpus
5306,Kortes
5307,Korvinrular
5308,Kosmoon Studio
5309,Koya Game
5310,Kozhakov
5311,Kraftmaru
5312,Kraken Empire
5313,Kraken Ink.
5314,Kraken Studios
5315,Krazy Games
5316,KreamLand
5317,Kreationware
5318,KreizLand Games
5319,Kresent
5320,Krillbite Studio
5321,Kris Patrick
5322,Krish Shrikumar
5323,Krispy Animation
5324,Kristofer Torres
5325,Kristoffer Juel Friis
5326,Krome Studios
5327,Krzysztof Dycha
5328,KseLeroN
5329,KuKo
5330,Kube Games
5331,Kubold
5332,Kud
5333,Kujirabo。
5334,Kukouri Mobile Entertainment
5335,Kulivszk
5336,KumaPaw
5337,KumiLGames
5338,Kunpo Games
5339,Kunstaat
5340,Kupoapo
5341,"Kure Software Koubou Co., Ltd."
5342,Kurenaibook
5343,Kuro Irodoru Yomiji
5344,Kuroshiro Group
5345,Kuroto Zakka
5346,Kurt Wojda
5347,Kurumi Works
5348,Kuura Playhouse
5349,Kvisaz Games
5350,Kwing works
5351,Kyle Barrett
5352,Kyle Horwood
5353,Kyle Muntz
5354,Kyle Rodgers
5355,Kyle Seeley
5356,Kyle Thompson
5357,Kyle's Garage
5358,Kynoa SA
5359,Kyo Soft
5360,Kyonbu
5361,L. Stotch
5362,L.INC
5363,L8r Sk8rs Studios
5364,LAB132
5365,LABS Works
5366,LAERT
5367,LAN - GAMES LTD
5368,LAN JIE
5369,LANCARSE
5370,LANCARSE Ltd.
5371,"LAND HO! Co., Ltd."
5372,LAS Team
5373,LBR games
5374,LC.Game
5375,LCB Game Studio
5376,LCSsiveR
5377,LEAP Game Studios
5378,LGV
5379,LHOTI
5380,LIFE0
5381,LIGHTWORKER GAMES
5382,LIMITED
5383,LINE Games Corporation
5384,LINK
5385,LIQUID Softworks
5386,LKA
5387,LKMAD
5388,LLC Blini Games
5389,LM Games Studio
5390,LNDFRR
5391,LOF Studios
5392,LOMS Studio
5393,LOVIGAME
5394,LQ-GAME
5395,"LRDGames, Inc."
5396,LSP GAME
5397,LSP Game
5398,LTRG corp.
5399,LTZ
5400,LTZinc
5401,LU QI
5402,LUDO Thinking
5403,LUVI GAMES
5404,LUXO Interactive
5405,LVGameDev LLC
5406,LW Games
5407,LW.C
5408,LWMedia
5409,LZR GAMES
5410,La Poule Noire
5411,La Spina Francesco
5412,"Labrodex, Inc."
5413,Lached Up Games
5414,Ladomu
5415,Lafterburn Studios
5416,Lagartija Software
5417,Laineus
5418,Laki Studios
5419,LameCat Studio
5420,Laminar Research
5421,Lampidev
5422,Lan Yao studio
5423,Lance Games
5424,Land Patricio - Space Indie Studios
5425,Landauer Games
5426,Landfall
5427,Lange Studios LLC
5428,Lantern Studio
5429,Lanzinger Studio
5430,Laolu Productions
5431,Laplace Games
5432,Laplacian
5433,Lapovich Team
5434,Lappi Soft
5435,Laps Games
5436,Laptop gaming
5437,Laputa Labs
5438,Larfingshnew
5439,Larian Studios
5440,Larkon Studio
5441,Larsonsoft
5442,Lasengle Inc.
5443,Laser Dog
5444,LaserOnion
5445,Laserboys3000
5446,Lasse Zacho Malver
5447,Lasso Games
5448,Last Bastion Studios LLC
5449,Last Bite Games
5450,Last Boss 88
5451,Last Credit Games
5452,Last Man Gaming
5453,Last Tales
5454,LastnOni
5455,Late Game Clutch
5456,Late Leaf Games
5457,Late Night Games
5458,Lateral Games
5459,Lateralis Heavy Industries
5460,Latif Güngör
5461,Laud Games
5462,Laughing Coyote Software
5463,Laughing Fox Games
5464,Laughing Machines
5465,Laukaus Games
5466,Laumania ApS
5467,Laura Shigihara
5468,Lauri Lehtomäki
5469,Laush Dmitriy Segeevich
5470,Laush Dmitriy Sergeevich
5471,Laush Studio
5472,LavaMind
5473,Lavaboots Studios
5474,Lavaflame2
5475,Lavapotion
5476,Lawliet
5477,Laxluster Games LLC
5478,Lazer Genu
5479,Lazernaut Media
5480,Lazlo Gaming Ltd
5481,Lazrool
5482,Lazurite Games
5483,Lazy Bear Games
5484,Lazy Flock
5485,Lazy Kitty
5486,Lazy Kiwi
5487,Lazy Monday Games
5488,Lazy Turtle Games
5489,LazyEti
5490,Lcc
5491,Le Club des Sacs
5492,LeJunesArt
5493,Lead Games
5494,Leaf
5495,Leafy Games
5496,League of Geeks
5497,Leakage Games
5498,Leander Edler-Golla
5499,LeandroGabriel.net
5500,Leenzee Games
5501,Legacy Games
5502,Legend
5503,Legend Studio
5504,Leif Ian Anderson
5505,Leikir Studio
5506,Lekker spelen
5507,Leland Wilson
5508,Lemma Arts
5509,Lemon Seed Studio
5510,Lemon Sky Studios
5511,Lemondo Games
5512,Lena Raine
5513,LenstroyS
5514,Lenya Digital
5515,Leonard Menchiari
5516,Leonardo Alexandrino
5517,Leonardo Jasso
5518,Leonardo Production
5519,Leonardo Zufi
5520,Lepisoft
5521,Les Crafteurs
5522,Les Jeux Nemesis
5523,Leslaw Sliwko
5524,Let's Go to the Grindhouse
5525,LetMeowt Games LLC
5526,LetiGame
5527,Leturs Labs
5528,Level 11
5529,Level 91 Entertainment
5530,Level-Buster Studio
5531,LevelHead
5532,Leven Liu
5533,Levi Ramirez
5534,Levi VanZandt
5535,Levi Voris
5536,Leviathanimation
5537,Lewis Spalato
5538,Lex de Kogel
5539,Lexip Games
5540,LezLiz
5541,Li Yin
5542,LiLiM
5543,LiLith
5544,Liam Allen-Miller
5545,Liam Poli
5546,Liar-soft
5547,Libragames
5548,Libretro
5549,Lich Again Games
5550,Licorice ehf
5551,Liens
5552,Lienzo
5553,Liga Robotov
5554,Light Brick Studio
5555,Light Game
5556,Light Off Studio
5557,LightArrow Games
5558,Lightbox Academy
5559,Lightbulb Crew
5560,Lighthouse Games Studio
5561,Lightmare Studios
5562,Lightning Games
5563,Lightning Mark
5564,Lightning Rod Games
5565,Lightning6Kidnap
5566,Lightshards
5567,"Lightspeed Design, Inc."
5568,Lil Hentai Games
5569,LilMemes Production
5570,Lillymo Games
5571,Lily
5572,Lily Spinel
5573,Limansia Games
5574,Limasse Five
5575,Limbic Entertainment
5576,Limestone Games
5577,Limited Games
5578,Limited Input LLC
5579,Limited Insight Studios
5580,Limo Games
5581,Lin Meyer
5582,Lince Works
5583,Lines Studio
5584,Ling Games
5585,Lingon Studios
5586,Lingtan Studio
5587,Linked Squad
5588,Linkup
5589,Lino Slahuschek
5590,LionCat
5591,Lioncode Games
5592,Lionel Marsden
5593,Liquid
5594,Liquid Donkey Games
5595,Liqut
5596,Lithic Entertainment Inc.
5597,Little Black Book Entertainment
5598,Little Chair
5599,Little Chicken Game Company
5600,Little Denis Games
5601,Little Dog Studio
5602,Little Green Men Games
5603,Little Jade Productions
5604,Little Lemon Bulb
5605,Little Leo Games
5606,"Little Light Studios, LLC"
5607,Little Martian Games
5608,Little Orbit
5609,Little Reaper Games
5610,Little Rock Games
5611,Little Stories
5612,Little Studio
5613,Little_Amethyst
5614,Littlefield Studio
5615,Liujiajun
5616,Live Motion Games
5617,Live Wire
5618,Living Code Labs
5619,Liz Hanson
5620,Lizard Hazard Games
5621,LizardFactory
5622,Lizardcube
5623,Lizardry
5624,Lizsoft
5625,Lizzycat / Lizabeth Gidlund
5626,Llamasoft Ltd.
5627,Lo-Fi People
5628,LoPoly Games
5629,Loadinc Entertainment
5630,Loboda Maksym
5631,Lobotomy Software
5632,LocaGames
5633,Local Space Survey Corps
5634,Loch and Quay Games
5635,Lock 'n Load Publishing
5636,LockedOn Games
5637,Lockpickle
5638,Loco Motion Devs
5639,Loco Road Team
5640,Lofi Robot
5641,Loftur Studio
5642,Log Games Ltd
5643,LogLog Games
5644,Logan Thatcher
5645,Logic Artists
5646,Logic Ember Limited
5647,Logical Extremes
5648,Logisk Studio Inc.
5649,LogoJI Studio
5650,Lokesh Dhanger
5651,LokkinSOY
5652,Lollipop Revival
5653,Lone Fox Games
5654,"Lone Pine Games, LLC"
5655,Lone Wulf Studio LLC
5656,Lonekite Games
5657,Lonely Deckchair
5658,Lonely Troops
5659,Loneminded
5660,Long Lost
5661,Long Neck Games
5662,LongYou Game Studio
5663,Longplay Studios
5664,Longxi Zhao
5665,Lonhong Team
5666,Looksten Inc.
5667,Loomiarts
5668,LooseScrew Games
5669,Loot Inside
5670,Loren Lemcke
5671,Lorenzo Entertainment
5672,Lorenzo Gómez
5673,Lorenzo Redaelli
5674,Lose
5675,Loser/s
5676,Lost Abroad
5677,Lost Frame Development
5678,Lost Machine Games
5679,Lost Pilgrims Studio
5680,Lost Sock Studio
5681,Lost Tales Studio
5682,Lost Toys Ltd
5683,LostOneTeam
5684,LostVolBytes
5685,Lotos Project
5686,Lotus Innovations
5687,Lotz
5688,Louie
5689,Louie Inc
5690,Louis Rigaud
5691,Louys
5692,Lovable Hat Cult
5693,Love Conquers All Games
5694,Love in Space
5695,LoveGame
5696,Lovely Hellplace
5697,Lovixsama
5698,Lowpoly Interactive
5699,Lozange Lab
5700,LsGameDev
5701,LsGamedev
5702,Lsgamedev
5703,LtWashi
5704,LuCapy Studio
5705,LuGus Studios
5706,LuN
5707,Lua Ludica
5708,Luan Prates de Souza
5709,Lubin Tu
5710,Luca Favano
5711,Lucas Amorim
5712,Lucas Bressan
5713,Lucas Cavataio
5714,Lucas Delvallet
5715,Lucas Dieguez
5716,Lucas Le Slo
5717,Lucas Lima
5718,Lucas Perdomo
5719,Lucas Souto
5720,Luckshot Shorts
5721,Lucky Cat studio
5722,Lucky Dodo
5723,Lucky Dog
5724,Lucky Mountain Games
5725,Lucky Raccoon Games
5726,Luden.io
5727,Ludic Studios
5728,Ludicrous Games
5729,Ludipe & Friends
5730,Ludokultur
5731,Ludomotion
5732,Ludosity
5733,Ludus Games
5734,Ludus future
5735,LuftWaffel
5736,Luis Antonio
5737,Luis Fae
5738,Luis Schmitz
5739,Luis-Miguel Gonzalez
5740,Luiz Felipe Da Silva Marian
5741,Luiz Pascoto
5742,LukPlus
5743,Luka Radulovic
5744,Lukas Kolesar
5745,Lukas Litinskas
5746,Lukas Trötzmüller
5747,LukasH
5748,Luke Doukakis
5749,Luke Rissacher
5750,Luke Vincent
5751,LukeThePolice
5752,Lukudev
5753,Lukáš Vorlíček
5754,Lululu Entertainment
5755,Lumi Finley
5756,LumiB
5757,Lumiere Studios
5758,LuminEye Limited
5759,Luminawesome Games Ltd.
5760,Luminite
5761,Luminosity Interactive
5762,Luminous
5763,Lumo Entertainment
5764,Lump of Sugar
5765,Luna Apps
5766,Luna Orion
5767,Luna2 Studio
5768,LunaBeat
5769,LunaRolexLer
5770,LunaSoft
5771,Lunacle
5772,Lunacy Labs Ltd.
5773,Lunaforge Studios
5774,Lunar Activities
5775,Lunar Tale Games LLC
5776,LunarLight Studio
5777,Lunarch Studios
5778,Lunarhellgames
5779,Lunaris Games
5780,Lunaris Iris
5781,Lunatic Works
5782,Lunheim Studios
5783,Lunic Games / Danilo Domingues
5784,Luper
5785,Luphi Interactive
5786,Lurong Games
5787,Luski Game Studio
5788,Lutsgames
5789,LuuuLuuuL
5790,Lyaaaaa Games
5791,Lychee Game Labs
5792,Lymperopoulos Alfeios
5793,Lyndell Goldson
5794,Lyre Lyre Studios
5795,Lyrical Games LLC
5796,L³
5797,"L＆K Co., Ltd."
5798,M
5799,M. James Short
5800,M. Paul Weeks
5801,M.A. Starling
5802,M.G. Games
5803,M0R STUDIO
5804,M11 Studio
5805,"M2 Co., LTD"
5806,"M2 Co., Ltd."
5807,M2H
5808,M36 Games
5809,M3M Games
5810,M9 Games
5811,MA Game
5812,MACKINN7
5813,MAD Sprouts
5814,MAG
5815,MAGES.
5816,MAGES. Inc.
5817,MAGIX Software GmbH
5818,MAGame
5819,MAKETAKEGAME17
5820,MANGLEDmaw Games
5821,MASUDATARO
5822,MATANGA GAMES
5823,MATCHB
5824,MAYO-FORCE LLC
5825,MC GAME
5826,MC Sport
5827,MCG
5828,MCGame
5829,MD Games
5830,MD Studio
5831,MDH Software
5832,MDickie
5833,MELOVITY
5834,MFC
5835,MGAME Corporation
5836,MGP Studios
5837,MICROCHELIK5000
5838,MIDLANDSTORY Inc.
5839,MIGALOO GAMES
5840,MING YEN WU
5841,MINO ENTERTAINMENT INC
5842,MINTROCKET
5843,MIPODAS DIGITAL STUDIO
5844,MIRA GAMES
5845,MIROWIN
5846,MIYAKOpubl
5847,MJ NULL零值梦境
5848,MK STUDIOS
5849,MKDB Studio
5850,MMmmmoko
5851,"MNI Labs, LLC"
5852,MNKY
5853,MOGiN GAMES
5854,MOKKOGRAD
5855,MONKEYCRAFT Co. Ltd.
5856,MONTE GALLO
5857,MOONSEER VR
5858,MOR Museum Inc.
5859,MOSN
5860,MOSQUITO COCKTAIL LTD
5861,"MOSS Co., Ltd."
5862,MOTIONX STUDIO
5863,MOTIVE
5864,MOUSZZ
5865,MP2 Games
5866,MPS Labs
5867,MRC Game
5868,MS GAMES
5869,MT Games
5870,MUTAN
5871,MUTOYS
5872,MV JPL
5873,MW ArtS
5874,MX Nice Game
5875,MY.GAMES
5876,MYAOSOFT
5877,MZY GAMES
5878,Ma Ge Game
5879,Ma Ma Software
5880,MaFi Games
5881,Maad Sheep
5882,Maaz Baig
5883,MacMorgan
5884,Maccima Games LLC
5885,Maciej Targoni
5886,Mad About Pandas
5887,Mad Cream Games
5888,Mad Head Games
5889,Mad Hose Games
5890,Mad Mimic
5891,Mad Mountain Studios
5892,Mad Noodle Studios
5893,MadBee
5894,MadCat Corp
5895,MadCow S.r.l.
5896,MadGamesmith
5897,MadGoat Studio
5898,MadIdeaX games
5899,MadLife Divertissement
5900,MadLight
5901,MadMozer
5902,MadRock
5903,MadSushi Games
5904,MadZone Games
5905,Madar Games
5906,Madcraft Studios
5907,Made in Mavis
5908,Madeline Berger
5909,Madi Abdykarimov
5910,Madirex
5911,Madison Karrh
5912,Madison Pathe
5913,Madit Entertainment
5914,Madmind Studio
5915,Madmind Studio: After hours
5916,Madnetic Games
5917,Madnukin
5918,Mado
5919,Mads & Friends
5920,Mae Livingston
5921,Mael Vignaux
5922,Maestro Cinetik
5923,Maestro Games
5924,Maetdol Games
5925,Mag B.
5926,Magenta Factory
5927,Magic
5928,Magic Chopstick Games
5929,Magic Cube
5930,Magic Design Studios
5931,Magic Games
5932,Magic Pockets
5933,MagicBenchVN
5934,MagicCraft
5935,MagicWing
5936,Magicians Games
5937,Magicvalley Studio（魔法谷工作室）
5938,Magitech Games
5939,MagnaVex Entertainment
5940,Magnum Scriptum
5941,Magnus Ander
5942,Magnus Games Studio
5943,Magnus Muscle
5944,MagroPlay
5945,Magyu Studio
5946,Mahdi Bahrami
5947,Mahelyk
5948,Maick Paim
5949,Main Gauche Games
5950,Main Loop videogames S.L.
5951,Main Tank Software
5952,Majao Games
5953,Majic Jungle
5954,Majorariatto
5955,Makee
5956,Maker Games
5957,Maker Interactive
5958,Maker製造機
5959,MakhamDev
5960,Mako 6 fingers
5961,Makopaz
5962,Makoto Sanada
5963,Maks Volegov
5964,Maldo19
5965,Male Doll
5966,Male Doll Stories
5967,Malfador Machinations
5968,Malicious Games
5969,Malignant Potato
5970,Maloke Games
5971,Malte Glade
5972,MalumGames
5973,Mama Makes Games
5974,Mambo
5975,Mana Games
5976,Mana Potion Studios
5977,ManaVoid Entertainment
5978,Manalith Studios
5979,Manatea Entertainment
5980,Mandinga
5981,Mandragora
5982,"Mane6, Inc."
5983,Manekoware
5984,Manerai
5985,Manfromstars
5986,Mango Protocol
5987,Manic Hyena
5988,Manic Machine
5989,Manic Mice
5990,ManicBuild Studio
5991,Manlev Games
5992,Manodeix
5993,Manon Carrier
5994,Manon Lefebvre
5995,Mantaliss
5996,Mantra
5997,Manuel Branco
5998,Manuel Moos
5999,Manuel Schenk Games
6000,Manufacture
6001,Manufractal Studio
6002,Manul Games
6003,MaouCat Studio / 魔王貓工作室
6004,Maple Powered Games
6005,MapleDorm Games
6006,Mapledev
6007,Maratus
6008,Marc Zimmermann
6009,Marcelo Barbosa
6010,Marcelo Contador
6011,Marchello Giancarlo
6012,Marcin Borkowski
6013,Marcin Dzienniak
6014,Marco Amadei
6015,Marco Games
6016,Marco Hirschfeld
6017,Marcos Game Dev
6018,Marcus Allard
6019,Marcus Grambau
6020,Marevo Collective
6021,Marginal act
6022,Marginalact
6023,Mari Zand
6024,MariaCrown
6025,Mariano Jar
6026,Marimori
6027,Marina Kittaka
6028,MarineVerse
6029,Mario Ariano
6030,Marius Popa
6031,Mark Easton
6032,Mark Fingerhut
6033,Mark Lara Devs
6034,Mark Zorn
6035,Markus Amberla
6036,Marlon Vinicius
6037,Marmalade Game Studio Ltd
6038,Maroze Studio
6039,MarpleGames
6040,Marquet
6041,Martelo Nero
6042,Martian Teapots
6043,Martin 'Dram' Melichárek
6044,Martin Bartsch
6045,Martin Jenner
6046,Martin Knight
6047,Martin Kutlak
6048,Martin Mauersics
6049,Martin Mejak
6050,Martin Nayeri
6051,Martyn Bissett
6052,Marudice
6053,Marvelous Games
6054,Marvelous Inc.
6055,Mary Ellis
6056,Masangsoft
6057,Masayuki Ito
6058,Maschinen-Mensch
6059,MaskCatStudio
6060,Mason Lindroth
6061,Mass Creation
6062,MassDigi
6063,MassHive Media
6064,"Massive Damage, Inc."
6065,Massive Galaxy Studios
6066,Massive Miniteam
6067,Massive Monster
6068,Massive Work Studio
6069,Master Studios
6070,MasterDavicous
6071,Masterbrain Bytes
6072,Mastermind
6073,Mastery VR
6074,Mastfire Studios Pty Ltd
6075,MateussDev
6076,Mateusz Skutnik
6077,MathanGames
6078,Matheus Antônio
6079,Matheus Bigatão
6080,Matheus Estevão
6081,Matheus Reis
6082,Mathew Kelly
6083,Matias Bontempo
6084,Matias Ezequiel Weschenfeller
6085,Maticolotto
6086,Matrioshka Games
6087,Matrix
6088,Matt
6089,Matt Close
6090,Matt Eshleman
6091,Matt Garnett
6092,Matt Glanville
6093,Matt Newell
6094,Matt Reeves
6095,Matt Roszak
6096,Matt Schostek
6097,Matt Sowards
6098,Matt Sowards Games
6099,Matt Storm
6100,Mattheus Reis Queiroga
6101,Matthew Bradshaw
6102,Matthew Christiansen
6103,Matthew Kania
6104,Matthew VanDevander
6105,Matthew Vimislik
6106,Matthew Wong
6107,Mattis Folkestad
6108,Matto
6109,"Mattrified Games, LLC"
6110,Mature Games
6111,Mauris
6112,MaverickMatryoshka
6113,Max
6114,Max Clark
6115,Max Inferno
6116,Max Loh
6117,Max Mraz
6118,Max Pedro
6119,Max Ritters
6120,Max Weyant
6121,MaxEstLa
6122,Maxeymus Games
6123,Maxi Molina (MaxiMJdev)
6124,Maxiig
6125,Maxim Abramov
6126,Maxim Arefiev
6127,Maxim Games
6128,Maxim Karpenko
6129,Maxim Nuriev
6130,Maxime Carcaillon
6131,Maximiliano Levi
6132,Maximum Entertainment
6133,Maxis
6134,Mayouma Studio
6135,Maze Theory
6136,Maze Theory Ltd
6137,Mazen Games
6138,MazyGames
6139,McLeodGaming
6140,McMagic Productions
6141,Me Vs Game
6142,MeNic Games
6143,MeanDean
6144,MecHead Games
6145,Mecha Studios
6146,Mecha Weka
6147,Mechabit
6148,MechanicsDriven
6149,Mechanistry
6150,Medallion Games
6151,MediaCity Games
6152,MediaTale
6153,Mediatonic
6154,Medicated Games
6155,MedievalNexus
6156,Medium
6157,Medow
6158,Mega Cat Studios
6159,Mega Dwarf
6160,MegaPixel Studio S. A.
6161,MegaWobble
6162,Megafauna LLC
6163,Megaglope Studios
6164,Megalithic Mainframe
6165,Megapop
6166,Megatent Inc.
6167,Mehan Games
6168,Mehrdad Rezaei
6169,Mehsoft
6170,Meijin Zhu / 五月梅花落
6171,Melancholia Studio
6172,Melbot Studios
6173,Meleons
6174,Melko Game Club
6175,Melonsoda Soft
6176,Melos Han-Tani
6177,Melting Parrot
6178,Menacing Aura Games
6179,Meng Games
6180,Menge Studio
6181,Mengo
6182,Mens Sana Interactive
6183,Meow Run
6184,MeowNature
6185,Meowstro Studios
6186,Meowza Games
6187,Mercier Christophe
6188,Mercury Game Studio
6189,MercurySteam
6190,MercuryStudio
6191,Merge Conflict Studio
6192,Merge Games
6193,Merle Tester
6194,Merso Entertainment
6195,Merxon22
6196,Mescaline's Wings
6197,Meta Fork
6198,Meta Form
6199,Meta Games
6200,Meta Interaction
6201,Metal Dragon Studio
6202,"Metalcat Interactive Co., Ltd"
6203,Metalhead Software Inc.
6204,Metanaut
6205,Metehan SENER
6206,Meteor Mug
6207,Meteor Shock
6208,Meteor Studios
6209,Metro VR Studios
6210,Metronomik
6211,Metthink
6212,Mewton Games
6213,MhrGames
6214,Mi'pu'mi Games GmbH
6215,Mi-Clos Studio
6216,Micah Boursier
6217,Micah Fitch
6218,Michael Bell
6219,Michael Derek
6220,Michael Ferrier
6221,Michael Gschwandtner
6222,Michael Haapasaari
6223,Michael Henderson
6224,Michael Josephs
6225,Michael Kiang
6226,Michael Long
6227,Michael Luo
6228,Michael Mato
6229,Michael Pogson
6230,Michael Rfdshir
6231,Michael Schade
6232,Michael Shoots
6233,MichaelArts
6234,Michal Cichra
6235,Michele Pirovano
6236,Michelle Lee
6237,Micractive
6238,MicroMagic
6239,MicroProse Software
6240,"MicroProse Software, Inc."
6241,Microblast Games
6242,Microids Studio Paris
6243,Microprose
6244,Microtaur
6245,Midgar Studio
6246,Midhard Games
6247,Midjiwan AB
6248,Midnight Games
6249,Midnight Mood Studio
6250,MidnightWorks
6251,Midori Games / みどりげーむず
6252,Midquest Games
6253,Migami Games
6254,Might and Delight
6255,Mighty Coconut
6256,Mighty Eyes
6257,Mighty Games
6258,Mighty Kingdom
6259,Mighty Polygon
6260,Mighty Yell
6261,MightyPlus
6262,Mightyy
6263,Miha Prezelj
6264,Mihanikus Games
6265,Miju Games
6266,Mikael Bihl
6267,Mikalai Yankoits
6268,Mikanbatake
6269,Mikayden Gutierrez
6270,Mike Bushell
6271,Mike Engler
6272,Mike Laraman
6273,Mike Sambrat
6274,Mike Wigen
6275,MikeTeevee
6276,Mikko Tamper
6277,Mikola Games
6278,Mikołaj Spychał
6279,Mildly Professional
6280,Miles Fogle
6281,Miles Peter Hatcliff
6282,Miles Zimmer - Producer
6283,Milestone S.r.l.
6284,Milkbag Games
6285,Milkbar Lads
6286,Milkcraft Studio
6287,Milkoi Games
6288,Milkroom Studios GmbH
6289,Milkstone Studios
6290,Milktoast Stuff
6291,Milky Tea Studios
6292,Milky Way
6293,Millendream
6294,Millenium Games
6295,Milo Brandt
6296,Miloš Lužnjanin
6297,Milpitians
6298,Mimimi Games
6299,MinMax Games Ltd.
6300,Minakata Dynamics
6301,Minato Soft
6302,Mind Control Software
6303,Mind's Eye Games
6304,MindRend Technologies
6305,MindThunk
6306,Mindscape
6307,Mindtech
6308,Mindware
6309,"Mindware Co., Ltd."
6310,Minechan
6311,Mingxi Zou
6312,"Mingyu Information Technology Shanghai Co., Ltd."
6313,Mini Fun Games
6314,MiniChimera Game Studio
6315,Minicactus Games
6316,Minimol Games
6317,Minor Key Games
6318,Minos Games
6319,Minskworks
6320,Minstrel Studio
6321,Mint Tea
6322,MintCUBE
6323,Mipmap Digital
6324,Miquel Villalobos Verde
6325,Mir
6326,Mir Dialogue
6327,Mirabolis Studios
6328,Miracle Moon
6329,Mirari&Co.
6330,Miroko
6331,Miroslav Bago
6332,Misadventurous
6333,Misc Games
6334,Misc.261
6335,Mischief
6336,Misfit Village
6337,Missing Middle Games
6338,Missing Sentinel Software
6339,MistByte
6340,Mistcloud Games
6341,Mister Morris Games
6342,MisteryJay89
6343,Mistwall Studio
6344,MistyMountainStudio
6345,Mitchell Dixon
6346,Mitchell Garrett
6347,Mitchell Lawrence
6348,Mitchelson Brooks
6349,Mito Games
6350,Mitredel studio
6351,Mitsuki Game Studio
6352,Mixed Realms Pte Ltd
6353,Mixtape Games UK
6354,Miziziziz
6355,Mizoriot Creative Company LTD.
6356,Mizotsuki Rail / acty
6357,Mizrab
6358,Mk-II
6359,Mlyst
6360,MoDev
6361,MoaCube
6362,Mob Entertainment
6363,MobX GmbH
6364,Mobile Co Studios
6365,Mobius Digital
6366,MobiusGames
6367,Moby Geek Studios
6368,Mockingbird Softworks
6369,ModMaximuss
6370,Modern Storyteller
6371,Modus Interactive
6372,MoeGame
6373,Moebial Studios
6374,Moeity
6375,Mogeko
6376,Mohamed Eshmawy
6377,Mohawk Games
6378,Moist Dog studio
6379,Mojang Studios
6380,Mojiken
6381,Mojo Bones Ltd
6382,MojoTouch
6383,MokomuGame
6384,Molegato
6385,Molleindustria
6386,Molotov Estudios
6387,Molter
6388,Molton Studio
6389,Momiji Studios
6390,Momo-pi
6391,Monarch Studio
6392,Monka Studios
6393,Monkey Craft
6394,Monkey Moon
6395,Monkey Wizard Entertainment
6396,Monkeys Tales Studio
6397,"Mono Software, Inc."
6398,Monocarpic Game
6399,Monochrome Paris
6400,"Monochrome, Inc"
6401,Monokel
6402,Monolith of Minds
6403,Monologic Games
6404,Monomi Park
6405,Monomyth
6406,Monstars Inc.
6407,Monster Couch
6408,Monster Doctor Entertainment
6409,Monster Finger Games
6410,"Monster Games, Inc."
6411,Monster Lab
6412,Monster Shop Games
6413,Monster Tooth Studios
6414,Monster and Robot L.L.C.
6415,MonteBearo
6416,Montee Games
6417,"Monumental, LLC"
6418,Monuments Games
6419,Moolion
6420,Moon Bear Studio
6421,Moon Eclipse
6422,Moon Kid
6423,Moon Lens
6424,Moon Mode
6425,Moon Moose
6426,Moon Punch Studio
6427,Moon Street
6428,Moon Studio
6429,Moon Studios GmbH
6430,Moonana
6431,Moonbit
6432,Moondolino
6433,Mooneaters
6434,Mooneye Studios
6435,Moonfire Entertainment
6436,Moonflower Games
6437,Moonlab Studio
6438,Moonless Formless
6439,Moonlight Games
6440,Moonlight Kids
6441,Moonlight Studio
6442,MoonlightGames
6443,Moonlit Monitors
6444,Moonlit S.A.
6445,Moonlit Works
6446,Moonroof Studios
6447,Moonryse Studios
6448,"Moonshine Creation CO., LTD."
6449,Moonshine Studios
6450,Moonskull Games
6451,Moose Attack Studios
6452,MooseBear
6453,Mopeful Games
6454,Moral Anxiety Studio
6455,Moregames
6456,MorfeoDev
6457,MorkPuncher
6458,Morne Venter
6459,MorningGames
6460,Morningstar Game Studio
6461,Morningstar Studios
6462,MoroPoro
6463,Moronicbody
6464,MorpheusZ
6465,Morteshka
6466,Mosaic Mask Studio
6467,Moscano
6468,Mosqi Games
6469,MossTech Studio
6470,Mosslight Games
6471,Mossmouth
6472,Mostly Random Games
6473,Moswig
6474,MothCat
6475,Motion Game Studio
6476,Motive
6477,Motor Strip Entertainment
6478,Motvind Studios
6479,Mount Rouke Studios
6480,Mountains
6481,Mountainwheel Games
6482,Mouse Hat Games
6483,Mousetrap Games
6484,Mousou Endemic
6485,Movie Games Lunarium
6486,Moya Horror
6487,Mozai Games
6488,Mr Crops
6489,Mr. Baby Games
6490,Mr. Moo
6491,Mr. Nutz Studio
6492,Mr. Pink
6493,Mr. Terry Main
6494,Mr. Tired Media
6495,Mr. Vibin
6496,MrBoscheinen
6497,MrEliptik
6498,MrFatcat
6499,MrJohnWeez
6500,Mt.Zero Software
6501,MuGeNeon / 無限
6502,MuHa Games
6503,MuccyGames
6504,Mugule Nation
6505,Mugzone
6506,Mukorka
6507,Multicell Games
6508,Mumyou Tsujigiri
6509,Munch and Partners
6510,Mundfish
6511,Murilobast
6512,Muro Studios
6513,Murphy Buck - Creative Director
6514,Musa CANDIR
6515,Musa GUNGOR
6516,Musclebird
6517,Muse Games
6518,Mushreb Games
6519,Mushy Jukebox
6520,Music by Guidewire
6521,MustangDev
6522,Mustella Games
6523,Mutantleg
6524,Mutiny Software
6525,Muutsch
6526,My World
6527,MyACG Studio
6528,MyDearest Inc.
6529,MyDockFinder
6530,MyDreamForever
6531,MyDreamForever_Old
6532,MyPocketGames
6533,Myosuki
6534,MyoungJang Games
6535,Myron Games
6536,Myshkin Entertainment
6537,Mystery Soul's
6538,Mystic ERA games
6539,Mystic Systems
6540,Mystical95 Studio
6541,Mystik'art
6542,Mystive Studios
6543,MystiveDev
6544,Myth Entertainment
6545,MythiKiwi
6546,MythicOwl
6547,MythicWare
6548,"Mythric Studios, LLC"
6549,Mythwright
6550,Máté Pribelszky
6551,N-Body Solutions
6552,N-Fusion Interactive
6553,N3V Games
6554,N4bA
6555,N7T-GAMES
6556,NAISU
6557,NANKADA
6558,NAOS Software
6559,NC Studio
6560,NCARD
6561,NDOUT
6562,NDOgames
6563,NEKO WORKs
6564,NEKONEKO-SOFT
6565,NEKOTOKAGE GAMES
6566,NEO CRYSTAL GAMES LTD
6567,NEO FUTURE LABS
6568,NEO-C Productions L.L.C
6569,NEOLAVI
6570,NEOPLE Inc.
6571,NEOWIZ
6572,NEXD
6573,NEXON
6574,NEXT Studios
6575,NGD
6576,NGELGAMES
6577,NGIN LIMITED
6578,NGOG
6579,NIK Studios
6580,NINEHECTARE
6581,NIPPON CULTURAL BROADCASTING EXTEND INC.
6582,NJ No.1
6583,NJDZ
6584,NL Studio
6585,NODETRACK
6586,NOLDO
6587,NOMADIC games
6588,NON Grata Studio
6589,NORSKA
6590,NOTH
6591,NOVECT
6592,NOW PRODUCTION
6593,NOX NOCTIS
6594,NTStudios
6595,NUKKLEAR
6596,NUL2 STUDIO
6597,NULLA
6598,NUU
6599,NVG Games
6600,NVLMaker
6601,NVYVE® Studios
6602,NaCl586
6603,Nacon Studio Ghent
6604,Nacon Studio Milan
6605,Naivus Luo
6606,Naked Cactus
6607,NamNorm
6608,NamaTakahashi
6609,Nameless XIII
6610,Namion Games
6611,NanaWind
6612,Nanakusadou
6613,Nanali Studios
6614,Nanasi Project
6615,"Nanjing Weichu Information Technology Co., Ltd."
6616,Nankidai
6617,NanningsGames
6618,NanoPiko
6619,Nanoleptic Games
6620,Naoka Games
6621,Naoka Studio
6622,Naps Team
6623,Naraven Games
6624,Narom42
6625,Narrator
6626,NarriFlux
6627,Narut Studio's
6628,Narwhalnut LLC
6629,Nasheik
6630,Nasty Cat
6631,Nastycloud
6632,Natal Game Studio
6633,Nate Berens
6634,Nate Bit Games
6635,Nate Turley
6636,Nathan Francis
6637,Nathan Rais
6638,Nathan Thomson
6639,Nathan Workman
6640,National Film Board of Canada
6641,Nations Software
6642,Natsume Inc.
6643,NatsumeAtari
6644,Naturepixel Studios
6645,Naturtrüb
6646,Naughty Clogs
6647,Naughty Dog LLC
6648,Naughty Engineering
6649,Nauris Amatnieks
6650,Nautlander
6651,Naval Warfare Simulations
6652,Navegante
6653,Navel
6654,Ndemic Creations
6655,NeVReal Studios
6656,Neat Corporation
6657,Neat Games
6658,Neatan Games
6659,Nebereal's
6660,Necronomicon Games
6661,Necrosoft Games
6662,Neelam Jani
6663,Neex Games
6664,Negative Karma
6665,Negative Return
6666,NegativeGenius LLC
6667,Neki4 Electronics
6668,Neko
6669,Neko Cloud
6670,Neko Game
6671,Neko Machine
6672,NekoNeko Soft
6673,NekoNyan Ltd.
6674,NekoPad Studio
6675,Nekoday
6676,Nekolyst
6677,Nekoromorph
6678,Nelset
6679,Nelson Boles
6680,Nelson Nava
6681,Nementic Games
6682,Nemeton Singularity Simulations
6683,Nemo Studios
6684,NeoBird
6685,Neoclassic Games
6686,NeocoreGames
6687,Neofid Studios
6688,Neojac Entertainment Inc.
6689,Neomateria Games GmbH
6690,Neon Castle
6691,Neon Doctrine
6692,Neon Giant
6693,Neon Wizard Games
6694,"Neonovice Co., Ltd."
6695,NeorTur
6696,Neos Corporation
6697,Neosphere Interactive Studios
6698,Neotro Inc.
6699,Neox Games
6700,Nepos Games
6701,Nerd Commando Game Studios
6702,Nerd Monkeys
6703,NerdJack
6704,Nerdindustries GmbH
6705,Nerdook Productions
6706,NerdyBird Studios
6707,Nerial
6708,Nerve Singer
6709,Nesalis Games
6710,Net Get Games
6711,Net-assembly
6712,NetherRealm Studios
6713,Netmancer
6714,Neuron Entertainment
6715,NeutronStar.studio
6716,Nevan Games
6717,Never Knows Best
6718,Nevergreen Games
6719,Neverjam
6720,Nevertheless Studio
6721,Neverworks Games
6722,Nevolane
6723,Nevosoft
6724,Nevsram
6725,New Beings
6726,New Blood Interactive
6727,New Bridge Games
6728,New Companion
6729,New Deer
6730,New England Interactive
6731,New Games Waves
6732,New Generation Games
6733,New IDEA Games
6734,New State
6735,NewGen
6736,NewOldMax
6737,NewProjekt
6738,NewTaskbar Team
6739,Newbuild-C
6740,Newhead Studio
6741,Newvicon Ltd
6742,Next Generation Gaming
6743,Next Stage Inc.
6744,Nezon Production
6745,NguyeZ
6746,Nhat Nguyen
6747,Ni Hao
6748,NiVision
6749,NiaR
6750,Nianqiu Cao
6751,Nibb Games
6752,Nic
6753,Nic Schubert
6754,Nice Dream
6755,Nichita Ciuprin
6756,Nicholas McDonnell
6757,Nicholas O'Brien
6758,Nicholas Orlowski
6759,Nicholas Rizzo
6760,Nick
6761,Nick Baker
6762,Nick Ciulla
6763,Nick Mellott
6764,Nick Oueijan
6765,Nick Paladino
6766,Nick Urs
6767,Nickireda
6768,Nico H
6769,Nico Tuason
6770,NicoDiti
6771,Nicolas Beaudette
6772,Nicolas Jean
6773,Nicolas Kemball-Cook
6774,Nicolás Delgado
6775,Nidal Nijm Games
6776,Niebla Games
6777,Niema Moshiri
6778,Nifflas
6779,Niflheim
6780,Nifty Visuals
6781,Night Job Games
6782,Night School Studio
6783,Night Signal Entertainment
6784,NightByte Games
6785,NightCat Studios
6786,Nightdive Studios
6787,Nighthouse Games
6788,Nightlife Strangers
6789,Nightmare Ink Publishing
6790,Nightstuff Games
6791,Nihon Falcom
6792,Niila Games
6793,Nik's Games
6794,Niki Cilliers
6795,Nikita Igorevich Studio
6796,Nikita Kryukov
6797,Nikita Markin
6798,Nikita Morti
6799,Nikita P. Chiril G.
6800,Nikita Ustinov
6801,Nikk F.
6802,Nikko Nikko
6803,Niklas Ström
6804,Niko
6805,Niko Ritari
6806,Nikodem Lokatelj
6807,Nikodem Swider
6808,Nikola Bulj
6809,Nikola Grunchevski
6810,Nikola Todorovic
6811,Nikolai Usachev
6812,Nikolaj Piet Pagh
6813,Nikolay Karakelyan
6814,Nikolay Kulesh
6815,Nikolay Lazarev
6816,NikuTreat
6817,Nils Jakrins
6818,Nimble Giant Entertainment
6819,Nimbus Games
6820,Nimos Games
6821,Nina Demirjian
6822,Nindo
6823,Nine Dots Studio
6824,Nine Rocks Games
6825,NinePlus Studio
6826,Ninetail
6827,Ninja Gamer Studio
6828,Ninja Kiwi
6829,Ninja Rabbit Studios
6830,Ninja Theory
6831,NinjaDuck Games
6832,Nintai Studios
6833,NioTum
6834,NipoBox
6835,"Nippon Ichi Software, Inc."
6836,NipsApp Game Studios
6837,NipsApp Gaming Software
6838,Nise-Eikoku Studio
6839,Nitro Origin
6840,Nitro+CHiRAL
6841,Nitrome
6842,Nitroplus
6843,Nixxes Software
6844,No
6845,No Code
6846,No Future
6847,No Ghost
6848,No Matter Studios
6849,No Scope Studios
6850,No Strike
6851,No Stuck Game Studio
6852,No more Sleep
6853,No.25
6854,NoBreadStudio
6855,NoDeadLineGames
6856,NoFace工作室
6857,NoSleepGames LLC
6858,Noah Kellman
6859,Noah Lewin
6860,Noah Maestre
6861,Noah Rayburn
6862,Noah Scarborough
6863,Noah W. Calhoun
6864,Noble Master LLC
6865,Noble Muffins
6866,Noble Phantom Games LLC
6867,Nobody Studio
6868,Noctiluca Studio
6869,Nocturnal works
6870,Nocturne Studio
6871,Nodbrim Interactive
6872,Nodding Heads Games
6873,Nodtech Creative Industries Ltd.
6874,Nogam Game
6875,NoiArts
6876,Noio
6877,Noio Games
6878,Noise Hunters
6879,Noiseminded
6880,Noisestorm
6881,Noisy Head Games
6882,Noland Studios
6883,Nolla Games
6884,Nomad Games
6885,Nomary
6886,Nomas Games
6887,Nomina Games
6888,NomnomNami
6889,NonNobis Games
6890,Noobz From Poland
6891,Noobz from Poland
6892,Nooner Bear Studio LLC
6893,Noostyche
6894,Noppasin Ngamsanguanprapa
6895,Norabako
6896,Nordic Empire Games
6897,Nordville Technology LTD
6898,Norka
6899,Normal Distribution LLC
6900,Normogames
6901,Normunds Petrovs
6902,Norsfell
6903,North Modding Company AB
6904,Northend Games
6905,Northern Mind
6906,Northplay
6907,Northway Games
6908,Nosebleed Interactive
6909,Nostalgames
6910,Nostalgia
6911,Nostalgiatree and faxdoc games
6912,Not A Goose
6913,Not A Serious Game Studio
6914,Not Dead Design
6915,Not Fun Games
6916,Not Yet
6917,Not a Sailor Studios
6918,NotDeadLuna Studio
6919,NotGames
6920,Notex
6921,Nothing Rhymes With Entertainment
6922,Notion
6923,Notional Games
6924,Noto Muteki
6925,Notovia
6926,Notte Studio Games S.R.L.S
6927,Nour Ashmawy
6928,Nova B12
6929,Nova-box
6930,NovaSoft Interactive Ltd.
6931,Novalink
6932,Novarama
6933,"NovelKeys, LLC."
6934,Novelab
6935,Novity
6936,NowakGames
6937,Nowhere Studios
6938,Nowsky
6939,Noxfall Studios
6940,Nozori Games
6941,NuChallenger
6942,Nuci
6943,Nucko Games
6944,Nuclear Games
6945,Nuclear Lunch
6946,Nudiventra
6947,NukGames
6948,Nukearts Studio
6949,Nukeborn Studio
6950,Nuked Cockroach
6951,Nuko Majin
6952,Null Pointer Studio
6953,Null Reference Games
6954,Null Reference Studio
6955,NullReferenceException
6956,Nullpointer Games
6957,Nullsson
6958,Numinous Games
6959,NuoMiGame游戏开发工作室
6960,Nupu Neko Dev
6961,Nupuryu no sato
6962,Nussygame
6963,Nuwenu Studio
6964,Nyanco Channel
6965,Nyberius
6966,Nyxtales
6967,O-TWO inc.
6968,O. Kaya
6969,O.Stogden
6970,OFK
6971,OKYO GAMES
6972,OLKON GAMES
6973,OMFGames
6974,"OMOCAT, LLC"
6975,ONE-O-ONE GAMES
6976,ONEONE1
6977,"ONGAKUKAN Co., Ltd."
6978,ONITRON STUDIO
6979,ONUR GENCAY GÖKÇE
6980,OPERAHOUSE
6981,OPG EUPHORE
6982,OPai GAME
6983,"ORANGE CUBE, INC."
6984,ORANGE POPCORN
6985,ORICO interactive
6986,ORIGAME DIGITAL
6987,ORQA
6988,OSome Studio
6989,OTA IMON Studios
6990,OTL GAME
6991,OVA
6992,OVRAS Team
6993,OWG Studios
6994,OXO Games
6995,OZBER CIN
6996,OZNA STUDIO
6997,OZYSOFT
6998,Oakley Blade Games
6999,Oath Games
7000,Obelisk Studio
7001,Object Normal
7002,Object Software
7003,Objectif 3D
7004,Oblom studio
7005,Oblomov Industries
7006,Obscure Tales
7007,Obsidian Entertainment
7008,Ocean
7009,"Ocean Drive Studio, Inc."
7010,Ocean's Dream
7011,Ocellus Studio
7012,Octavia Blue
7013,Octavio Gomes
7014,Octeto Studios
7015,Octillion Entertainment
7016,Octobear Knight Games
7017,October Games
7018,Odd Bug Studio
7019,OddOneGames
7020,Oddscure
7021,Oddworld Inhabitants
7022,Odencat
7023,Odinsoft Inc.
7024,Odooh Games
7025,Odyssey Studios
7026,Ofek Ben Shalom
7027,Ofer Rubinstein
7028,Off The Deck Games
7029,Official LAMBs
7030,OfficialCH
7031,Offwidth Games Ltd
7032,Offworld
7033,Ogre Pixel
7034,Oguz Kemerli
7035,Oh
7036,OhDeer Studio
7037,Ohana Studio
7038,Ohsat Games
7039,Oiffy
7040,Oil Wars Team
7041,Oimoland
7042,Oink Games Inc.
7043,Oisoi
7044,Ok! Games
7045,Oki Aki
7046,Okidokico
7047,Okomotive
7048,Oksana Bula
7049,Old Apes
7050,Old Fashioned Games
7051,Old Moon
7052,Old Oak Den
7053,Old School Vibes
7054,Old Skull Games
7055,Old World Studios™
7056,OldFarmer
7057,Oleander Garden
7058,Oleg Dzhuraev
7059,Oleg Sereda
7060,Oleg Shestoperov
7061,Oleg Skutte
7062,Oleh Baziv
7063,Oli Taylor
7064,Olie Games
7065,Olipa Games
7066,Oliver Josh
7067,Olivier Monaret
7068,Olli Arkko
7069,Olydri Games
7070,Omar Bik
7071,Omar Chapa Hernandez
7072,Omar Chapa Moyers
7073,Omeda Studios
7074,Ominous Entertainment
7075,Ominux Games
7076,Omni Games
7077,Omnifarious Studios LLC
7078,Omnis Rector Studios
7079,On Target Simulations
7080,OnSkull Games
7081,Once A Bird
7082,Ondrej Hroch
7083,One Armed Bandit
7084,One Bit Studio
7085,One Buck
7086,One Dreamer Company
7087,One Earth Rising™
7088,One Face Studio
7089,One Goose Army
7090,One Gruel Studio
7091,One Man Games
7092,One More Level
7093,One Percent Games LLC
7094,One Secret Pseudo
7095,One Tasteful Succulent
7096,One Tree Hill Studios
7097,One Up Plus
7098,One Up Plus Entertainment
7099,One or Eight
7100,OneBlock
7101,OneGuyGames
7102,OneMac
7103,OneOneGames
7104,Onefin
7105,Oneiric Tales
7106,Oneiric Worlds
7107,Onerat Pty Ltd
7108,Onfire Games
7109,Ongmaker
7110,OnigiriStudio
7111,Onion Games
7112,OnionMilk
7113,Onix Games
7114,OnlineObject
7115,Only By Midnight Ltd.
7116,Only4Gamers
7117,Onur Ayas
7118,Onur Doğan
7119,Onuralp Kanatsz
7120,Onyx Lute
7121,Oose
7122,OpalA dev
7123,Opala Project
7124,Open Alpha
7125,Open Maw Productions
7126,Open Mid Interactive
7127,Open World Interactive
7128,OperaHouse Corporation
7129,Oppressive Games
7130,Ops Game Studio
7131,OptiMAST
7132,Optic Scatter Games
7133,Optillusion
7134,Option 44
7135,OptizOnion
7136,Oracle and Bone
7137,Orange Blossom
7138,Orange Pylon Games
7139,OrangePig Studio
7140,Orange_Juice
7141,Orangepixel
7142,OrangutanLeMonk
7143,Orata Studio
7144,Orbi Universo Team
7145,Orbis Studio
7146,Orbit Studio
7147,Orbital Contingent
7148,Orbital Express
7149,Orca Layout
7150,Orchidstra Entertainment
7151,Orcsoft
7152,Order & Entropy Studios
7153,Ordinary Pine Studio
7154,Orgesta Inc.
7155,Ori Mees
7156,OriOpa Studio
7157,Orichalcum Pictures
7158,Original Fire Games
7159,Orika Nekoi
7160,Oriol Cosp Games
7161,OrionGames
7162,Orius Games
7163,Orkbadger
7164,Ornbjorn
7165,Orongto
7166,Orteil
7167,Orube Game Studio
7168,Osarion
7169,Osaris Games
7170,Oscar Bonduelle
7171,Oscar Brittain
7172,Oskar Henrique
7173,Oskar Stålberg
7174,Oslo Albet
7175,Osmose Studio
7176,Ostra Entertainment
7177,Ot Vinta
7178,Ota Guchi Field
7179,Ota Mato
7180,Otakesan
7181,Other Ocean Emeryville
7182,Otherworld Interactive
7183,Otis Miller
7184,Otreum Games
7185,OtterWays
7186,Ouadi Huard
7187,OuroborOs_
7188,Ouroboro Soft Inc.
7189,Out Gaming
7190,Out Of Time Interactive
7191,Out of Bounds Playground
7192,Out of the Blue Games
7193,Out of the Box Games UG
7194,Out of the Park Developments
7195,OutOfTheBit Ltd
7196,Outer Brain Studios
7197,Outer Heaven
7198,Outer Planet Studios
7199,Outerloop Games
7200,Outlier
7201,Over Games
7202,Over The Moon
7203,OverBorder Studio
7204,OverDrift Crew
7205,OverPowered Team
7206,Overaction Game Studio
7207,Overall Adventures ltd
7208,Overflow
7209,OverheatSquare
7210,Overlay Games
7211,Overrun Games
7212,Overseer Games
7213,Oversteer Studios
7214,Ovgoskyiu
7215,Ovid Works
7216,Ovilex Software
7217,Owen Black
7218,Owen6936
7219,Owlcat Games
7220,Owlchemy Labs
7221,Owlskip Games
7222,Owned by Gravity
7223,Oxeliz Pvt ltd
7224,OyFyBy
7225,Oz
7226,Ozzie Sneddon
7227,P.+
7228,P.G.制作组
7229,P3 Games
7230,PALETTE
7231,PALETTE-QUALIA
7232,PATRONES & ESCONDITES
7233,PAXERT GAMES
7234,PBS Designs
7235,PEACH CAT
7236,PEARFLOWER
7237,PELMENI GAMES
7238,PENPEN
7239,PEPOLA INDIA Pvt. Ltd.
7240,PERENNIAL HEARTS LLC.
7241,PG Games
7242,PH3 GmbH
7243,PH7 Studios
7244,PHL Collective
7245,PHOSEPO
7246,PHOSPHORUS GAMES
7247,PICOPICOSOFT
7248,PICTOLOGI
7249,PINIX
7250,PJ Rivas
7251,PLAY Mephistowaltz
7252,POWER UNIT
7253,PRM Games
7254,PRODUKTIVKELLER Studios
7255,PROJECT MOREUM Inc.
7256,PROMVI GAMES
7257,PS Games
7258,PTL
7259,PTW Inc.
7260,PUC de Chile
7261,PUMPKIM
7262,PUNKCAKE Delicieux
7263,PUPPET DEPOT GAME STUDIO
7264,PURESIS
7265,PUZZLE Games
7266,PWCT Software
7267,PWNED Studio
7268,Pablo Arismendi Rabe
7269,Pablo Barrón
7270,Pablo Lario Gómez
7271,Pablo Leban
7272,Pablo Picazo
7273,Pahris Entertainment SIA
7274,Paintbucket Games
7275,Paleodev
7276,Palikkapeli Entertainment
7277,Palindrome Interactive
7278,Paliverse
7279,Palladium Soft
7280,Palladium Super Interactive
7281,Palmsoft
7282,Pamela Pizarro-Ruiz
7283,Pan Studio
7284,PanGuoJun
7285,Panache Digital Games
7286,PancakeGames
7287,Panda Indie Studio
7288,PandaCat 熊喵独立游戏
7289,"Pandan Games, LLC"
7290,Pandemic Studios
7291,Pandora Technology
7292,PanfilovDev
7293,PangdoraSouls
7294,Pangea Survival Development Team
7295,Panic Ensues Software
7296,PanicBarn
7297,Pannl Inc.
7298,Pantechou M
7299,Panzer Division Games
7300,Panzer Gaming
7301,PapStache
7302,Papangu Games
7303,Papaonn
7304,Paper Atom
7305,Paper Bunker s.r.o.
7306,Paper Cult
7307,Paper Promises Programming
7308,Paper Salamander Games
7309,Paper Scissors
7310,Paperboy Games‎
7311,Papertiger Studio
7312,Papucs Games
7313,Parables Games
7314,Paradox Development Studio
7315,Parallel Circles
7316,Parallel Portal
7317,Parallel Studio
7318,Parallel World studio
7319,Paralune LLC
7320,Parange Project
7321,Paranoid Interactive
7322,Pariah Interactive Inc.
7323,Parker Becton
7324,Parker Crandell
7325,PartTimeIndie
7326,Party for Introverts
7327,PartyBunchDev
7328,PartyGaming
7329,Parul Wadhwa
7330,Pascal Dittrich
7331,Pasha Utt
7332,Passion Republic Games
7333,Passtech Games
7334,Pastagames
7335,Pastel Peaks Production
7336,Path Games
7337,Patha Pradipa 挪灯人
7338,Pathea Games
7339,Patricio Marin
7340,Patrick Sweeney
7341,Patrick Traynor
7342,Patrik Eliaš
7343,Patrik Sehnoutek
7344,Paul Banks
7345,Paul Bird
7346,Paul Georghiou
7347,Paul Hebbinckuys
7348,Paul Podberezko
7349,Paul Schnepf
7350,Paul Wallace
7351,PaulArt
7352,Paula Cuevas
7353,Paulius Giniotis
7354,Paulo Henrique Franqueira
7355,Paulo Robson Allonso
7356,Paulo Sacilotti Junior
7357,Paulo Vinicius
7358,Pavel Kudinov
7359,Pavel Kutejnikov
7360,Pavel Repin
7361,Pavel Ryabtsev
7362,Pavel Tovarys
7363,Pavo Studio
7364,Pavonis Interactive
7365,Pavrek Games
7366,Pawika Khampawong
7367,Pawley Games
7368,PeDePe GbR
7369,Peace & Love Games
7370,Peace Blvd Games
7371,Peachy Clouds
7372,Peachy Keen Games
7373,Peaksel
7374,Peakway Software LLC
7375,Peanut Button
7376,Pedro Acuña
7377,Pedro Lima
7378,Peepod Inc.
7379,Pendopo Creations
7380,Pendulo Studios
7381,Penguin Gamers
7382,Penguin Void Productions
7383,Penrose
7384,People Can Fly
7385,Pepite Studios
7386,Perfect Day Studio
7387,Perfect Games
7388,Perfect Garbage
7389,Perfectly Generic Team
7390,Perfectly Paranormal
7391,Perfoon
7392,Performance Artist
7393,Perfuse Entertainment
7394,Perish Arts
7395,PerkMandelc
7396,Pernich Media
7397,Perpetual Motion Software
7398,Persona Theory Games
7399,PersonaeGame Studio
7400,Persp3ctive
7401,Perspektik
7402,Perun Creative
7403,Pet Project Games
7404,Petal Cat Games
7405,Peter Hijma
7406,Peter Jurkovsky
7407,Peter Knak
7408,Peter Soltesz
7409,Petersen Games
7410,Petit Depotto
7411,Petit Fabrik
7412,Petoons Studio
7413,Petr Šimůnek
7414,"Petricore, Inc."
7415,Petriheart
7416,Petroglyph
7417,Petrov Yuriy
7418,Petums
7419,Pew Times Three
7420,Pewter Games Studios
7421,Pham Studio
7422,Phantasma Digital
7423,Phantom Compass
7424,Phantom Studio
7425,PhantomHeadache
7426,Phantombolt Games
7427,Phantomisland
7428,Pharaoh Hound Games
7429,Pharos Interactive
7430,PhatRobit
7431,Phenomena
7432,Phigames
7433,PhijkchuGames
7434,Philipp Lehner
7435,Philippe Schober
7436,Philisophic Games
7437,Phillip Trudeau-Tavara
7438,Philosophical School of Games
7439,Philosophy♂
7440,Philozofia Studio
7441,Phobia Game Studio
7442,PhobiaGamesNet
7443,Phodex Games
7444,Phoenix Game Studio
7445,Phoenix Labs
7446,Phoenix Steel Games
7447,PhoenixFire Games
7448,Phoenixxx Games
7449,Phosphor Game Studios
7450,Phr00t's Software
7451,Phun Peeticharoenthum
7452,Phung Games
7453,Phyox Entertainment
7454,PiBoSo
7455,PiCorp
7456,PiPuProductions
7457,Picatrix Games
7458,Piccolo Studio
7459,Pickle Drugs
7460,Picklefeet Games
7461,Pickles Entertainment
7462,Pico Games
7463,Pico Sacro Games
7464,Picogram
7465,Picorinne Soft
7466,Pidro Soft
7467,Pidroh
7468,Piece Of Voxel
7469,Piecewise Labs
7470,PiedPipers Team
7471,Pierre Vandermaesen
7472,Pieslice Productions
7473,Pigeon-G
7474,PigeonDev
7475,Piggybank Studios
7476,Pigs Fly Games
7477,PikPok
7478,Pika's Game
7479,Pikewin
7480,Pikku-a
7481,Piko Interactive
7482,Piko Interactive LLC
7483,Pikselnesia
7484,Pilbo Games
7485,Pilgrim Adventures
7486,Pillow Castle
7487,Pinblend Studios
7488,Pine Drake Games
7489,Pine Games
7490,Pine Scented
7491,Pine Studio
7492,Pinel Games
7493,Pingfang Games
7494,Pinhead Games
7495,Pinochet Lab
7496,Pinpoint Interactive
7497,Piotr Wolk
7498,Pipocation Games
7499,Piranha Bytes
7500,Piranha Games Inc.
7501,Pirates Bay Studio
7502,Pirita Studio
7503,Pirozhok Studio
7504,PixFroze
7505,Pixadome
7506,Pixel Bakery
7507,Pixel Beef Games
7508,Pixel Cattle Games
7509,Pixel Crow Games
7510,Pixel Delusion
7511,Pixel Forge Games
7512,Pixel Games UK
7513,Pixel Happy Projects
7514,Pixel Heart Studio
7515,Pixel House Games
7516,Pixel Licker LLC
7517,Pixel Machine
7518,Pixel Maniacs
7519,Pixel Maverick Games
7520,Pixel Peanuts
7521,Pixel Pushers Union 512
7522,Pixel Puzzles
7523,Pixel Ratio
7524,Pixel Reef
7525,Pixel Rework
7526,Pixel Rice
7527,Pixel Sprout Studios
7528,Pixel Works Ltd.
7529,Pixel Wrappers
7530,Pixel laboratory
7531,Pixel vs Pixel
7532,Pixel-Archipel
7533,PixelCount Studios
7534,PixelHive
7535,PixelLeap Games
7536,PixelNAUTS Games
7537,PixelRNG
7538,PixelSized
7539,Pixelabor
7540,Pixelbois
7541,Pixelfactor Ltd.
7542,Pixelian Studio
7543,Pixellica Corp.
7544,Pixelnest Studio
7545,Pixelsplit
7546,Pixelsplit Simulations
7547,Pixelvex LLC
7548,Pixeye Games
7549,Pixidraft Studios
7550,Pixile
7551,Pixpil
7552,Pizia
7553,Placeholder Gameworks
7554,Planchette Games
7555,Planescape Game Studio
7556,Planeshift Interactive
7557,Planet Pandemic
7558,Planet Renox
7559,Planetary Gears
7560,Planetfall Studios
7561,Plankwalk Studio
7562,Plasma Press
7563,Plasticity Studios
7564,PlatSTUDIO
7565,PlatformaVR
7566,Platinum Games
7567,PlatinumGames Inc.
7568,Platomenti
7569,Platonic Partnership
7570,Plattnip
7571,Platuro
7572,Play Games Ltd
7573,Play Systems
7574,Play2Chill S.A.
7575,PlayMagic
7576,PlayPlay Studios
7577,PlayPlayGame
7578,PlaySide
7579,PlayToday
7580,PlayTogether Studio
7581,PlayWithFurcifer
7582,Playables
7583,Playbae
7584,Playcademy
7585,Playcorp Studios
7586,"Playdek, Inc."
7587,Played With Fire
7588,Player Legacy
7589,Playfellow Studio
7590,Playful Corp.
7591,Playful Pasta
7592,Playground Games
7593,Playlearn
7594,Playmestudio
7595,Playsaurus
7596,Playstark
7597,Playwing LTD
7598,Please
7599,Please Be Patient
7600,PleasingFungus Games
7601,Plectrum XR
7602,Plethora Project
7603,Plot Twist
7604,Plow Games LLC.
7605,"Plucky Rat Games, LLC"
7606,Plug
7607,Pluto VR
7608,Pmurph Games
7609,Pocket Pinata
7610,Pocket Trap
7611,Pocketpair
7612,Podoba Interactive
7613,Poetic
7614,Point Blank Games
7615,Poison The Inkwell
7616,PoisonGames
7617,Pok&Co
7618,Poking Water Games
7619,Pol
7620,Polar Tabby Interactive Inc.
7621,Polarbyte Games
7622,Poleaxe Games LLC
7623,Polish Hacker
7624,Polished Games
7625,Pollaris Studios
7626,Polte Games
7627,Poly Games
7628,Poly Poly Games
7629,Poly anchor studio
7630,PolyAmorous
7631,PolyCrunch Games
7632,PolyDemons
7633,Polyarc
7634,Polyblock Studio
7635,Polychrome Games
7636,Polycorne
7637,Polygon Art
7638,Polygon Treehouse
7639,Polymorphic Games
7640,Polyscape Inc.
7641,Polyslash
7642,Polyverse Games
7643,Polywickstudio
7644,Pomelo Games
7645,Pomeshkin Valentin Igorevich
7646,Pomshine Games
7647,Pon Pon Games
7648,Pond Games PTY LTD
7649,Pontoco
7650,Pontypants
7651,Ponywolf
7652,Poobool
7653,Poor Locke
7654,Poorly Drawn Squid
7655,PopCap
7656,Popover Studio
7657,Poppy Works
7658,Poptropica
7659,Porcupine Parkour
7660,Poroshin Develop
7661,Porter Zach
7662,Portgate Studios
7663,Positech Games
7664,Possum House Games
7665,Post Boredom Games
7666,Post Mortem Pixels
7667,Posterity Entertainment
7668,Postmodern Adventures
7669,PotS
7670,Potata Company
7671,Potato Chip With Onion Dip
7672,Potato Chips
7673,Potato Games
7674,Potato Interactive
7675,Potato Peoples
7676,Potato10
7677,Potion Junkies
7678,Pottgames
7679,Power Level Studios Inc.
7680,Power Struggle Games
7681,Power Up to Maximum
7682,PowerBurger
7683,PowerSlash Studios
7684,Poxpower
7685,Pracy Studios
7686,Prajna Concepts
7687,Preapp Partners
7688,Prefrontal Cortex
7689,PreoNus Games
7690,PresenZ
7691,Prestige Games
7692,Prestosilver
7693,Pretoriano_dev
7694,Pretty Bad Studios
7695,Pretty Fly Games
7696,Pretty French Games
7697,Pretty Potato Games
7698,Prideful Sloth
7699,Prikol Team
7700,PrimaryOrbit
7701,Prime Bit Games SA
7702,Prime Games
7703,Primula
7704,Prince Game Studio
7705,Prineside
7706,Priory Games
7707,Prisma Games L.L.C.
7708,Prismalice
7709,Pro Gamer Moment
7710,ProYuga Advanced Technologies Ltd
7711,Production Exabilities
7712,Prof. Dr. Christoph Minnameier
7713,Profenix Studio SRLS
7714,Professional Villains
7715,Professor David Lopez
7716,Profour
7717,Programancer
7718,Projeckt Skeleton
7719,Project 99 Games
7720,Project Angels Dev
7721,Project Anthem
7722,Project Eril
7723,Project Handsoap
7724,Project Rolling Gunner
7725,Project v2
7726,ProjectHueHuman
7727,ProjectMoon
7728,ProjectRequiem
7729,ProjectorGames
7730,Projects from Basement
7731,"Prometheus Vision Technology Co., Ltd."
7732,Properly Decent
7733,PropilGames
7734,Propulsion Games
7735,Propulsive Games
7736,Proton Studio
7737,Proton Studio Inc
7738,Protopixel
7739,Protopop
7740,Provincia Studio
7741,Provodnik Games
7742,Proximity Games
7743,PseudoGames
7744,Psilocybe Games
7745,PsyRob
7746,PsychoRavens
7747,PsychoSeel
7748,Psychronic Game Studios
7749,Psyop
7750,Ptilouk.net Studios
7751,Public Void
7752,PuffballsUnited
7753,Pufferfish Digital
7754,Pug Fugly Games
7755,Puggy Studios
7756,Pugscape
7757,Pugstorm
7758,Puke&Guts
7759,Pulsatrix Studios
7760,Pumpkin Interactive
7761,Pumpkin Studios
7762,Pun Intended
7763,Punch Punk Games
7764,Punk Notion
7765,Puntigames
7766,Punx Studios
7767,Puppet Combo
7768,Pupuya Games
7769,Pura Studio
7770,PureIceBlue
7771,Pureworks Japan 株式会社
7772,Purple Cable
7773,Purple Island
7774,Purple Lake
7775,Purple Lamp
7776,Purple Tea Studio
7777,Purple Thunder Games
7778,Purple Tree S R L
7779,Purple Tree Studio
7780,PurpleSloth
7781,Purple猫 Studio
7782,Puzzle Box Games
7783,Puzzles by Joe
7784,Pykrete Games
7785,Pyramid
7786,Pyramid Attack Inc.
7787,Pyraminx Soft
7788,Pyrebug Studios
7789,Pyro Studios
7790,Pyxeralia
7791,Pyxeralia LLC
7792,Pénélope Schachner
7793,"Q Switched Productions, LLC"
7794,QAQ Studio
7795,QAQ-A7
7796,QCF Design
7797,QED Games
7798,QLOC
7799,QS
7800,QTS
7801,QUByte Interactive
7802,QYJO
7803,QZQ Studio
7804,Qd
7805,Qin Yin
7806,Qingqi Gao
7807,Qrostar
7808,Qruppo
7809,Qu!ckSave
7810,Quacky Games
7811,Quad Cycles
7812,Quadfix Games
7813,Quantic Dream
7814,Quantum Forge Studios
7815,Quantum Lion Labs
7816,Quantumfrog
7817,Quarant Inc.
7818,Quarlellle
7819,QuattroGear
7820,Queen Bee Games
7821,Queenfish Games
7822,Quentin Delvallet
7823,Quercus Quag Software
7824,Questions Factory
7825,Questline
7826,Quick nail Aristocrat
7827,QuickSave
7828,Quiet River
7829,Quill Yuri
7830,Quinn K.
7831,Quint Studio
7832,Quirk Bit Limited
7833,Quirky Porcupine
7834,Quite Different Mechanics
7835,Quite Fresh Games
7836,Quite Good
7837,Qumaron
7838,Qute
7839,R Riebau
7840,R's Horrors
7841,R2 GameStudio
7842,R3GameCreate
7843,R3Games
7844,R8 Games Ltd
7845,RAM Studios
7846,RASK
7847,RAWRLAB Games
7848,RAYKA STUDIO
7849,RAZAR s.r.o.
7850,RB Wolf Design
7851,RBL LABS
7852,RBOR Games
7853,RC1 Entertainment
7854,RE Atelier
7855,RE:CODE
7856,REACTORJOY
7857,REAL Co.Ltd
7858,REBUILD GAMES
7859,REDRAY
7860,REMIMORY
7861,REX PEX GAMES
7862,RFL Art
7863,RG-Studio
7864,RGG Studio
7865,RIALAB
7866,RIQPLAY
7867,RIVER CROW STUDIO
7868,RIVERSIDE SPORTS
7869,RJ Workshop
7870,RKTime
7871,RMAL
7872,ROCKFISH Games
7873,ROKiT Control
7874,ROSEVERTE
7875,ROUGH KUTS
7876,RPAX
7877,RPG Adventures Team
7878,RPGScenery
7879,RPGames
7880,RPN Indie Developer
7881,RRTS
7882,RSoft Games
7883,RTGR Games
7884,RTR MONKEY
7885,RUDZKI
7886,RUNWILD Entertainment
7887,RUZURA Interactive
7888,RUzura Interactive
7889,RVL Games
7890,RWS C Team
7891,RZGames
7892,R_Games
7893,RaVeN Studios
7894,Rabbithole Games
7895,Rabbiton
7896,Rabotiagi games
7897,Rachan Neamprasert
7898,Rachata Suksereekul
7899,Rachel Haub
7900,Rachel Li
7901,Rachel Wigell
7902,Raciebug
7903,Racing Bros
7904,Racjin
7905,Rackaway Studios
7906,Rad Codex
7907,RadGames
7908,Radatomic Studios
7909,Radi Art
7910,Radian Simulations LLC
7911,Radiangames
7912,Radiation Blue
7913,Radical Fiction
7914,Radical Forge
7915,Radin Games
7916,Radio Silence Entertainment
7917,RadioFree.Net
7918,Rafael Ben-Ari
7919,Rafael Braza
7920,Rafael Burgos
7921,Rafael García
7922,Rafael Rios
7923,Rafael and Vicente
7924,Raffaele Picca
7925,Ragdoll Inc
7926,Ragged Games
7927,Ragnar Brynjúlfsson
7928,Ragnarökr Project
7929,Raidho Game Studio
7930,Raidho Games
7931,Raikon Kitsune
7932,Rail Minnullin
7933,Rain Games
7934,RainForest Games
7935,RainSoft
7936,RainStyle games
7937,Rainbeat Games
7938,Rainbite Ltd
7939,Rainbow Flute Studio
7940,Rainbow Studios
7941,RainbowStudio
7942,RainyDollGames
7943,Raiyon Studios Pte Ltd
7944,Rakame 7
7945,Rakarnov
7946,Rake in Grass
7947,RakuRai
7948,Ralien Studios
7949,Ramen VR
7950,Ramify Games
7951,Ramsey Lee
7952,Rand.Exe Studios
7953,Randall Alaimo
7954,Random Potion Oy
7955,RandomErik
7956,RandomSpin
7957,Randumb Studios
7958,Randwerk
7959,Ranida Games
7960,Ransacked Studios
7961,Raphael Chalupowicz
7962,Rapt Interactive
7963,Raptor Claw
7964,Raptor Claw Games
7965,Raptor Studios
7966,Rare Ltd
7967,Rarebyte
7968,Raredrop Games Ltd
7969,Rarykos
7970,Raskal Games
7971,Raster_Entertainment
7972,Rasul Mono
7973,Rat Cliff Games
7974,Rat King Collective
7975,RatDog Games LLC
7976,Ratalaika Games S.L.
7977,Ratbag Games
7978,Raulworks
7979,Rave Games
7980,Ravegan
7981,Ravelin Games
7982,Raven Software
7983,RavenFist Studios LLC
7984,Ravenhood Games
7985,RaveyLarge
7986,Ravine AB
7987,Ravn Studio
7988,Raw Lion Workshop
7989,Ray Hsiao
7990,Ray Trace Interactive
7991,Rayark International Limited
7992,Raylight Games
7993,Rayll
7994,Rayll Studios
7995,Raynmakyr
7996,Raytrace Interactive
7997,Razard
7998,Rdev group
7999,Re: cOg Mission
8000,ReRolled Studio
8001,Reactor Studios
8002,ReadGraves
8003,Real Epic Development Studios
8004,Real Game Machine
8005,Real Welders
8006,RealGame
8007,RealGames Dev
8008,RealStone Studio
8009,Reality Inside Ltd.
8010,Reality MagiQ
8011,RealityArts Studio
8012,RealityBeholder
8013,Really Interactive
8014,Really Ragdoll
8015,Realm Archive
8016,Realm of Alters Limited
8017,Realmforge Studios
8018,Reanimate Games
8019,Reanimated Games
8020,Reb_Orn
8021,Rebel Act Studios
8022,Rebel Graphix
8023,Rebelia Games
8024,Rebellion
8025,Rebelpug
8026,Reblexis Studio
8027,Reborn Entertainment
8028,Rebound
8029,RecklessGames
8030,Reckoner Industries
8031,Recontact Games
8032,RecordRecordsGame
8033,Recotechnology S.L.
8034,Recreate Games
8035,Recursionstudio
8036,Red Android
8037,Red Axe
8038,Red Axe Games
8039,Red Barrels
8040,Red Bird Studios
8041,Red Cabin Games
8042,Red Dot Games
8043,Red Ego Games
8044,Red Fox Studios
8045,Red Fur Games
8046,Red Games Co.
8047,Red Hook Studios
8048,Red Ink Production
8049,Red Koi Box
8050,Red Kraken studio
8051,Red Light
8052,Red Limb Studio
8053,Red Meat Games
8054,Red Mountain
8055,Red Nexus Games Inc.
8056,Red Phantom Games
8057,Red River Games
8058,Red Rose
8059,Red Scale Studio
8060,Red Skald
8061,Red Skies Studios
8062,Red Sprite Studios
8063,Red Square Games
8064,Red Squirrel Tribute Games
8065,Red Stage Entertainment
8066,Red Starship
8067,Red Team Games
8068,Red Team Interactive Inc.
8069,Red Thorn Interactive
8070,Red Triangle Games
8071,Red Zero Games
8072,Red bean Taiyaki
8073,Red × Balloon
8074,Red-Pixel
8075,Red13Indie
8076,RedBoon
8077,RedClaw Productions
8078,RedDeer.Games
8079,RedDot Games
8080,RedEmber
8081,RedHill Game Studio
8082,RedHouse Studios LLC.
8083,RedKar Devs
8084,RedLizard Studio
8085,RedRosesSkull
8086,RedRuins Softworks
8087,RedSoup Studio
8088,RedTower
8089,Red_Nova
8090,Redact Games
8091,Redaster Studio
8092,Redbeak Games
8093,Redbeet Interactive
8094,Redblack Spade
8095,Redbrick Studios Ltd
8096,Redcatpig Studio
8097,Redeev
8098,Redgate Entertainment
8099,Redivided Studios
8100,Redlock Studio
8101,Redmoon Games
8102,Redsparklegames
8103,Redstart Interactive
8104,Redstone Interactive
8105,Redwoods Digital Games
8106,Reep Softworks
8107,Refactor Games
8108,Refinery Games
8109,Reflect Studios
8110,Reflective Surfaces
8111,Refrigerator game lovers
8112,Refugium Games
8113,Regal Pigeon
8114,Regeneration studio
8115,Regl Studios
8116,Regular Studio
8117,Reija
8118,Reijo
8119,ReinosIberos
8120,Reiza Studios
8121,Rejected Games
8122,Rejet
8123,Rekka Games
8124,Rekt Games
8125,Reky Studios
8126,Relax Minimalism
8127,Relic Entertainment
8128,Relka studio
8129,Relow Digital
8130,Remedy Entertainment
8131,Remix Games
8132,Remnants of mosaic
8133,Remoob
8134,RenPixel
8135,Rename Studio
8136,Renan Felipe
8137,Rendah Games
8138,Render Cube
8139,Renderise
8140,Rendlike
8141,Renegade Sector Games
8142,Renka
8143,RentugNetic
8144,Repa Games
8145,Repa games
8146,Reperio Studios
8147,Repixel8
8148,Reply Game Studios
8149,Reptoid Games
8150,Request Logic
8151,Reroll Gaming
8152,Resistance Games
8153,Resistance Studio
8154,Resolution Games
8155,Resonair
8156,Respawn
8157,Respawn Entertainment
8158,Respect Studios
8159,Resta!
8160,Resting Relic
8161,Retreaux Games
8162,Retrific
8163,Retro Dreamer
8164,Retro Forge
8165,Retro Gears
8166,Retro Reactor
8167,Retro Republic LLC
8168,RetroBug
8169,RetroGradeGames
8170,RetroLab
8171,RetroLamen
8172,RetroSouls
8173,Retrofied Games
8174,Retrosoft Studios
8175,Retrotainment Games
8176,Retsu Teikoku
8177,"Return To Adventure Mountain, LLC"
8178,RevDay Studio
8179,RevampedPRO
8180,Revenant Games
8181,Reverie Foundry
8182,Reverie World Studios
8183,Revmatek
8184,Revog Games
8185,Revolab
8186,Revolto Software
8187,Revolution Industry
8188,Revolution Software Ltd
8189,Revolutionary Games Studio
8190,Revolver Nine
8191,Revox Games
8192,Rewind Games
8193,RewindApp
8194,RexCorp
8195,RexTo Studios
8196,Rexcellent Games
8197,Reynard Films
8198,Rezzil
8199,Re零同人社
8200,RhinoGearz
8201,Rhombico Games
8202,Rhombus Studios
8203,Rhowsl
8204,Rhys510
8205,Rhythmical Badass
8206,Ricardo Alonso Pina
8207,Ricardo Reis
8208,Riccardo Caprari
8209,Ricci Cedric Design
8210,RiceCrab Studios
8211,Richard Amankwaa
8212,Richard Campbell
8213,Richard Cheng
8214,Richard Cowgill
8215,Richard Hogg
8216,Richard Hörnig
8217,Ricpau Studios
8218,Rideon Works Co. Ltd
8219,"Rideon, Inc."
8220,RideonJapan
8221,RienSoldovsky
8222,Rif Game Studio
8223,Riff Studios
8224,Riftpoint Entertainment
8225,Riggy2k3
8226,Righteous Hammer Games
8227,Righteous Weasel Games
8228,Riley J Gray
8229,Riley Sampson
8230,RimmindGame
8231,Rimzaa Soft
8232,Ringlab
8233,Ringling College of Art and Design
8234,Rionix
8235,Ripknot
8236,Ripple Studio
8237,Ripstone
8238,Risa Interactive
8239,Rising Fox Studio
8240,Rising Moon Games
8241,"Rising Win Tech. CO., LTD"
8242,Ritual Entertainment
8243,Ritual Games
8244,RivalThird
8245,River Stone Games
8246,Rivernotch Game Studio
8247,Rizen Planet Studios
8248,Roach Team
8249,Road Studio S.A.
8250,Road Turtle Games
8251,Roadtrip Games
8252,Roasted Games
8253,Roastery Games
8254,Rob Gross
8255,Rob Welch
8256,Robbie Hogan
8257,Robert Agnvall
8258,Robert Alvarez
8259,Robert Raulus
8260,Robert Wahler
8261,Roberto Ferreira
8262,Robi Studios
8263,Robin Allen
8264,Robin Fox
8265,Robin van der Horst
8266,Robit Games
8267,Robo-Human Studios
8268,Roboatino
8269,Robohamster
8270,Robot Entertainment
8271,Robot Legs Games
8272,Robot Squid
8273,Robot Teddy
8274,RobotPumpkin Games
8275,Robotality
8276,Robotizar Games
8277,Rock Pocket Games
8278,Rock Square Thunder
8279,Rockateer
8280,Rockbee
8281,Rocket Adrift
8282,Rocket Boy Games
8283,Rocket Flair Studios
8284,Rocket Jump Technology
8285,Rocket Rat Games
8286,Rocket Vulture
8287,"Rocket-Engine Co., Ltd."
8288,RocketBrush Games
8289,RocketWerkz
8290,Rocketcat Games
8291,Rockgames
8292,Rocking Donkey Games
8293,Rocking Toy
8294,Rockodile
8295,Rockstar Games
8296,"Rockwell Studios, LLC"
8297,Rocky Studio
8298,Rocwise Entertainment
8299,Rodrigo Banzato
8300,Rodrigo Riquetto
8301,Roelosaurus
8302,Rogalik
8303,Roger G Lugo
8304,Roger Kaffer
8305,RogoNess
8306,Rogue Factor
8307,Rogue Snail
8308,Rogue Sun
8309,Rogue Sword: Strategy & Adventure Games
8310,Rogueside
8311,Rokabium Games
8312,Rokas
8313,Rokay Games
8314,Roll7
8315,Rolling Cat Studio
8316,Rolling Crown
8317,Rolling Glory Jam
8318,RollingBread
8319,Roman
8320,Roman Chumak
8321,Roman Shuvalov
8322,Roman Studio
8323,Romantic Room
8324,Romero Games
8325,Romulus
8326,Rone Vine
8327,Ronik Games Group
8328,Ronimo Games
8329,Ronin SoftWork
8330,Rooftop Dog
8331,Room-C Games
8332,Room710Games
8333,Room8
8334,Roope Tamminen
8335,Roost Games
8336,Rootify
8337,Rootless Studio
8338,Rootnstudio Ltd.
8339,Rootpew
8340,Rose City Games
8341,RoseHoodGames
8342,Rosetta
8343,Roshan Nowshad
8344,Ross Joseph Gardner
8345,Rossiya Segodnya
8346,Rothman
8347,Rotorist Workshop
8348,Rouem
8349,Round 2 Games
8350,Route 59
8351,Rowan Wood
8352,Roy
8353,Royal Plus Games & Entertainment
8354,Royex Studio
8355,Rubarb
8356,Rubber Croc
8357,Rubber Duck Games
8358,RubberBandGames
8359,Rubbish Game
8360,Rubel Games
8361,Ruben Alcañiz
8362,RubyDev
8363,RubyHaruSoftware
8364,Rudber Games
8365,Rude Ghost
8366,RudeFrog Studios
8367,Ruhut Soft
8368,Rukerama Studio
8369,RumR Design
8370,Rumata Lab
8371,Rumbling Games Studio
8372,Rumbora Party Games
8373,Rumor Games
8374,RunAroundGames
8375,RunByCoffee
8376,RunRun
8377,RunServer
8378,Rundisc
8379,Rune Skovbo Johansen
8380,RuneHeads
8381,Runelight Owl
8382,Runic Rise Games
8383,Runner Duck
8384,Runnex Technology
8385,Running Hoffman
8386,Running Pillow
8387,Running With Scissors
8388,Rusimitu
8389,Rusimitu Games
8390,Ruskija game experience
8391,Rustic Fantastic
8392,Rusty Lake
8393,Rutger van Dijk
8394,Ruxar
8395,Ryan Forrester
8396,Ryan Kubik
8397,Ryan Laley Games
8398,Ryan Olah
8399,Ryan Saunders
8400,Ryemanni
8401,RyseUp Studios
8402,Rémi Adriano
8403,S GameTime
8404,S H B studio
8405,S.C. 16 BIT NIGHTS S.R.L.
8406,S.E.R.A. STUDIO 3D
8407,S.Y. GAMES
8408,SBM Games
8409,SBN3
8410,SC Jogos
8411,SCP: Escape Together development team
8412,SCS Software
8413,SCT
8414,SD studio
8415,SDT Core
8416,SECHAN
8417,SECRET CHARACTER
8418,SEEC Inc.
8419,"SEEDGAMES Co., Ltd."
8420,SEEP
8421,SEGA
8422,SEKTAHOUSE
8423,SEKTOR GAMES
8424,SELeft Studio
8425,SEP FCOM
8426,SEROSOO
8427,SETENTIA studios
8428,SFK Game Studio
8429,SFL Interactive
8430,SFS Studios
8431,SG DEV
8432,SGFW
8433,SGuerra Design
8434,SHADE Inc.
8435,SHIBO GAMES
8436,SHINING GAMES
8437,SHIT MAKER
8438,SHK Interactive
8439,SHN Games
8440,SHUEISHA GAMES
8441,SIGONO INC.
8442,SIXDOTS
8443,SJR Team
8444,SK Team
8445,SKIPMORE
8446,SKT STUDIO
8447,SKY HOUR WORKS
8448,SLGames
8449,SLM PRODUCTION
8450,SM
8451,SMG Studio
8452,SMU Guildhall
8453,SN Mobile Technology
8454,SNK CORPORATION
8455,SOCKO! Entertainment
8456,SOEDESCO
8457,SOFTSTAR
8458,SOFTSTAR ENTERTAINMENT
8459,SOFTSTAR TECHNOLOGY(BEIJING)
8460,SOFTSTAR TECHNOLOGY(BEIJING)CO.LTD
8461,SOFTSTAR TECHNOLOGY(SHANGHAI)
8462,SOLIDS Studio
8463,SONNORI Corp
8464,SOUTHPAW GAMES
8465,SP Digital Arts Inc.
8466,SP GAMES
8467,SP-time
8468,SPECTRUM48
8469,SPG (Stuart's Pixel Games)
8470,SPG Mistarille
8471,SPLR Studio
8472,SPokDev
8473,SQRT3
8474,SQUARE PIXELS
8475,SQX Interactive
8476,SRG工作室
8477,SRR_GAMES
8478,SRV-game
8479,SSP Games
8480,ST Platform
8481,ST Studios
8482,STEELDUCK Studios
8483,STF1619
8484,STING
8485,STP WORKS
8486,STUDIO N9
8487,STUDIO WASABI
8488,STuNT
8489,SU Games
8490,SU SU
8491,SUCCESS
8492,SUCCESS Corp.
8493,SUCCESS Corporation
8494,SUJIKO Media Group
8495,SUNNY SIDE UP
8496,SUNSOFT
8497,SUPER HYPER MEGA
8498,SUPER PICKLE GAMES
8499,SUPERHOT Team
8500,SUPERLUMEN
8501,SURPRISED HOTDOG LIMITED
8502,SURT
8503,SUZAKU Games
8504,SV Games
8505,SVGames
8506,SWann_P
8507,SYCK
8508,SYDNEY GAMES
8509,SYNERGY
8510,Saam Pahlavan
8511,Saber Fight VR
8512,Saber Interactive
8513,Saber Interactive Inc
8514,Saber Porto Ltd.
8515,Sabotage Studio
8516,Sabrina Aridi
8517,Sacada
8518,Sacrosanct Studios
8519,Sad Doge
8520,Sad Mask Party
8521,Sad Owl Studios
8522,Sad Panda Studios
8523,Sad Socket
8524,Sad Viscacha Studio
8525,SadSquare Studio
8526,Saga Planets
8527,Sagewind Studio
8528,Saibot Studios
8529,Saikono
8530,Saivs
8531,Sakana Studios
8532,Sakari Games
8533,Saketh Rama
8534,Sakura Mangekyou
8535,Salamandra88
8536,Salangan Games
8537,Salavat Kasimov
8538,Salman Shurie
8539,Salmi Games
8540,"Salmon Raws, LLC."
8541,Salmon Snake Games
8542,Salt & Pixel LLC
8543,Salt Castle Studio
8544,Salt Water Studios
8545,Saltstone Studios
8546,Salty Olives
8547,Salty Salty Studios
8548,Salty Squad Games
8549,SaltyEgg Studio
8550,SaltyTea-M
8551,Sam
8552,Sam Atlas
8553,Sam Barlow
8554,Sam Feng
8555,Sam Kennedy
8556,Sam Murray
8557,Sam Wolfe
8558,Saman Bemel-Benrud
8559,Samantha Arehart
8560,Samar Studio
8561,SameFrame
8562,Samer Khatib (Snowconesolid Productions)
8563,Samet Acar
8564,Sami Kilani
8565,Samiri Studios
8566,SammyLand
8567,Samobee Games
8568,Samuel Gordon
8569,Samuel Weir
8570,Samuka Gomes
8571,Samurai Games
8572,Samurai Punk
8573,San Base
8574,San Hugo Studios
8575,SanYeGame
8576,Sand Sailor Studio
8577,Sand Table Software
8578,Sand Traveler
8579,Sand Wagon Games
8580,SandBloom Studio
8581,SandCastles Studio
8582,SandStormeStudio
8583,"Sandbox Network, Inc."
8584,Sander Bos
8585,Sandra Moen
8586,Sandstorm Studios Inc.
8587,SandwichStudio
8588,Sanghyeok Cho
8589,Sanghyeok Jo
8590,Sangwoon Jin
8591,Santa Goat
8592,Santa Monica Studio
8593,Santaclos
8594,Sanya
8595,Sapphire Create.
8596,Sarah Jane Lapp
8597,Sarah Russell
8598,Sardinha Studios
8599,Sargonius Games
8600,Sartorian
8601,Sascha Klenk
8602,Sasquatch Games
8603,Sassybot
8604,Sati Bros
8605,Satori Studios Inc.
8606,Satosha Nakamoti
8607,Satur Cat
8608,Satur Entertainment
8609,Saturn VR
8610,Savage Howl
8611,Savage Studios
8612,Save All Studio
8613,Save Sloth Studios
8614,SavySoda
8615,SawyerK Games
8616,Sayan
8617,Sbug Games
8618,Scalars Games
8619,Scale Studio
8620,Scalpel Softworks
8621,Scarlet Whale
8622,Scary Creepy Pasta
8623,Scavengers Studio
8624,Sceptical Orange
8625,Schell Games
8626,Schirwindt
8627,Schisma Games
8628,Schizo Cat
8629,Schmidt Workshops
8630,SchmidtGames
8631,SchuBox Games
8632,Schwegg
8633,Scientifically Proven
8634,Scion Studios
8635,Scolaro Games
8636,ScopeNext Inc
8637,Scopely
8638,Score Studios LLC
8639,ScoreboardGames
8640,Scorpiniti Bruno
8641,Scorpius Games
8642,Scott A. Cooke
8643,Scott Craighead
8644,Scott Hawley - Engineering Lead
8645,Scott Howarth
8646,Scout Game Studios
8647,Screambox Studio
8648,Screaming Bee
8649,Screaming Villains
8650,"Screeps, LLC"
8651,Screwfly Studios
8652,Scribble Pad Studios
8653,Scuffed Development
8654,Scumhead
8655,Scythe Dev Team
8656,SeaPhoenix
8657,Seacoxx
8658,Seafront Games
8659,SealDev
8660,Sealhorse Studios
8661,Seamount
8662,Sean Arnold
8663,Sean Park
8664,Sean Porio
8665,Sean Weech
8666,Sean Young
8667,Seashell Studio
8668,Sebastian Lind
8669,Second Reality
8670,SecondFox
8671,Secret Cow Level
8672,Secret Lab 72
8673,Secret Labo
8674,Secret Level Studios
8675,Secta
8676,Sector D2
8677,Seed by Seed
8678,SeedBolt Studios LLC
8679,SeedWall
8680,SeekSick6
8681,Seenapsis Studio
8682,Seiji Emery
8683,Seikei Production
8684,Seiren-publishing
8685,Seito Games
8686,Sekai Project
8687,SekaiFrieden
8688,Self MADev
8689,Self-Destruction Studios
8690,SelfCrop Studio
8691,Selva Interactive
8692,Semag Games
8693,Semenov Iurii
8694,Semka
8695,Sempiternal Rain
8696,Semyon Maximov
8697,Sengi Games
8698,Sengkala Dev
8699,Seniattus Studios
8700,Senile Team
8701,Senmu Studio
8702,Sensen Games
8703,Sensiga
8704,Sentinel Studios
8705,Sentry Games
8706,September Games
8707,Septime Studios
8708,SerVG
8709,Serein
8710,Serenity Forge
8711,Serge Kornew
8712,Sergey Bobrov
8713,Sergi Monreal Ibañez
8714,Sergi Sabater
8715,Sergio Schiavo
8716,SergioPoverony
8717,Serhii Khramov
8718,Serious Bros.
8719,Serkan Bakar
8720,Sernur.tech
8721,Serp
8722,Sesisoft
8723,Seth van Heijster
8724,Seven Sails Games
8725,Seventh rank
8726,Sever
8727,Sewer Cat
8728,Seyloj
8729,Seyma Hatip
8730,Sezhes
8731,SgtOkiDoki
8732,Shadebob Games
8733,Shadow Conspiracy Entertainment
8734,Shadow Gengis
8735,ShadowDevour
8736,ShadowGate Studios
8737,ShadowWolf Games
8738,Shadowmatic Labs
8739,Shadowplay Studios
8740,Shaftesbury Lucid Inc
8741,ShaganovDev
8742,Shaikonina Games
8743,Shakles
8744,Shaman77
8745,Shanghai SilverMoon Network Technology Co.Ltd
8746,Shanghai huan zhen Info Tech Ltd
8747,Shanhai Game Studio
8748,Shansheng Network Technology
8749,Shape Shop
8750,Shark and Pelican Games
8751,SharkFishFish
8752,Shattered Display
8753,Shattered Pixel
8754,Shavaughn DaCosta
8755,Shawn Lascelles
8756,Shawno Studios
8757,Shcherbinskyi Artem
8758,Shedworks
8759,Sheer Studios
8760,ShellSnore Games
8761,Shelly Alon
8762,Shenaniganz Studio
8763,Sherbb
8764,Shezo Games
8765,ShiBoo!
8766,Shiba Neko
8767,Shido Game Studio
8768,Shieldbearer Studios
8769,Shift Games
8770,Shifting Tides
8771,Shilov
8772,Shimenawan
8773,Shimobashira Workshop
8774,Shin'en Multimedia
8775,Shinachiku-castella
8776,ShineProject
8777,ShiningCloud Studio
8778,Shinobi Games
8779,Shinobi Man
8780,Shinu Real Arts
8781,Shiny Byte Studio
8782,Shiny Shoe
8783,Shirakumo Games
8784,Shiravune
8785,Shiro Games
8786,ShiroKuroSoft
8787,Shitbox Games
8788,Shiying Studio
8789,ShmoeSoft
8790,Shobhit Dhamania
8791,Shockfront Studios
8792,Shockwork Games
8793,"Short Sleeve Studio, LLC"
8794,ShortStackStudio
8795,Shortbread
8796,Shotgun Anaconda
8797,Shoujo City Developer
8798,Shrimasis Rout
8799,Shuffle Up Games
8800,Shumilin
8801,Shy Pixel
8802,SiBear Games
8803,SiCzech Arts
8804,Siactro
8805,Sibcat Team
8806,Siberian Koala
8807,Siberian Mouse
8808,Siberius Studio
8809,Sic'em Studios
8810,Sicarius
8811,"Sichuan Fruit Interactive Technology Co., Ltd."
8812,Siddharth Sivaraman
8813,Side Group
8814,Sideby Interactive
8815,SidelineSim Studios
8816,Sidereal Studio
8817,Sideways GameStudio
8818,Siege Camp
8819,Sigma Team Inc.
8820,Sigmund Hoien
8821,Sign Narva
8822,SignTyche
8823,Signal Studios
8824,Sigur Studio
8825,Sigyaad Team
8826,SilenGames
8827,Silent Bear Studio
8828,Silent Dreams
8829,"Silent S Studios, LLC"
8830,Silistre Game
8831,Silken Sail Entertainment
8832,Silkworm
8833,Sillyfun Games
8834,Sillylas
8835,Silver Cat Studios
8836,Silver Cow Studio
8837,Silver Dollar Games
8838,Silver Eye Studios
8839,Silver Lemur Games
8840,Silver Lining Studio
8841,SilverBlade
8842,SilverForge
8843,Silvernode Games
8844,Silversoft
8845,Silverstring Media Inc.
8846,Silvestre Gore Art
8847,SimDevs
8848,SimRail S.A.
8849,SimTex
8850,SimZone
8851,Simionescu Mihnea
8852,Simmersiv
8853,Simon Boxer
8854,Simon Bäckström
8855,Simon Carny
8856,Simon Codrington
8857,Simon Eftestol
8858,Simon In Motion
8859,Simon Says: Play!
8860,Simon Steiner
8861,SimonCreative
8862,SimonDesign
8863,Simpals LLC
8864,Simple
8865,Simple Touch
8866,SimplePlan
8867,SimpleSoft
8868,Simplemole
8869,Simpleton
8870,SimplexCode
8871,Simplicity Games
8872,Simplode LLC
8873,Simply Puzzles
8874,Simteract
8875,Simula Games
8876,Simulated Entertainment
8877,Simuverse Interactive
8878,Sinclair Strange
8879,Sindrex
8880,Sinergia Games
8881,Single A Games
8882,SingleTrac Entertainment Technologies
8883,Singlecore
8884,Singlecore Games
8885,Singular Scheme
8886,Sinister Design
8887,Sinkhole Studio
8888,Sinking Sheep
8889,SinksAdventure
8890,Sinn Studio Inc.
8891,Sinned Games
8892,Sino4 Games
8893,Sinomod Studios
8894,Siphon Shock
8895,SipmleSoft
8896,Siris Pendrake
8897,Sirius Games
8898,Sisyphean Games
8899,SixSense Studios
8900,Siyuan Studio
8901,Size Five Games
8902,Skeleton Crew Studio
8903,Skeleton Crew Studios
8904,Sketch House Games
8905,Sketchbook Developments
8906,Sketchbook Games
8907,SketchyNonsense
8908,Skinny Bandit
8909,Skip Stone Studios
8910,Skirmish Mode Games
8911,Sklorite Studios LLC
8912,Skmaestro
8913,Skookum Arts
8914,Skrollcat Studio
8915,Skuhataagyall dev
8916,Skull Box Games
8917,SkullCrusher
8918,Skullbot Games
8919,Skullfish Studios
8920,Skunkape Games
8921,Sky City
8922,Sky Games
8923,Sky Haubrich
8924,Sky Hawk Bressette
8925,Sky Machine Studios
8926,Sky Yoon
8927,SkyBrave
8928,SkyOne Studios
8929,SkyVu
8930,Skybound Games
8931,Skydance Interactive
8932,Skye Larsen
8933,Skyhook Games
8934,Skymap Games
8935,Skyscraper Games
8936,Skywall Studios LLC
8937,Skyward Digital
8938,Slakkedis Studio
8939,Slava Bushuev
8940,Slay Buherman
8941,Slay the Dragon!-Team
8942,Sledgehammer Games
8943,SleepTeam
8944,Sleeper Games
8945,Sleeping Eight Studio
8946,SleepingMuseum
8947,SleepwalkStudio
8948,Sleepy Sentry
8949,Sleepy Valley
8950,Sleepy_Fox_Interactive
8951,Sleipner Games
8952,Slice Bar Games
8953,Slid Studio
8954,Slider Games Studio
8955,Slikey Games
8956,SlimeSmile
8957,Slipgate Ironworks™
8958,Slippy Floor
8959,Slitherine Ltd.
8960,Sloclap
8961,Sloppy Studios
8962,Slormite Studios
8963,Slothwerks
8964,Sluggerfly
8965,Sluggioh
8966,Small Studio by Mac Guff
8967,Smart Tale Games
8968,SmartLife
8969,SmartOliveGames Ltd
8970,Smartmelon Games
8971,Smarto Club
8972,Smash Bolt Games
8973,Smee
8974,SmellyFrog
8975,Smidge Games LLC
8976,SmithHound
8977,SmokeStab
8978,Smokingbear Studio
8979,SmokymonkeyS
8980,SmoothBrainDev
8981,Snail-Ninja Studio
8982,Snakebite Studios
8983,Snapshot Games Inc.
8984,SncI Games
8985,Sneaky Bastards
8986,Sneaky Yak Studio
8987,SneakyBox
8988,Snigelsoft
8989,Snkl Studio
8990,Snob Entertainment UG
8991,Snoozing Pixel LLC
8992,Snoozy Kazoo
8993,Snot Bubbles Productions
8994,SnoutUp
8995,Snow Creature
8996,Snow Day Software
8997,SnowBaby Games
8998,SnowCube I/S
8999,Snowcastle Games
9000,Snowfall Studio
9001,Snowhaven Studios
9002,Snowhound Games
9003,Snowrunner Games
9004,Snubber
9005,SnöBox Studio
9006,So Far So Good
9007,So Romantic
9008,SoDigital
9009,SoSorrySoft
9010,Soaker / 大貍
9011,Soaring Pixels Games
9012,Sobaka Studio
9013,Social Moth Dev Team
9014,Soda Den
9015,SoerGame
9016,Sofa Mauve Studio Inc.
9017,Soft
9018,SoftColors
9019,SoftCowGames
9020,SoftWarWare
9021,SoftWeather Games
9022,Softerror Interactive
9023,Softwaves
9024,Softwool
9025,Sokaikan ltd
9026,Sokar
9027,Sokogames
9028,Sokpop Collective
9029,Sol Studios
9030,Solar Powered Games
9031,Soldak Entertainment
9032,Soldat Team
9033,Sole Survivor Games
9034,Soleil Ltd.
9035,Solid9 Studio
9036,Solitaire Forever
9037,Solitary Games
9038,Solitary Studios
9039,Solluco
9040,Solo Philosopher
9041,SoloQ
9042,SomaSim
9043,Somber Pixel
9044,SomeHumbleOnion
9045,Somepx
9046,Somer Games
9047,Something Edgy
9048,Something Isnt Right
9049,Something We Made
9050,SomethingExtra
9051,Sometimes Monastery
9052,Somewhat Software
9053,Somi
9054,Somnium Games d.o.o.
9055,Somnolent Team
9056,Sonejo Studios
9057,Sonic Powered
9058,"Sonic Powered Co., Ltd."
9059,Sonic Team
9060,Sonic-Alpha
9061,Sonoma Games
9062,Sonomio Games
9063,Sonoshee
9064,Sons of Welder
9065,Sonzai Games
9066,Sophie Rose
9067,Sorath
9068,Sorcerers Lab
9069,Sorcerous Gaming
9070,Sos Sosowski
9071,SosiskaGames
9072,Soul Assembly Ltd
9073,Soulflee
9074,Souls of Star Game Lab.
9075,Soulven Games
9076,Soulwarmers Games
9077,Souly Games
9078,Sounding Stone / 老奉毊
9079,Sour Lemon Studios
9080,Source Byte Sp. z o.o.
9081,SourceIn Games
9082,South East Games
9083,Soviet Games
9084,Sovietpunk 1991
9085,Soy Boy Games
9086,Space Boat Studios
9087,Space Bullet Dynamics Corporation
9088,Space Lizard Studio
9089,Space Mixer
9090,"Space Mouse, LLC"
9091,Space Paca Games
9092,Space R Studio
9093,Space.cpp
9094,SpaceFox Studio
9095,SpaceMyFriend
9096,SpaceOwl Games
9097,SpaceZeta Games
9098,Spacefarer Games Limited
9099,Spacefarer R&D Ltd.
9100,Spacefish Games
9101,Spacetronaut Ltd Co
9102,Spacewalkers
9103,Spare Parts Oasis
9104,"Sparkee Software, LLC"
9105,Sparky Studios
9106,Sparxe
9107,Specialbit Studio
9108,Specpixel Entertainment
9109,Spell Loop
9110,Spellbook
9111,Spellgarden Games
9112,Spencer Everhart
9113,Sperasoft
9114,Spicy Gyro Games
9115,SpicyTails
9116,Spider Lily Studios LLC
9117,Spider Nest Games
9118,Spiderling Studios
9119,Spiders
9120,Spiderweb Software
9121,Spieleentwicklungskombinat GmbH
9122,SpielmannSpiel
9123,SpiffyBit
9124,Spike Chunsoft Co. Ltd.
9125,"Spike Chunsoft Co., Ltd."
9126,Spilt Milk Studios Ltd
9127,SpinAttack Studio
9128,Spinoff Games
9129,Spiral Circus Games
9130,Spiral Digit
9131,Spire Studio
9132,Spirit Games Studio
9133,Spirit Stone Studio LLC
9134,SpiritElder
9135,Spiritus Games
9136,SpirkopGames
9137,Splash Damage
9138,Splashteam
9139,Splint Games
9140,Split Light Studio
9141,Split Personality Games
9142,Split Polygon
9143,SplitSide Games
9144,Spongey Kitty
9145,SpoocleMacBoogle
9146,Spooky Doorway
9147,SpoonBox Studio
9148,Spoonman Games
9149,Spoonweaver
9150,Spoony Bard Productions
9151,SporkTank
9152,Sporty Peppers
9153,Spotted Kiwi Interactive
9154,Spreadable Fruit Games
9155,Springloaded
9156,Sprite Hills
9157,Sprouting Potato
9158,Sprovieri Games
9159,Spry Fox
9160,Spunge Games Pty Ltd
9161,Spynosa Studio
9162,Spyridon Thalassinos
9163,Spytihněv
9164,"Squanch Games, Inc."
9165,Square Enix
9166,Square Glade Games
9167,Square One Games Inc.
9168,Square Weasel Studio
9169,Square Wheel
9170,SquareAnon
9171,SquarePlay Games
9172,Squashed Newt
9173,Squeaky Wheel Studio Inc
9174,Squid Developer
9175,Squiddershins
9176,Squidlit Ink.
9177,Squido Studio
9178,Squidpunch Studios
9179,Squish-Fish Games
9180,Squishy Games
9181,Srio VR Studio
9182,SsmA
9183,Stackpack Games
9184,Stacks:Engine
9185,Stage Clear Studios
9186,Stage Games
9187,Stage Games Inc.
9188,Stairway Games
9189,Stakhanov G Inc.
9190,"Stalwart Games, LLC"
9191,Standable
9192,Stanislaw Truchowski
9193,Stanley Creative
9194,Staples VR
9195,StaplesVR
9196,Stapleton
9197,Star & Moon Romance
9198,Star Dragon
9199,Star Drifters
9200,Star Losvice
9201,Star Shell
9202,Star Vault AB
9203,StarByte
9204,StarCo Interactive
9205,StarInfidel
9206,StarMatrix Labs
9207,Starbit Light
9208,Starbreeze Studios
9209,Starcolt
9210,Stardock
9211,Stardock Entertainment
9212,Starfield Gaming
9213,Starlight Genesis Studios
9214,Starlight Studios Games
9215,StarlightTree Games
9216,Starlike Inc.
9217,Starlit Castle
9218,Starmage
9219,Starmyth
9220,Starni Games
9221,Starry Seaweed Game Studio Ltd.
9222,Starship Studio
9223,Starstrike Studios
9224,Starstruck Games
9225,Start Games
9226,Startale Games
9227,StarvingFox Studio
9228,Stas Paty9mkin
9229,Stas Shostak
9230,State of Play
9231,Stately Snail
9232,Statera Studio
9233,Static City Games
9234,Static Wild
9235,StaticSpring
9236,Statto Software
9237,Status Void Interactive
9238,StatusPRO Inc
9239,Stave Studios
9240,Ste's Project
9241,Stealfy
9242,Steamberry Studio
9243,Steamroller Studios
9244,Steel Arts Software
9245,Steel City Interactive
9246,Steel Sky Productions
9247,Steel Wool Studios
9248,Steel and Bone Team
9249,Steelkrill Studio
9250,Steelpan Interactive
9251,Stefan Fleischer
9252,Stefan Kelnberger
9253,Stefano Mazzotta (Il Sui)
9254,Steffen Nyeland
9255,Stelex Software
9256,Stellar Entertainment
9257,Stellar Entertainment Limited
9258,Stellar Sage Games
9259,Stellar Seas Studio
9260,StellarXiela
9261,Stepan Sheygas
9262,Stepan Vakhtin
9263,Stephan Venhryn
9264,Stephanie Senjuty Bartsch
9265,Stephen Hubbard
9266,Stephen Joseph
9267,Stephen Walton
9268,Steppe Games
9269,Steppe Hare Studio
9270,Steve Gal
9271,Steve O'Gorman
9272,Steve Reynolds
9273,Steve Weinrich
9274,Steve Welz
9275,SteveClay
9276,Steven G. Chinn
9277,Steven Willmott
9278,StewardMelvinTang
9279,Stikcy Games
9280,Still Not Sure
9281,Still Running
9282,Sting
9283,Stirling Games
9284,Stoked Sloth Interactive
9285,Stone Crow Games
9286,Stone Lantern Games
9287,Stone/Spark Games
9288,StoneTide Entertainment
9289,Stonewheat & Sons
9290,Stop-TussiN
9291,Stork Game
9292,Storm Dain Productions
9293,Storm Trident S.A.
9294,Storm in a Teacup
9295,Stormcloud Games Limited
9296,Stormcrest Games
9297,Stormfront Studios
9298,Stormind Games
9299,Stormling Studios
9300,Story Fort LLC
9301,Storybird Studio
9302,Storycentric Worlds
9303,Stove Studio
9304,Straight Back Games
9305,Strandline Games
9306,Stranga Games
9307,Strange Games Studios
9308,Strange Journey
9309,Strange Scaffold
9310,Strange_Indie_Team
9311,Strategic Designs Ltd.
9312,Strategic Simulations
9313,Strategic Thinking LLC
9314,Strategy 3 Tactics
9315,Strategy Forge S.A.
9316,Strategy Game Studio
9317,Strategy Labs
9318,Strategy Mill
9319,Stratera Games
9320,Stray Bombay
9321,Stray Fawn Studio
9322,Stray Kite Studios
9323,Stream studio
9324,Streamline Games
9325,Street Art Studios
9326,Strelka Games
9327,Stress Level Zero
9328,Streum On Studio
9329,Strides Interactive Game Studio
9330,Striking Distance Studios
9331,Strobetano
9332,Stroboskop
9333,"Strongkid, LLC"
9334,Struct9
9335,Strudio Company
9336,Stuart Mackereth
9337,Stuart Spence
9338,Stubby Games
9339,Student team of Korea Vocational College of Information and Technology (Republic of Korea)
9340,Studio 46
9341,Studio 9.7
9342,Studio 90
9343,Studio AWE
9344,Studio Aesthesia
9345,Studio Amateur
9346,Studio Aurum
9347,Studio Bean
9348,Studio Biest
9349,Studio Bravarda
9350,Studio Burning Eyes
9351,Studio Centurion
9352,Studio Chien d'Or
9353,Studio Chili
9354,Studio Clangore
9355,Studio Daimon
9356,Studio Doodal
9357,Studio Erikson
9358,Studio Evil
9359,"Studio FANACCI Co., Ltd."
9360,Studio Fawn
9361,Studio Fizbin
9362,Studio Floris Kaayk
9363,Studio Frostbit
9364,Studio Gamebit
9365,Studio Goya
9366,Studio Guirdy
9367,Studio HK
9368,Studio Heart Engine
9369,Studio Huckepack
9370,Studio Inkyfox
9371,Studio Inward
9372,Studio Kit
9373,Studio Klondike Australia
9374,Studio Koba
9375,Studio Koprol
9376,Studio Kraken
9377,Studio Ly
9378,Studio Moondowner
9379,Studio Namaapa
9380,Studio Nevermore
9381,Studio Nightcap
9382,Studio Nisse LLC
9383,Studio Oleomingus
9384,Studio PICO
9385,Studio Pixel
9386,Studio Pixel Punk
9387,Studio Sai
9388,Studio Saizensen
9389,"Studio Saizensen Co., Ltd."
9390,Studio Seufz
9391,Studio Six
9392,Studio Sterneck
9393,Studio Supersoft
9394,Studio Terranova
9395,Studio Thunderhorse
9396,Studio Voyager
9397,Studio Whip
9398,Studio Z 3D
9399,Studio [notes.]
9400,Studio spektar
9401,Studio Élan
9402,Studio.QT
9403,Studio2760
9404,Studio94RTP
9405,StudioDobby
9406,StudioGIW
9407,StudioGoupil
9408,StudioNAZE
9409,StudioS
9410,StudioTwilight
9411,StudioYoshiko
9412,Studios iLLOGIKA
9413,Studwell
9414,Study Bunny Games LLC
9415,Stuffed Wombat
9416,Stun Games
9417,Stunlock Studios
9418,StupidSimulators
9419,Stylized Indie Games
9420,Stéphane Bottin
9421,SuQing
9422,SuR ENTERTAINMENT
9423,Subdream Studios
9424,Subfrost Interactive AB
9425,Subliminal
9426,Subsoap
9427,Substance Games
9428,Subworld
9429,Succubella Games
9430,Succubus Diary
9431,SufferSoft
9432,Sugar Games
9433,Sugar Rush Studios
9434,Suits & Sandals
9435,Sujikon
9436,SukeraSomero
9437,SukeraSparo
9438,SulMatul
9439,Sumalab
9440,Summerfall Studios
9441,Summitsphere
9442,Sumo Digital
9443,Sumo Digital Academy
9444,Sumo Digital Ltd
9445,Sunamii
9446,Sunblink
9447,Sunburst Studio
9448,Suncats
9449,Suncrash
9450,Sundae Month
9451,Sunday Akor
9452,Sunday's Games
9453,Sundew Studios
9454,Sundoe
9455,Sunflo Labs
9456,Sungame Studio
9457,Sungazer Software LLC
9458,SungjunJo
9459,Sunhead Games
9460,Sunna Entertainment
9461,Sunny Nights
9462,Sunnyside Games
9463,Sunpeak Games
9464,Sunseeker Games
9465,Sunset Arctic Games
9466,Sunset Division
9467,Sunset Dreamland
9468,SunshineOvercast
9469,"Sunstorm Interactive, Inc."
9470,Sunward Games
9471,Sunwolf Entertainment
9472,Super Mega Team
9473,Super Pixel Games
9474,Super Sexy Software
9475,Super Spin Digital
9476,Super Systems Softworks
9477,SuperBlast
9478,SuperPAC
9479,SuperSane Games
9480,SuperSixStudios
9481,Superacid
9482,Superbrothers
9483,"Supercombo, Inc."
9484,Supercube
9485,Superflat
9486,Supergalactiс Gamedev
9487,Supergiant Games
9488,Supergonk
9489,Superkami
9490,Superluminal Cat
9491,Supermassive Games
9492,Supernature Studio
9493,Supernice
9494,Supernova Games
9495,Superstatic
9496,Superstring
9497,Supra Games
9498,Supreme Gauntlet Games
9499,Sureksu Games
9500,Suricate Software
9501,Surprising Studio
9502,Survios
9503,Sushi_soft
9504,Suzaku
9505,Svavelstickan
9506,Sven Kröber
9507,Sven Neumann
9508,Svyatoslav Burobin
9509,Swag Soft Holdings Pte Ltd
9510,Swallowed Sun Pty Ltd
9511,Swamp Scarecrow Games
9512,Swan
9513,SwappApps
9514,Swaps4 Productions
9515,Sweaty Chair
9516,Sweet Bandits Studios
9517,SweetPea
9518,Swell Games LLC
9519,Switchback Studio
9520,Sword & Axe LLC
9521,Sydney Fonderie - Engineer
9522,Sylen Studio
9523,Sylph
9524,Sylvan Studios LLC
9525,Sylvie
9526,Sylwester Osik
9527,Symbolic Software
9528,Symfonim
9529,Symphonic Games
9530,Symphony of Death Games
9531,Syndrome Entertainment
9532,Syndrome interactive
9533,Synetic GmbH
9534,Synth Software LLC
9535,Synthetic Domain
9536,Synthetic Vector Studios
9537,Sysiac Games
9538,Sysreb Games
9539,System Erasure
9540,Systemic Reaction™
9541,"Systemsoft beta, Inc."
9542,Syun-kan Flowlighter
9543,Sørb
9544,T-Bull
9545,T-Hex
9546,"T-Time Technology CO., LTD."
9547,T.F. Wright
9548,T.H.L Games
9549,T.LEE
9550,T0 STUDIO
9551,T19 Games
9552,T3Entertainment
9553,TA Publishing
9554,TAG Studio
9555,TAITO CORP.
9556,TAKE×0FF
9557,"TALESSHOP Co., Ltd."
9558,TAMSOFT CORPORATION
9559,TARO
9560,TAS Systems Corp
9561,TB Games
9562,TBGS Indie Studio
9563,TCP Studios
9564,TCS Production
9565,TD Games
9566,TDO Games
9567,TEAM Black Hat Robot
9568,TECHHOME
9569,TECOPARK
9570,TEGA Studio
9571,TEKNOSOFT
9572,TEMPER
9573,TERARIN GAMES
9574,TERNOX
9575,TFL Games
9576,TGM
9577,THE BROTHERHOOD
9578,THE PARASIGHT
9579,THIRTEENDAYS
9580,THQ Nordic
9581,TIKIPOD
9582,TJ Richardson
9583,TJIS Record
9584,TLR Games
9585,TLYPUB
9586,TM xR Lab
9587,TMA Games LLC
9588,TMAS
9589,TML-Studios
9590,TNgineers
9591,TOITAN
9592,TOKYOTOON
9593,TOMO CAMP
9594,TOPERUS
9595,"TOSE CO., LTD."
9596,TOTATO
9597,TOYBOX
9598,TPP Studio
9599,TRAGsoft
9600,TREBUCHET
9601,TREE Industries
9602,TROLL STUDIOS
9603,TSRS
9604,TSUKURITE.
9605,TSUKUYOMIC
9606,TT Games
9607,TTeokLeaf
9608,TUMBLEWEEDJP
9609,TUNIC Team
9610,TUTGame
9611,TW Potato
9612,TWO B SOFT
9613,TXC
9614,TYPE-MOON
9615,Taavi Teemaa
9616,Tab Games
9617,Tabbing Tabby
9618,Table 9 Studio
9619,Tabletop Tech
9620,Tactic Studios Inc.
9621,Tactical Adventures
9622,Tactical Air Horse
9623,Tactical Mayhem Realms
9624,Tacty Studio
9625,Tad Cordle
9626,Tag of Joy
9627,Tahoe Games
9628,Taichi Games
9629,Tails Games
9630,Tainted Games
9631,Tainted Pact
9632,Take IT Studio!
9633,Take Toad
9634,TakeThem.Games
9635,TakeThem.Games (Creative)
9636,Takeover Studios
9637,Takumi Abe
9638,TaleHammer
9639,TaleWorlds Entertainment
9640,Talentless Person Games
9641,Tales of a New World Games
9642,Talha Emre Gülap
9643,Talha Kaya
9644,Talia bob Mair
9645,Talismanic Entertainment
9646,Tall Guy Productions
9647,Tall Story Games Ltd
9648,Tall Troll Games
9649,TallRoad Studio
9650,Tallbeard Studios LLC
9651,Talpa Games
9652,Talpidae
9653,Talvisota Team
9654,Tamatin Entertainment
9655,Tambouille
9656,Tameem Hamoui
9657,Tampered Evidence LLC
9658,Tamsoft
9659,Tamás Árva
9660,Tango Gameworks
9661,Tantalus Media
9662,Tanuki Creative Studio
9663,Tanuki Game Studio
9664,Tanuki-sama Studios
9665,TaosX
9666,TapBlaze
9667,TapHazard Games
9668,Tarakan Game Studio
9669,Taranasus
9670,Tarba Paul Cornel
9671,Targon Studios
9672,Tarsier Studios
9673,TashiKani
9674,Tatamibeya 畳部屋
9675,Tate Multimedia
9676,Tater Games
9677,"Tatsujin Co., Ltd."
9678,Taueon
9679,Taxincrease
9680,Tay
9681,Tayanna Studios
9682,Tayfun Tuna
9683,Taylor Hatton
9684,Taylor McCue
9685,Taylor Thomas
9686,Tazdraperm
9687,Tbjbu2
9688,Tbjbu2 Originals
9689,Tea Monster Games
9690,TeaForTwo
9691,Teagher Studio
9692,Team Actors
9693,Team Alman
9694,Team BPXI
9695,Team Bapy
9696,Team Bewitched
9697,Team Break
9698,Team Californium
9699,Team Chex Quest HD
9700,Team Corn Field
9701,Team Curiosity ✦
9702,Team Decaf
9703,Team DigitalMind
9704,Team Dogpit
9705,Team Dreamstate
9706,Team EARTHWARS
9707,Team Egghead
9708,Team Eonian
9709,Team Eye 4 Eye
9710,Team Fortune
9711,Team Fractal Alligator
9712,Team Fray
9713,Team GZ
9714,Team Game
9715,Team Grybanser Fox
9716,Team Hindsight
9717,Team Instant Defeat
9718,Team K
9719,Team KARPETTI
9720,Team KwaKwa
9721,Team L.U.R.Id Glow
9722,Team Ladybug
9723,Team Lazerbeam
9724,Team Lumba
9725,Team Machiavelli
9726,Team Meat
9727,Team Modernator
9728,Team Monkey
9729,Team One Ship
9730,Team Ooze
9731,Team Panoptes
9732,Team PayAttention
9733,Team RUN
9734,Team Ranger
9735,Team Rat Vibes
9736,Team Recharge
9737,Team Reptile
9738,Team Rez
9739,Team SNEED
9740,Team SWAT
9741,Team Salvato
9742,Team Samoyed
9743,Team Scynix
9744,Team Simona
9745,Team Slippers
9746,Team Soda
9747,Team Sorcerobe
9748,Team Teal
9749,Team Terrible
9750,Team Tetrapod
9751,Team Thieves
9752,Team UWU
9753,Team Unmanagable
9754,Team WIBY
9755,Team Yokkyufuman
9756,Team Zom Nom
9757,Team Zutsuu
9758,Team dimension
9759,Team17
9760,Team17 Digital
9761,Team6 Game Studios
9762,Team9
9763,TeamHen
9764,TeamKRAMA
9765,TeamSuneat
9766,Team_Bug
9767,Team_UnderBar
9768,TecHNQ Studio inc
9769,TechGameHouse
9770,Techcast
9771,Techland
9772,Technical Troupers
9773,TechnoTal
9774,Technologies&Simulators
9775,Technomancy Studios
9776,Technopop
9777,Teddy Gandon
9778,Tegridy Made Games
9779,Telefix Productions
9780,Telegmatic
9781,Teleopsia Games
9782,Teleport Games
9783,Teleporter Realities Inc.
9784,Telltale Games
9785,Temmie
9786,Tempel 1 Studio
9787,Temple Gates Games
9788,Tempus Studios
9789,Tenami
9790,Tenbirds
9791,Tenco
9792,Tender Claws
9793,"TendoGames Co., Ltd."
9794,Teneke Kafalar
9795,Tengsten
9796,Tengukaze Studio
9797,TenkaiGames
9798,Tense Games
9799,TensionSplice
9800,Tentworks Interactive
9801,Tephra Company
9802,Tequilabyte Studio
9803,Terad Games
9804,Terafall: Survival
9805,Terapoly
9806,Teridax
9807,"Termeno, s.r.o."
9808,Terminal Reality
9809,Terminist Arcade
9810,Tero Lunkka
9811,Terri
9812,Terri Vellmann
9813,Terrible Posture Games
9814,Terrible Toybox
9815,Terror Dog Studio
9816,Terryble Interactive
9817,TetraScope
9818,Texelworks
9819,Teyon
9820,ThanaThan
9821,Thap Tam
9822,That Auzzie
9823,That Fish
9824,That Indie Studio
9825,That Other Fish
9826,That's Not A Game LLC
9827,The 25th Studio
9828,The 45th Division
9829,The Alekon Company
9830,The Artistocrats
9831,The Bearded Ladies
9832,The Big Studio
9833,The Binary Mill
9834,The Bworg
9835,The Cat Hive Developers
9836,The Chinese Room
9837,The Cleanup Kings LLC
9838,The Coalition
9839,The Creator Workgroup
9840,The Deep End Games
9841,The Droplet Studio
9842,The Elephant Crew
9843,The EpicLore
9844,The Evergloom Team
9845,The Farm 51
9846,The Firebrand of Phoenix
9847,The Fox Knocks
9848,The Fox Software
9849,The Game Bakers
9850,The Game Band
9851,The Game Kitchen
9852,The Game Production Company
9853,The Handsome Mesh
9854,The Human Beings
9855,The Impossible Object
9856,The Island Games
9857,The Knights of Unity
9858,The Last Developer
9859,The Learning Company
9860,The Lemur Conspiracy
9861,The Lost Truth Media
9862,The Men Who Wear Many Hats
9863,The Molasses Flood
9864,The Moonwalls
9865,The NR
9866,The Nextdoor Developer
9867,The Nightmare Jar
9868,The Nostalgic Developer
9869,The Outer Zone
9870,The Outsiders
9871,The Pack Studios
9872,The Periodic Group
9873,The Pixel Hunt
9874,The Pixel Mine Ltd
9875,The Purge Man
9876,The Quadsphere
9877,The Scholastics
9878,The Secret Games Company
9879,The Sheep's Meow
9880,The Singleton Foundation
9881,The Sixth Hammer
9882,The Software Refinery
9883,The Spiteful Games
9884,The Stonebot Studio
9885,The Strategy Game Studio
9886,The Superweaks
9887,The Swordman Studio
9888,The Truthtellers
9889,The Two Killer
9890,The Two Ravens
9891,The Unknown Machine
9892,The Vectromirror Initiative
9893,The Wandering Band LLC
9894,The Water Museum
9895,The Wild Gentlemen
9896,The Worst of Friends
9897,The Zoo
9898,The-Mark Entertainment
9899,The2Dude
9900,TheAmanStudios
9901,TheBluePenguin
9902,TheBoys
9903,TheDollarGameStore
9904,TheGrandestine
9905,TheGrumpyGameDev
9906,TheLiquidHorse
9907,Theago Liddell
9908,Thedox Games
9909,Themis digital entertainment Co.
9910,Themisian
9911,Thera Bytes GmbH
9912,These Are The Good Games
9913,Theseus Games
9914,Theta Division
9915,Thetis Games
9916,Thetis Games and Simulators
9917,Thi Tran
9918,Thierry Ferreira
9919,Thin Line
9920,ThinKING Cat Games
9921,Thing Trunk
9922,Things For Humans
9923,Thinice Games
9924,Think Tank Decoy Software LLC
9925,ThinkingStars
9926,Thinkofname
9927,Third Sphere Game Studios
9928,Third Spirit Games
9929,Third World Productions
9930,ThirdPixel Interactive
9931,"Thirdverse, Co., Ltd."
9932,ThirstyGuysStudios
9933,ThirtysixLab
9934,Tholus
9935,Thomas Biskup
9936,Thomas Bowker
9937,Thomas Chia
9938,Thomas Förg Media
9939,Thomas Happ Games LLC
9940,Thomas K. Young
9941,Thomas Lock
9942,Thomas Mackinnon
9943,Thomas Moon Kang
9944,Thomas Olsson
9945,Thomas Porta
9946,Thomas Van Bouwel
9947,Thomas Waterzooi
9948,ThorHighHeels
9949,Thorium
9950,Thorium Game Lab
9951,Thousand Games
9952,Threaks
9953,Threat Vector
9954,Three Bees
9955,Three Buck Games
9956,Three Eyed Games
9957,Three-Toed Studios
9958,Threeyes
9959,Through Tunnel
9960,Thuleanpanteon
9961,Thunder Clap
9962,Thunder Devs.
9963,Thunder Lotus
9964,ThunderLime
9965,Thunderbox Entertainment
9966,Thunderful
9967,Thunderful Development
9968,Thunkd
9969,"Thunkspace, LLC"
9970,Thylacine Studios
9971,Théo Fazion dos Santos
9972,Théo Mn
9973,TiGames
9974,Tiago Rech
9975,Tiamat Games
9976,Tianyu Cao
9977,Tibba Games
9978,TideOver Studios
9979,TieDeveloper
9980,Tiffany Phan
9981,Tiger
9982,TigerQiuQiu
9983,Tim Beaudet
9984,Tim Fowers
9985,Tim Kashani
9986,Tim McArthur
9987,Tim Oxton
9988,Tim Porter
9989,Tim Ruswick
9990,Tim van Kan
9991,Tim-Jannick Hopp
9992,Timberline Studio
9993,Timberwell 本幺
9994,Timberwolf Studios
9995,Time Galleon
9996,Time Stealers Studio
9997,Time To Kill
9998,TimeSink Inc.
9999,TimeWastingGames
10000,Timelock Studio
10001,Timesink
10002,Timespace Studios
10003,Timon Herzog
10004,Timothy Ichiyasu
10005,Timothy van der Hoeven
10006,Timur Chanturia
10007,Tin Can Studio
10008,Tin Man Games
10009,Tindalos Interactive
10010,Tinimations
10011,Tinky
10012,Tinogames Inc.
10013,Tiny Forge Gaming
10014,Tiny Goblin Productions
10015,Tiny Little Lion
10016,Tiny Magicians
10017,Tiny Roar
10018,Tiny Shiny Things
10019,Tiny Trinket Games
10020,Tiny Warrior Games
10021,Tinzone Games
10022,TipsWorks
10023,TipsyDuck
10024,Tiptoe Games
10025,Tired Turtle Games
10026,Titanforged Entertainment
10027,Tlön Industries
10028,Toaplan
10029,ToasterFuel
10030,ToasterWare
10031,ToastieLabs
10032,Toasty
10033,Tobias Arlt
10034,Tobias Bilgeri
10035,Tobias Springer
10036,Toblue
10037,Toby Clark
10038,Todak Studios
10039,Toft Games
10040,Tofu Soup
10041,Toge Productions
10042,Together  Game
10043,Together Games
10044,TokuPop
10045,Tom
10046,Tom BOUTONNAT
10047,Tom Brinton
10048,Tom Johnson
10049,Tom Lubanovic
10050,Tom Motz
10051,Tom Raudys
10052,Tom Reason
10053,Tom van den Boogaart
10054,TomAda Games ltd
10055,Tomary
10056,Tomas Daugela
10057,Tomas Sala
10058,Tomasz Dziobek (TomiGames)
10059,Tomato Fantasy Games
10060,Tomer Barnea
10061,TommahGames
10062,Tommaso Romanò
10063,Tomorrow Games
10064,Tomás Esconjaureguy
10065,Tong Li Publishing Co.
10066,Tonguç Bodur
10067,Tonia Sanzo
10068,Tony
10069,"Tony ""M00fins"" Capp"
10070,Tony Cuni
10071,Tony Wang
10072,Too Husky
10073,Too Kyo Games
10074,TooIzzi Games
10075,Toodoo Studio LLC
10076,Top Hat Studios Inc
10077,Top Right Corner
10078,Top-Down Games
10079,TopCog
10080,TopSkyGames
10081,Topchan Games
10082,Topping Palette
10083,Toppluva AB
10084,TorchEntertainment
10085,Torched Hill
10086,TorksGame
10087,Torn Banner Studios
10088,Toro Nishino
10089,Torple Dook
10090,TorpleDook
10091,Torpor Games
10092,Torsten Scholze
10093,Tortuga Team
10094,Torus Games
10095,Total
10096,Total Mayhem Games
10097,Totally Normal Creature
10098,Toucan Studio
10099,Touch Times Studio
10100,Touhou neko mini
10101,Toukana Interactive
10102,Tour De Pizza
10103,Tower Games
10104,TowerSergi
10105,Towerhouse
10106,Toxic Dog
10107,Toxic Games
10108,Toxic Studio
10109,Toy Box Inc.
10110,Toyful LLC
10111,Toylogic Inc.
10112,Toyman
10113,Toys for Bob
10114,Traega Entertainment
10115,Trailblazer Games
10116,Trainspotting Studio
10117,Traitorean Games
10118,TrampolineTales
10119,Transhuman Design
10120,Transient Games
10121,Transolar Games
10122,Trapstar Games
10123,Trashy Rascal Studios
10124,Travis Maynard
10125,Travolab Replay
10126,Trederia
10127,Tree Branch Games
10128,TreeFall Studios L.L.C.
10129,TreeNutsGames
10130,Trent Garlipp
10131,Trepang Studios
10132,Trepid Studios
10133,Treplacon Studio
10134,Trese Brothers
10135,Trevor Alex
10136,Trevor Kellogg
10137,Treyarch
10138,Tri-Heart Interactive
10139,TriScale
10140,Triakola Studios
10141,Triangle Factory
10142,Triangle Square
10143,Triangle Studios
10144,Tribal.Games
10145,Triband
10146,Tribe Games
10147,Tribetoy
10148,Tribus Games Indie
10149,Tributary Games
10150,Tribute Games Inc.
10151,Trick Shot Development
10152,Trickjump Games Ltd
10153,Trickster Arts
10154,Tricore Inc.
10155,Trigger Happy Interactive
10156,Trigger Labs
10157,Triheart Studio
10158,Triin Aare
10159,Triiodide Studios
10160,Trimatra Interactive
10161,Trinitite Team
10162,Trinity Experiences
10163,Trinity Team
10164,TrinityBJ
10165,Triomatica Games
10166,Trip Time Games
10167,Triple Cerberus Studios
10168,Triple Scale Games
10169,Triple Topping
10170,Triple-I Games
10171,Triple.B.Titles
10172,Triplevision Games Limited
10173,Trippin Bears
10174,Tripwire Interactive
10175,Triskell Interactive
10176,Tristan Dahl
10177,Tristan Fogt
10178,Tritrie Games
10179,Triumph Studios
10180,Triverske
10181,Trixten Studio
10182,Troglobytes Games
10183,Trophy Games
10184,Trophy Games ApS
10185,TroyHolman
10186,"Truant Pixel, LLC"
10187,True Axis Pty Ltd
10188,True Seria
10189,Trumbus
10190,Trunka
10191,Truthkey
10192,TrymenT
10193,Trynet Games
10194,Trynity Lab.
10195,Ts Studio Games
10196,Tsukimitake
10197,Tsukinomizu Project
10198,Tsukuyomi
10199,Tsuyomi
10200,TuanisApps
10201,Tuatara Games
10202,Tubby Turtle Studios
10203,Tuckfard Games
10204,Tudor Sandru
10205,Tuesday Quest
10206,Tunaic Games
10207,Tunermaxx Media GmbH
10208,Tuning Mania
10209,Tunnel Vision Games
10210,Tunnel Vision Studio
10211,Tuomo Laine
10212,Turbo Button
10213,Turn 10
10214,Turnfollow
10215,Turnip Based Games
10216,Turquoise Revival Games
10217,Turtle Rock Studios
10218,Turtle Ship Studio
10219,TurtleBlaze
10220,Tusky Games
10221,Tuxedo Labs
10222,Twelve Tiles
10223,Twice Different
10224,Twilight
10225,Twin Hearts
10226,Twin Petes
10227,Twin Sails Interactive
10228,Twin Sword Studio
10229,"Twinbeard, Inc."
10230,Twins Halo
10231,Twisted BrainZ
10232,Twisted Corridor👻
10233,Twisted II Studio
10234,Two Clusters
10235,Two Dog Games
10236,Two Hands
10237,Two Horizons
10238,Two Inc
10239,Two Mind Games
10240,Two Point Studios
10241,Two Star Games
10242,Two Tiny Dice
10243,TwoPM Studios
10244,TxK Gaming Studios
10245,Ty Taylor
10246,TyberiusInSD
10247,Tyche's Bookshelf
10248,Tye Abbott
10249,Tyler
10250,Tyler Devine
10251,Tyler Hudson
10252,Tyler R. Gonelli
10253,Tymedust Games
10254,TypeEh Studios
10255,Typhoon
10256,Typical Entertainment
10257,Typing Monkey
10258,Tyre Bytes LLC
10259,Tyrone Anderson
10260,Tzika P
10261,U-ROOM
10262,U-Secret Studio
10263,UAB Puzzle Lab
10264,UDX Interactive Inc.
10265,UE4六叔
10266,"UG Virtual Reality Technology Co., Ltd."
10267,UI factory
10268,UKZ Arts
10269,UMANIMATION
10270,UMEO Studios
10271,UMURO
10272,UN JE NE SAIS QUOI
10273,UNDEAD BATTERY
10274,UNICORE Games Studio
10275,"UNIVRS, Inc."
10276,UNREAL DARK STUD
10277,UPLAY Basketball
10278,UPLAY Online
10279,US8
10280,USAGI STORE
10281,"USERJOY Technology Co., Ltd."
10282,UT STUDIO
10283,UTW Team
10284,UU Games
10285,UVWGAME
10286,Ubik Studios
10287,Ubisoft
10288,Ubisoft Annecy
10289,Ubisoft Belgrade
10290,Ubisoft Berlin
10291,Ubisoft Chengdu
10292,Ubisoft Kyiv
10293,Ubisoft Mainz
10294,Ubisoft Montreal
10295,Ubisoft Odesa
10296,Ubisoft Paris
10297,Ubisoft Paris Studio
10298,Ubisoft Pune
10299,Ubisoft Pune Production
10300,Ubisoft Shanghai
10301,Ubisoft Toronto
10302,Uiop Xever
10303,Ukiyo town
10304,Ulbe
10305,Ulfsire
10306,Ulisses Digital
10307,Ulon
10308,Ultaan Games
10309,Ultimate Games S.A.
10310,Ultimate Studio
10311,Ultimate VR
10312,UltimateDesktop
10313,Ultimo Games
10314,UltramarineGames
10315,UltramarineSoft
10316,UmaikiGames
10317,Umami Tiger (Matthias Linda)
10318,Umigame Studios
10319,Umix Studios
10320,Umut Haznedar
10321,UnDefined Studio
10322,UnSweet
10323,Unbalanced Equations
10324,Unbossed Games
10325,Unbound Creations
10326,UncannyKiwi Limited
10327,Uncasual Games
10328,Uncharted Realms
10329,Uncle_J Game
10330,Undead Avian Publishing
10331,Undead Labs
10332,Under Three
10333,Under the Stairs
10334,Underbite Games
10335,Undercoders
10336,Underdone Gaming
10337,Underhill
10338,Undermog Games
10339,Undertow Games
10340,Undying Joy
10341,Unexpected
10342,Unfinished Games
10343,Unfinished Pixel
10344,Unfrozen
10345,Unhexigon
10346,Unicube
10347,Uniiao Game
10348,Unikgame
10349,Unique Media
10350,Unison Shift: Blossom
10351,"Unistellar Industries, LLC"
10352,United Digital Group GmbH
10353,United Independent Entertainment
10354,Universal Everything
10355,Universe Juice
10356,Universe Projects Inc.
10357,Universe Worth Experiencing
10358,University of Texas at Austin SAGA Lab
10359,Unknown
10360,Unknown Studios
10361,Unknown Worlds Entertainment
10362,Unknown sol3 worker
10363,Unleash The Giraffe
10364,Unlimited Fly Games
10365,Unrea
10366,Unseen Interactive
10367,Unspeakable Pixels
10368,Unterrainer Informatik OG
10369,Untitled Studio
10370,Untold Backrooms Stories
10371,Unusual Games
10372,Unusual Meaning
10373,Unusualsoft
10374,Up Multimedia
10375,Up Your Arcade Team
10376,Uphill Promise
10377,Upper Class Walrus
10378,UpperRoom Games Ltd
10379,Uppercut Games Pty Ltd
10380,Uprising Studios
10381,UpsilonGames
10382,Upstream Arcade
10383,Urban Weaponry
10384,Urban Wolf Games Inc.
10385,Urchin Games
10386,Ureasoft
10387,Uridium
10388,Urnique Studio
10389,Ursa Masnec
10390,Urse Games
10391,Uruca Game Studio
10392,Useless Machines
10393,Usual Suspects Studios
10394,Utage Guys
10395,Uu
10396,Uuvana Studios
10397,V. Chuvilin
10398,V.P. TEAM
10399,V.P.TEAM
10400,V1 Interactive
10401,V3663L
10402,VALOFE
10403,VAR LIVE International Ltd
10404,VARSAV Game Studios
10405,VBG
10406,VD Games
10407,VDimension
10408,VECTOR INTERACTIVE PTY LTD
10409,VEWO Interactive Inc.
10410,VGStudio
10411,VICTORIA Games
10412,VINE
10413,VIOE
10414,VIRTUAL MAGIC
10415,VIRTUAL REALITY LABORATORY DV
10416,VIS-Games
10417,VLADIMIR GUSSAKOV
10418,VN House
10419,VOBL games
10420,VODKAdemo?
10421,VOID Interactive
10422,VOLTECH
10423,VR Bros
10424,VR Designs
10425,VR Factory
10426,VR Fitness Gym
10427,VR Labs
10428,VR Pirates Game Studio
10429,VR RPG INC.
10430,VR Storm Studio
10431,VR Studio
10432,VR-Connection
10433,VRANI inc.
10434,VRIDGE INC.
10435,VRKiwi
10436,VRROOM
10437,VRT
10438,VRillAR
10439,VRilliant Studios
10440,VS Resolution
10441,VV-LABO
10442,VW
10443,VaMP He
10444,Vacantknight5
10445,Vacation Game Studio
10446,VacuumDev
10447,Vadd Game
10448,Vadd Games
10449,Vadim Slyusarev
10450,Vagabond
10451,Vagabond Dog
10452,VagoGames
10453,Vaka Game Magazine
10454,Vaki Games
10455,Vakio
10456,Valentin Seiche
10457,Valentin Supiot
10458,Valera Entertainment
10459,Valiant
10460,Valiant Game Studio
10461,Valkeala Software
10462,Valklabs
10463,Valko Game Studios
10464,Vallynne
10465,Valorware
10466,Valravn Games
10467,Valtteri Tavast
10468,Value
10469,Valve
10470,Vampire Squid
10471,Vampiric Games
10472,Vanadial
10473,Vanargand Games
10474,Vania Studios
10475,Vanimals
10476,Vanquisher Games
10477,Vantan Game Academy
10478,Vanwong
10479,VaragtP
10480,Variable State
10481,Varstep Forge
10482,Varstep Studios
10483,Vashta Entertainment
10484,Vasiliy Sadovyi
10485,Vasona Studios
10486,Vault Interactive
10487,Vault Labs
10488,Vaulted Sky Games
10489,"Vblank Entertainment, Inc."
10490,Vecderg
10491,Vectmatica
10492,Vector Hat
10493,Vector Interactive
10494,Vector Unit
10495,Vector3 Studio
10496,VectorStorm Pty Ltd
10497,Vectura Games
10498,Vedanta Team
10499,Veelhoek Studios
10500,Veewo Games
10501,Vega Horizon Studio
10502,Vegetable Games
10503,Vektor Grafix
10504,Vellescian Games
10505,Vencious Games
10506,Venekamp Studios
10507,Vengeful Muffin
10508,Venineth Team
10509,VenomizedArt
10510,VensusGAMES
10511,Venturous
10512,Verde
10513,Verediana Games
10514,Vergiu
10515,Veritable Joy Studios
10516,Vertex Pop
10517,Vertical Robot
10518,Vertices Software
10519,Vertigo Games
10520,Vertigo Gaming Inc.
10521,Very Very LITTLE Studio
10522,VeryBigDog
10523,Vesper Studios
10524,VestGames
10525,Vestaria Project
10526,Vexan Studio
10527,VexxusArts
10528,Veysel Çınar
10529,ViJuDa
10530,ViVa Games
10531,Viabo Games
10532,Vicarious Visions
10533,Victor David Santos
10534,Victor Game Studio
10535,Victor Luccas Frey
10536,Victor Pusanosky Okada
10537,Vidas Salavejus
10538,VidejaGames
10539,Videlectrix
10540,Vidmancer
10541,Vidroid
10542,VidyGames
10543,ViewApp
10544,VikTor
10545,Vikerlane
10546,Viking Game Studio
10547,Viking Group Inc.
10548,VikingWarrior
10549,Vikintor
10550,Vikong
10551,Viktor Kovács
10552,Vilaskis
10553,Vile Monarch
10554,Villainous Games Studio
10555,Vincae Entretenimento
10556,Vincent Lade
10557,Vincent Ltd
10558,Vinci Games
10559,Vinny Kowski
10560,Vintage Digital Revival
10561,Violarte
10562,Violet Angel Interactive
10563,Violet Moon
10564,Virgula Leal
10565,Viridian Software
10566,Viridino Studios
10567,Virtex Edge Design
10568,Virtual Arts Studio
10569,Virtual Convict
10570,Virtual Craft Studio
10571,Virtual Heroes
10572,Virtual Sky Interactive
10573,Virtual Turtle Games
10574,Virtual Uppercut Studios
10575,VirtualAge
10576,Virtuaport
10577,Virtue Enforcer
10578,Virtuos Games
10579,Visceral Games
10580,VisceralError
10581,Viscum key
10582,Vision Party
10583,Visionstead Studio
10584,VisuStella
10585,"Visual DART Co., Ltd"
10586,Visual Entertainment And Technologies
10587,Visual Interactive
10588,Visual Light
10589,VisualArts/Key
10590,VisualBagel
10591,VisualTech48
10592,Visualnoveler
10593,Visumeca Games
10594,Vitali Kirpu
10595,Vitaliy Ruzankin
10596,Vitok
10597,Vittgen Inc.
10598,Vittorio Banfi
10599,Vittorio Romeo
10600,Viva Games
10601,Vixa Games
10602,VladEv1L
10603,Vladimir Cholokyan
10604,Vladimir Vasilkovskiy
10605,Vladislav Castillo Gonzalez
10606,Vladislav Kardash
10607,Vladislav Zhakov
10608,Vlasov Tower
10609,VoDoo Studios
10610,Void Descent
10611,Void Dimensions
10612,Void Ink
10613,Void Studios
10614,VoidByte
10615,VoidCompiler
10616,VoidFiller Studios
10617,Volcanic Giraffe
10618,Volcano Bytes
10619,Volens Nolens Games
10620,Volframe
10621,Volga Studios
10622,Volition
10623,"Volodymyr ""Wolod"" Yakubovych"
10624,Volrest
10625,Vona Soft
10626,Voodoo Bunny
10627,Voracious Games
10628,Vorobushek
10629,Vortex Games
10630,Vosphia Studios
10631,Voxel Bytes
10632,Voxel LLC
10633,Voxel Tycoon
10634,Voxeled Studios
10635,Voxowl Inc
10636,Voyager Softworks
10637,VoyagerVR
10638,Vroom Vroom
10639,VuVuu
10640,Vulcron
10641,Vulpesoft
10642,Vutune
10643,W
10644,W&H Game Systems
10645,W0nnaFight
10646,WAFFLE GAMES
10647,WAGNER ROCHA
10648,WASD Games
10649,WATCHMAKER
10650,WAW STUDIO
10651,WDS Games
10652,WE2 Games
10653,WEI
10654,"WFS, Inc."
10655,WHIRLLAXY LIMITED
10656,WILD WITS
10657,WIRED_CONNECTION
10658,WIZNWAR
10659,WIZWIN
10660,WMG
10661,"WODAN, Inc."
10662,WOLCEN Studio
10663,WONDER POTION
10664,WOWOH CAT
10665,WR-VRG
10666,WRF Studios
10667,WSS playground
10668,WTFMAN
10669,Wabisabi Play
10670,Waffle Iron Studios
10671,Wafflecat Developments
10672,Waidy Andrade
10673,WaifuMada Games
10674,Waking Oni Games
10675,Waku
10676,Walaber Entertainment LLC
10677,Wales Interactive
10678,Walk Without Rhythm Games
10679,Walk with Kings
10680,WallRus Group
10681,Wallace Lovecraft
10682,Walnut LLC
10683,Walter Machado
10684,Walternate Realities
10685,Wamill
10686,WanadevStudio
10687,Wanba Studio
10688,Wang
10689,Wappen Games
10690,War Frogs Studio
10691,WarGirl Games
10692,WarZoneLab
10693,WarZoneStudioGames
10694,Waraní Studios
10695,Warcave
10696,Warehouse Studios
10697,Wargaming Group Limited
10698,Warm Kitten
10699,Warner Bros. Games Montréal
10700,Warp Turtle
10701,Warpzone Studios
10702,Warren
10703,Warrior
10704,"Warrior General Games, LLC"
10705,WarriorsStudio
10706,Warsaw Film School Video Game & Film Production Studio
10707,Warzone 2100 Project
10708,WasabiSushiStudio
10709,Washbear Studio
10710,Wassimulator
10711,Wastelands Interactive
10712,Wasune
10713,WatchDaToast
10714,Watermelon Pesto Games
10715,Wave Light Games Inc.
10716,Waveor
10717,Waving Bear Studio
10718,Way York
10719,WayForward
10720,WayToYaatra Company
10721,WayUpGames
10722,Wayne Andrews
10723,Wayout Pictures
10724,Wayward Distractions
10725,Wayward Preacher
10726,Wayward Prophet
10727,We Are Cats
10728,We Create Stuff
10729,We're Five Games
10730,WeSoloAZ
10731,Weakfish Studio
10732,Weasel Games
10733,Weather Factory
10734,Weathered Sweater
10735,Weaveractive
10736,Webfoot
10737,Website Modern
10738,Wedontknow Games
10739,Weed Games
10740,Wei
10741,Weird Beluga Studio S.L.
10742,Weird Bunny
10743,Weird Stuff Studio
10744,Weird and Wry
10745,Welland
10746,Wenkly Studio Sp. z o.o.
10747,Wertex Games
10748,Werys Ltd
10749,Wes Mueller
10750,Wesley Reitsma
10751,West Dos (HK) LTD.
10752,Western Werks
10753,Weston Bell-Geddes
10754,Weston Mitchell
10755,Westwood Associates
10756,Westwood Studios
10757,Wet Girl
10758,"Wevr, Inc."
10759,Whale Rock Games
10760,WhaleFood Games
10761,Whalenought Studios
10762,What Happened
10763,"What Pumpkin Games, Inc."
10764,Whatboy Games
10765,What‘s Up Labs
10766,Wheat Muffin Games
10767,Where 游戏
10768,Wherry
10769,WhileOne Productions
10770,WhippedUP_gaming
10771,Whirlpool
10772,Whiskeybarrel Studios
10773,White Blanket Games
10774,White Box
10775,White Door Games
10776,White Elk LLC
10777,White Ink
10778,White Keyframe
10779,White Knight
10780,White Noise Games
10781,White Owls Inc.
10782,White Paper Games
10783,White Rose Games
10784,White Star Studio
10785,White Vertex Studios
10786,White Vortex Games
10787,White tail
10788,WhiteMoor
10789,WhitePowder
10790,WhiteVault Studio
10791,Whiteboard Games
10792,Whiteout Studios
10793,Whitepot Studios
10794,Who Am I Studio
10795,Whoisthis
10796,WhyKev
10797,Wichayuth Luaengtawekul
10798,Wide Right Interactive
10799,Wieden+Kennedy São Paulo
10800,Wield Interactive
10801,WigglingEyebrows
10802,Wikkl Works
10803,Wild Monkey
10804,Wild Ox Studios
10805,Wild Pepper Games
10806,Wild River Games GmbH
10807,WildMonkey
10808,WildPlanet
10809,WildSphere
10810,Wildboy Studios
10811,Wildfire Game（无锡野火数字科技有限公司）
10812,Wildfire Studios
10813,Wildlak
10814,Wilkier Rockenmeyer
10815,Wilkin Games
10816,Will Lingard
10817,Will Thompson
10818,Will Winn Games
10819,William Alves
10820,William Cheek
10821,William Chyr Studio
10822,William at Oxford
10823,William of Oxford
10824,Wills Blackett
10825,Wily Pumpkin
10826,WinDARities
10827,WindField Games
10828,WindThunder Studio
10829,Windforce
10830,Windy Games
10831,Windybeard
10832,Winged Cloud
10833,Wingjoy Games
10834,Winglett Entertainment
10835,Winning Entertainment Group Inc.
10836,Winning Streak Games
10837,Winter Bear Studio
10838,Winter Wolves
10839,WinterSpring Games
10840,WinterTent Studio
10841,Winterpixel Games
10842,Wired Dreams Studio
10843,Wirion
10844,Wise Box Studios
10845,Wise Reaper Games
10846,"Wise Wizard Games, LLC"
10847,Wishes Ultd.
10848,Wishfully
10849,Wit Studio
10850,Witch Beam
10851,Witchy Cat Studios
10852,Wither Studios
10853,Witte Studio
10854,Witty Kitty
10855,Witty Platypus
10856,Witz Games
10857,Wix Games
10858,Wizard Games
10859,Wizard Mode
10860,WoahStudiosus
10861,Wobbly Tooth
10862,Woblyware
10863,Wojtek
10864,Wolf & Wood Interactive Ltd
10865,Wolf Knight
10866,Wolf Packtics
10867,Wolf Tango Games
10868,Wolf holiday
10869,WolfEye Studios
10870,Wolfdog Interactive
10871,Wolfey Studios
10872,Wolfgun
10873,Wolfire Games
10874,Wolfs Moon Studios
10875,Wolfsden LLC
10876,Wolverine Studios
10877,Wolvik Studios
10878,Wompa
10879,Wompa Labs
10880,Wonder Games
10881,Wonderbelly Games
10882,Wonderboy Bobi
10883,Wonderland
10884,Wonderland Kazakiri inc.
10885,Wondernaut Studio
10886,Wonderscope Games
10887,Wonsub Lee
10888,Wood Stone Game
10889,"Woodcrest Games, LLC"
10890,Wooden Monkeys
10891,WoodenWolf
10892,Woodhound
10893,Woodland Development
10894,Woodland Games
10895,Woodpecker
10896,Woodsy Studio
10897,Woolhig
10898,Woolly Walrus Games
10899,Woondas
10900,Wooshido
10901,Workroom7
10902,World Away Games
10903,"World Golf Tour, LLC"
10904,World Makers
10905,World War Company
10906,World of Aircraft Team
10907,World of Poly
10908,World's Edge
10909,WorldWideSoftware
10910,Worlds To Play
10911,Worldwalker Games LLC
10912,Wormwood Studios
10913,Woum
10914,Wozzy Games Limited
10915,Wrestler
10916,Writegg
10917,Wube Software LTD.
10918,WubsGames
10919,Wuko Games
10920,Wulum Creative Technology Ltd.
10921,Wungus
10922,Wuwei
10923,Wwyn
10924,"Wx3 Labs, LLC"
10925,"X PLUS Co., Ltd."
10926,"X-Legend Entertainment Co., Ltd."
10927,XD Games Studio
10928,XDEVS LTD
10929,XDesktopSoft
10930,XEECEE
10931,XOCUS
10932,XP Liu
10933,XR Games
10934,XR Studio
10935,XREAL Games
10936,XTORNADO GAMES
10937,XVVX STUDIO
10938,XXaLoserXX
10939,XYX Games
10940,Xand arts
10941,Xavier Moiny
10942,Xbgzs
10943,Xce
10944,Xefier Games
10945,Xefier Games Inc.
10946,XeloGames
10947,Xeloph
10948,XenOxygen
10949,Xendra
10950,Xeno Bits
10951,XenoAisam
10952,XenoHorizon
10953,Xenon Lu
10954,XiGeHong
10955,XiaoMing
10956,Xiaocong Yan
10957,Xiexe
10958,Xigma Games
10959,Xihe Animation
10960,Xingnan Chen
10961,Xinyuan Studio
10962,Xitilon
10963,Xiubo Zhao
10964,Xlab Digital
10965,Xnora Games
10966,"Xobermon, LLC"
10967,Xrisofor
10968,Xteam software solutions
10969,Xurzerth
10970,Xutiz Development
10971,Xyak-Xyak
10972,Y Press Games
10973,Y Press Otomes
10974,Y.Kageyama
10975,YAW Studios
10976,YC Games
10977,YCJY Games
10978,YDKR
10979,YEARS
10980,YETU GAME
10981,YEZHI
10982,YGGDRAZIL GROUP PUBLIC COMPANY LIMITED
10983,YO FUJII
10984,YOTSUBANE
10985,YS NET
10986,YUKE'S
10987,YUKIUSAGI Games
10988,YUR Inc
10989,YUZUSOFT
10990,YUZUSOFTSOUR
10991,YYZ Studio
10992,YaPing
10993,YaYa Game
10994,Yacht Club Games
10995,Yadon Studio
10996,Yaeko
10997,Yahya Danboos
10998,Yai Gameworks
10999,Yak & Co
11000,Yakir Israel
11001,Yamate
11002,Yamauchi_games
11003,Yames' Games
11004,Yami Sama
11005,Yanako RPGs
11006,Yang Sun
11007,YangZeyu
11008,Yangyang Mobile
11009,Yann GEFFROTIN
11010,Yannick
11011,Yasagure Kitsuenjyo
11012,Yasen
11013,Yash Future Tech Solutions Pvt Ltd
11014,Yasha
11015,Yatch Studios
11016,Yaw Studios
11017,Yawee
11018,Yaza Games
11019,Yağız Selimoğlu
11020,YeMuNetWork
11021,Yechan Yoon
11022,Yellow Boot Games
11023,Yellow Dot
11024,Yellow Gem
11025,YellowAfterlife
11026,YellowDuckWorks
11027,YellowGames
11028,Yellowbound
11029,YenThe Studio
11030,Yenna
11031,Yeongho Kim
11032,YiFang Studio
11033,Yiku studio
11034,Yiming
11035,YinUkume
11036,YingPei Games
11037,Yippee! Entertainment
11038,Yiğit Öztoprak
11039,Ylun Games
11040,YoAvrageStudios
11041,YoXia Game Studio
11042,Yoba Games
11043,Yobob
11044,Yobowargames
11045,Yodubzz Studios
11046,Yoji Ojima
11047,Yokaicade
11048,Yokcos
11049,Yokereba Games
11050,YolkinS
11051,Yonder
11052,Yongjustyong
11053,YorshInGame
11054,Yotis Studios
11055,You Cannot Defend
11056,Young Horses
11057,Young Horses: Free Range
11058,Young M. Kim
11059,YouthAndLove
11060,Youthcat Studio
11061,YuLu
11062,YueluoGames
11063,Yukon Wainczak
11064,Yume Creations
11065,Yume Game Studio
11066,Yumenamakon
11067,Yummy Yummy Studio
11068,YummyYummyTummy
11069,Yuna Studio
11070,Yunus Ayyildiz
11071,Yuri Bechthold
11072,YuriEureka
11073,Yurif
11074,YuruOwO
11075,Yustas
11076,Yusuf Emre Baysal
11077,Yusuf Islam Seyhan
11078,Yuyi Studio
11079,Yyanthire Studio
11080,Z & K Games
11081,Z Studio
11082,Z-Software
11083,Z. Bill
11084,Z.F. Gams
11085,Z0 Game Studios
11086,ZAO Igroprom
11087,ZAR 21
11088,ZERO5GAMES
11089,ZEVO GAMES
11090,ZGame Studio
11091,ZHANG FAN
11092,ZHAOYUNSHE
11093,ZHONGZHENGQIANG
11094,ZMVR
11095,ZOO Digital Publishing
11096,ZOOM Platform Media
11097,ZRIGN 地霊研究院
11098,ZRZStudio
11099,ZXC Games
11100,Zabbo Games
11101,Zach Gage
11102,Zach Kinstner
11103,Zach Lawrence
11104,Zach Soares
11105,Zach Tsiakalis-Brown
11106,Zachary Paternoster
11107,Zachary Walker-Liang
11108,Zachtronics
11109,Zackavelli
11110,Zai Studio
11111,Zak Amana
11112,Zanardi and Liza
11113,Zankey Studio
11114,Zato Ana Software
11115,Zatun
11116,Zaxiquej
11117,Zayne Black
11118,Zeboyd Digital Entertainment LLC
11119,Zeekerss
11120,Zelart
11121,Zeldars Zone
11122,Zemen
11123,Zen Apps Studio
11124,Zen Studios
11125,ZenFri Inc.
11126,ZenTile Games
11127,ZenVision Games
11128,Zenovia Interactive
11129,Zentient Games LLC
11130,ZephyrStudio
11131,Zero Fun
11132,Zero Imagination Productions
11133,Zero One Studio
11134,Zero Sun Games
11135,ZeroABr
11136,ZeroTris
11137,ZeroWorldwide
11138,ZeroXilo
11139,Zerobit
11140,Zerone Games
11141,Zeros
11142,Zertuk
11143,Zeta bit
11144,Zetao
11145,Zeth
11146,Zetsubou
11147,Zhen
11148,ZheroIsland
11149,ZiX Solutions
11150,Ziberian Dev
11151,Ziggy Makes Games
11152,Zima software
11153,Zing Games Inc.
11154,Zino
11155,Zjoy Game
11156,ZocaLight
11157,Zoe Vartanian
11158,Zoink
11159,Zojoi LLC.
11160,ZokerinoDev
11161,Zonex Entertainment Studios
11162,Zoo Corporation
11163,Zoom Games
11164,Zoom Out Games
11165,Zorbus
11166,Zordix Racing
11167,Zoroarts
11168,Zu Digital
11169,Zuckrprinz Games
11170,Zukoix
11171,Zupami
11172,Zurvivor
11173,Zushi Games
11174,Zygobot
11175,[2.21]
11176,[DRAMATIC MUSIC PLAYS]
11177,[OneManBand]
11178,[SAMPLE TEXT] Studios ltd
11179,_Echelon Software
11180,_Jester_
11181,_k.y.
11182,_wiwigames
11183,a Rock! Studios
11184,a10a010
11185,a1esska
11186,a327ex
11187,aNCHOR Inc.
11188,a_BAHN
11189,abdulkadir cam
11190,aberrator
11191,alienmelon
11192,alreti circle
11193,alumi-soft
11194,ambai
11195,ampersandbear
11196,anOVERTHINKER
11197,andrfw
11198,angelos siskos
11199,asraworks
11200,atelier mimina
11201,axilirate
11202,azndesserts
11203,azucat
11204,b-alive gmbh
11205,b38b38b
11206,bHaptics Inc.
11207,bad_vertex
11208,badopticsgames
11209,bagheads
11210,bankbank
11211,baron sengia
11212,batensan
11213,battyRabbit
11214,batwimp
11215,bblockCorp
11216,bcat112a
11217,beans rolls
11218,beelopeelo
11219,ben lunato
11220,beyondthosehills
11221,bhungry
11222,big pineapple
11223,bighandinsky
11224,bison
11225,bit paradigm
11226,bitchunk
11227,blink
11228,bluesky
11229,borgia mango
11230,brimselGames
11231,brin
11232,brusnik.com
11233,btf
11234,buho game
11235,builds.games
11236,bulo studio
11237,by Mike Robins
11238,byDanDans
11239,byMixNez
11240,cGh ONE
11241,cKolmos narrative.
11242,caiys
11243,catnipstudio
11244,cdhy interactive
11245,celikgames
11246,celusis
11247,chapliboy
11248,chenjd
11249,ciego
11250,codapill
11251,coder2k
11252,coolnames
11253,corpsepile
11254,crea-ture Studios Inc.
11255,cream
11256,creati-bu
11257,"crim Co., Ltd."
11258,cryhades
11259,cukuto
11260,cursorstudio
11261,cys20 studio
11262,cyy
11263,d4rkd0s
11264,d7m
11265,daihua.k
11266,damian3k
11267,daniel coady.
11268,danilomacb
11269,daniserranu
11270,davemakes
11271,de Fault
11272,deadworld games
11273,debugChicken
11274,deleon
11275,derevotyan
11276,desunoya
11277,devOrange
11278,dhamster
11279,diedemor studio
11280,dieselmine
11281,dietzribi
11282,digital2 games
11283,digitalbathtub
11284,digitalsoulVR
11285,doBell
11286,doekuramori
11287,doger的游戏小屋
11288,dogpet
11289,doinksoft
11290,domi383
11291,dotcopycat
11292,droqen
11293,drurylain
11294,e-sheep
11295,eNVy softworks
11296,eTIRUe
11297,eXiin
11298,eXtreme Studios
11299,ebi-hime
11300,echo games
11301,eddynardo
11302,eevoe
11303,ehmprah
11304,eiNpictures
11305,ellraiser
11306,elvissteinjr
11307,endeetree
11308,etherane
11309,exaheva
11310,exeCUTE
11311,exodrifter
11312,fabian@ColoryVR
11313,feng
11314,finalbossblues
11315,findemor
11316,flanne
11317,fluckyMachine
11318,fogimi
11319,foolsroom
11320,fraimone
11321,freja
11322,fumi
11323,funcybear
11324,fushidaratei
11325,fusion
11326,futurelovegame
11327,"fuzz, Inc."
11328,gaem by jj
11329,games by lum
11330,gamesbychris
11331,gamigo US
11332,gamingyourway
11333,ganashaw
11334,gareththegeek
11335,gcBronze
11336,gelare1029745
11337,ghost pattern
11338,ginolabo
11339,go go go studio
11340,goatrope games
11341,godolphin games
11342,grapefrukt games
11343,grin robot
11344,guilemus
11345,guselect
11346,gypynkt
11347,gz.inc
11348,h.a.n.d.
11349,hako life
11350,hako 生活
11351,hangry owl games
11352,happysquared
11353,hcnone
11354,heran&99
11355,hexcavator
11356,hf Production
11357,hiddenVisions
11358,hidekihanida
11359,higopage
11360,hinyari9
11361,historia Inc.
11362,hiulit
11363,https://1ma2szk.booth.pm/
11364,https://www.noland-studios.com/
11365,iFAction Studio
11366,iGindisGames
11367,iLand Studios
11368,iMel
11369,iNFINITE Production
11370,iNK Stories
11371,iRacing
11372,iRacing.com Motorsport Simulations
11373,iamRoarke
11374,iamtab
11375,ic3bug
11376,icefill
11377,id Software
11378,idoz & phops
11379,iiloo
11380,ikasumiyaki
11381,ilili_world
11382,illuCalab
11383,illufinch
11384,illystray Creations
11385,ilzard
11386,imaginarylab
11387,imbagroup
11388,impacioble
11389,inXile Entertainment
11390,indev-studio
11391,indie-dir
11392,indie.io
11393,indie_games_studio
11394,indiegames3000
11395,indielight Incubator
11396,inkakamu
11397,inkle Ltd
11398,insertdisc5
11399,insomnia
11400,instructions unclear
11401,internetcharles
11402,intiny
11403,ipei_retland
11404,islaOliva Games
11405,isonosuke
11406,itamu
11407,iv2 Games
11408,iwilliams
11409,jacku
11410,jerome
11411,jksoft
11412,johnbell
11413,jorgen games Ltd
11414,jounitus
11415,joynow
11416,joynowstudio
11417,jpm_games
11418,jtggame
11419,junzhu
11420,just for fun
11421,justjayem
11422,jwiggs
11423,k148 Game Studio
11424,kChamp Games
11425,kabuff.co
11426,kaleidoscube
11427,kamichichi
11428,kan.kikuchi
11429,kaniheadcrab
11430,kashW
11431,kazakovstudios
11432,khukhrovr
11433,kido
11434,kingna studio
11435,koloro
11436,kolorogame
11437,kouri
11438,kovalevviktor
11439,koyomogi
11440,kuklam studios
11441,kumakare
11442,kurigamedev
11443,kurohuku
11444,kylo
11445,kyuu Fujisaki
11446,lamb of game
11447,lampersandl
11448,landing man studio
11449,leaves
11450,leeve_weky
11451,lemon
11452,lemoniedev
11453,leo waters
11454,leo wood
11455,liangxiegame
11456,lightUP
11457,"liica, Inc."
11458,like Charlie
11459,ln404
11460,loloF
11461,loloop
11462,lopogames
11463,louis morel
11464,lozzajp
11465,lss
11466,lufy
11467,luo
11468,maJAJa
11469,madosoft
11470,magicdweedoo
11471,magicpro
11472,maitan69
11473,manadream
11474,maou
11475,mapacarta
11476,marlersh
11477,mathismeilby
11478,mañana studios
11479,mc2games
11480,me.mento XR interactive AG
11481,meLtRoman
11482,mebius.
11483,mecagames
11484,metagalaxy panda
11485,milliondoubts
11486,mino_dev
11487,mistertabasco
11488,miyu.works
11489,moi rai games
11490,monime
11491,monkey.joyful
11492,monome.studio
11493,moon soul
11494,moraguma
11495,more8bit
11496,mort-art
11497,mosgrom
11498,motijan
11499,mrgigam
11500,mumimumi
11501,munted finger
11502,mushroomer stronger
11503,muuutsch
11504,myTrueSound
11505,nDreams
11506,nGarden
11507,nalothchris
11508,namespace.media
11509,narayana games UG
11510,nattuhan
11511,nekogameteacher
11512,neozoid.games
11513,netmin games
11514,nfoPRINCE
11515,niceplay games
11516,ninedux
11517,nodayshalleraseyou
11518,nolsoft
11519,nomorevalid
11520,nornware AB
11521,nostalgia
11522,notagamestudio
11523,npckc
11524,npuKoJI team
11525,nyewks
11526,o_m
11527,obrubshik
11528,oddbreeze
11529,okeyplaystudio
11530,okyakusama
11531,ol-web
11532,oldhc
11533,omidjm
11534,ondydev
11535,ooblies
11536,oophok
11537,ooze
11538,orange
11539,organelemonhouse
11540,orochi2k
11541,oyajinojiike
11542,panstasz
11543,peakvox
11544,pengjianNiu
11545,peperoncino
11546,personal Game studio
11547,pftq
11548,pgWave
11549,phixcat
11550,photographer
11551,pink rabbit
11552,pinkjuicegames
11553,piratecat games
11554,pixel games SARL-S
11555,plaYnice!
11556,playuntrusted.com
11557,plyoung
11558,polyperfect
11559,poncle
11560,ponett
11561,potato-life
11562,potentknight
11563,prettysmart games
11564,project bamboo
11565,qingping
11566,quan home
11567,quan_home
11568,quasardeep
11569,qugen®
11570,quicktequila
11571,qureate
11572,r3nsen
11573,radgu8
11574,raptor lab
11575,rarelikeaunicorn
11576,rebel rabbit
11577,resnijars
11578,re零同人社
11579,rittzler
11580,robbiesla
11581,rocketship
11582,rogerinfanger.com
11583,rokaplay
11584,rologfos
11585,rose-engine
11586,rostok.itch.io
11587,rumbleball
11588,russpuppy
11589,ryArt
11590,ryoheyLab.
11591,s. r. o.
11592,s0s2
11593,sad3d
11594,sad_gandalf
11595,sadboy
11596,sakastudio
11597,samcolserra
11598,samuel crevier
11599,sandman
11600,sawworm Games
11601,scitydreamer
11602,selenophobia
11603,semiwork
11604,sep-neko-ya
11605,shinywhitebox ltd
11606,shru
11607,silly little games
11608,silver978
11609,sizrit
11610,skins.dog
11611,slizer88
11612,small bros
11613,smellymoo
11614,socah development
11615,sodaraptor
11616,sojourn interactive
11617,spleeN
11618,sprite
11619,sqr3lab
11620,starknow
11621,starlit studio
11622,stellarNull
11623,stillalive studios
11624,storkyproduct
11625,stormnebulae
11626,straka.studio
11627,strelitziaOld
11628,stupid cat
11629,sugar*plum
11630,summetGames
11631,sun xiaodong
11632,sunnydaze
11633,surpass game
11634,swanee734
11635,taletronic
11636,tan90
11637,taxicomics
11638,team dytdyt
11639,tentacles game
11640,terunon's Lab
11641,tha ltd.
11642,thatdiesel
11643,thatgamecompany
11644,the Bratans
11645,the color addiction
11646,the ito project
11647,the last evil wizard
11648,the3daction.com
11649,theArkitect
11650,thePadlockesTech
11651,thugzilladev
11652,tiny cactus studio
11653,tinyBuild
11654,tinyDino Games
11655,tjern
11656,toR Studio
11657,tokoronyori
11658,tomadan
11659,tooran
11660,toowiggly
11661,torcado
11662,tri-Ace
11663,triple A code GmbH
11664,tripper_room
11665,trulyDigital
11666,tulevik.EU
11667,turbolento games
11668,twelveAddOne
11669,u&i
11670,ub4q
11671,unbeGames
11672,undies
11673,undownsidable
11674,unikotoast
11675,upjers
11676,urbgames
11677,useful slug
11678,ustwo games
11679,van der Plauze
11680,vano
11681,vanripper
11682,varlamov5264
11683,vedev
11684,vemu games
11685,vendara
11686,verkme
11687,veryOK
11688,vfjekgd
11689,vk
11690,vuzimu
11691,wadishTheCreator
11692,wannaodin
11693,watakubi
11694,webfoot
11695,weikeduo
11696,weiqian
11697,weltenbauer. Software Entwicklung GmbH
11698,whelp
11699,wolfbyte131
11700,wormpod
11701,wow wow Games
11702,wozitdev
11703,xFAIRx
11704,xStudios.net
11705,xTyler73
11706,xXx_Skipper_xXx
11707,xdd
11708,xe2050
11709,xemono
11710,xproject
11711,xrrawva
11712,yancouto
11713,yangyiming
11714,yeo
11715,yeswecamp
11716,yevhen8
11717,yo_serjio
11718,yomogi_soft
11719,yondray
11720,yookond.
11721,yousoi
11722,yuzhen
11723,yx
11724,zagawee
11725,zediven
11726,zerogame
11727,ziegler gamedev GbR
11728,zstar
11729,zuza
11730,Álvaro García (binarynonsense)
11731,Çamlıca GameLab
11732,Çınar's Art
11733,Ômega Games
11734,İREM KAMURAY
11735,Štěpán Sedmík
11736,ωstar
11737,Аlexandr Telminov
11738,ИЛЬЯМАЗО
11739,Настя
11740,Носков Сергей
11741,Ольга
11742,Поезда
11743,ТЯН ТЯН ТЯН ЛАМПОВАЯ ТЯН INDUSTRIES
11744,Тот Самый
11745,ХаБеБу
11746,Я-то в советские времена уууу
11747,е
11748,игры
11749,ты
11750,ํ20Studio
11751,‪Double Eleven
11752,∇
11753,▲ Pyramid Games
11754,『風林火山』工作室
11755,あうとさいど
11756,あみそ組
11757,いくちおすてご
11758,うさうさらびっと
11759,うどんぱ
11760,からふるぱーてぃ
11761,くそいサイト
11762,こおりみず
11763,こーひーあーる
11764,しらたまこ
11765,だらねこげーむず/Daraneko Games
11766,とぶ
11767,とらんぽ（Torampo）
11768,ひこてる
11769,ひつじぐも
11770,まどそふと
11771,みなとカーニバルWorld
11772,ゆーぎり
11773,よんとんトマチン
11774,アメミキノスケ
11775,カツサダ研究所
11776,サークル☆フェアリーフラワー
11777,シカクゲームズ
11778,テクノドット
11779,ハコニワハコビヤ
11780,ハチクマソフト
11781,フォトショ職人
11782,一个小目标工作室
11783,一叶个人战棋游戏
11784,七度灰工作室
11785,万象皆春
11786,上海アリス幻樂団
11787,上海奇速网络科技有限公司
11788,上海愉游网络科技有限公司
11789,上海摩力游数字娱乐有限公司
11790,上海杜昂网络科技有限公司
11791,上海沙界软件有限公司
11792,上海润梦网络科技有限公司
11793,上海游愉网络
11794,不吃蛋黄
11795,不秋草游戏工作室(Bamboo Games)
11796,不謹慎Brothers
11797,不重要
11798,东方祈华梦制作组
11799,个人
11800,个人开发
11801,中央創遊_NCUGameCreator
11802,丹橘游戏
11803,乐子人
11804,二色幽紫蝶
11805,云巅
11806,五十游戏
11807,仓鼠个人工作室Hamster Studio
11808,仓鼠动力
11809,以絵会友(ikaikaiyuu)
11810,伏生游戏
11811,伟坚
11812,作場金属製作所 Sakuba Metal Works
11813,侠客工作室
11814,修仙界
11815,做个好游戏工作室
11816,傅真
11817,傲雪小组
11818,元气工作室
11819,元气弹工作室(GD Studio)
11820,全战天下
11821,八名木Games
11822,养蛋人 Egg Hatcher
11823,冷笑黑妖
11824,凌晨大黑狗
11825,凝冰剑斩
11826,初稿
11827,刺沙
11828,北京图之未来信息科技有限公司
11829,北京彩蛋科技有限公司
11830,北京星磐科技
11831,北京目标在线科技有限公司
11832,半瓶醋工作室（Half Amateur Studio）
11833,南京指尖互娱数字科技有限公司
11834,南京沐色文化创意发展有限公司
11835,卧熊工作室
11836,双叶小组
11837,双星骑
11838,只做一款战棋工作室
11839,可布和常常诶
11840,吃了就睡工作室
11841,吉祥如意工作室
11842,同萌绘
11843,呜噜噜
11844,呜噜噜游戏
11845,周北Zhoubei
11846,咖啡园种植研究基地
11847,咲熠
11848,唐扬Studio
11849,喜人一个
11850,喵法自然
11851,嘻咯夜X
11852,四川仙威科技有限公司
11853,团购规划局
11854,图纳密游戏
11855,土豆火锅
11856,地蔵サバイバルナイト
11857,埋月山枯
11858,基本操作PlayClass
11859,塔克工作室
11860,多巴胺军火商
11861,夜神不说话
11862,夜神说话
11863,夜葬半歌
11864,大以巴狼艾斯
11865,天津芸芸科技有限公司
11866,失与寻制作委员会
11867,奇正游戏
11868,她3 : 复乐园之曦
11869,好几万个脑洞
11870,好色猫
11871,妖妖灵制作组
11872,妖妖酒
11873,季森造纸工坊
11874,宁夏华夏西部影视城有限公司
11875,宇极VR胆小鬼
11876,安格法
11877,完蛋了的国王
11878,宮村あつき
11879,寒蟬
11880,小情小调
11881,小海洋 MiniSea
11882,小鱼工作室
11883,山竹
11884,岗成年
11885,岛叶游戏
11886,崎托
11887,巫女さん作法
11888,市松製化
11889,帅宅快乐屋
11890,幸存者乐园
11891,幻想博物馆（Utopia Museum）
11892,幻想理戈游戏开发工作室
11893,幽々燦々(yuyusansan)
11894,库库尔坎游戏工作室
11895,异界游网络科技
11896,弘煜科技事業股份有限公司
11897,弥渳工作室
11898,弦语蝶梦
11899,心流工作室（Heart Stream Studio）
11900,怪侠一枝梅
11901,恒睿游戏
11902,悠乙
11903,戀愛奶昔
11904,成都盟布克科技有限公司
11905,我妻寒十
11906,戴永翔(Dai Yong Xiang)
11907,托更的修罗
11908,拾光创梦
11909,拾遗工作室
11910,挂机的咸鱼
11911,攸心工作室
11912,施特朗
11913,无上道
11914,无名小厂
11915,日夜爆肝的千
11916,明枭网络
11917,易远游戏
11918,星屑ラボラトリー
11919,星愿制作组
11920,星愿游戏制作组
11921,星火工造
11922,星环游戏
11923,星环网络科技
11924,星罗云布工作室
11925,星辰重工StellaGames
11926,晨雾幻想·器乐团
11927,曲波
11928,月亮上的佳宇
11929,月出之时
11930,月食图书室
11931,有杕之杜
11932,木枯リオ
11933,木枯組
11934,末法时代制作组
11935,本格工作室
11936,机械神狐教制作组
11937,杨云卿
11938,杭州千狼科技有限公司
11939,枕
11940,林檎树
11941,枝江幻想社
11942,柚原堂
11943,柚子丁工作室
11944,柿树文化
11945,栖鸾工作室
11946,校长模拟器
11947,株式会社3goo
11948,株式会社Mogura
11949,株式会社コンテンツシード
11950,株式会社タストα
11951,株式会社プラス81
11952,桃之夭夭
11953,桐生バトラ（疑狐社）
11954,桑尼游戏(Sunny Game)
11955,梦影幻忆
11956,森の中の猫の小屋
11957,榭季生
11958,樂磚Joy Brick
11959,橘子班
11960,橘音
11961,橙光游戏
11962,武儒小生
11963,武器铺工作室
11964,武汉幻狮科技有限公司
11965,毛玮欣MAO WEIXIN
11966,永恆艾莉絲工坊
11967,求道庵（gudouan）
11968,汉家松鼠Han-Squirrel Studio
11969,济沧海工作室
11970,淤馨致志科技有限公司
11971,深圳市元计划科技有限公司
11972,深圳市创源互娱科技有限公司
11973,深海海鲜组
11974,深蓝制作组
11975,清泉工作室
11976,温小雨
11977,游学者狐狸
11978,游戏事业接班人
11979,游戏养家工作室
11980,游戏方程工作室
11981,游韵游戏网络公司
11982,滑稽工作室
11983,滑稽猫
11984,漫森游戏工作室
11985,灰烬天国
11986,灵煦工作室
11987,炎黄工作室
11988,炭焱网络 Tantrum Network
11989,炸渣渣鸡
11990,烟水寒工作室
11991,热区网络
11992,焰之莲工作室
11993,熊窝dodox
11994,燃心游戏工作室
11995,狐の旅路制作组
11996,独资个人
11997,狮子
11998,狼烟游戏studio
11999,猫咪岛施工队
12000,猫尾巴制作组
12001,猫柚工作室
12002,猫跑工作室
12003,獭獭社
12004,玄镜工作室
12005,王韋
12006,玖日六叔
12007,琉璃花糖制作组
12008,甘肃嘉元数字科技有限公司
12009,生人症候群
12010,用爱发电工作室
12011,由風
12012,画个饼工作室
12013,畅玩网络
12014,番茄紅貓
12015,疯王子
12016,白信鸽工作室
12017,白玉京工作室
12018,白袍恐懼症
12019,白雪山工作室
12020,白露社
12021,百合赛高
12022,目之辨 MuZhiBian
12023,県工情報処理部(KENKOUJSB)
12024,真符
12025,知音动漫
12026,碎片纪元工作室
12027,神心飘游堂
12028,神戸ルル
12029,神族宝
12030,神经刀游戏工作室
12031,神经虾工作组
12032,秃鹰组长
12033,秋之忧郁
12034,秋太虚工作室
12035,窗外紫藤制作组
12036,章鱼罐头制作组
12037,简简单单说简单工作室
12038,箱崎奈绪(Hakozaki Nao)
12039,类人猿leiry
12040,糯米集团工作室
12041,給食頭蛮
12042,红星
12043,红渊
12044,绘夏Games
12045,绝汪
12046,绿野
12047,置雨制作组
12048,羲和工作室
12049,聖Rawrence
12050,肥螳螂
12051,自転車創業
12052,致意
12053,舒尔佳
12054,舞刀弄影
12055,艺龙游戏
12056,艾斯尼斯
12057,艾斯貝洛
12058,艾露比工作室
12059,花蕊游戏工作室
12060,苏州天魂网络科技股份有限公司
12061,莉莉恩工作室
12062,落叶岛项目组
12063,蒐藏馆工作室
12064,蓝色魅力
12065,薬学ゲーム開発プロジェクト
12066,蝴蝶互动信息技术有限公司
12067,螺母游戏
12068,血色双眸
12069,觀象草圖 Astrolabe Draft
12070,诡道
12071,谜之老六
12072,谭浩翔
12073,豆丁儿独立游戏工作室
12074,赚大钱工作室
12075,赣州怡玩文化传媒有限公司
12076,赤瞳大白猫
12077,趣品堂(Hardcore Studio)
12078,趣源工作室
12079,路过的骑士皇
12080,软星科技(SoftStarlight)
12081,轻梨工作室
12082,辛小啊
12083,辣香蕉工作室
12084,迩来工作室
12085,遇见咖啡厅
12086,郑州百易科技有限公司
12087,酷呐网络科技
12088,重楼工作室
12089,量子艺界（QUANTUM ARTS）
12090,金戈兄
12091,钟浩林
12092,银阼
12093,锁眼工作室
12094,锈钻游戏工作室
12095,长生
12096,闪金游戏
12097,阅尘Atlas
12098,阿地
12099,阿煙
12100,陈 世杰
12101,陈世杰
12102,随便做做游戏组
12103,雨夜枫雪制作组
12104,雪糕棒
12105,雪見いつか
12106,零创游戏(ZerocreationGame)
12107,青丘游戏
12108,青岛三脚猫工作室
12109,青春18金魚
12110,青椒
12111,青灯独酌
12112,青衣工作室
12113,風鈴堂
12114,风魔工作室
12115,飞天大胖喵
12116,飞麦菌
12117,饺子社
12118,香港商河洛互動娛樂股份有限公司
12119,鬼谷工作室
12120,鶴鄉戀旅製作團隊
12121,鸽屋谷
12122,鹊思网络
12123,黑丝带制作组
12124,黑子游戏
12125,黑心小作坊
12126,黑白牛游戏
12127,黑鸦BlackCrow
12128,黒城ろこ
12129,黒子ラボ
12130,龙猫饭
12131,龙骨工作室
12132,박재성
12133,수석 재단사
12134,유진게임즈
12135,이수
12136,이재승
12137,정지현
12138,한국IT전문학교 학생팀
