publisher_key,publisher_name
1,#FF0000
2,& Jimmy
3,"+Mpact Games, LLC."
4,+Umbrella
5,-二律背反-
6,...
7,.orphans
8,0 Deer Soft
9,007berd
10,011 Games
11,02GAMES
12,0Dark&Nerdy
13,0UP GAMES
14,1 Trait Danger
15,10 Chambers
16,100 Creepy Tales
17,100 GAMES
18,1001 Studio
19,100Hr Games Inc
20,101XP
21,10mg
22,10tons Ltd
23,11 bit studios
24,11000AD
25,12B3
26,13TH Division
27,1564 Studio
28,16air
29,17-BIT
30,180°
31,18Light Game Ltd.
32,1917 Studios
33,1939 Games
34,199 Cents STUDIO
35,1DER Entertainment
36,1MB
37,1UP Factory
38,1actose
39,1classydude
40,2 Devi LLC
41,2 FOR 2
42,2 Left Thumbs
43,2 Ton Studios
44,2054
45,207 Studios
46,2124 Publishing
47,221 Games
48,23:23 Team
49,24 Entertainment
50,"24Frame, inc."
51,2645Interactive
52,26PM
53,26k
54,29x
55,2:30 AM Studios
56,2Awesome Studio
57,2Bit Couch Games
58,2Boone Games
59,2D Digital studio
60,2D_猫
61,2K
62,2K Games
63,2KMAGIC STUDIO
64,2P Games
65,2PGames
66,2S Games
67,2dragontails
68,2ndBoss
69,2pt Interactive
70,2tainment
71,3-Fold Games
72,3-Tricks
73,30 Matches
74,30 Parallel
75,300AD
76,302 GAMES INC
77,314 Arts
78,314 Bytes
79,33ParadoX&igstore
80,346lab Localization
81,34BigThings srl
82,3AM Studios
83,3D Aim Trainer
84,3D Realms
85,3D Visualisation Aesthetics Lab
86,3DAR
87,3DM Games
88,3DPet
89,3DPuss
90,3Mind Games
91,3StrakGames
92,3dcafe
93,3dm_live_wallpapers
94,3f Interactive
95,3goo
96,3m0 studio
97,404 game
98,404.zero
99,42tones
100,430Games
101,4Co
102,"4DAYS LAB Co., Ltd."
103,4Divinity
104,4G
105,4H StudioLab
106,4Tabern
107,4ugui
108,505 Games
109,505 Games Official
110,505 Pulse
111,511GAMES
112,515 Games
113,5D Realities
114,5K Gamers
115,5PM Studio
116,5TH Cell
117,5am Games GmbH
118,5minlab Corp.
119,6 Pillars Studio
120,6 Toad Games
121,616 GAMES
122,6502 Workshop
123,69Gate
124,717 pixels
125,727 Not Hound
126,729白起生贺组
127,751 Games
128,7A Games
129,7CoreLoops
130,7DOTS
131,7Eagle
132,7Levels
133,7Road
134,7TaleZ
135,7shi321
136,7th Beat Games
137,838s Maniacs
138,852話
139,856 Studios
140,8AH
141,8BitSkull
142,8Floor
143,8floor
144,9 Eyes Game Studio
145,90% Studios
146,91Act
147,96Brothers
148,99 Grados Games
149,99cent
150,9FingerGames
151,9Garden
152,9heads Game Studios
153,9xgame
154,@ Heliosphere Software
155,A Bunch of Hacks
156,A List Games
157,A Man and his Computer
158,A Normal Monkey Studios
159,A. Hagen
160,A.M. Team
161,A2 Game Studio
162,A2 Softworks
163,A:TroY
164,AAA Game Studios
165,AAD Games
166,AAD Productions
167,AB Developer
168,ACE Entertainment
169,ACGames
170,ACQUIRE Corp.
171,ACTION SQUARE
172,AD Games
173,ADGS
174,ADOG
175,ADO遊戲製作
176,AEXLAB
177,AFIL Games
178,AFOG
179,AG SOFT
180,AGames
181,AGaming+
182,AI mainland Game studio
183,AIRSTRAFE INTERACTIVE
184,AIx2 Games
185,AJB GAMES STUDIO
186,AJRPG
187,AK Communications
188,AK Studio
189,AKM Games
190,AKPublish
191,ALIEN studio
192,ALLAF GAMES
193,ALT Lab
194,AM Productions
195,AMAGAMES
196,AMATA Games
197,AMC Games
198,AMMC Games
199,AMPLITUDE Studios
200,ANG People s.r.o.
201,ANIGRAM
202,ANIPLEX.EXE
203,ANPA.US
204,AO Games
205,AOE Plus
206,APOLLOSOFT
207,AQE
208,AQUASTYLE
209,AR-BRIDGE
210,AR14.works
211,ARCHWTICH GAMES LLC
212,ARIELEK
213,ARMA GAMES
214,ARPSEL
215,ARTE France
216,ARTIFACTS
217,ARVI VR INC.
218,ARVORE Immersive Games Inc.
219,ASA Games Studio
220,ASK GAMES
221,ASUS GLOBAL PTE. LTD
222,AT Limited
223,AT-AT Games
224,ATK Games
225,ATYPIQUE studio
226,AURORA Games
227,AVAKE
228,AVIAR B.V.
229,AVOS'
230,AVROD Technologies Inc.
231,AZAMATIKA
232,Aarimous
233,Aarjvark
234,Aaron Gilbert
235,Aaron Worcester
236,Aasura Project
237,Aatlantis Code
238,Abandoned House Studios
239,Abbey Games
240,Abdalrahman Shakr Hamid
241,Abducted Monkeys
242,Abenteuerpakete
243,Abhi Sundu
244,Abiding Bridge
245,Abracadabra Arts
246,Absolute Power Game Studio
247,AbsoluteZero LLC
248,AbstractArt
249,AbsurdPoncho
250,Abylight Studios
251,Abysmal Fury Games Inc.
252,Abyssal Studios
253,Abyte Entertainment
254,Ac Games
255,Accelerate Games
256,Achenar Studios
257,Achimostawinan Games
258,Achpile
259,Achrony
260,Acid Mines Software UG
261,AcidicDuck
262,Acram Digital
263,Acrossbeavers Studio／翻滾海貍工作室
264,Actawesome
265,ActionGames
266,Active Fungus Studios
267,Active Games
268,Activision
269,Actoon Studio
270,Actplus Studio
271,Actual Nerds
272,Actura Studios
273,Acureus
274,Acute Mango
275,Acute Owl Studio
276,AdTechGames
277,Ada Rook
278,Adam D. Smith
279,Adam DeLease
280,Adam Hrubý
281,Adam Sklar
282,Adam Soutar
283,Adam Thompson
284,Adam Travers
285,AdamDubiGames
286,Adamvision Studios
287,Adato Games
288,Adelante LTD
289,Adem Kaya
290,Adhiesc
291,Adi Zhavo
292,Adjective Noun
293,Admia
294,Adobe
295,Adriaan de Jongh
296,Adrian Corpuz
297,Adrian Fox
298,Adrian Marple
299,Adrian Systems
300,Adrián Corbalán
301,AdroVGames
302,Adventure Islands
303,Adventure4Life Studios
304,Aegon Games
305,Aehmttw (Matei Budiu)
306,Aeon Dream Studios
307,Aerial_Knight Games
308,Aerie Digital
309,Aeromir
310,Aerosoft GmbH
311,Aerovery Lab
312,Aesthetic Interactive
313,Aestronauts
314,Aeternum Game Studios S.L
315,Aether Studios
316,Affable Games
317,Affility
318,Affordable Cat
319,Afil Games
320,Afiq Suradi
321,Afterburn
322,Agafonoff
323,Age of Fear
324,AgeOfGames
325,Aged Immortals
326,Agelvik
327,Agent Emerson LLC
328,Aggro Crab
329,Agiriko
330,Agnieszka Michalska
331,Ahlman Game Studio
332,Ahmet Yusuf Yatkın
333,Aiaz Marx
334,Aidan Strong
335,Aikasa Collective
336,Aim VR Studios
337,Aineko Games
338,Airem
339,Airship Syndicate
340,Aiya Games
341,Akaba Studio
342,Akamurasaki Games
343,Akatsuki Taiwan Inc.
344,Akhir Pekan Studio
345,Akiyamy
346,AksawShin
347,Aksys Games
348,Aktamia
349,Akupara Games
350,Alan Edwardes
351,Alan Guan
352,"Alan-1, Inc."
353,Alaska
354,Alawar
355,Alawar Casual
356,Alawar Entertainment
357,Alberto Alcides
358,Albino Studio
359,Alcedo Games
360,Alcon Interactive Group
361,Aldo Jeffrey
362,Aldorlea
363,Aldorlea Games
364,Alec's factory
365,Alejandro Hernández Ferrero
366,Aleksandr Golovkin
367,Aleksandr Nagaev
368,Aleksandr Turkin
369,Aleksey Izimov
370,Aleksey Skvortsov
371,Aleph Null Ltd.
372,Aleson
373,Alessandro Guzzo
374,Alex
375,Alex Demchenko
376,Alex Grade
377,Alex Hetherington
378,Alex Loman
379,Alex Luna
380,Alex Mankin
381,Alex Suber
382,Alexander Bogdanov
383,Alexander Feinstein
384,Alexander Gromyko
385,Alexander MacLeod
386,Alexander Sablin
387,Alexander Semenov
388,Alexander Spillman
389,Alexander Tavintsev
390,Alexander Taylor
391,Alexander Van den Bulck
392,Alexander Westwater
393,Alexandre Kadri
394,Alexey Suslin
395,Algorocks
396,Ali Efe IRALI
397,Ali Kaan BAŞHAN
398,Alice & Smith
399,Alice Publication
400,Alien Intelligence UAB
401,Alien Pixel Studios
402,Aliens Developers
403,Alientrap
404,Aligned Games
405,Alioth Studio
406,Alkaline Development LLC
407,Alkinoy
408,"All Elite Wrestling, LLC"
409,All in! Games
410,Allen Cayn
411,Allen Games
412,Alliance
413,Alliance Arts
414,Allocate
415,Alman
416,Almost Playable Games
417,AlmyriganHero
418,Alon Cohen
419,Alon Zubina
420,Alone Fox Games
421,Alpar Entertainment
422,Alphatik Inc
423,Altair Games LLC
424,Alternative Software Ltd
425,Altfuture
426,Alto Interactive
427,Aluba Van+
428,Amanita Design
429,Amanito Computing
430,Amaterasu Software
431,Amateur Sloth
432,Amaury Hyde
433,Ambiera
434,Ambitious Games
435,Amhardcore
436,Ammobox Studios
437,Ammonite Design Studios Ltd
438,Amonga99
439,Amortiz Games
440,Amplified Games
441,Amplifier Studios
442,Amrita
443,Amrita Studio
444,AmyBeryl
445,An Otter Team
446,Anabasis
447,Analgesic Productions
448,Analog Chechen Dudes
449,Anamik Majumdar
450,Anarch Entertainment
451,Anarchy Games
452,Anarchy97 Games
453,Anarkis Gaming
454,Anasta
455,Anate Studio
456,Anatoliy Loginovskikh
457,Ancient Civilizations Enigmas
458,Ancient Scroll
459,Anden Studios
460,AndeoTEAM
461,Andonis Gaja
462,Andrade Games
463,Andrea Demetrio
464,Andreas Georgiou
465,Andreev Worlds
466,Andrei Cibotariu
467,Andrei Fomin
468,Andrew Nutter666 Jaggar
469,Andrew Quist
470,Andrew R.
471,Andrew Rowe
472,Andrew Willman
473,Andrii Bychkovskyi
474,Andrii Lazariev
475,Andromeda Project
476,Andromede Studio
477,Andy Church
478,Andy Law
479,Andy Sztark
480,Andymente
481,AndyzziGames
482,Angel And Demons
483,Angela He
484,Angels And Demons
485,Angels and Demons
486,Angelus
487,Angry Mob Games
488,Animalle Studio
489,Animar Games
490,AnimicGame
491,Ankaar Productions
492,Ankama Games
493,Anna Sevryugina
494,Annapurna Interactive
495,Anneka Tran
496,Annulus Games
497,Anomaly Games
498,Anomic Games
499,Anonymous Penguin Studio
500,Another Axiom Inc.
501,Another Dev Company
502,Another Reality
503,Another Time
504,Anotherindie
505,AnretanDEV
506,Anshar Publishing
507,Ant Design Games
508,Antarctic Heritage Trust
509,Antena
510,Anthony Seeha
511,Antitesa
512,Antler
513,Antler Interactive
514,Antti Juotasniemi
515,Antti Mannisto
516,Antti Vaihia
517,Antz Technology
518,Anvil Game Studios
519,Anvio
520,Anxious Neck Games
521,Aoga Games
522,Ape Egg
523,ApeHardware
524,Apex Studio
525,AploveStudio
526,AplusGames
527,Apog Labs
528,Apogee Entertainment
529,Apollo Games Lab
530,Apoptosis Games
531,AppSir Games
532,Apphic Games
533,AppleCoffee
534,Applebomb Games
535,Applesauce Dev
536,Application Systems Heidelberg
537,"Applied Research Associates, Inc."
538,Applimazing
539,Applykat
540,Appnori Inc.
541,Appscurve Studios
542,Apseren
543,Apus Software
544,Aquila Games
545,Arafkan Games
546,Arc Games
547,Arc System Works
548,ArcForged
549,ArcRadius
550,ArcWillow
551,Arcade Distillery
552,Arcade Oven
553,Arcade Theory
554,Arcadia
555,Arcadie & Utopie
556,Arcane Games
557,Arcane Miracle Entertainment
558,Arcanum Team
559,Archangel Studios
560,Architect Studios
561,Archive Entertainment
562,Archor Games
563,Archwing Entertainment
564,Arclight Inc
565,Arctic Fox Game Studios
566,Arctic Studio
567,Arcupion Art
568,ArdavilGames
569,Ardesk LLC
570,ArenaDev
571,ArenaNet®
572,Ares Dragonis
573,Argarium LTD
574,Argent Games
575,Aries
576,Arimac Lanka Private Limited
577,Arinima Games
578,Arka
579,Arkhouse Telegnosis
580,Arkio ehf.
581,Arkuda Inc.
582,Arm and Leg Studios
583,ArmanDoesStuff
584,Armchair Interactive
585,Armor Games Studios
586,Army Troop Studios
587,Arnold Rauers
588,Arrebol studio
589,Arrogant Pixel LTD
590,Arrow Games
591,ArrowSoftGames
592,Ars Goetia
593,Art Games Studio S.A.
594,ArtGameBit
595,ArtNeronDevelopment
596,Artbarian Games
597,Artepi Corporation
598,Artesign
599,Artful Games
600,Artic Wolf Games
601,Artifex Mundi
602,Artificial Disasters
603,"Artix Entertainment, LLC"
604,Artless Games
605,Artlifakt
606,ArtofKingsgame
607,Artur Rezende
608,Artur Shevale
609,Artur Smiarowski
610,Aruma Studios
611,As
612,Asantee Games
613,Ascendancy Games
614,Asephy
615,Aserisoft
616,Ash Game Studio
617,Ash K
618,Ash and Rust Studios
619,Ashcraft
620,Ashkandi
621,Ashley H.
622,AsicxArt
623,AskaLot Games
624,Aslan Game Studio
625,"Asobism.Co., Ltd"
626,Asocial Guarantee
627,Aspyr
628,Aspyr (Mac)
629,Assemble Entertainment
630,AssetFlipGames World Game Publishing
631,Assoc. Let's Develop Change
632,Assult
633,Asteroid Game Studio
634,AstonVisionSoft Inc.
635,Astra Logical
636,Astra Playroom
637,Astralis Games
638,Astravelari LLC
639,Astrea
640,AstroAssault Creations
641,AstroMonkey
642,Astrolabe Games
643,Astrolabe Interactive Inc.
644,Astrolabe Stories
645,Astronomic Games
646,Asylum Games
647,Asymmetric
648,Ata Oz
649,Atahan Ozturk
650,Atari
651,Ateam Entertainment Inc.
652,Ategig
653,Ateliér Duchů
654,Atlas V
655,Atmosphere Studio
656,Atom Void
657,AtomTeam
658,Atomic Elbow
659,Attack Studio
660,Attainable Entertainment
661,Atthus Games
662,AttritoM7 Productions
663,Aubega
664,Audio Visual Enterprises S.A.
665,Audune
666,Augmented Irreality
667,AuraTummyache
668,Aurea Games Studio
669,Auroch Digital
670,Aurora Punks
671,Auroriax
672,AurumDust
673,Austin M.
674,Autarca
675,Authogin
676,AutoAttack Games
677,AutoRotate180
678,Autodidactic Studios LLC
679,Autoexec Games
680,Autumn Rain
681,AvaXiang
682,Avalanche Studios
683,Avalon Digital
684,Avant Games
685,Avelar Studios
686,Avelog Games
687,Average Games
688,Avix Games
689,Awaken Realms
690,Awe Interactive
691,Awesome Games
692,Awesome Games Studio
693,Axan Gray
694,Axel Sonic
695,Axias
696,Axis Games
697,"Axol Studio, LLC"
698,Axolot Games
699,Axoora
700,Axyos Games
701,"AyDream Co., Ltd."
702,Ayacat Games
703,Aydy
704,Ayrton
705,Aza Game Studio
706,Azerbaijan Technology
707,Aztech
708,Azure
709,Azure Mountain
710,B. Maksym (Linker)
711,B.A.G
712,B3 Studios
713,BAD Collective
714,BANDAI NAMCO Entertainment
715,BANDAI NAMCO Entertainment Europe
716,BASI Studios
717,BASTI GAMES
718,BATOVI Games
719,BATYSTORE LTD
720,BBC Media Applications Technologies Ltd
721,BBG Entertainment GmbH
722,BBQ大好き
723,BBlack Studio
724,BBstudio Inc.
725,BD Games
726,BEDiBUG Concepts
727,BEEP
728,"BEIJING IQIYI SCIENCE & TECHNOLOGY CO., LTD."
729,BETA
730,BFG Entertainment
731,BG Productions
732,BIFROST CLOUD PTE. LTD.
733,BIGYBOX Games
734,BINGOBELL
735,BITach
736,BIVAK LLC
737,BK dddDang
738,BKNLab
739,BLACKOUT
740,BLANBEE
741,BLITZ VR
742,BLOCK 211
743,BLOK Games
744,BLOODIOUS GAMES
745,BLUE LIFE
746,BLUE TORCH SOFTWARE
747,BLUECUBE
748,BN Games
749,BOBO GAMES
750,"BOCSTE, Ltd."
751,BONE MADE
752,BONNATE
753,BOV
754,BPP
755,BR-Digital
756,BRIAN DAMAGE
757,BRINK XR
758,BRUTE FORCE
759,BT Studios
760,BTrain Studio
761,BUG DUCK GAMES
762,BULKHEAD
763,BULLWARESOFT
764,Baba Nura
765,"Babaroga, LLC"
766,Baby Bison Games
767,Baby Stone Studios
768,Back to Games
769,BackSlash Games
770,BackSnow Games
771,Bad Blood Studios
772,Bad Button Studio
773,Bad Byte Games
774,Bad Coffee Games
775,Bad Days Game Studios
776,Bad Fox Studios
777,Bad Gremlin Studios
778,Bad Kid Games
779,Bad Pixel
780,Bad Vices Games
781,Bad Weather Studios
782,Baggy Cat Ltd.
783,Bahman Aminipour
784,Baked Games
785,Baker's dozen
786,Bakumatsu Games
787,Balbod
788,BaleYc Studios
789,Ballistic Interactive
790,Balor Games
791,BamSam Game Studio
792,Banana Bytes
793,BananaDogGames
794,Bananamanhatguy
795,BancoGames
796,Bandage and Go Studio
797,Bandai Namco Entertainment
798,Bandai Namco Entertainment Europe
799,Bandai Namco Entertainment Inc.
800,Bandai Namco Europe S.A.S.
801,BandanaKid
802,Bandit Visual Games
803,Banger Chasers
804,Bango.Games
805,Banshee Cat
806,Bantu
807,BanzaiProject
808,Baobab Studios
809,Bar Holographic Otaku
810,Bar Shift Games
811,BarCoffee Studio
812,Bare Knuckle Development
813,Bark Bark Games
814,BarkeyGames
815,Barlow Studio
816,Barnaque
817,Baronnerie Games
818,Barracuda Disaster
819,Barrel Roll Games
820,Barrel Smash Studios
821,Barricade Studio
822,Barspin Studios
823,Bart Bonte
824,Bartek Karczmarczyk
825,Bartoš Studio
826,Based On The Play
827,"Basically Games, LLC"
828,Bass
829,Bassett Interactive
830,Bastienre4
831,Bastion Studio (FR)
832,Batterneers Dev
833,Batterystaple Games
834,BattleCare Inc
835,BattleGoat Studios
836,Batuhan Ertan
837,Batuhan Guner
838,Batuhan Necati Keleş
839,Bazzucco Entertainment
840,BeJotah
841,Beam Team Publishing
842,Beamdog
843,BeanCanStudios
844,Bear & Cat Studio
845,Bear Kanashi LTD
846,Bear Minimum Games
847,Beardlings LLC
848,BearfoxBear
849,Bearfoxbear
850,Bearhammer Games LTD
851,Bearlex Games
852,Bearly Playing Games
853,Bearplane
854,Bears & Guts
855,Beast Of World
856,Beautiful Glitch
857,BeautifulBee
858,Bedrock Tribes
859,Bedtime Digital Games
860,Bee Legacy Publishing
861,Beef Cat
862,Beem Media
863,Beep Beep
864,"Beep Games, Inc."
865,Beep Japan Inc.
866,Beep Yeah!
867,Beer Night Studio
868,BeetBomb
869,Beetlewing
870,BefuddleBug
871,Behaviour Interactive Inc.
872,Beijing Happy Entertainment Technology
873,"Beijing Lanxii Play Technology Co., Ltd"
874,"Beijing Litchi Culture Media Co., Ltd."
875,"Beijing Xianfan Culture Co., Ltd."
876,BekkerDev Studio
877,Belleal Games
878,Ben Fredericks [Collaborations]
879,Ben Lega
880,Ben Reber
881,Ben Thomas
882,Ben Wade
883,Bendixer Studio
884,Beneath the Night Productions
885,Benedict Ide
886,Benevolent Banana Studio
887,Beni Games
888,Benjamin B
889,Benjamin Rommel Games
890,Benn Powell
891,Benzoft
892,Beonin
893,Beowulfus Universum
894,Beribo Games
895,BerilyTeam
896,Bernardo Barreiros Fialho
897,Berry Berry Niceu
898,Berzah Games
899,Berzerk Studio
900,Best Place Apps
901,Best Ride Simulators
902,Betagames Group
903,Bethesda Softworks
904,Bethuel K. Okelo
905,Better Than Life
906,Bew Games
907,Beyond Frames
908,Beyond Fun Studio
909,Beyond Reality
910,Bezbro Games
911,Bible Games
912,Biduba Version
913,Big Blaze Games
914,Big Blue Bubble
915,"Big Boot Stoodts, LLC"
916,Big Cheese Studio
917,Big City Lab
918,Big Deal Studios
919,Big Fan Games
920,Big Fat Cat Studio
921,Big Honk Studios
922,Big Kitty Games
923,Big Mind Games 9000
924,Big Play Games
925,Big Reef Games
926,Big Shield Games
927,Big Sir Games
928,Big Sugar
929,Big Trouble
930,Big Village Games Ltd
931,Big Way Games
932,BigBread
933,BigGame Publishing
934,BigLight.Games
935,Bigboot Studios
936,Bigitec Studio
937,Bigosaur
938,Bil Deerbuch
939,Binary Brew Studios
940,Binary Charm
941,Binary Haze Interactive
942,Binge Gaming OU
943,Binogure Studio 🐺
944,Binx.tv
945,BioSamurai
946,Bippinbits
947,Birbgames
948,Birch Tree Games
949,Bird`sEye
950,BirdyDog Studio
951,Biro Pivo
952,Biscuit Play
953,BiscuitLocker
954,Bismuth Studio
955,BisquitPlay
956,Bit Ink Studios
957,"Bit Planet Games, LLC"
958,BitBros Inc
959,BitCake Studio
960,BitCutter Studios Inc.
961,BitLight
962,Bitbeast Games
963,Bitfall
964,Bithell Games
965,Bitkumsa
966,Bitlife
967,Bitmen Studios
968,Bitrich.info
969,Bitslo
970,Bitten Toast Games
971,Bitwave Games
972,Blacer Studio
973,Black Banshee Studios
974,Black Beach Studio
975,Black Bricks Studio
976,Black Cardinal Software LLC
977,Black Country Games
978,Black Curtain Studio
979,Black Deer Games
980,Black Eye Games
981,Black Flag Studios
982,Black Flamingo
983,Black Hole Games
984,Black Ivy Games
985,Black Lantern Collective
986,Black Maple Games
987,Black Mastiff Studios
988,Black Pants Studio
989,Black Pig Studio
990,Black Tabby Games
991,Black Vein Productions
992,BlackHawk Games
993,BlackLock Games
994,BlackMill Games
995,BlackRobe
996,BlackTale Games
997,BlackWhite
998,Blackbird Interactive
999,Blackbird Software
1000,Blackburne Games Yazılım A.Ş.
1001,Blackmyers Studio
1002,Blackout Games
1003,Blackridge Entertainment
1004,Blackthornprod
1005,Blaster Games Studio
1006,Blaze
1007,Blazes Games
1008,Blazing Bit Games
1009,Blazing Planet Studio
1010,Bleem
1011,Bleem!
1012,Blekoh
1013,Blender Games
1014,Blind Monkey Games
1015,Blind Squirrel Publishing
1016,Blindflug Studios AG
1017,Blindsoft
1018,Bling Bling Games GmbH
1019,Bliss Brain
1020,"Blizzard Entertainment, Inc."
1021,Blob Games
1022,Blobfish
1023,Bloober Team NA
1024,Bloober Team SA
1025,Blood Music
1026,BloodBrothers Studios
1027,Bloody Pixel Games
1028,Bloom Digital Media
1029,Bloomside Studios
1030,Blowfish Studios
1031,BlqGms
1032,Blue Banana Publishing
1033,Blue Bomber Games
1034,Blue Brain Games
1035,Blue Isle Publishing
1036,Blue Math
1037,Blue Moose Games
1038,Blue Pin Publishing
1039,Blue Wizard Digital
1040,Blue Wizard Labs
1041,Blue.Owl
1042,Blue9Fairy
1043,BlueFront
1044,BluePrinting
1045,BlueStacks Systems Inc
1046,BlueTale
1047,Bluecharm
1048,Bluelight Construct
1049,Blueplanet VR
1050,Blueside
1051,Blukulélé
1052,Blyts
1053,Bo Chen
1054,BoRoBoRoGame
1055,BoardgameProgramPlan
1056,Boardscore Inc
1057,Boat Anchor Games
1058,Boatmeal Brothers
1059,Boaz Leshman
1060,Bobby Two Hands
1061,Bocary Studios
1062,Bocata Games Ltd.
1063,Bodeville
1064,Bogdan Padjen
1065,Bogdan Rosca
1066,Bogozet
1067,Bohemia Interactive
1068,"Boke Technology Co., Ltd"
1069,BokiBoki Game
1070,BokiBoki Games
1071,Bold Statement Games
1072,BomBasta Games
1073,Bomb Shelter Games
1074,Bombreature Games
1075,Bomi Games
1076,Bone Apps
1077,Bone Collectors
1078,Bone Nail
1079,Bonereaders
1080,Bonjourcoco
1081,Bonte Avond
1082,Bonus Stage Publishing
1083,Boogygames Studios
1084,Bookmark Games
1085,Boolba Entertainment
1086,Boolean
1087,Boom Corp
1088,Boom Games
1089,Boom Games Team
1090,Boom Team
1091,BoomBit
1092,Boomzap Inc
1093,"Boppy Games, LLC"
1094,Borealis
1095,Bored Brothers Gaming
1096,Borington
1097,Borrowed Light VR
1098,Botgate
1099,Bottom Feeders
1100,Boujin 【棒陣】
1101,Boulder Trap Games
1102,Bouncyrock Entertainment
1103,"Boundless Dynamics, LLC"
1104,BoxFox Studios
1105,Boxelware
1106,Boxstudio
1107,Brabo Game Creations
1108,Brace Yourself Games
1109,Bradley Shepherd
1110,Brady Soglin
1111,Brain Seal Ltd
1112,BrainDead Broccoli
1113,BrainGame
1114,Braincircus
1115,Brainseed Factory
1116,Brainstorm Software
1117,Branching Narrative Ltd
1118,Brandon Ofenstein
1119,Brandon Phillips
1120,Brass Persimmon
1121,Brave At Night
1122,BraveCat'Studios
1123,BraveWolf
1124,Brawsome
1125,Brazen Legions
1126,Bread Panda
1127,BreakAway Games
1128,Breakdown Studio
1129,Breaking Walls
1130,Breakpoint Games
1131,Breda University of Applied Sciences
1132,Brenntkopf Publishing
1133,Brent Arnold
1134,Brenton Wildes
1135,Breton Schwarzenbach
1136,Brian J. Lancaster
1137,Brian Laflamme
1138,Brian Lynch
1139,Brian Macumber
1140,Briganti
1141,Bright Corners LLC
1142,Bright Gambit
1143,Bright Light Interstellar Limited
1144,Brightdawn Entertainment
1145,Brilliance
1146,Brilliance Games
1147,Brilliant Game Studios
1148,Brilliant Skies Ltd.
1149,Brinemedia
1150,Broken Arms Games
1151,"Broken Bunny Studios, Inc"
1152,Broken Pixel
1153,Broken Rules
1154,Bronze Box Interactive
1155,Brouillard
1156,Brownmonster Limited
1157,Bruce Scott
1158,Brutal muse
1159,BrutalHack
1160,Bruxão
1161,Bry Guy Studios
1162,Bryce Bucher
1163,Bryce Summer
1164,Brytenwalda
1165,Bubblebird Studio
1166,Bubblegum Home Entertainment
1167,Bubblehead Game Dev
1168,Buck Studios
1169,Buckethead Entertainment
1170,Buckle Up Games
1171,Bucksoft91
1172,Buff Studio
1173,Buffa Software
1174,BufoProject
1175,Bug Mane LLC
1176,Bugbyte Ltd.
1177,Bug反馈请B站私信
1178,Builderment LLC
1179,BulatHard
1180,Bulk Dominoes
1181,Bullseye Game Studio
1182,BumpkinBrothers
1183,Bungarra Software Pty Ltd
1184,Bunker 22
1185,Bunlysh Studios
1186,Bunny Box Games
1187,Bunso
1188,Burak Dabak
1189,Burgos Games
1190,Burning Bright
1191,Burning Goat Studio
1192,Burning Leaf Games
1193,Burning Sunset
1194,Burnout Game Ventures
1195,Burst2Flame Entertainment
1196,Bushiroad Inc.
1197,Business Goose Studios
1198,ButWhyLevin
1199,Butengo entertainment
1200,Butterscotch Shenanigans
1201,ButtonX
1202,ByVal Games
1203,Byron Dunwoody
1204,Byte Kinematics
1205,ByteRockers' Games
1206,Bytten Studio
1207,Błażej Smorawski
1208,B站@畑黑子Hata
1209,C Horse Games
1210,C.T. Matthews
1211,C3 Games
1212,C3BGames
1213,C5H5 GaMes Lab
1214,C5H5GaMes Japan
1215,CAAMS
1216,CAM
1217,CAN TASPINAR
1218,"CAPCOM CO., LTD."
1219,"CAPCOM Co., Ltd."
1220,CARHAY Interactive
1221,CASCHA GAMES
1222,CASE
1223,CCM
1224,CCMC Corp.
1225,CCS
1226,CD PROJEKT RED
1227,CE-Asia
1228,CE-Asia(Asia)
1229,"CFK Co., Ltd."
1230,CG Cowboy Studios
1231,CGA Studio
1232,CGS International Inc.
1233,CHEST BOX
1234,CHICKEN SODA GAMES
1235,CI Games
1236,CIRCLE Entertainment
1237,CIRCLE LINE GAMES
1238,CITY CONNECTION
1239,CJGames
1240,CLU Entertainment LLC
1241,CLYDE games
1242,CM IMMERSIVE
1243,CODE BELL
1244,CODELIFE Studio
1245,COLNELIUS
1246,CORE Games
1247,COSDOTS
1248,COWCAT
1249,CPW Games
1250,CQGAME
1251,CREATIVE VR3D
1252,CREATY
1253,CRGames
1254,CRITICAL REFLEX
1255,CRYTlVO
1256,CSTG-小光
1257,CShark
1258,CUBETYPE
1259,CULT Games
1260,CVR
1261,Cabbeast Games
1262,Cadabra Games
1263,Cadaver Carnival Studios
1264,Caffeinedependent Software
1265,Caio Flavio
1266,Caipirinha Games GmbH
1267,CakeGames
1268,Calamity Bay Games
1269,Caligari Games
1270,Calin Ardelean
1271,Caltain VR Ltd
1272,Calvares
1273,Camden Cleveland
1274,Camelot.TDM
1275,Cameron Chin
1276,Cameron Downey
1277,Camouflaj
1278,Campfire Studio
1279,Campus ADN
1280,Camshaft Software Ltd
1281,Candymakers
1282,Canine Games
1283,Cankut Keskin
1284,Cannibal Interactive
1285,Canuck Play Inc
1286,Caos Creations
1287,CapPlay Interactive Inc.
1288,Cape Cosmic
1289,Capriccio
1290,Capricia Productions
1291,Caps Collective
1292,Capsule Core
1293,CapsuleCollapse
1294,Captain Bear Games
1295,Captain Games
1296,Capybara Games
1297,CarPhyGames
1298,Caramelo Game Studio
1299,Carbon Studio
1300,Caret Games
1301,CarloC
1302,CarloCGC
1303,Carlos Coronado
1304,Carlos Diaz Muñoz
1305,Carlos Garza
1306,Carlos Julian Lopez Garcia
1307,Carlos Martins - Blue Crab
1308,Carnotaurus Team
1309,Carrion Wave LLC
1310,Carry-On Games
1311,Carson Kompon
1312,Cartboard Games
1313,Casa Rara
1314,Casey Donnellan Games LLC
1315,CashcowGames
1316,Casper Croes
1317,Caspian Interactive
1318,Cassel Games
1319,Cassius John-Adams
1320,Cat & Fiddle Games LLC
1321,Cat Commandos
1322,Cat Floor Studio
1323,Cat God Studio
1324,Cat In A Jar Games
1325,Cat Play Studio
1326,Cat Shine
1327,Cat Studio
1328,Cat-astrophe Games
1329,CatSaw
1330,CataStoica
1331,Cataclysm Entertainment
1332,Catalina Zavaleta
1333,Catbird Soft
1334,Cathode Radiator
1335,Catnip
1336,Catobyte Ltd
1337,Catoptric Games
1338,Catowo
1339,Catsmeat Studios
1340,Catthia Games
1341,Catze
1342,Cavalry
1343,Cave Ghost Games
1344,Cave Monsters
1345,CaveDave
1346,CaveLight LLC
1347,Cavylabs
1348,Caz Game Design
1349,Cdu Game
1350,CelLab
1351,Celebrity Kombat Corp.
1352,Celeritas Games
1353,Celery Emblem™
1354,Cellar Door Games
1355,CelleC Games
1356,CenterPoint Gaming
1357,Centers for Disease Control and Prevention
1358,Centicerise Productions
1359,Centre Pompidou
1360,Cerberus Gate Games
1361,CerebralJam
1362,CggtGroup
1363,Chadderbox
1364,Chalcedony Network
1365,Chalkstone Interactive
1366,Challenging Games
1367,Chameleon Games
1368,Changyou.com HK Limited
1369,ChaniMK
1370,ChaoGames
1371,Chaoclypse
1372,Chaos Concept
1373,Chaos Cute Soft
1374,Chaos Group Games
1375,ChaosGalaxyStudio
1376,Chaosmonger Studio
1377,Charging Llama
1378,Charles Games
1379,Charlie Brej
1380,Charlie Oscar
1381,ChaseFOX
1382,Chasing Carrots
1383,Chatty Pillow
1384,Chaystar Unlimited LLC
1385,Cheap Ramen Games
1386,Checkmaty
1387,CheddaNinja Games
1388,Cheesecake Dev
1389,Chem DV
1390,Chengdu longyuan Network Technology Co.Ltd
1391,Cherniukh Andrii
1392,ChessBase GmbH
1393,Chestnut Games
1394,Chewa
1395,Chi Entertainment Corp.
1396,Chibig
1397,Chicken Waffle
1398,Chii the Cat
1399,Childish Things Ltd
1400,ChiliDog Interactive
1401,Chilla's Art
1402,ChillyRoom
1403,Chim Ruoi Games
1404,Chimney Castle
1405,Choc Abyss
1406,Choice Provisions
1407,Choice of Games
1408,Chongming Studio
1409,Choose Red
1410,Chorus Worldwide Games
1411,Chris
1412,Chris Antoni
1413,Chris Danelon
1414,Chris Klimowski
1415,Chris Lucian
1416,Chris McFarland
1417,Chris Rickett
1418,Chris Turd Boomerang Armstrong
1419,Chris W.
1420,Christoffer Tornell
1421,Christoph Frey
1422,Christoph Schultz
1423,Christopher Juerges
1424,Christopher Mielack
1425,Chriton Studios
1426,Chromatic Games
1427,Chrome Horizon 3D
1428,ChronoVision
1429,Chrysolite Software
1430,Chubby Pixel
1431,Chucklefish
1432,Chump Squad
1433,Chun Y.
1434,Church of Bolloxology
1435,Chute Apps
1436,Chuyan Inc.
1437,Cicada Games
1438,Cimugames
1439,Cindy Pondillo
1440,Cinetique
1441,Cinq-Mars Media
1442,Circle Ent.
1443,CircuitLord
1444,Ciro Fernandes (Cube Legal)
1445,Citizen's Arrow Studio
1446,City From Naught Inc.
1447,City Interactive S.A.
1448,City Wizard Games
1449,CityLights
1450,Clan Corrallo Studios
1451,Clarus Victoria
1452,Clay Dragon Games
1453,Clay Peterson
1454,Clear River Games
1455,Cleardot Games
1456,Clearline
1457,Cledman Games
1458,Clever Plays
1459,Cliax Games
1460,Click Games
1461,Clickteam
1462,Climbing Goat Games
1463,Clique Games
1464,Clobster Games
1465,Clock In Dream
1466,Clock Out Games
1467,Clock Wizard Games
1468,Clockwork Bird
1469,Clockwork Conquest Games
1470,Clockwork Origins
1471,Cloud 9 Limited
1472,Cloud Colony Games
1473,Cloud M1
1474,CloudCage
1475,CloudDreamStudio
1476,Clouded Leopard Entertainment
1477,Clouded Leopard Entertainment Inc.
1478,Cloudfire Studios
1479,Cloudless Studio
1480,Cloudy Games LLC
1481,Club Foxhole
1482,"Cluck Games, LLC"
1483,CoKe_Deer
1484,Coal Valley Games
1485,Coalescent Studio
1486,CoastGames GmbH
1487,Coatsink
1488,Cobley Games
1489,Cobra Byte Digital
1490,CobraTekku Games
1491,Coconut Island Games
1492,Code Club AB
1493,CodeParade
1494,Codebrew Games Inc.
1495,Codemasters
1496,Codename Entertainment Inc.
1497,Code}{atch
1498,Coding Leap
1499,Codrin Bradea
1500,Coffee Stain Publishing
1501,Coffee Studio
1502,CoffeeCupz Games
1503,Cognoggin Games
1504,Cogoo
1505,Cogswell University
1506,Coil Games
1507,Colby Crawford
1508,Cold And Old
1509,Cold Beam Games
1510,Cold Iron Studios
1511,Cold-Dark Software™
1512,ColdBones
1513,Coldwild Games
1514,Cole
1515,Colestia
1516,Coliseum Studio
1517,Colorfiction
1518,Colorgrave
1519,Colossus Game Studio
1520,Combat Waffle Studios
1521,Combat Wombat Studios
1522,Combo Routine
1523,Come Over Gaming S.L.U.
1524,Comfy Company
1525,CommandosPro
1526,Company Not Found
1527,Complex Plane
1528,Complex Rabbit
1529,Computer Lunch
1530,ComputerDev
1531,Conarium Software
1532,Concode
1533,Confirmed Games
1534,Conglomerate 5
1535,Congo Jungle Games
1536,Connection
1537,Conor Petersen
1538,Conradical Games
1539,Considera Core LLC
1540,Console Labs S.A.
1541,Consumer Softproducts
1542,Container Studio
1543,Contamination Studios
1544,Control
1545,Cookie Games Club
1546,CookieByte Entertainment
1547,Cooky Cookie Production
1548,Cool Games Studio
1549,Cool Smithy Games
1550,CoolCraftGames
1551,CoolJosh3k Games
1552,Cooperative Innovations
1553,Copperglass
1554,Coral Dream Studio
1555,Corax_Studios
1556,Cordens Interactive
1557,"Corecell Technology Co., Ltd"
1558,Coreffect Interactive
1559,Corgi
1560,Corner Office Games
1561,Cornutopia Software
1562,Corpix Games
1563,Corrosive Studios LLC
1564,Corrupted Media Productions
1565,CortexCollider Studios
1566,Cortez Productions
1567,Cortopia Studios
1568,Corvostudio di Amadei Marco
1569,CosCom Art Group
1570,Cosmi Valusoft
1571,Cosmic Adventure Squad
1572,Cosmic Crow Creations
1573,Cosmic Forces
1574,Cosmic Spud
1575,Cosmic Train
1576,Cosmic Void
1577,Cosmo D Studios
1578,Cosmo D Studios LLC
1579,Cosmo Machia inc.
1580,Cosmos
1581,Costek Games
1582,Cottage Street Interactive
1583,Cotton Candy Cyanide
1584,Cotton Game
1585,CouchPlay Interactive
1586,Cougar Interactive
1587,Cousins Factory
1588,Cow Corp.
1589,Cow Game
1590,Cow Games
1591,Cowboy Studio
1592,Cowleyfornia Studios
1593,Coyote Time Publishing
1594,Coyotic Trouble
1595,Cozy Bee Games
1596,Cozy Live
1597,Cozy Village
1598,CozyStorm
1599,Crablacksmith Studios
1600,Cracked Bone Studios
1601,CrackedGhostGames
1602,Crackoder
1603,CraebTec
1604,Craft Theory
1605,Craftificial Studio
1606,Crafting Legends
1607,Craftshop Arts Inc.
1608,Crafty Game Lab
1609,Crafty Weazel
1610,Crania Games
1611,Cranio Creations
1612,Cranky Watermelon
1613,Crashykk Games
1614,Crate Entertainment
1615,Crater Studios
1616,Crawly Games
1617,Crayz
1618,CrazyLoner
1619,CrazyPrince
1620,CrazySky3D
1621,Crazysoft Limited
1622,CreSpirit
1623,CreaTeam
1624,Creaky Lantern Games
1625,Creamative
1626,Create Game (OlegM)
1627,Creative Hand
1628,Creative Liberties
1629,Creative Storm Entertainment
1630,CreativeForge Games
1631,CreativeForge Games S.A.
1632,Creature Cauldron
1633,Creature Label
1634,Creeepling
1635,Creepy Brothers
1636,Crescent Moon Games
1637,Crestruction
1638,Crew Lab
1639,CrewLab
1640,Crickkin
1641,Crimson Chaos Studios
1642,Crimsonite Games
1643,Crisp App Studio
1644,Crit42 Studio
1645,Critical Miss Games
1646,CriticalLeap
1647,Critique Gaming
1648,Critix Studios
1649,Critter Consortium
1650,Cro Game Developers
1651,Cronostase
1652,Crooks Peak
1653,Crow Bar
1654,CrowNest Games
1655,Crowbar Collective
1656,Crowfriend
1657,Crown Game
1658,Crownbird
1659,Crows Crows Crows
1660,Crowvisuals
1661,Cruise Elroy
1662,Crunching Koalas
1663,Crunchy
1664,Crush-vAdin
1665,Cryptic Comet Games
1666,Crystal Bat Studio
1667,Crystal Dragon
1668,Crystal Game Works
1669,Crystal Heart's Studio
1670,Crystal Shark Games
1671,CrystallPunk
1672,Crystice Softworks
1673,Crytek
1674,Crytivo
1675,Cube Game
1676,Cube Games
1677,CubeCube Sports Ltd.
1678,Cubinauts
1679,Cuddle Code
1680,Cult Software
1681,Cultic Games
1682,Cupana Games
1683,Curiosity Computing
1684,Curious Bird
1685,Curious Chicken Games
1686,Current Games
1687,CurryKitten
1688,Curse Box Studios
1689,Curtel Games
1690,Curtis Ashford
1691,Curve Games
1692,Cute Hannah's Games
1693,Cutlass Boardgames
1694,Cyan Ventures
1695,"Cyan Worlds, Inc."
1696,Cyber Intellect Ltd
1697,CyberConnect2
1698,CyberDesktop
1699,CyberDoesStuff
1700,"CyberStep, Inc."
1701,Cyberdog Software
1702,Cyberian Studios
1703,Cyberisle
1704,Cyberius Dei
1705,Cybernetic Walrus
1706,Cybershoes
1707,Cyberspline Games Inc
1708,Cyberwave
1709,Cyborn B.V.
1710,Cydream
1711,Cyfi Developers
1712,"Cygames, Inc."
1713,Cygnus Entertainment
1714,Cykyria
1715,Cyperk Software
1716,Cypher Creations
1717,Cтрельба
1718,D!Gi productions
1719,D&A Studios
1720,D'Avekki Studios Ltd
1721,D.A.S. Games
1722,D.W. Software
1723,D20Studios
1724,D3PUBLISHER
1725,D4
1726,DAKIDAKI
1727,DAMNATIO GAMES
1728,DANGEN Entertainment
1729,DARK STUDIO
1730,DAthoughts
1731,DBH
1732,DCTK
1733,DD-Consulting
1734,DDDimanN
1735,DDLin
1736,DDNet Team
1737,DDal
1738,DDmeow Games
1739,DDreams Games
1740,DEKLAZON
1741,DELTARTS
1742,DESTINYbit
1743,DEVBEEF
1744,DEVBOX
1745,DGMA
1746,DGV-Games
1747,DIG Games
1748,DIGIDICED
1749,DIGIMERCE Inc.
1750,DIMANCHE CORP.
1751,DIVASKY LIMITED
1752,DIY Experiences LLC
1753,DK Studio
1754,DLsite
1755,DM CORE
1756,DMM GAMES
1757,DMM Games
1758,DMM Games - Asia
1759,DMNT
1760,DMNT Interactive
1761,DMT PRODUCTION
1762,DND
1763,DNZY Games
1764,DOJI
1765,DON'T NOD
1766,DOSMan Publishing
1767,DOTORIS
1768,DOVEINSKY
1769,DPSII
1770,"DRAGAMI GAMES, LTD."
1771,DRAGO entertainment
1772,DRAGOLITE STUDIO
1773,DRAGONnoid
1774,DRAUGR
1775,DSGame
1776,DSW Games
1777,DU&I
1778,DUBUS Alain
1779,DUT Studio
1780,DVloper
1781,DWall Games
1782,DX Gameworks LLC
1783,DXF Games
1784,DY STUDIO
1785,DYA Games
1786,DYV's Game
1787,DZ
1788,DZTFIX
1789,DaT Cat Studio
1790,Dabster Entertainment
1791,Dad Hat Games
1792,Daddysucc5000
1793,Daedalic Entertainment
1794,Dahku
1795,"Daikon Games, LLC"
1796,Daily Magic Productions
1797,Daisy Ale Soundworks
1798,Daksuki
1799,DalaKoala Games
1800,Dale Turner
1801,Damaged Axons
1802,Damian Kubiak
1803,Damian Schloter
1804,DamonWall
1805,Dan Schumacher
1806,Dan's Games
1807,Dandover
1808,Dandylion
1809,Dangerous Derk Interactive
1810,DangerousBob Studio LLC
1811,Dani
1812,Dani Gas
1813,Dani Marti
1814,Daniel Brendel
1815,Daniel Cox
1816,Daniel Gelber
1817,Daniel George
1818,Daniel Lochner
1819,Daniel Nora
1820,Daniel Siqueira Abdelnur
1821,Daniel Viktorin
1822,Daniel Wiendl
1823,Daniel X Moore
1824,Danil Kalyupa
1825,Dapper Grim Studios
1826,DarKnot Team
1827,Dari1168
1828,Daring Caper
1829,Daring Touch
1830,Darius Bode
1831,Dark Curry S.L.
1832,Dark Illusions Entertainment LLC
1833,Dark Magic Awakening
1834,Dark Point Games
1835,Dark Room Studio
1836,Dark Screen Games
1837,DarkBasicSoftwareLimited
1838,DarkStone Digital
1839,DarkTree Development
1840,Darker Gaming
1841,Darkest Room
1842,Darkling Room
1843,Darkmatter Games
1844,Darkness Development
1845,Darksun Studio
1846,Darktree Game Studio
1847,DarxDev
1848,"Data Art, Inc."
1849,Dave Kap
1850,Dave Studio
1851,Dave XP
1852,Daveyyy
1853,David Kaleta
1854,David M.
1855,David Marquardt Studios
1856,David Montesi Rivas
1857,David Nguyen
1858,David Owens
1859,David Pateti
1860,David Schmidthoffer
1861,David Szymanski
1862,David Vinokurov
1863,"Dawdling Dog, ltd."
1864,Dawid Tomanek
1865,DawnTree
1866,Dawnatic Games
1867,Dawnosaur Studios
1868,Day Art's Games
1869,Day Dreamer Games
1870,Dazzling Divine
1871,DbVectra & AlexTykh
1872,Ddraig House Game Studio Ltd.
1873,Dead Drop Studios LLC
1874,Dead Joker
1875,Dead Thread Games
1876,Dead Unicorn
1877,DeadGrass Games
1878,Deadleaf Games
1879,DeadlyCrow Games
1880,Deadwater Interactive
1881,Dear Done Dead
1882,Dear Villagers
1883,Deborg Desolation
1884,Decebal Games Studio
1885,Decent Software LLC
1886,Deck13
1887,Dectronica
1888,Decumanus Games
1889,Deeli Network
1890,Deen Games
1891,Deep Dive Interactive
1892,Deep Field Games
1893,Deep Root Interactive
1894,Deep Silver
1895,Deep Voodoo Games
1896,Deepnight Games
1897,Deer Dream Studios
1898,Deertwig Studio
1899,Defiance Game Studio
1900,Deimos Games
1901,Deimos Interactive
1902,Dejobaan Games
1903,"Dejobaan Games, LLC"
1904,Delight Games
1905,Delirium Den
1906,Delirium Tremens Games
1907,Delphinium Games
1908,Delta Arcade
1909,Delta Reality
1910,Delta Video Games
1911,Delve Interactive
1912,DemoDog Games
1913,Demolish Games
1914,DenchiSoft
1915,Denda Games
1916,Deneos
1917,Deniz K.
1918,Dennis Gallant
1919,Denoriks Entertainment
1920,DenyingProduct
1921,Departure Interactive
1922,Deprecated Games
1923,Derek Golliher
1924,Derin
1925,Derpmachine
1926,Desert Fox
1927,DeskClub Games
1928,DesktopMan Team
1929,Destin Piagentini
1930,Destructive Creations
1931,Detach Entertainment
1932,Detalion Games S.A.
1933,Detective Games
1934,Dev It With Cat
1935,DevFraccas
1936,Devcats
1937,Devdan Games
1938,Devil Beetle Games
1939,Devil's Cider Games
1940,DevilishGames
1941,Devin Carlson
1942,Devious Oatmeal
1943,Devmaru Inc.
1944,Devoke Studio
1945,Devolver Digital
1946,Devon
1947,Devon Wiersma
1948,"Devster, LLC"
1949,Dex Games Studio
1950,Dexter Team Games
1951,Deydrihm
1952,Dez Boyle
1953,Deztudio
1954,Dhood Gaming
1955,Di9iware software
1956,DiTMGames
1957,Diada Novels
1958,Diagrammet AB
1959,Diamondhenge Entertainment
1960,DiamosDev
1961,Diaz Pepper
1962,Dicesuki
1963,Didactricks
1964,Die of Death Games
1965,Dieselmine
1966,Dieuwt
1967,Different Tales
1968,DigX Studios
1969,Digerati
1970,Digi Mask Games
1971,DigiPen Institute of Technology
1972,Digiart Interactive
1973,Digital Bandidos
1974,Digital Boxcar
1975,Digital Crafter
1976,Digital Cybercherries
1977,Digital Destiny Games
1978,Digital Dreams Entertainment
1979,Digital Eclipse
1980,Digital Fossil
1981,Digital Fusion Inc.
1982,Digital Gods
1983,Digital Happiness
1984,Digital Media One
1985,Digital Mosaic Games
1986,Digital Picklock
1987,Digital Secrets
1988,Digital Synapsis
1989,Digital Tribe
1990,Digital Universe
1991,Digital Zoo
1992,"Digital-Touch Co., Ltd."
1993,DigitalDream
1994,DigitalZeon
1995,Digitalmindsoft
1996,Digitum Software
1997,Digixart
1998,Digs Team
1999,Dim Bulb Games
2000,Dimensionless Games
2001,Dimitri Kipper
2002,Dimpiks
2003,Dinamic Software
2004,Dingxiang Cyber LLC
2005,Dininho
2006,DinjaStudios
2007,Dino Digital
2008,DinoScape
2009,Dinobird
2010,Dinosaur Polo Club
2011,Dionic Software
2012,Dionous Games
2013,Diophante Studio
2014,Dipsi
2015,Dire Kitten Games
2016,Dire Wolf
2017,DirectDoggo
2018,Direfang
2019,Dirty Bird Games
2020,Dirty Fox Games
2021,DisStream
2022,Disafter Games
2023,Disastercake
2024,Discade Project
2025,Disco Entertainment Studio
2026,Disconeering LLC
2027,Discount Realms
2028,Discrete Infinity
2029,Disillusion Dev
2030,Disney
2031,Disrate Studios
2032,Dissension Games
2033,"Divergent Realities, LLC"
2034,Divilusion
2035,Dizzy Media
2036,DjokaGames
2037,Dmitry Zheltobriukhov
2038,Dnovel
2039,Do Games Limited
2040,Doble Punch Games
2041,Doborog Games
2042,Doctor Shinobi
2043,Dodo Digital
2044,Doesn't Matter Games
2045,Dog Water Studios
2046,DogmaQuest
2047,Dogū
2048,Dolphin media
2049,Dominate Red Studios
2050,Domuro Soft
2051,"Dongguan Liuli Game Technology Co., Ltd"
2052,DonislawDev
2053,Donkey Crew
2054,Donnie Game Studio
2055,Donuts Co. Ltd
2056,Doomster Entertainment
2057,Door 407
2058,Doppler Creative
2059,DoriTeam
2060,DorsalFin Studio
2061,Dot Precision LLC
2062,Dotemu
2063,Double A Studios
2064,Double Damage Games
2065,Double Eggs
2066,Double Machine
2067,Double Tap Games
2068,DoubleCherry Ltd
2069,DoubleThink Studio
2070,Dovetail Games
2071,Dovetail Games - Fishing
2072,Dovetail Games - TSW
2073,Dovetail Games - Trains
2074,Downcast Games LLC
2075,Doyoyo Games
2076,DozenByte
2077,Dr BLOC
2078,Dr. Cyril Splutterworth
2079,Dr. Ing. h.c.F. Porsche AG
2080,Dr. Kucho! Games
2081,Dracma Studios
2082,Draconia Dev Team
2083,Draconis Games
2084,Draconis Interstellar
2085,Drageus Games S.A.
2086,Dragon Emperors
2087,Dragon Fruit Studio
2088,Dragon Lord Studio
2089,Dragon Maps Ltd
2090,Dragon's Games
2091,Dragonetti
2092,Dragonflare Studios
2093,Dragonis Games
2094,Dragonrise Games
2095,Dragons
2096,Dragonseye Limited
2097,Dragut Stefan
2098,Draknek & Friends
2099,DrankiKets
2100,Drattzy Games LLC
2101,Draw Me A Pixel
2102,DreaMory
2103,DreadXP
2104,Dream Compass
2105,Dream Harvest
2106,Dream Nerdy
2107,Dream Night Studio
2108,Dream Operator
2109,Dream Potion Games
2110,Dream Within
2111,Dream gear
2112,DreamSeller
2113,DreamStep
2114,DreamTeam Mobile
2115,DreamTree Studio Sdn. Bhd.
2116,DreamWeaver
2117,Dreambyte Games
2118,Dreamcatcher Studio
2119,Dreamers
2120,Dreamers Studio
2121,Dreamfire Studios
2122,Dreamforest Entertainment
2123,Dreamhaven
2124,Dreamirl
2125,Dreamlab XR
2126,Dreamlight Games Studios SL
2127,Dreamlike
2128,Dreamlords Digital Inc.
2129,Dreampunk Helix
2130,Dreamteck
2131,Drink Cash
2132,Drinkbox Studios
2133,Drix Studios
2134,Drixxel Soft
2135,Drogowit Pomorski
2136,Dronami
2137,Drone Champions League
2138,Dropsiick
2139,Drowning Monkeys Games
2140,Drowsy Whale
2141,Druce Willis
2142,Drunken Kitten
2143,Dry Cactus
2144,Dry Licorice
2145,DuCats Games Studio
2146,DuDeeki Studio
2147,Duality Games
2148,Ducat
2149,Duck Team
2150,Dumativa
2151,Dumb
2152,Dumb Video Game Stuff
2153,Dumpster Fire Studio LLC
2154,Dungeon Games
2155,"Dungeon Software US, LLC."
2156,DuoBonza
2157,DuoDuoDog
2158,Duoyi Games
2159,Dusk Dog Studio
2160,Dustfade
2161,Dusty Game
2162,DygoDev
2163,Dylan White
2164,Dymchick1
2165,DynKen
2166,Dynamic Dungeons
2167,Dynamic Games
2168,Dynamic Zero
2169,Dynix Studios
2170,Dysnomia
2171,Dystopia Corp
2172,Dystopia Game Studio
2173,E McNeill
2174,E-Crew
2175,E-Home Entertainment
2176,E-Home Entertainment Development Company Ltd.
2177,E-Line Media
2178,E.144
2179,E.G.G Studio
2180,E.Muzz
2181,E2D2Works
2182,EAE VII小队
2183,"EAST JAPAN RAILWAY TRADING CO., LTD."
2184,ECHTNICE GmbH
2185,EDEN Team
2186,EF Universe Games LLC
2187,EGC Games
2188,EGG
2189,EIRTeam
2190,ELECTROSTALIN ENTERTAINMENT
2191,ELEET GAMES
2192,ELIXOR
2193,ELVNEKO
2194,EM Games
2195,EMIKA_GAMES
2196,EMOTION THEORY
2197,ENDESGA
2198,ENIGMA STUDIO
2199,EO Interactive Ltd.
2200,EQ Studios
2201,ESAT
2202,ESDigital Games
2203,ETime Studio
2204,EVEV01
2205,EXAMGAMES
2206,EXOR Studios
2207,EXTREMESOFT BILISIM REKLAMCILIK TICARET LIMITED SIRKETI
2208,EY-Studio
2209,EYEFRONT
2210,Earlgrey
2211,Early Morning Studio
2212,Earthshine
2213,East2West Games
2214,East2West Games(Greater China)
2215,East2west Games
2216,EastFog Studios
2217,EastWorks
2218,Eastasiasoft Limited
2219,Easter Egg Productions
2220,Easy Day Studios Pty Ltd
2221,Easy Grind Games
2222,Easy~ Interactive Software
2223,Ebonscale Games
2224,Echo Entertainment
2225,Echo607
2226,Echodog Games
2227,Eclectric Softwares
2228,Eclipse Games
2229,Ed Lioni
2230,EdFarage
2231,Edco Games
2232,Edenic Era LLC
2233,Edgestudios
2234,Edogawa Games
2235,Eduard Kozadaev
2236,Edym Pixels
2237,"Eek! Games, LLC"
2238,Efe Mert
2239,Effort Star
2240,Efril
2241,Ege Sayın
2242,Egea clement
2243,Egemen Ertugrul
2244,Egg Splat Studios
2245,Eggcode
2246,Egghead Interactive LLC.
2247,Eggion
2248,Eggtart Inc
2249,Egor Rezenov
2250,Eh
2251,Eidos Interactive Corp.
2252,Einfach Genial gGmbH
2253,EinzelartigGames
2254,Eirik Wiklund
2255,Eis Interactive
2256,Eksperimental Games
2257,ElMaHeGames
2258,Elastic Sea
2259,Elasto Mania Team
2260,Eldar Ben Shalom
2261,Elden Pixels
2262,Eldstorm Games
2263,Ele Games
2264,Electric Falcon LLC
2265,ElectronDust
2266,Electronic Arts
2267,Electronic Motion Games
2268,Electronic Sheep Games
2269,Elektri Inc.
2270,"Element Games, LLC"
2271,Element Studio
2272,Element Studios
2273,Elendow
2274,Eleon Game Studios
2275,Eleven Puzzles
2276,Elhaitham Ashmawy
2277,Elias Steurer (Kelteseth) Tachiom
2278,Elion Games
2279,Elite Lords Studios
2280,Elixir Games
2281,Ellinia games
2282,Elliotte Lee
2283,Elphie
2284,Elston Studios
2285,Elusor Games
2286,ElvGames
2287,EmCannon
2288,Emay Games
2289,Ember Eye Studio
2290,Ember Lab
2291,Emberfish Games
2292,Embers
2293,Emberstone Interactive
2294,Emberwave Studios
2295,Emergence
2296,Emergency Entrance Studios
2297,Emerick Gibson
2298,Emilios Manolidis
2299,Emily Grey & Eve Grey
2300,Emily Pitcher
2301,Emir Akyazi
2302,Emma Create
2303,Emmanuel Perrillon
2304,Empty Die Studio
2305,Empty Teapot
2306,Empyrean
2307,Emre Tanirgan
2308,En Masse Entertainment
2309,EnDrew
2310,Enaayah Software Development and Services Private Limited
2311,Enchant Games
2312,Encore Inc.
2313,Encore Software LLC.
2314,Encrypt Games
2315,End of the Line Studios
2316,EndGameLoop Games
2317,Endless Endeavor LLC
2318,Endless Games
2319,Endless Interactive
2320,Endless Loop Studios
2321,Endless Ritual Assembly
2322,Endless Shirafu
2323,Endless Suffering
2324,Endorphin Studios
2325,Eneida Games
2326,Energy Milk
2327,Engineers of the Future Studios
2328,Enhance
2329,Enhydra Games
2330,Enigma Dragons LLC
2331,Enigma Entertainment
2332,EnigmaDev Studios
2333,Enigmatic Network
2334,EnjoyPlay Corp.
2335,Enlit Games
2336,Enno Games
2337,Enoki Games
2338,Enoops
2339,Enrych Media Ltd.
2340,EnsenaSoft
2341,Entalto Publishing
2342,Enter the Game Studios
2343,EntroPi Games
2344,Entropic Island
2345,Entry Studios
2346,EntwicklerX
2347,Eon Gate Innovations
2348,Eonia Studio
2349,Ephiam
2350,EpiXR Games UG
2351,Epic Banana Games LLC
2352,EpicScapes
2353,Equilon
2354,Equitatus Studio
2355,Erabit
2356,Eric Juvi
2357,Eric Mack
2358,Eric Thullen
2359,Erik Asmussen
2360,Erkberg Games
2361,Erlend Kirkeboe
2362,Ernestine
2363,Erochin
2364,Eroducate
2365,Eroge Japan
2366,Erotes Studio
2367,Error 300
2368,Erupting Avocado
2369,Escapp Studio
2370,Esenthel
2371,Esfie
2372,Espale Studios
2373,Essence Games
2374,Essencey
2375,Essential Tactics Games
2376,Esteban Jauregui
2377,Esturia Games
2378,Etchu Island Shipyard
2379,Eternal Alice Media
2380,Eternal Dream
2381,Eternal Echoes VR
2382,"Eternal Love Studios, LLC."
2383,Eternal Night Studios
2384,Eternal One Games
2385,Eternal Stardust Studios
2386,Eternal Technics
2387,Eternity
2388,Eternity Games
2389,Ethereal Entertainment Tmi
2390,Euclid Games
2391,Euclides Lopes
2392,Eufree
2393,Eugen Systems
2394,Eugene Zubko
2395,Euphoria Games
2396,Euphoric Bros
2397,Euphoric Brothers
2398,Eurus Game Studio
2399,Eutiquiano
2400,Evenmore Games
2401,Event Horizon
2402,EverCats
2403,Evergreen Games
2404,Everlasting Fantasy
2405,Eversim
2406,Everwake Games
2407,Everyday Agents
2408,Everything Lab
2409,Evgeniy Sevostyanov
2410,Evil Bunneh
2411,Evil Indie Games
2412,Evil Turtle Productions
2413,Evil Twin Artworks
2414,EvilCharm Games
2415,EvilStar Studios
2416,EvoMon Studios
2417,Evols
2418,ExAbsentia
2419,Exbleative
2420,Excalibur Games
2421,Excellent Rectangle
2422,ExceptioNULL Games
2423,Exhibyte
2424,Exodus Software
2425,Exokit Inc
2426,Expedition Games
2427,Explorers Guild Games
2428,Exponential Games Inc.
2429,Exscape
2430,Extra Nice
2431,Eyaura
2432,EyeContact Games
2433,Ezero Studios
2434,Ezone PTY LTD
2435,F2House
2436,F4DE
2437,FAKKU
2438,FAS3 Estudios S.L
2439,FAZIC Games
2440,FC Maker
2441,FCgames15
2442,FDD Studio
2443,FENTUS GAMES LLC
2444,FF Digital
2445,FHNBHJ
2446,FINGEREYES
2447,FIREBEAST
2448,FIT REALITY
2449,FIT Talent Games
2450,FIVE-BN GAMES
2451,FJRD Interactive
2452,FLARB LLC
2453,FLICK Comp GmbH
2454,FLO-server
2455,FLOW Development Team
2456,FLOWERFIELD Games
2457,FLUXJIN
2458,FM 041
2459,FM Simple Games Studio
2460,FM Studio
2461,FMV Interactive
2462,FND GAME
2463,FOCKA GAMES
2464,FRACTALCATZ
2465,FRODOX
2466,FROGBERT
2467,FVS Games
2468,FX Barcelona Games School
2469,FYQD-Studio
2470,FYRE Games
2471,FaberLudum
2472,Fabiano Naspolini de Oliveira
2473,FabioPDJ
2474,Fabiulous Games
2475,Fabled Game
2476,Fables of Laetus
2477,Factus Games
2478,Facundo Aviusso
2479,Fading Club
2480,Failbetter Games
2481,Fair Games Studio
2482,Fake Boss
2483,Falcon Development
2484,Falcon Games S.A.
2485,Falko Michael Kötter
2486,Fallen Penguin Studios
2487,Falling Squirrel Inc.
2488,False Vacuum Games
2489,Family Devs
2490,Famous Dogg Studios
2491,Fanaticus XR
2492,Fancy + Punk
2493,Fancy Fish Games
2494,Fang's Lab
2495,Fangsoft
2496,Fantasia Studio
2497,Fantasize Games
2498,Fantasma Collective
2499,Fantastico Studio
2500,Fantasy Creations
2501,Far Few Giants
2502,Far From Home
2503,Far side of North Studio
2504,Far-Flung Games
2505,FarSight Studios
2506,Farkhutdinov M
2507,Farlight Games Industry
2508,"Farsight Studios, Inc."
2509,Fast Travel Games
2510,FastGame
2511,FastRam Design
2512,Fasu Studio
2513,Fat Gem
2514,Fat Pug Studio
2515,FatSheep Studio
2516,Fatbot Games
2517,Fate Game Studio
2518,Fatih Karaatli
2519,Fatshark
2520,Faucet Software
2521,FawnGame
2522,Fawncy Games
2523,Faws
2524,Faye Strawberry
2525,Fayju
2526,Fazerdoo's Studio
2527,Feardemic
2528,Fearjoy Games
2529,Feather
2530,Feel Good Games
2531,FeelThere
2532,Feenicks
2533,Feenx Games
2534,FeiWu Studio
2535,Fein Games
2536,Felipe Rodrigues
2537,Fellow Traveller
2538,Feodosiy
2539,Feperd Games
2540,Feral Interactive
2541,Feral Interactive (Mac)
2542,Feral World Entertainment
2543,FerfWorks
2544,Ferran Pla
2545,FerreroDev
2546,Fever Game Studios
2547,Feverdream Softworks
2548,Fewjix
2549,Fibrum Limited
2550,Fickle Sickle
2551,Fiddlyware
2552,FidgetBear Games
2553,Field Of Vision
2554,Field of View CE
2555,Fiendish Fiction
2556,Fifth Edge Studios
2557,Fifth Vertex
2558,Fig Publishing Inc.
2559,Figtree Digital
2560,Filament Games
2561,Filip Zemljak
2562,Filipe F. Thomaz
2563,Filmstorm
2564,Final Scene dev
2565,Final Screw
2566,Finger Squad
2567,Finifugal Games
2568,Finish Line Games
2569,Finite Reflection Studios
2570,Finji
2571,Fire Biscuit Games
2572,Fire Cycle Games
2573,Fire Game Studios
2574,Fire Horse Studio
2575,Fire Hose Games
2576,Fire Sword Studios
2577,FirePillar2
2578,FirePoint
2579,FireStone Studio
2580,FireTail
2581,Fireapples
2582,Fireart Games
2583,Firebug Games
2584,Firedog Creative Company Limited
2585,Firefly Studios
2586,Fireline Games
2587,Fireplace Games
2588,Fireproof Games
2589,Fireshine Games
2590,Firesprite Ltd
2591,Fireworks Garland
2592,Fireworks Productions
2593,First Bite Games
2594,First Games Interactive
2595,First Peoples Digital
2596,First Time Games
2597,Fish Run Games
2598,FishSoft LLC
2599,Fishagon LLC
2600,Fishing Cactus
2601,Five Finger Studios
2602,Five Mind Creations
2603,Five Percents
2604,Five River Solutions
2605,FiveTwo Games
2606,Fivemid Studio
2607,Fivestack
2608,FivexGames
2609,Flamebait Games
2610,Flannel Bear Games
2611,Flashblack Games
2612,Flashbulb
2613,Flashpoint Studios
2614,Flat Hill Games
2615,Flat Tail Studios AB
2616,FlatPonies
2617,Flavourworks
2618,Fleon Games
2619,Flight School Studio
2620,Flightless
2621,Flightyfelon Games Inc.
2622,Flint Games
2623,Flip It
2624,Flipline Studios
2625,Flipstar
2626,Float Gaming Studio
2627,FlodLab UG (haftungsbeschraenkt)
2628,Floppy Club
2629,Florian van Strien
2630,Flow Fire Games
2631,Flow Studio
2632,Flox Studios
2633,Fluffy Brain
2634,Fluffy Lotus
2635,Flugames
2636,Flugnu
2637,Fluppisoft GmbH
2638,Flute Games
2639,FlutterBeam
2640,Flux-Soul
2641,Fly & Wing Studio
2642,Fly Dream Dev
2643,Fly Penguin inc.
2644,Fly Studio
2645,Flyhigh Works
2646,FlyinDogs
2647,Flying Beast Labs
2648,Flying Islands Team
2649,Flying Oak Games
2650,Flying Squirrel Entertainment
2651,Flying Star Games
2652,Flynn's Arcade
2653,Flyover Games
2654,Flyover Zone
2655,FoamPunch
2656,Focus Entertainment
2657,Focusd IO
2658,Foga Games
2659,Follow the Feathers
2660,Follow the fun
2661,FondGame
2662,Fono Labs
2663,Fontainebleau
2664,"Foo Dogs Co., Ltd."
2665,FooNnProject
2666,Foolish Mortals Games
2667,For7s
2668,Forbidden Folds
2669,Forbidden Knowledge
2670,Forbidden Oak Games Limited
2671,Forbidden Pleasure
2672,Forceight
2673,ForeShine
2674,ForeVR Games Inc
2675,Foreign Gnomes
2676,Forest Games
2677,Forestlight Games
2678,Forever Entertainment
2679,Forever Entertainment S. A.
2680,Forgotten
2681,Forklift Interactive
2682,Format lib: /s
2683,Fortcullis Games
2684,Forthright Entertainment
2685,Fortuna Imperatore AxelFox
2686,Forust
2687,FossettGaming
2688,Foulball Hangover
2689,Four Eyes Productions
2690,Four Fats
2691,Four Pixels Games
2692,Fourfold Games
2693,Fowers Games
2694,Fowl Machinations
2695,FoxLoaf Games
2696,Foxy Boxy Games
2697,Fractal Interactive
2698,Fractal Phase
2699,Fractal Projects
2700,Fractale
2701,Fragaria
2702,Frame of Mind
2703,Framebar Studio
2704,Frameblade
2705,Francis Vace
2706,Frankly Dog
2707,Freaks United
2708,Freddy Lu
2709,Frederick Marecos
2710,Frederik Holst
2711,Fredrik Hernqvist
2712,Free Initiative Games
2713,Free Range Games
2714,FreeAnimals_Software
2715,FreeMind S.A.
2716,FreeTimeDevelopment
2717,Freebird Games
2718,Freeline Games GmbH
2719,Freethrow
2720,FreezeNova
2721,FreezyCat
2722,Fremmed
2723,FreshMountainStudios
2724,Frictional Games
2725,Friday Night
2726,Fried Octopus
2727,Friendly Fire Software
2728,"Friendly Pixel, Inc."
2729,Fring Frang Games
2730,Frinky
2731,Frix
2732,Frogsong Studios
2733,Frogteam Games
2734,Frogwares
2735,From Scratch Studios
2736,FromLefcourt
2737,"FromSoftware, Inc."
2738,Front Room Arcade
2739,Frontier Developments
2740,Frontier Foundry
2741,Frontline: Games Series
2742,Frontwing USA
2743,"Frontwire Studios, LLC"
2744,Frosted Fears Game Studios
2745,Frosted Wings Studio
2746,Frostfall Realms Studios
2747,Frosthain
2748,Frostpetal Studio
2749,Frosty Pop
2750,Frozen District
2751,Frozen Dreams
2752,Frozen Pixel
2753,Frozen Way
2754,Frozenbyte
2755,Fruit Basket Games
2756,Fruitbat Factory
2757,Fruits of Yggdrasil Studio
2758,Frutgames
2759,Frycandle
2760,FujiCubeSoft
2761,Full Orbit Games LLC
2762,Full Trek Media
2763,Fullbeans Studio
2764,Fullmetal Developer
2765,Fulqrum Publishing
2766,Fuming Fun Studios
2767,FunStone
2768,FunYoo Games
2769,Funbox Media Ltd
2770,Funcom
2771,Funcraft Games
2772,Funktronic Labs
2773,Funky Can Creative
2774,Funky Dango
2775,FunkyPenguin Games
2776,Funkyzeit Games
2777,Funny Games
2778,Funny Twins
2779,Funny game studio
2780,Funselektor Labs Inc.
2781,Funspot Games
2782,Funtomata
2783,Funture Games
2784,FurGoldGames
2785,Fuse.fun
2786,Fusion Studios
2787,FuturLab
2788,Future Friends
2789,Future Friends Games
2790,Future Immersive
2791,Future Minimalism
2792,FutureVisionsGames
2793,Fuzion Labs LLC
2794,Fuzz Force
2795,Fuzzy Ghost
2796,Fuzzy Pixel Game Studio
2797,Fuzzy Wuzzy Games Inc.
2798,Fábio Fontes
2799,Félicien Brochu
2800,G-Blood
2801,G-DEVS.com
2802,G-MODE
2803,G. A. Williams
2804,G1 Playground
2805,G5game
2806,G8Bird
2807,GAGA
2808,"GAGEX Co., Ltd."
2809,GAME FREAK inc.
2810,GAME Games
2811,GAME JUICE STUDIOS
2812,GAME PRESSURE STUDIO LTD
2813,GAMEPORTAL.CO
2814,GAMEPULSE 游戏脉冲
2815,GAMER Plan
2816,GATO STUDIO
2817,GB
2818,GB Patch Games
2819,GC Game Studios
2820,GC Games
2821,GC Studio
2822,GCN
2823,GDFET
2824,GF Game Studio
2825,"GFJ Studios, LLC"
2826,GFX47
2827,GG Undroid Games
2828,GGaming
2829,GHBE Studios
2830,"GIBBING TREE, LLC"
2831,GIFT TEN INDUSTRY K.K.
2832,GIRLSOUL
2833,GKD GAME
2834,GLITCH
2835,GLOAM
2836,GMO Free Games
2837,GMV Studios
2838,GOATi Entertainment
2839,GOBBOGOES
2840,GOCORE
2841,GOOSTRONAUT GAMES
2842,GRAVITY
2843,"GRAVITY GAME ARISE Co., Ltd."
2844,GRüN STUDIO
2845,GTGD
2846,GUNTER GAMES
2847,GVR Training Computer Software
2848,GZ Storm
2849,Gabe Simao
2850,Gabor Schulze
2851,Gabriel Aldridge
2852,Gabriel Jacintho Bertasso
2853,Gabriel Lopez
2854,Gachi Master Games
2855,Gaco Games
2856,Gadan Digital
2857,Gaddy Games
2858,Gadget Gaming
2859,Gadir Team
2860,Gael Luguern
2861,Gafafres Studio
2862,Gagonfe
2863,Gaijin inCubator
2864,Gala Games
2865,Galactic Crows
2866,Galactic Games
2867,Galaktus
2868,Galart
2869,Galaxy Pest Control
2870,GalaxyTrail
2871,Galdra Studios
2872,Galen Games
2873,Gallistrix
2874,Gallivanting Rhino Studio
2875,Galloping Ghost Productions
2876,GamBridzy
2877,Gamagora ICOM
2878,Gamatron AB
2879,Gambit Digital
2880,Gambrinous
2881,Game Brewery
2882,Game Controll Studio
2883,Game Creator's School
2884,Game Dynasty
2885,Game Logic Studio
2886,Game Master Studios LLC
2887,Game Parts
2888,Game Plant Entertainment Inc.
2889,Game Psych LLC
2890,Game Revenant
2891,Game Sage Productions
2892,Game Seer Publishing
2893,Game Seer Ventures
2894,Game Smithing Limited
2895,Game Star
2896,Game Studio 148
2897,Game for games
2898,Game for people
2899,Game in a Bottle
2900,Game*Spark Publishing
2901,Game-Labs
2902,GameAtomic
2903,GameCreator
2904,GameDevDave
2905,GameDevMoot
2906,GameFirst
2907,GameFlow Studios
2908,GameHouse
2909,GameIn
2910,GameLand
2911,GameMill Entertainment
2912,GameNet
2913,GamePlanet
2914,GameRealmMadness
2915,GameToTop
2916,"GameTomo Co., Ltd."
2917,GameTrail Studio
2918,GameXP.com
2919,Gamechuck
2920,Gameclaw Studio
2921,Gamecom Team
2922,Gamecraft Studios
2923,Gamedeus
2924,Gamedust
2925,Gameforge 4D GmbH
2926,Gameloft
2927,Gamenastica Studios
2928,Gamepals Studios
2929,Gameparic
2930,Gameplay Group International
2931,Gamera Games
2932,Gamera Games (China)
2933,Gamera Interactive
2934,Gamersky Games
2935,Games 4Experience
2936,Games Dot Value
2937,Games For Pleasure
2938,Games From The Abyss
2939,Games Incubator
2940,Games Operators
2941,Games People Play
2942,Games by IGE
2943,Games with Geebs
2944,Gamesandapps
2945,Gamesforfarm
2946,Gamesforgames
2947,Gametoria
2948,Gameware Europe
2949,Gamex Studio
2950,Gaming 301
2951,Gaming Factory
2952,Gaming at Work
2953,Gaming-Apps.com
2954,GamingPugsStudios
2955,Gamious
2956,Gamirror Games
2957,Gamitronics
2958,Gamix Studios
2959,Gammera Nest
2960,Gample
2961,Gamtropy
2962,GangoGames LLC
2963,Garage 5
2964,Garage Heathen
2965,Garage51
2966,Garakowa Marshmallow
2967,Gard Interactive
2968,Garden of Dreams
2969,Garibaldi Games
2970,Garoa Studios
2971,Garrison Gate Games
2972,Gas Lantern Games
2973,Gaterooze
2974,Gateway
2975,Gathering Tree
2976,Gato Alebrije
2977,Gatolab
2978,Gavra Games
2979,Gaël Bourhis
2980,Gbanga (Millform)
2981,Gear Worx Productions
2982,Gearbox Publishing
2983,Gearfall Studios
2984,Gears for Breakfast
2985,Gearshift Media
2986,Gecco Studio Games
2987,Geekspree
2988,Geeky House
2989,Geeky Panda Studios
2990,Geelix
2991,Gehoo media
2992,Geiship
2993,Gem Bear Games
2994,Gemcutter Games
2995,Gemdrop Games
2996,"Gemdrops, Inc."
2997,Gen90Software
2998,GenemesicX
2999,Genene Game
3000,General Mills
3001,General Script Studio
3002,Genet Games
3003,GentFish
3004,Genuine Studio Ltd
3005,Genunie Studio
3006,Genzai Studio
3007,Geod Studio
3008,Geoff Keighley
3009,Geometa
3010,George Alexandros
3011,Georges Games
3012,Georges Games LLC
3013,German Bandera
3014,GermapurApps
3015,Gesinimo Games
3016,Gestalt Development Studio
3017,Gestmorph Games
3018,Get(Color) Games
3019,GexagonVR
3020,Gg
3021,Ggame Studio
3022,Ghost Cat Games
3023,Ghost Goats Games
3024,Ghost Time Games
3025,Ghost Track Inc
3026,Ghostlight LTD
3027,Ghostpie Studio
3028,Giant Door
3029,Giant Enemy Crab
3030,Giant Evil Robot
3031,Giant Global
3032,Giant Head
3033,Giant Scam Industries
3034,Giants Software
3035,GidAzGames
3036,Gideon Lazarus
3037,Gigabit Games
3038,Gigantic Duck Games
3039,Gigantum Games
3040,Giiku Games
3041,Gillar Limited
3042,Gilligames
3043,Gilp Studio
3044,GimmeBreak
3045,Gingerbred
3046,GingersoftGames
3047,Ginkgo
3048,Ginormocorp Incorporated
3049,Giovanni Elgert
3050,GirlGames
3051,Gius Caminiti
3052,Gizmoplay Ltd
3053,Glacier LTD
3054,Glaseeze
3055,Glass Bottom Games
3056,Glass Frog Games
3057,Glass Heart Games
3058,Glass Kettle Games
3059,Glass Revolver
3060,Glasscannon Studio
3061,GlassesCatGames
3062,Glaucus Games
3063,Gleamer Studio
3064,Gleetch
3065,Glen Games
3066,Glimmerware
3067,Glitch Games
3068,Glitchr Studio
3069,Gloac
3070,Glorified Studios
3071,Glovebox Games LLC
3072,Glowfish Interactive
3073,Glowstick Entertainment
3074,Gluk Media
3075,Glumberland
3076,Gluten Free Games
3077,Gnarvana Studios
3078,Gnelf
3079,Gniller
3080,Go Play Games Ltd
3081,Go4 Entertainment
3082,GoGo Games Interactive
3083,Goadstool
3084,GoatApe
3085,Goblin Council
3086,Goblin Rage
3087,Goblinz Publishing
3088,Godmode Interactive
3089,GoeX GameS
3090,GoeX Games
3091,Goethe Institute in Croatia and French Institute in Croatia and Gamechuck
3092,Goiaba Megas Xellox
3093,Gold From Straw Games
3094,Gold Turtle Games
3095,Goldarait
3096,Golddorf Spieleentwicklung
3097,"Golden Dog Interactive, SAS"
3098,Golden Dragon Games
3099,Golden Sand Games
3100,GoldenGod Games
3101,Golgedar
3102,Goloso Games
3103,GoniNmimi Games
3104,Good Enough Gang
3105,Good Free Games to Play
3106,Good Luck Games
3107,Good Monkey
3108,Good Shepherd Entertainment
3109,Good Steward Games
3110,GoodOldMan Studio
3111,Goodgame Studios
3112,Goodvole
3113,GooseGames
3114,Gordon Little
3115,Gorestation
3116,Goricina Entertainment
3117,Gorka Games Studios
3118,Gossamer Games
3119,GosunSoft
3120,Gotcha Gotcha Games
3121,Grab Games
3122,GrabTheGames
3123,Grabba Guild Games LLC
3124,Graceless Games
3125,Gradient Studios
3126,Graeme Scott
3127,Graffiti Games
3128,Grainrain Studio
3129,Gral
3130,Grand Engineer Corps
3131,Gratesca
3132,Graverobber Foundation
3133,Gravitysensation
3134,Gray Boss
3135,Gray Mantis
3136,Gray Unit
3137,Grease Monkey Games
3138,Great Gretuski Studios
3139,Great Studios Gaming
3140,GreatherGames
3141,Greedy Wolf Studio
3142,Green Cube Games
3143,Green Grass Games
3144,Green Lava Studios
3145,Green Man Gaming Publishing
3146,Green Pepperoni Software LLC
3147,Green Pitch Gaming
3148,Green Sauce Games
3149,Green Sun Studios
3150,Green Tile Digital
3151,GreenGuy
3152,Greener Games
3153,Greensky Games
3154,Greewook Studio
3155,Greg Muhlbock
3156,Gregory Adam Scott
3157,Gregory Nikolaidis
3158,Grey Alien Games
3159,Greylock Studio
3160,Gridpop
3161,Grim Dark Dev
3162,GrimTalin
3163,Grinning Games
3164,Gritmaniacs
3165,Gritstone Games
3166,Groove Studio
3167,GrosChevaux
3168,Ground Control Studios
3169,Grounding Inc.
3170,Growfall Games
3171,Growing Seeds
3172,Grump Dog Games
3173,Grumpy Crumpet
3174,Grzegorz Korycki
3175,GsK
3176,Gsb Studios
3177,GuGuh
3178,Gua
3179,GuangZhou Hezhi Co.ltd
3180,Guanpeng Chen
3181,Guara Digital
3182,Guara Studios
3183,Guarunaut
3184,Guerilla Media
3185,Gugames
3186,Gugila
3187,Guild Studio
3188,Guilda Entertainment
3189,Guilherme Giacomini
3190,Guiliam Games
3191,Guillermo Flores Morales (Ris Δos)
3192,Guilty Pleasure Games
3193,GuiltyEva
3194,Guinxu
3195,Gun Interactive
3196,Gundes
3197,Gundorado
3198,Gunfish Games
3199,Gungus
3200,GuraShop
3201,Gus Jewell
3202,Gustav
3203,Guts United
3204,Gutter Arcade
3205,Gwydion LLyr Meredydd
3206,Gwyn Games
3207,GyroX
3208,G・O・P
3209,H-Production
3210,H.Studio
3211,H.T.Project Games
3212,"H2 Interactive Co., Ltd."
3213,H5DEV Games
3214,HAELE 3D
3215,HAIBOKUWorkshop
3216,HAPPY PLAYER
3217,HBunny
3218,HC
3219,HCGstudio
3220,HEAD GMZ
3221,HEAT REBORN DEV TEAM
3222,HEG Games
3223,HEJIU
3224,HEXADRIVE Inc.
3225,HFM Games
3226,HFire
3227,HH-Games
3228,HIKARI FIELD
3229,HIKE Inc.
3230,HIlous
3231,HMoon Publishing
3232,HQ Games
3233,HUBLOTS
3234,HYPER GATE
3235,Habupain
3236,HackjobGames
3237,Haha Doodle
3238,Haiku Games Co
3239,Hajime Doujin Circle
3240,Hakan Martin
3241,Halcyon Winds
3242,Half Asleep
3243,Half Human Games
3244,Half Lambda
3245,Half Mermaid
3246,Half Moon Game Development
3247,Halfbrick Studios Pty Ltd
3248,Hamish Dunn
3249,Hammer & Ravens
3250,HammerFire Interactive
3251,Hamsters Gaming
3252,"Hamumu Games, Inc."
3253,Hanabi Games
3254,Hanaji Games
3255,Hanako Games
3256,HanbitSoft
3257,HanbitSoft Inc.
3258,HandMade Games
3259,Handelabra Games Inc.
3260,Handle Chaos
3261,HandyGames
3262,Hangover Cat Purrroduction
3263,"Hangzhou Yongman Network Technology Co., Ltd."
3264,Hanna Hanna Games
3265,Hanoi Studios
3266,HaoHao Games
3267,Hapatus Ltd
3268,Haphazard Studios
3269,Hapiosha
3270,Happenstance Games
3271,Happinet
3272,Happy Daram Inc.
3273,Happy Max
3274,Happy Shabby Games
3275,Happy Snake Games
3276,Happy Volcano
3277,HappyGames
3278,HappyTall Game
3279,Hardcoffee Game Studio
3280,HarderGaming
3281,Hardy Games
3282,Harken Studio
3283,Harley Game Studios
3284,Harmonie Games
3285,Harmony Monroe
3286,Harpoon Games
3287,Haruneko Entertainment
3288,HasamiMochi
3289,Hastily Assembled
3290,Hat Games
3291,Hatinh Interactive
3292,Have A Byte
3293,HawkSandwich
3294,Hawkshaw Studios
3295,Hawthorn Games
3296,Haydee Interactive
3297,Hayden
3298,Hayden Nuyens
3299,"Haypi Co., Ltd."
3300,HazmatWithAHat
3301,Head Bear Games
3302,HeadArrow
3303,Headbang Club
3304,Headbang Studio
3305,Headcannon
3306,Headup
3307,Headware Games
3308,Headway Games
3309,Heallios Studio
3310,Heart Art Games
3311,Heart Core
3312,Heart Shaped Games LLC
3313,Heart's Choice
3314,HeartBeat Games
3315,HeartBeat Plus
3316,HeartCoreDev
3317,Heartbit Interactive
3318,Heartbyte Studios
3319,Hearty Soup Studio
3320,Heatwave Studios
3321,Heaviside Creations
3322,Heavy Sheep
3323,Hechelion
3324,Heck
3325,Hede
3326,Hedgefield
3327,HedronDog
3328,HeidenGames
3329,Heimo Game Studio
3330,Hejled Studio
3331,Heldenlied
3332,Helicopter Simulator
3333,Helios Production
3334,Helios Studio
3335,Helium9 Games
3336,Hell Studio
3337,Hellbent Games
3338,Hellforge Studios
3339,Hellhound Studios
3340,Hellion Studios
3341,Hello Games
3342,Hello John
3343,Hellshake Yano.
3344,Helraiser
3345,Henagames
3346,Henchman & Goon
3347,Henning Info
3348,Henteko Doujin
3349,Hera Games
3350,HereSphere LLC
3351,Hermit Mode
3352,Hernan Perez
3353,Hero Game Co LLC
3354,Hero Games
3355,Hero Studio
3356,HeroCraft PC
3357,Heroic Fantasy Games Dot Com
3358,Hesperides Games
3359,Hex Code Coven
3360,Hexpion
3361,Hexware Studio
3362,HeyNau
3363,Heydeck Games
3364,Heypid
3365,Hi2Mi Games
3366,Hibernian Workshop
3367,Hidden Ocean Games
3368,Hidden People Club
3369,Hidden Realms
3370,Hidden Stag Games
3371,Hidden Tower Studios
3372,Hidden Track
3373,Hide Head
3374,HideChara
3375,Hideout Games
3376,Higgs Games GmbH
3377,High Brazil Studio
3378,High Level
3379,High Tea Frog
3380,Highlendid
3381,Highrise Software
3382,Hikare 个人汉化
3383,Hikikomori Studios
3384,Hilarious Games
3385,Himsl Games
3386,Hipfire Games
3387,Hippo Rider Games
3388,Hit'n'Run Digital Studio
3389,HitGrab
3390,HitP Studio
3391,Hitbear Studio
3392,Hitcents
3393,Hitscan Games
3394,HiveSpark LLC
3395,Hobo Cat Games
3396,Hobofeller
3397,HocWar
3398,Hogo Company
3399,Hoi 4 Deu
3400,Hoki Wolf Studio
3401,Hollow Art Studios
3402,Hollywood Suite Inc.
3403,HolmCom
3404,Holotech Studios Inc.
3405,Holotna
3406,Holy Cow Productions
3407,Holy Wow Studios LLC
3408,Home Fire Games
3409,Home Net Games
3410,Home Point Games
3411,Homecoming Studio
3412,Homeostase
3413,Homesick Games
3414,Hometopia Inc.
3415,Homo Ludens
3416,Hondune Games
3417,Honest Chronicle
3418,Honest Rogue Games
3419,Hongke Luo
3420,Honor Games
3421,Honorable Pixel
3422,Hoochoo Game Studios
3423,Hooded Horse
3424,Hoodust Enterprises
3425,Hook Games
3426,Hookaria Games
3427,Hoopoe Games LTD
3428,Hooting Banana Studios
3429,HopFrog
3430,Hope Drinkers
3431,HopefulToad
3432,Hopsbrook Studios
3433,"Horizon Hobby, LLC"
3434,Horizon Lab LLP
3435,"Horizon's End, Inc."
3436,Horo Games
3437,Horrible Guild
3438,Horrific Incorporation
3439,Horror Shop
3440,HorrorTheory
3441,HorseGames
3442,Hosted Games
3443,Hot Chill
3444,HotchPotch K.K.
3445,Houari Mohamed Amine
3446,Hound Games
3447,Hound Picked Games
3448,Houndstooth Games
3449,House of Delaroux
3450,House of Pandas
3451,Housemade Inc.
3452,Hovgaard Games
3453,Huanlin Games
3454,Hubbard Games
3455,Hues Games
3456,Huge
3457,HugePixel
3458,Hugecalf Studios
3459,Huiyin Studio
3460,Human Interact
3461,Humble Bundle
3462,Humble North
3463,Hummus Studios
3464,Hunny Bunny Studio
3465,Huntah
3466,Hunted Cow Games
3467,Hunted Media
3468,HuntingSwan
3469,Huochairen Interactive Entertainment
3470,Huw Millward
3471,Hyakuren Soft
3472,Hybriona Technologies LLP
3473,Hype Mint
3474,HypeTrain Digital
3475,Hyper Games
3476,HyperStar
3477,HyperStar Group
3478,Hyperion Studio Limited
3479,Hyperquad Studio
3480,Hyperstrange
3481,Hypnohead
3482,Hypnos Games
3483,Höganäs Spel
3484,Hörberg Productions
3485,I commissioned some series
3486,IBOL
3487,IBOLOGY
3488,IC Games
3489,ID61
3490,IElectric
3491,IGNITION M
3492,IGNOST
3493,IKA Games
3494,IKINAGAMES
3495,IL PALA
3496,IL YA
3497,ILIKESCIFI Games
3498,ILLUSION
3499,IMAKIYA Q0
3500,IMBA Games
3501,IMGN.PRO
3502,IMaiIna
3503,INCUR
3504,INDICAVA INTERACTIVE
3505,INDIECN
3506,INFINITE BRIDGE
3507,INFINITY BRIDGE
3508,ININ
3509,INK EYE Games
3510,INNERENCE
3511,INSIDE SYSTEM
3512,INTERMARUM
3513,"INTI CREATES CO., LTD."
3514,IO Interactive A/S
3515,IOIG Games
3516,ION LANDS
3517,IPACS
3518,IQ Soup
3519,IRON LIVER
3520,ISART DIGITAL
3521,ISY
3522,IT Student
3523,IT-Fun Studios
3524,ITC Studio
3525,ITD Collective
3526,IV Productions
3527,IVIPRO
3528,Ibe Denaux
3529,Ibis Games
3530,Ibis games
3531,Ibrahim sofan
3532,Icarus Interactive Entertainment
3533,Ice Arrow Games
3534,Ice Lava Games
3535,Ice Water Games
3536,Ice-Pick Lodge
3537,IceSitruuna
3538,Iceberg Interactive
3539,Icedrop Games
3540,Icehelm
3541,Icetesy
3542,Iconic Studio
3543,Idan Rooze
3544,Idea Cabin
3545,Idea Cat
3546,Idea Factory International
3547,Ideal Games
3548,"Idle System, Inc."
3549,IdunaSoft
3550,Iful GS
3551,Ignacy Grabowski
3552,IgnatGame
3553,Ignibit
3554,Igniting Spark Games
3555,Igolito Arts Studios
3556,Ilan Papini
3557,Ilex Games
3558,IllFonic Publishing
3559,IllSeeYou
3560,Illo Games
3561,Illogic Games
3562,Illunsoft
3563,Illus Seed Games
3564,Illwinter Game Design
3565,Ilogin Studio
3566,Ilya Kolesnikov
3567,Ilya Oblomov
3568,Ilya Shepelev
3569,Ilya Tishchenko
3570,Image Power S.A.
3571,Imaginary Friends Games LLP
3572,Imagination Rabbit
3573,Imagine Games
3574,Imakeda Games
3575,Immersion
3576,Immersion Game
3577,Immersive VR Education
3578,Immortal Hand Studios
3579,Impact Inked
3580,Imperia Studios
3581,Imperian Online - Core
3582,Improx Games
3583,Impulse Machine
3584,Inasa Fujio
3585,Incarna Studios
3586,"Inception Studios, LLC"
3587,Incineration Productions
3588,Incisor Studios
3589,Incoherent Software LLC
3590,Incredi Soft
3591,"Incredible Two Studios, LLC"
3592,Incuvo
3593,Independent studio
3594,IndependentArt
3595,Indevelopment Productions
3596,Indie
3597,Indie Asylum
3598,Indie Falcon
3599,Indie Marc
3600,Indie-Geek
3601,Indie/Anon Games
3602,IndieArk
3603,IndieGala
3604,IndieGameMama
3605,IndieMax
3606,Indigo Entertainment
3607,IndigoWare
3608,Indovers Studio
3609,"Inductance, LLC."
3610,Industry Games
3611,Inertia Game Studios
3612,Inexplicable Games
3613,Infibit Games
3614,Infiland
3615,Infima Labs
3616,Infini-Brain inc.
3617,Infinite Dreams
3618,Infinite Level
3619,Infinite Loop Games
3620,Infinite State Games
3621,Infinite Studio
3622,Infinite Worlds
3623,Infinitus Studios
3624,Infinity Studio
3625,InfinityNan Studios
3626,Infogrames
3627,Infosuccess3d
3628,Ink
3629,InkDevStudios
3630,Inlet Pipe Productions
3631,Innersloth
3632,InnoGames
3633,Innocent Soul
3634,Innominatum Digital
3635,InsVolcStudio
3636,Insane Code
3637,Insane Dreamers
3638,Insane Systems
3639,InsaneHawk
3640,Insatiable Cycle
3641,Insert Disk 22
3642,Inside Studios
3643,Inside Universe
3644,Insidious Games
3645,Insightful Games
3646,Inspector Studios
3647,Inspire Game Studios
3648,Instal Entretenimento
3649,Instant Million
3650,Institute of Noetic Sciences
3651,Instituto de Astrofísica
3652,Instytut Pamięci Narodowej
3653,Insular Games
3654,Integer games
3655,Intentionally Bad Products
3656,InterAction studios
3657,InterDan
3658,Interabang Entertainment
3659,Interaction Ideas GmbH
3660,Interactive Fate
3661,Interactive Gaming Studios
3662,Interplay Entertainment Corp.
3663,Inters Media
3664,Intersky Studios
3665,Interwise Multimedia Corp.英特衛多媒體股份有限公司
3666,Intetic
3667,Intofeel Company
3668,Intragames
3669,Intrepid Marmot
3670,Introversion Software
3671,Inverge Studios
3672,Inverse Game
3673,InvertMouse
3674,Invisible Walls
3675,Invoke Games
3676,Inwave Labs
3677,Io Normal
3678,Ionborn Entertainment
3679,Ionized Games
3680,Ionized Studios
3681,Iori Branford
3682,Irinkutor
3683,Iron Boar Labs Ltd.
3684,Iron Lizard Games
3685,Iron Stag Games
3686,Iron Tower Studio
3687,Iron VR
3688,Iron Wolf Games
3689,IronZog
3690,IronZog LLC
3691,Ironcode Gaming
3692,Ironhide Game Studio
3693,IronyDev
3694,Irreflex Studios
3695,Isaac Andrews
3696,Isaac Lee
3697,Isaac MENARD
3698,Isekai Entertainment
3699,Ishbull Studios
3700,Ishtar Games
3701,Iskra
3702,Island's Curse Entertainment
3703,Ismail Doner
3704,Isoca Games
3705,Isolated Games
3706,Istanbul Simulator
3707,Isto Inc.
3708,Istotex
3709,It's Anecdotal
3710,Iteration 11
3711,Iteration Games
3712,Ithaqua Labs
3713,Ithiro Sumi
3714,IthonyGames
3715,ItimatuSeika
3716,ItsTheTalia
3717,Ivan Armandy
3718,Ivan Sukhanov
3719,Ivan Zanotti's MyMadnessWorks
3720,Ivanovich Games
3721,Ivories Studios
3722,Ivy Sly
3723,IvyCanopy
3724,Izanabit
3725,IzanagiGames
3726,Izmir Games Collective
3727,"J Wonder Co., Ltd."
3728,J. L. Bravo
3729,J.Bowman
3730,J.S.Void
3731,J2YSOFT
3732,J6 Games
3733,JAB team
3734,JAST
3735,JCP Games Studio
3736,JFerreira
3737,JFi Games
3738,JFxGames
3739,"JH Soft Co., Ltd."
3740,JIB Games
3741,JJJ
3742,JJS Games
3743,JKM corp
3744,JKgames
3745,JM Neto Game Dev
3746,JMAA Games
3747,JMN
3748,JOIS Games
3749,JOONSPICTURES
3750,JOTASOFT STUDIOS
3751,JOZGames
3752,JPEG OF PAIN
3753,JPG_Games
3754,JSL Entertainment
3755,JSR-Productions
3756,JUNGLE
3757,Jachun Digital
3758,Jack Astral
3759,Jack Goddard
3760,Jack Holt
3761,Jack Lance
3762,Jack Sweet
3763,Jack Twin
3764,"Jackbox Games, Inc."
3765,JacksonGameStudios
3766,Jackto Studios
3767,Jacob Allen
3768,Jaemoon Choi
3769,Jagaimo Studios
3770,Jagex Ltd
3771,Jaja City
3772,Jake Donkersgoed
3773,Jake Rabinowitz
3774,Jaklub
3775,Jakub Klementewicz
3776,Jakub Sedmík
3777,Jam Cafe
3778,James Horn
3779,James K. Isaac
3780,James Madsen Digital Enterprises
3781,James Moulang
3782,James Sager
3783,James Smart
3784,JamesGamesNZ
3785,Jamie Mulvaney
3786,Jan Jileček
3787,Jan Malitschek
3788,Jan Place Jakobsen
3789,JanduSoft
3790,Janius Digital
3791,Janner
3792,Japanime Games
3793,Jarze Games
3794,Jasmine Osler
3795,Jason PK Games
3796,Jason Thomas
3797,Jean Groenewald
3798,Jean Onche
3799,Jean-Baptiste Lancelot
3800,Ject Entertainment
3801,Jeferson Belmiro
3802,Jeferson Dias
3803,Jeff Sproul
3804,Jeff Weber
3805,Jeffrey Lu
3806,Jelle Booij
3807,Jelle van Doorne
3808,Jellyfish Parade
3809,Jeminie Interactive
3810,Jens Roderus
3811,Jes Studio
3812,Jesper Bergman
3813,Jesse Makkonen
3814,Jet Stone Games
3815,JetGam.es
3816,Jetdogs Studios
3817,Jetpack Collective
3818,Jetstrike Justice
3819,Jflyer Games
3820,Jhoffis
3821,Jiabisu
3822,Jie En Lee
3823,Jim
3824,Jim Bame
3825,Jim Makes Games
3826,Jimmy Arcade Limited
3827,Jinch
3828,Jinny Lab Inc.
3829,Jint Game
3830,Jinthree Studio
3831,Jinwind
3832,Jipang2Games
3833,Jiv Jago
3834,Jiwoo Lee
3835,Jo.Jo art
3836,JoLu Games
3837,JoaAM Productions
3838,Joakim Larsen
3839,Joarez C. Santini
3840,Job Talle
3841,Joccish
3842,Joel Carter
3843,Joey Cook
3844,Joey Drew Studios
3845,JofiSoft
3846,Jogo Joia
3847,Johannes Gäbler
3848,John Bishop
3849,John Scarpias
3850,John Watson
3851,John's Project
3852,Joi Max
3853,Jokerngesund
3854,Jokondu
3855,Jolly Theory
3856,Jollypunch Games
3857,Jon Aegis
3858,Jon Nielsen
3859,Jonas Autenrieth
3860,Jonas Patrik
3861,Jonas Skjønnemann
3862,Jonas Tyroller
3863,Jonathan Brassaud
3864,Jonathan Calsolaro
3865,Jonathan Dana
3866,Jonathan Lorenz
3867,Jonne Ojennus
3868,Jordan B Cutler
3869,Jordan Magnuson
3870,Jordy Lakiere
3871,Jorge David Sánchez Rey
3872,JosPlays
3873,Joseph Cook
3874,Joseph Distler
3875,Joseph Murray
3876,Joseph Warwick Victor Hewitt
3877,Josh Hill
3878,Josh Larsen
3879,Joshua
3880,Joshua Bossie
3881,Joshua Cutting
3882,Joshua Keith
3883,Josyan
3884,Joulion S.
3885,Journey Bound Games
3886,Jovius Studios
3887,Joy Way
3888,JoyBits Ltd.
3889,JoyJog
3890,JoyMoe Interactive Entertainment Limited
3891,JoySpark Games
3892,Joycity
3893,Joymania Development
3894,Joynow Studio
3895,Joyride
3896,Joystick Ventures
3897,Jozsef Szotak
3898,JuTek Pixel
3899,Juan Collin
3900,Juan Gabriel Gomila
3901,Jubcow
3902,JubleLemonSeed
3903,Juggernaut Entertainment
3904,Juggernaut Games
3905,"Jukka Mattila - ""GamesByMichi"""
3906,Julian Edison
3907,Julien Baumgartner
3908,Julián Palacios Gechtman
3909,Jumit
3910,Jumpship
3911,"Jundroo, LLC"
3912,June Studio
3913,Junkyard Media
3914,Junla Games
3915,Junyi Liu
3916,Just Sauce Studio
3917,Just Two ltd.
3918,JustTomcuk
3919,JustUsGameLab
3920,JustWallWirehead Games
3921,Justdan
3922,Juvty Worlds
3923,Jérémy Entressangle
3924,K App.
3925,K Monkey
3926,K&K Interactive
3927,K26 Games
3928,KADOKAWA CORPORATION
3929,KAIJYU-09
3930,KAIRA Deepware
3931,KAPA
3932,KAR Games
3933,KATNAPPE SP. Z O. O.
3934,KATUSADA LABO
3935,KAT_Editor
3936,KAYAC Inc.
3937,KBA3u's factory
3938,KEMCO
3939,KEUSER Pub.
3940,KHB-Soft
3941,KIMIDORI SOFT
3942,KIMYS STUDIO
3943,KIRA LLC
3944,KIWIWALKS
3945,KK Games
3946,KKANGTO STUDIO
3947,KLP Company
3948,KLab Inc.
3949,KMHgames
3950,KOA BOA
3951,KODGAMES LLC
3952,"KOEI TECMO GAMES CO., LTD."
3953,KOEX studio
3954,KOMODO
3955,KONAMI
3956,KONEKO
3957,KO_OP
3958,KPC
3959,KPL
3960,KPas
3961,KR Games
3962,"KRAFTON, Inc."
3963,KSYM
3964,KUBI Games
3965,KUROSAWACREATE
3966,KW-SFF
3967,KY Games
3968,"Kabam Games, Inc."
3969,Kabi Jedhagen
3970,Kabuk Games
3971,Kagura Games
3972,Kagura Games (Chinese Localization)
3973,Kagura Games (Chinese Version)
3974,Kaida Studios
3975,Kaikalii
3976,Kainaris Alzabaar
3977,Kaio Meris
3978,Kairoscope
3979,"Kairosoft Co., Ltd"
3980,KaiserGames
3981,Kaitec Games
3982,Kajak Games
3983,Kaka Ku Games Inc.
3984,Kakehashi
3985,Kakehashi Games
3986,Kaká Gamer & Dev
3987,Kaleb Wassa
3988,Kalypso Media
3989,Kami Ventures AB
3990,KaminGames
3991,Kamina Dimension
3992,KanapaGames
3993,Kaneva LLC
3994,Kanipro Games
3995,Kara Sokra
3996,Kara Stone
3997,Karate Goose Studio
3998,Karnage Studios
3999,Kasedo Games
4000,Kaser Studio
4001,Kastel Software
4002,Katabasi Studio
4003,Katelyst
4004,Katta Games
4005,Kavkaz Sila Games
4006,Kavorkaplay
4007,Kawaru Games
4008,Kayabros
4009,Kazakov Oleg
4010,Kazakov Studios
4011,KazakovStudios
4012,Kcfos
4013,KeKaiXinLe
4014,Kebabos
4015,Kedexa
4016,Keep Sheep
4017,Kehler Creations
4018,Keinart Lobre
4019,Keith Burgun Games
4020,KeleSoft avoin yhtiö
4021,Kelint
4022,KellenKyo
4023,Ken Henson
4024,Kendall Zhu
4025,Keng7
4026,Kenisoft Game Studio
4027,Kennex Software
4028,Kenney
4029,Kenny Sun
4030,Kepler Ghost
4031,Kepler Interactive
4032,Keplerians
4033,Kerberos Productions
4034,Kersten Glaser
4035,Kether Studio
4036,KevTheDev
4037,Kevei Kristóf
4038,Kevin Baker
4039,Kevin Hinker
4040,Key Realm Studios
4041,Keycap Games LLC
4042,Keyreal
4043,Keystone Knight
4044,Khayalan Arts
4045,Khosouf Studio
4046,Kiary Games
4047,Kid Onion Studio
4048,Kid's Revolt
4049,Kiddy
4050,Kiepska Spółka
4051,KigyoDev
4052,Kiiega
4053,Kikai Digital
4054,Kikimora Games
4055,KillHouse Games
4056,KillZero Game
4057,Killed Pixel Games
4058,Killerfish Games
4059,Killian M
4060,Kilowatt Games
4061,Kilz Knight
4062,Kim Laughton
4063,Kim Yusok
4064,KimHeeDong
4065,Kimmo Factor Oy
4066,Kind Cat Games
4067,Kindred Games
4068,Kinetic Games
4069,King Bird Games
4070,King Crow Studios
4071,King Deluxe
4072,King Moon
4073,Kink Master Studios
4074,Kirillkrm
4075,Kiririn
4076,Kirisame Jump
4077,Kirkidexi LTD
4078,Kirley Games
4079,Kiro Games
4080,KishMish Games
4081,Kit9 Studio
4082,Kitfox Games
4083,Kitsune Games
4084,Kitten Cup Studio
4085,Kitten Fortress
4086,Kitten Purradise Studios
4087,Kivano
4088,Kiyummi Games
4089,Kjoeb
4090,Klabater
4091,Klei Entertainment
4092,KleskBY
4093,Klode
4094,Knight Division Games
4095,Knight Owl Games
4096,Knight by Night
4097,Knights Peak
4098,Knightsoft Studio
4099,Knuckle Cracker
4100,KoS Studios
4101,Koan
4102,Kobayashimaru LLC
4103,Kodansha
4104,Koding Nights
4105,Kodo Linija
4106,Koker_007
4107,KokoGame
4108,Koksny.com
4109,Kokutou Umeboshi
4110,KolaCape
4111,KomBits Game Studio
4112,Komi Games Inc.
4113,KomodoBit Games
4114,Koniro Dice
4115,Konnichiwa Games
4116,Konrad Pawlikowski
4117,"Konstantin ""Kash"" Spasoff"
4118,Kool2Play
4119,KorGgenT
4120,Korea Vocational College of Information and Technology
4121,Korion Interactive
4122,Korpi Games Oy
4123,Korpus
4124,Korvinrular
4125,Kosmoon Studio
4126,Koya Game
4127,Kozhakov
4128,Kraftmaru
4129,Kraken Ink.
4130,Kraken Studios
4131,Krazy Games
4132,KreamLand
4133,Kreationware
4134,KreizLand Games
4135,Kresent
4136,Krillbite Studio
4137,Krispy Animation
4138,Kristoffer Juel Friis
4139,KuKo
4140,KuYou Games
4141,Kube Games
4142,Kubold
4143,Kud
4144,Kulivszk
4145,KumaPaw
4146,KumiLGames
4147,Kunpo Games
4148,Kunstaat
4149,Kupoapo
4150,"Kure Software Koubou Co., Ltd."
4151,Kurki.games
4152,Kurumi Works
4153,Kuura Playhouse
4154,Kvisaz Games
4155,Kwalee
4156,Kwing works
4157,Kyle Barrett
4158,Kyle Muntz
4159,Kyle Rodgers
4160,Kyle Seeley
4161,Kyle Thompson
4162,Kyle's Garage
4163,Kynoa SA
4164,Kyo Soft
4165,Kyonbu
4166,Kyoto Cybernetics
4167,L. Stotch
4168,L.INC
4169,L8r Sk8rs Studios
4170,LA GAMES
4171,LAN - GAMES LTD
4172,LAN JIE
4173,LAS Team
4174,LBR games
4175,LC.Game
4176,LCSsiveR
4177,LEGO® Games
4178,LGV
4179,LIFE0
4180,LIGHTWORKER GAMES
4181,LIMITED
4182,LINE Games Corporation
4183,LINK
4184,LIQUID Softworks
4185,LKMAD
4186,LLC Blini Games
4187,LM Games Studio
4188,LNDFRR
4189,LOF Studios
4190,LOMS Studio
4191,LOVE SYNERGY
4192,LOVIGAME
4193,LQ-GAME
4194,LSP GAME
4195,LSP Game
4196,LTZinc
4197,LU QI
4198,LUCID LAYERS
4199,LUDO Thinking
4200,LUK KUS SOFT
4201,LUVI GAMES
4202,LVGameDev LLC
4203,LW Games
4204,LW.C
4205,LWMedia
4206,LZR GAMES
4207,La Poule Noire
4208,La Spina Francesco
4209,"Labrodex, Inc."
4210,Lached Up Games
4211,Lackgirl Project
4212,Lafterburn Studios
4213,Lagartija Software
4214,Laineus
4215,LakesideCentral LLC
4216,Lamina Studios
4217,Laminar Research
4218,Lampidev
4219,Lan Yao studio
4220,Lance Games
4221,Land  Patricio - Space Indie Studios
4222,Landauer Games
4223,Landfall
4224,Lange Studios LLC
4225,LanguageNation
4226,Lanzinger Studio
4227,Laolu Productions
4228,Laplace Games
4229,Laplacian
4230,Lappi Soft
4231,Laptop gaming
4232,Laputa Labs
4233,Larfco
4234,Larian Studios
4235,Larkon Studio
4236,Larsonsoft
4237,Lasengle Inc.
4238,LaserOnion
4239,Laserboys3000
4240,Lasse Zacho Malver
4241,Lasso Games
4242,Last Bastion Studios LLC
4243,Last Boss 88
4244,Last Credit Games
4245,Last Man Gaming
4246,Last Tales
4247,Late Leaf Games
4248,Late Night Games
4249,Lateral Games
4250,Lateralis Heavy Industries
4251,Latif Güngör
4252,Laud Publishing
4253,Laughing Coyote Software
4254,Laughing Fox Games
4255,Laukaus Games
4256,Laumania ApS
4257,Laura Shigihara
4258,Lauri Lehtomäki
4259,Laush Dmitriy Sergeevich
4260,Laush Studio
4261,LavaMind
4262,Lavaboots Studios
4263,Lavaflame2
4264,Lawliet
4265,Laxluster Games LLC
4266,Lazer Genu
4267,Lazernaut Media
4268,Lazlo Gaming Ltd
4269,Lazrool
4270,Lazy Kitty
4271,LazyEti
4272,Lcc
4273,LeJunesArt
4274,Lead Games
4275,Leafy Games
4276,League of Geeks
4277,Leakage Games
4278,LeandroGabriel.net
4279,Leenzee Games
4280,Legacy Games
4281,Legend
4282,Legend Studio
4283,LegendOri Productions
4284,Leka Games
4285,Lekker spelen
4286,Leland Wilson
4287,Lemma Arts
4288,Lemon Seed Studio
4289,Lemondo Games
4290,Leoful
4291,Leonardo Alexandrino
4292,Leonardo Interactive
4293,Leonardo Zufi
4294,Lepisoft
4295,Les Crafteurs
4296,Lesser Evil
4297,Let's Go to The Grindhouse
4298,LetMeowt Games LLC
4299,LetiGame
4300,Leturs Labs
4301,Level 11
4302,Level-Buster Studio
4303,LevelHead
4304,Levi Ramirez
4305,Levi VanZandt
4306,Leviathanimation
4307,Lex de Kogel
4308,Lexip Games
4309,Leyo Games
4310,LezLiz
4311,Li Yin
4312,Liam Allen-Miller
4313,Libragames
4314,Library of Parliament - Bibliothèque du Parlement
4315,Libretro
4316,Lich Again Games
4317,Licorice ehf
4318,Liens
4319,Lienzo
4320,Liga Robotov
4321,Light Clinic
4322,Light Game
4323,Light Up Games
4324,Light of Creators
4325,LightArrow Games
4326,LightOn Game
4327,Lightbox Academy
4328,Lighthouse Games Studio
4329,Lightmare Studios
4330,Lightning Games
4331,Lightning Mark
4332,Lightning Rod Games
4333,Lightning6Kidnap
4334,"Lightspeed Design, Inc."
4335,Lil Hentai Games
4336,LilMemes Production
4337,Lillymo Games
4338,Lily
4339,Limansia Games
4340,Limasse Five
4341,Limited Games
4342,Limited Input LLC
4343,Limited Insight Studios
4344,Lin Meyer
4345,Lince Works
4346,LineArt Games
4347,Lines Studio
4348,Ling Games
4349,Lingon Studios
4350,Lingtan Studio
4351,Linked Squad
4352,Linkup
4353,Lion Castle Entertainment
4354,LionCat
4355,LionWing Publishing
4356,Lioncode Games
4357,Lionel Marsden
4358,Liquid Donkey Games
4359,Liqut
4360,Lithic Entertainment Inc.
4361,Lithodelphis
4362,Little Bean Games
4363,Little Black Book Entertainment
4364,Little Chair
4365,Little Denis Games
4366,Little Dog Studio
4367,Little Green Men Games
4368,Little Lemon Bulb
4369,"Little Light Studios, LLC"
4370,Little Martian Games
4371,Little Orbit
4372,Little Reaper Games
4373,Little Stories
4374,Little Studio
4375,Little_Amethyst
4376,Liujiajun
4377,Live Motion Games
4378,Living Code Labs
4379,LizardFactory
4380,Lizsoft
4381,Lizzycat / Lizabeth Gidlund
4382,Llamasoft Ltd.
4383,Llocin7 Digital
4384,Lo-Fi People
4385,LocaGames
4386,"Local Space Survey Corps, LLC"
4387,Loch and Quay Games
4388,Lock 'n Load Publishing
4389,Lockdown Escape
4390,LockedOn Games
4391,Lockpickle
4392,Loco Motion Devs
4393,Loco Road Team
4394,Lofi Robot
4395,Loftstar Entertainment Inc.
4396,Loftur Studio
4397,Log Games Ltd
4398,LogLog Games
4399,Logan Thatcher
4400,Logic Ember Limited
4401,Logisk Studio Inc.
4402,LogoJI Studio
4403,Lollipop Revival
4404,Lollygag Labs
4405,Lone Fox Games
4406,"Lone Pine Games, LLC"
4407,Lone Wulf Studio LLC
4408,Lonekite Games
4409,Lonely Deckchair
4410,Lonely Troops
4411,Loneminded
4412,Long Lost
4413,LongYou Tech Ltd
4414,Longplay Studios
4415,Longxi Zhao
4416,Lonhong Media
4417,Looksten Inc.
4418,LooseScrew Games
4419,Loot Inside
4420,Loren Lemcke
4421,Lorenzo Entertainment
4422,Lorex Games
4423,Lost Abroad
4424,Lost Frame Development
4425,Lost Machine Games
4426,Lost Pilgrims Studios
4427,Lost Sock Studio
4428,LostOneTeam
4429,LostVolBytes
4430,Lotos Project
4431,Lotus Innovations
4432,Lotz
4433,Louie Inc
4434,Louys Inc
4435,Lovable Hat Cult
4436,Love Conquers All Games
4437,"Love Lab, Inc."
4438,LoveStoryProject
4439,Lowpoly Interactive
4440,Lozange Lab
4441,LsGameDev
4442,LsGamedev
4443,Lsgamedev
4444,LuCapy Studio
4445,LuGus Studios
4446,LuN
4447,Lua Ludica
4448,Luan Prates de Souza
4449,Luca Favano
4450,Lucas Amorim
4451,Lucas Cavataio
4452,Lucas Delvallet
4453,Lucas Le Slo
4454,Lucas Souto
4455,Lucasfilm Games
4456,LuciiDream 清醒梦
4457,LuckBeTheGame
4458,Luckshot Games
4459,Lucky Cat studio
4460,Lucky Dog
4461,Lucky Raccoon Games
4462,LuckyVerse
4463,Luden.io
4464,Ludic Studios
4465,Ludicrous Games
4466,Ludipe & Friends
4467,Ludokultur
4468,Ludomotion
4469,Ludosity
4470,LuftWaffel
4471,Luiz Pascoto
4472,LukPlus
4473,Luka Radulovic
4474,Lukas Kolesar
4475,Lukas Trötzmüller
4476,Luke Doukakis
4477,Luke Rissacher
4478,Luke Vincent
4479,Lukudev
4480,Lululu Entertainment
4481,Lumi Finley
4482,Lumiere Studios
4483,LuminEye Limited
4484,Luminite
4485,Luminosity Interactive
4486,Lumo Entertainment
4487,Luna Apps
4488,Luna Orion
4489,LunaBeat
4490,LunaRolexLer
4491,Lunacy Labs Ltd.
4492,Lunaforge Studios
4493,Lunar Activities
4494,Lunar Tale Games LLC
4495,LunarLight Studio
4496,Lunarch Studios
4497,Lunarhellgames
4498,Lunaris Games
4499,Lunaris Iris
4500,Lunatic Works
4501,Lunheim Studios
4502,Luper
4503,Luphi Interactive
4504,Lurong Games
4505,Lutsgames
4506,LuuuLuuuL
4507,Lyaaaaa Games
4508,Lycian Studio
4509,Lymperopoulos Alfeios
4510,Lyre Lyre Studios
4511,Lyrical Games LLC
4512,"L＆K Co., Ltd."
4513,M. Paul Games
4514,M.A. Starling
4515,M.G. Games
4516,M0R STUDIO
4517,M11 Studio
4518,M2H
4519,M36 Games
4520,M3M Games
4521,M9 Games
4522,MA Game
4523,MACKINN7
4524,MAD Sprouts
4525,MAG
4526,MAGIC Spell Studios
4527,MAGIX Software GmbH
4528,MAGame
4529,MATANGA GAMES
4530,MAYO Games
4531,MAYO-FORCE LLC
4532,MB Game Studio
4533,MB Studios
4534,MB2 Entertainment
4535,MC GAME
4536,MC Sport
4537,MCG
4538,MCGame
4539,MD Studio
4540,MDH Software
4541,MDickie
4542,MELOVITY
4543,META Publishing
4544,MGAME Corporation
4545,MGP Studios
4546,MICROCHELIK5000
4547,MIDLANDSTORY Inc.
4548,MIGALOO GAMES
4549,MINO ENTERTAINMENT INC
4550,MINTROCKET
4551,MIPODAS DIGITAL STUDIO
4552,MIRA GAMES
4553,MIROWIN
4554,MIRROR Soft
4555,MIT Media Lab
4556,MIYAKOpubl
4557,MJ NULL零值梦境
4558,MKDB Studio
4559,MKJump
4560,MMmmmoko
4561,"MNI Labs, LLC"
4562,MOGiN GAMES
4563,MOKKOGRAD
4564,MONTE GALLO
4565,MOONSEER VR
4566,MOR Museum Inc.
4567,MOSN
4568,MOSQUITO COCKTAIL LTD
4569,"MOSS Co., Ltd."
4570,MOTIONX STUDIO
4571,MP2 Games
4572,MRC Game
4573,MS GAMES SP. Z O.O.
4574,MT Games
4575,MUTAN
4576,MUTOYS
4577,MV Games
4578,MV JPL
4579,MW Games
4580,MWM Interactive
4581,MX Nice Game
4582,MY.GAMES
4583,MYAOSOFT
4584,MYGG
4585,MZY GAMES
4586,Ma Ge Game
4587,Ma Ma Software
4588,MaFi Games
4589,Maad Sheep
4590,MacMorgan
4591,Maciej Targoni
4592,Mad Cream Games
4593,"Mad Dog Games, LLC"
4594,Mad Hose Games
4595,Mad Noodle Studios
4596,MadCow S.r.l.
4597,MadGoat Studio
4598,MadIdeaX games
4599,MadMozer
4600,MadRock
4601,MadSushi Games
4602,MadSwan
4603,MadZone Games
4604,Madar Games
4605,Made In House
4606,Made in Mavis
4607,Madirex
4608,Madison Karrh
4609,Madit Entertainment
4610,Madmind Studio
4611,Madnetic Games
4612,Mado
4613,Maestro Games
4614,Maetdol Games
4615,Mag B.
4616,Magenta Factory
4617,Magic
4618,Magic Chopstick Games
4619,Magic Cube
4620,MagicBenchVN
4621,MagicCraft
4622,MagicWing
4623,Magicians Games
4624,Magicvalley Studio（魔法谷工作室）
4625,Magitech Games
4626,Magnus Ander
4627,Magnus Muscle
4628,MagroPlay
4629,Magyu Studio
4630,Mahdi Bahrami
4631,Main Gauche Games
4632,Main Loop videogames S.L.
4633,Majao Games
4634,Majesco Entertainment
4635,Majic Jungle
4636,Majorariatto
4637,Maker Games
4638,Maker Interactive
4639,Maker製造機
4640,MakhamDev
4641,Makka Studios
4642,Makopaz
4643,Maks Volegov
4644,Male Doll
4645,Male Doll Stories
4646,Malicious Games
4647,Malignant Potato
4648,Maloke Games
4649,Malte Glade
4650,MalumGames
4651,Mama Makes Games
4652,Mambo
4653,Mammorize
4654,Mana Games
4655,Mana Potion Studios
4656,Manager Games S.A.
4657,Manatea Entertainment
4658,Mandinga
4659,Mandragora
4660,Manekoware
4661,Manerai LLC
4662,Manfromstars
4663,MangaGamer
4664,Mango Protocol
4665,Manic Hyena
4666,Manic Machine
4667,Manic Mice
4668,ManicBuild Studio
4669,ManliestDev
4670,Manning Media
4671,Manodeix
4672,Mantaliss
4673,Manuel Branco
4674,Manuel Moos
4675,Manuel Schenk Games
4676,Manul Games
4677,ManyDev Studio
4678,MaouCat Studio / 魔王貓工作室
4679,Maple Whispering Limited
4680,MapleDorm Games
4681,Mapledev
4682,MarViv
4683,Maratus
4684,Marcelo Barbosa
4685,Marcin Dzienniak
4686,Marco Hirschfeld
4687,Marcos Game Dev
4688,Marevo Collective
4689,Marginal act
4690,Marginalact
4691,Mariah Armstrong
4692,Marimori
4693,MarineVerse
4694,Mario Ariano
4695,Marius Popa
4696,Marjupi Games
4697,Mark Lara Devs
4698,Markus Amberla
4699,Marmalade Game Studio Ltd
4700,Maroze Studio
4701,MarpleGames
4702,Martian Teapots
4703,Martin Bartsch
4704,Martin Games
4705,Martin Kutlak
4706,Martin Mauersics
4707,Martin Mejak
4708,Marudice
4709,Marvellous Soft
4710,Marvelous
4711,Marvelous Europe
4712,Marvelous Games
4713,"Marvelous USA, Inc."
4714,Masangsoft
4715,Masayuki Ito
4716,Maschinen-Mensch
4717,MaskCatStudio
4718,Mason Lindroth
4719,MassDigi
4720,Massive Corporation Game Studios
4721,Massive Galaxy Studios
4722,Master Studios
4723,MasterDavicous
4724,Masterbrain Bytes
4725,Mastermind
4726,Mastery VR
4727,Mastfire Studios Pty Ltd
4728,Mastiff
4729,Matador Records
4730,MateussDev
4731,Mateusz Skutnik
4732,MathanGames
4733,Matheus Antônio
4734,Matheus Bigatão
4735,Matheus Estevão
4736,Mathew Kelly
4737,Matias Bontempo
4738,Maticolotto
4739,Matrix Games
4740,Matt
4741,Matt Close
4742,Matt Eshleman
4743,Matt Glanville
4744,Matt Newell
4745,Matt Roszak
4746,Matt Sowards Games
4747,Matt Storm
4748,Matthew Bradshaw
4749,Matthew Kania
4750,Matthew VanDevander
4751,Matthew Vimislik
4752,Matthew Wong
4753,"Mattrified Games, LLC"
4754,Mature Games
4755,MatyGexGames
4756,Mauris Games OU
4757,MaverickMatryoshka
4758,Max Clark
4759,Max Loh
4760,Max Pedro
4761,Max Ritters
4762,MaxEstLa
4763,Maxeymus Games
4764,Maxi Molina (MaxiMJdev)
4765,Maxiig
4766,Maxim Abramov
4767,Maxim Arefiev
4768,Maxim Games
4769,Maxim Karpenko
4770,Maxim Nuriev
4771,Maxime Carcaillon
4772,Maximiliano Levi
4773,Maximum Entertainment
4774,Maximum Games
4775,Mayflower Entertainment
4776,Mayouma Studio
4777,Maze Theory
4778,Maze Theory Ltd
4779,MazyGames
4780,McLeodGaming
4781,McMagic Productions
4782,Me Vs Game
4783,Meaning Machine
4784,Means Interactive
4785,MecHead Games
4786,Mecha Studios
4787,Mecha Weka
4788,Mechabit
4789,MechanicsDriven
4790,Mechanistry
4791,Mecrew Games
4792,MediaCity Games
4793,MediaTale
4794,"Mediascape Co., Ltd."
4795,Medicated Games
4796,MedievalNexus
4797,Medow
4798,MedusasGame
4799,Mega Dwarf
4800,Megafauna LLC
4801,Megalevel
4802,Megalithic Mainframe
4803,Megapop
4804,Megatent Inc.
4805,Mehan Games
4806,Mehsoft
4807,Meleons
4808,Melko Game Club
4809,Melonsoda Soft
4810,Melting Parrot
4811,MelvinTang Games
4812,Menacing Aura Games
4813,Meng Games
4814,Menge Studio
4815,Mens Sana Interactive
4816,Mercier Christophe
4817,Mercury Steam Entertainment s.l.
4818,Mercury Studios
4819,MercySoft
4820,Merge Conflict Studio
4821,Meridian4
4822,Meridiem Games
4823,Merlino Games
4824,Merlion Games
4825,Merso Entertainment
4826,Merxon22
4827,Mescaline's Wings
4828,Mesote Games
4829,Meta Form
4830,Meta Games
4831,Meta Interaction
4832,Metal Dragon Studio
4833,"Metalcat Interactive Co., Ltd"
4834,Metanaut
4835,Metaroot
4836,Metehan SENER
4837,Meteor Mug
4838,Meteor Shock
4839,Meteor Studios
4840,Meteorbyte Studios
4841,Metro VR Studios
4842,Metronomaton
4843,Metthink Universe
4844,Mewton Games
4845,MhrGames
4846,Mi'pu'mi Games GmbH
4847,MiA - Museene i Akershus
4848,Micah Boursier
4849,Michael Derek
4850,Michael Gschwandtner
4851,Michael Haapasaari
4852,Michael Josephs
4853,Michael Kiang
4854,Michael Rfdshir
4855,Michael Schade
4856,Michael Shoots
4857,MichaelArts
4858,Michele Pirovano
4859,MicroProse Software
4860,Microblast Games
4861,Microids
4862,Microtaur
4863,Midjiwan AB
4864,Midnight Games
4865,Midori Games / みどりげーむず
4866,Midquest Games
4867,Midwest Games
4868,Might and Delight
4869,Mighty Coconut
4870,Mighty Eyes
4871,Mighty Games
4872,MightyPlus
4873,Mightyy
4874,Miha Prezelj
4875,Mihanikus Games
4876,Miju Games
4877,Mikael Bihl
4878,Mikayden Gutierrez
4879,Mike Bushell
4880,Mike Engler
4881,Mike Laraman
4882,Mike Sambrat
4883,Mike Wigen
4884,MikeTeevee
4885,Mikola Games
4886,Mikołaj Spychał
4887,Mildly Professional
4888,Miles Fogle
4889,Milestone S.r.l.
4890,Milk Bottle Studio
4891,Milkbag Games
4892,Milkcraft Studio
4893,Milkoi Games
4894,Milkroom Studios GmbH
4895,Milkstone Studios
4896,Milktoast Stuff
4897,Milky Tea Studios
4898,Millendream
4899,Millenium Games
4900,Milo Brandt
4901,Milpitians
4902,Mimimi Games
4903,MinMax Games Ltd.
4904,Minakata Dynamics
4905,Mind Control Software
4906,Mind's Eye Games
4907,MindRend Technologies
4908,MindThunk
4909,Mindful Capybara
4910,Mindscape
4911,Mindtech
4912,Mindware
4913,"Mindware Co., Ltd."
4914,Minechan
4915,"Mingyu Information Technology Shanghai Co., Ltd."
4916,Mini Fun Games
4917,MiniChimera Game Studio
4918,Minicactus Games
4919,Minimol Games
4920,Minor Key Games
4921,Minstrel Studio
4922,Mipmap Digital
4923,Miquel Villalobos Verde
4924,Mir
4925,Mirabolis Studios
4926,Miracle Moon
4927,Mirari&Co.
4928,Miroslav Bago
4929,Misc Games
4930,Misc.261
4931,Mischief
4932,Misfit Village
4933,Missing Middle Games
4934,MistByte
4935,Mistcloud Games
4936,Mister Morris Games
4937,MisteryJay89
4938,Mistwall Studio
4939,Mitchell Lawrence
4940,Mitredel
4941,Mitsuki Game Studio
4942,Miwu Studio
4943,Mixed Realms Pte Ltd
4944,Mixtape Games UK
4945,Mixtvision
4946,Mizotsuki Rail / acty
4947,Mizrab
4948,Mk-II
4949,Mlyst
4950,MoDev
4951,MoFunZone Inc
4952,MoFunZone Inc.
4953,MoaCube
4954,Mob Entertainment
4955,MobX GmbH
4956,Mobile Co Studios
4957,MobiusGames
4958,Moby Geek Studios
4959,Mockingbird Softworks
4960,ModMaximuss
4961,Modern Wolf
4962,Modori games
4963,Modularity
4964,Modus Games
4965,Modus Interactive
4966,Mogeko
4967,Moist Dog studio
4968,Mojo Bones Ltd
4969,MojoTouch
4970,MokomuGame
4971,Molegato
4972,Molleindustria
4973,Molotov Estudios
4974,Molter
4975,Molton Studio
4976,Moment Interactive Limited
4977,Momiji Studios
4978,Momo-pi
4979,Monarch Studio
4980,Monka Studios
4981,Monkey Face Software LLC
4982,Monkey Jump Games
4983,Monkey Wizard Entertainment
4984,Monkeys Tales Studio
4985,"Mono Software, Inc."
4986,"Monochrome, Inc"
4987,Monologic Games
4988,Monomi Park
4989,Monomyth
4990,Monster Couch
4991,Monster Doctor Entertainment
4992,Monster Finger Games
4993,"Monster Games, Inc."
4994,Monster Shop Games
4995,Monster Tooth Studios
4996,Monster and Robot L.L.C.
4997,Montee Games
4998,"Monumental, LLC"
4999,Moolion
5000,Moon Bear Studio
5001,Moon Lens
5002,Moon Studio
5003,Moonana
5004,Moonbit
5005,Moondolino
5006,Mooneye Studios
5007,Moonfire Entertainment
5008,Moonflower Games
5009,Moonlight Studio
5010,MoonlightGames
5011,Moonlit Monitors
5012,Moonlit S.A.
5013,Moonlit Works
5014,Moonroof Studios
5015,Moonryse Studios
5016,Moonshark
5017,Moonskull Games
5018,Moonworks
5019,Moregames
5020,MorfeoDev
5021,MorkPuncher
5022,Morne Venter
5023,MorningGames
5024,Morningstar Game Studio
5025,Morningstar Studios
5026,MoroPoro
5027,MorpheusZ
5028,Mosqi Games
5029,Mosslight Games
5030,Mossmouth
5031,Moswig
5032,MothCat
5033,Mothership Loudspeakerz
5034,Motion Game Studio
5035,Motionline tm
5036,Motor Strip Entertainment
5037,Motvind Studios
5038,Mount Rouke Studios
5039,Mount Verita
5040,Mountainwheel Games
5041,Mouse Hat Games
5042,Movie Games S.A.
5043,Moz the Tiger
5044,Mozai Games
5045,Mr Crops
5046,Mr. Baby Games
5047,Mr. Hand
5048,Mr. Moo Games
5049,Mr. Pink
5050,Mr. Sam Atlas
5051,Mr. Vibin
5052,Mr.Skull Game Studio
5053,MrBoscheinen
5054,MrEliptik
5055,MrFatcat
5056,MrJohnWeez
5057,Mt.Zero Software
5058,MuccyGames
5059,Mugen Creations
5060,Mugule Nation
5061,Mugzone
5062,Multicell Games
5063,Mumyou Tsujigiri
5064,Munch and Partners
5065,Murilobast
5066,Musa CANDIR
5067,Musa GUNGOR
5068,Musclebird
5069,MushRoom Angels games
5070,Mushreb Games
5071,Mushy Jukebox
5072,MustangDev
5073,Mutantleg
5074,Mutiny Software
5075,My Way Games
5076,My World srls
5077,MyACG Studio
5078,MyDearest Inc.
5079,MyDockFinder
5080,MyDreamForever
5081,MyDreamForever_Old
5082,MyPocketGames
5083,Myosuki
5084,MyoungJang Games
5085,Myron Games
5086,Myshkin Entertainment
5087,Mystery Soul's
5088,Mystic ERA games
5089,Mystic Systems
5090,Mystical95 Studio
5091,Mystik'art
5092,Mystive Studios
5093,Myth Entertainment
5094,MythiKiwi
5095,MythicOwl
5096,MythoLogic Interactive
5097,"Mythric Studios, LLC"
5098,Mythwright
5099,N-Body Solutions
5100,N3V Games
5101,N4bA
5102,N7T-GAMES
5103,NA PUBLISHING INC.
5104,NA Publishing Inc
5105,NA Publishing Inc.
5106,NAISU
5107,NANKADA
5108,NC Studio
5109,NCARD
5110,NCSOFT
5111,NDOUT
5112,NDOgames
5113,NEKOTOKAGE GAMES
5114,NEO CRYSTAL GAMES LTD
5115,NEO FUTURE LABS
5116,NEOWIZ
5117,NERON TECH GAMES
5118,NEXON
5119,NEXT Studios
5120,NFB - ONF
5121,NGD
5122,NGELGAMES
5123,NGIN LIMITED
5124,NIJICO
5125,NIK Studios
5126,NILWARE
5127,NINEHECTARE
5128,"NIS America, Inc."
5129,NJ No.1
5130,NJDZ
5131,NODETRACK
5132,NOLDO
5133,NOMADIC games
5134,NON Grata Studio
5135,NORSKA
5136,NOTH
5137,NPC Entertainment
5138,NR Studio
5139,NS
5140,NUL2 STUDIO
5141,NUU
5142,NVG Games
5143,NVLMaker
5144,NVYVE® Studios
5145,NaCl586
5146,Nacon
5147,Naili Studio
5148,Naivus Luo
5149,Nakana.io
5150,Naked Cactus
5151,NamNorm
5152,NamaTakahashi
5153,Namion Games
5154,Nanakusadou
5155,Nanali Studios
5156,Nanasi Project
5157,"Nanjing Weichu Information Technology Co., Ltd."
5158,NanningsGames
5159,Nanoleptic Games
5160,Naoka Games
5161,Naps Team
5162,Nara Inc.
5163,Narom42
5164,NarriFlux
5165,Narwhalnut LLC
5166,Nasheik
5167,Nasty Cat
5168,Natal Game Studio
5169,Nate Bit Games
5170,Nathan Francis
5171,Nathan Workman
5172,National Westminster Bank plc
5173,Nations Software
5174,Natsume Inc.
5175,Naturtrüb
5176,Naughty Clogs
5177,Naughty Engineering
5178,Nauris Amatnieks
5179,Ndemic Creations
5180,NeVReal Studios
5181,Neat Corporation
5182,Neat Games
5183,Nebereal's
5184,Nebula One
5185,Necronomicon Games
5186,Necrosoft Games
5187,Neex Games
5188,Negative Return
5189,NegativeGenius LLC
5190,Nejcraft
5191,Neki4 Electronics
5192,Neko
5193,Neko Cloud
5194,Neko Game
5195,Neko Machine
5196,NekoNyan Ltd.
5197,Nekoday
5198,Nekolyst
5199,Nekoneko Soft
5200,Nekoromorph
5201,Nelset
5202,Nemeton Singularity Simulations
5203,Nemo Studios
5204,Neoclassic Games
5205,NeocoreGames
5206,Neofid Studios
5207,Neojac Entertainment Inc.
5208,Neomateria Games GmbH
5209,Neon Castle
5210,Neon Doctrine
5211,Neon Wizard Games
5212,"Neonovice Co., Ltd."
5213,Neos Corporation
5214,Neosphere Interactive Studios
5215,Neox Games
5216,Nerd Commando Game Studios
5217,Nerd Monkeys
5218,Nerdook Productions
5219,NerdyBird Studios
5220,Net Get Games
5221,Net-assembly
5222,NetEase Games
5223,Netflix
5224,Netmancer
5225,Neuron Entertainment
5226,NeutronStar.studio
5227,Nevan Entertainment Ltd
5228,Never Give Up Games
5229,Never Knows Best
5230,Nevergreen Games
5231,Neverland Entertainment
5232,Neverworks Games
5233,Nevolane
5234,Nevsram
5235,New Beings
5236,New Blood Interactive
5237,New Companion
5238,New Deer
5239,New England Interactive
5240,New IDEA Games
5241,New State
5242,New Zealand Police
5243,NewGen
5244,NewOldMax
5245,NewProjekt
5246,NewTaskbar Team
5247,Newbuild-C
5248,Newhead Studio
5249,Newnight
5250,Newvicon Ltd
5251,Nexima Games
5252,Next Game
5253,Next Generation Gaming
5254,Next in Game
5255,NextNinja
5256,Nextgen Reality Pty Ltd.
5257,Nezon Production
5258,NguyeZ
5259,Nhat Nguyen
5260,Ni Hao
5261,NiVision
5262,NiaR
5263,Nibb Games
5264,"Nicalis, Inc."
5265,NiceBoat
5266,Nichita Ciuprin
5267,Nicholas O'Brien
5268,Nicholas Rizzo
5269,Nick Paladino
5270,Nickireda
5271,Nico Tuason
5272,NicoDiti
5273,Nicolas Beaudette
5274,Nicolas Jean
5275,Nidal Nijm Games
5276,Niebla Games
5277,Niema Moshiri
5278,Niflheim
5279,Nifty Productions
5280,Night Job Games
5281,Night School Studio
5282,Night Signal Entertainment
5283,NightByte Games
5284,NightCat Studios
5285,Nightdive Studios
5286,Nightlife Strangers
5287,Nightmare Ink Publishing
5288,Nightstuff Games
5289,Niila Games
5290,Niji Games
5291,Niki Cilliers
5292,Nikita Igorevich Studio
5293,Nikita Kryukov
5294,Nikita Markin
5295,Nikita Morti
5296,Nikk F.
5297,Niko
5298,Nikodem Lokatelj
5299,Nikola Bulj
5300,Nikola Grunchevski
5301,Nikola Todorovic
5302,Nikolay Karakelyan
5303,NikuTreat
5304,Nimbus Games
5305,Nimos Games
5306,Nina Demirjian
5307,Ninja Gamer Studio
5308,Ninja Kiwi
5309,Ninja Theory
5310,NinjaDuck Games
5311,Nintai Studios
5312,NioTum
5313,NipoBox Publishing
5314,NipsApp Game Studios
5315,NipsApp Gaming Software
5316,Nitrome
5317,Niño Emprendedor SRL
5318,No
5319,No Ewe Productions
5320,No Gravity Games
5321,No Matter Studios
5322,No More Robots
5323,No Scope Studios
5324,No Stuck Game Studio
5325,No more Sleep
5326,No one
5327,No.25
5328,NoBreadStudio
5329,NoDeadLineGames
5330,NoFace工作室
5331,NoSleepGames LLC
5332,Noble Master LLC
5333,Noble Phantom Games LLC
5334,Nobody Studio
5335,Noctiluca Studio
5336,Nocturnal works
5337,Nocturne Studio
5338,Nodbrim Interactive
5339,Nodding Heads Games
5340,Nodtech Creative Industries Ltd.
5341,Nogam Game
5342,NoiArts
5343,Noio
5344,Noise Hunters
5345,Noiseminded
5346,Noisestorm
5347,Noland Studios
5348,Nolla Games
5349,Nomad Games
5350,Nomas Games
5351,Nomina Games
5352,NomnomNami
5353,NonNobis Games
5354,None lmao
5355,Nonsense Machine
5356,Noodlecake
5357,Nordcurrent Labs
5358,Nordic Empire Games
5359,Nordville Technology LTD
5360,Norka
5361,Normal Distribution LLC
5362,Normogames
5363,Normunds Petrovs
5364,North Lab
5365,North Modding Company AB
5366,Northend Games
5367,Northern Mind
5368,Northplay
5369,Northway Games
5370,Nostalgames
5371,Nostalgia Addict Games
5372,Nostalgiatree and faxdoc games
5373,Not A Goose
5374,Not A Serious Game Studio
5375,Not Fun Games
5376,Not Yet
5377,Not a Sailor Studios
5378,NotDeadLuna Studio
5379,Notex
5380,Notional Games
5381,Noto Muteki
5382,Notovia
5383,Notte Studio Games S.R.L.S
5384,Nova B12
5385,Nova's Army
5386,Nova-box
5387,NovaSoft Interactive Ltd.
5388,Novalink
5389,Novarama
5390,"NovelKeys, LLC."
5391,Novity
5392,NowakGames
5393,Nowsky
5394,Noxfall Studios
5395,Nozori Games
5396,NuChallenger
5397,Nuci
5398,Nucko Games
5399,Nuclear Games
5400,Nudiventra
5401,Nugroho Industries
5402,NukGames
5403,Nukearts Studio
5404,Nukeborn Studio
5405,Nuked Cockroach
5406,Null Pointer Studio
5407,Null Reference Games
5408,Null Reference Studio
5409,Null State Protocol
5410,Nullsson
5411,Numskull Games
5412,Nuntius Games
5413,NuoMiGame游戏开发工作室
5414,Nupu Neko Dev
5415,Nussygame
5416,Nuwenu Studio
5417,Nyanco Channel
5418,Nyberius
5419,Nyxtales
5420,O-TWO inc.
5421,O.Stogden
5422,OFK
5423,OKJOY
5424,OKSoft
5425,OKYO GAMES
5426,OLKON GAMES
5427,OMFGames
5428,"OMOCAT, LLC"
5429,ONITRON STUDIO
5430,ONRI Studio
5431,OPG EUPHORE
5432,OPai GAME
5433,"ORANGE CUBE, INC."
5434,ORANGE POPCORN
5435,ORENDA (Asia)
5436,ORICO interactive
5437,ORIGAME DIGITAL
5438,ORQA
5439,OST Senior
5440,OTAKU Plan
5441,OTL GAME
5442,OVA
5443,OVRAS Team
5444,OXO Games
5445,OZBER CIN
5446,OZNA STUDIO
5447,OZYSOFT
5448,Oakley Blade Games
5449,Oakrot Games
5450,Oath Games
5451,Obelisk Studio
5452,Objectif 3D
5453,Obliterated Entertainment
5454,Obvlong Games
5455,Occult Software
5456,"Ocean Drive Studio, Inc."
5457,Octavi Navarro
5458,Octavia Blue
5459,Octillion Entertainment
5460,October Games
5461,OddOneGames
5462,Oddscure
5463,Oddworld Inhabitants
5464,Odencat
5465,Odooh Games
5466,Ofek Ben Shalom
5467,Ofer Rubinstein
5468,Off The Deck Games
5469,Official LAMBs
5470,OfficialCH
5471,Offwidth Games Ltd
5472,Offworld
5473,Offy D Corp
5474,Ogre Pixel
5475,Oguz Kemerli
5476,Oh
5477,Ohana Studio
5478,Ohsat Games
5479,Oink Games Inc.
5480,Oisoi Studio
5481,Ok! Games
5482,Oki Game Lab
5483,Old Apes
5484,Old Fashioned Games
5485,Old Oak Den
5486,Old School Vibes
5487,Old World Studios™
5488,OldFarmerGames
5489,Oleg Sereda
5490,Oleg Shestoperov
5491,Oleg Skutte
5492,Oleh Baziv
5493,Oli Taylor
5494,Olie Games
5495,Olipa Games
5496,Olivier Monaret
5497,Olli Arkko
5498,Olydri Studio
5499,Omar Chapa Hernandez
5500,Omeda Studios
5501,Omni Games
5502,OnSkull Games
5503,Once A Bird
5504,Ondrej Hroch
5505,One Armed Bandit
5506,One Bit Studio
5507,One Buck
5508,One Earth Rising™
5509,One Face Studio
5510,One Goose Army
5511,One Man Games
5512,One Man Media
5513,One Percent Games LLC
5514,One Sec Games
5515,One Secret Pseudo
5516,One Tree Hill Studios
5517,One Up Plus
5518,One Up Plus Entertainment
5519,One or Eight
5520,OneBlock
5521,OneGuyGames
5522,OneMac
5523,OneOneGames
5524,Oneiric Tales
5525,Oneiric Worlds
5526,Onfire Games
5527,OnigiriStudio
5528,Onion Games
5529,OnionMilk
5530,OnlineObject
5531,Only4Gamers
5532,Onur Doğan
5533,Onuralp Kanatsz
5534,Onyx Lute
5535,Oose
5536,OpalA
5537,Opala Project
5538,Open Alpha
5539,Open Maw Productions
5540,Open Mid Interactive
5541,Open Sorcery Games
5542,Open World Interactive
5543,Oppressive Games
5544,Ops Game Studio
5545,OptiMAST
5546,Optic Scatter Games
5547,OptizOnion
5548,Oracle and Bone
5549,Orange Lutheran High School Game Development Club
5550,OrangePig Studio
5551,Orangepixel
5552,OrangutanLeMonk
5553,Orata Studio
5554,Orbi Universo Team
5555,Orbis Fabbri
5556,Orbis Studio
5557,Orbital Contingent
5558,Orca Layout
5559,Order & Entropy Studios
5560,Ordinary Pine Studio
5561,Orichalcum Pictures
5562,Original Fire Games
5563,Oriol Cosp Games
5564,Orius Games
5565,Orkbadger
5566,Ornbjorn
5567,Orongto
5568,Orube Game Studio
5569,Osarion
5570,Oskar Henrique
5571,Oslo Albet
5572,Ot Vinta
5573,Ota Mato
5574,Otakesan
5575,Otherworld Interactive
5576,Otreum Games
5577,OtterWays
5578,Ouadi Huard
5579,OuroborOs_
5580,Ouroboro Soft Inc.
5581,Out Gaming
5582,Out Of Time Interactive
5583,Out of the Box Games UG
5584,Out of the Park Developments
5585,OutOfTheBit Ltd
5586,Outer Brain Studios
5587,Outer Heaven
5588,Outer Planet Studios
5589,Outerloop Games
5590,Outersloth
5591,Outright Games Ltd.
5592,OverDrift Crew
5593,Overaction Game Studio
5594,Overall Adventures ltd
5595,OverheatSquare
5596,Overlay Games
5597,Overseer Games
5598,Oversteer Studios
5599,Ovid Works
5600,Ovilex Software
5601,Owen6936
5602,Owlcat Games
5603,Owlchemy Labs
5604,Owlskip Games
5605,Oxeliz Pvt ltd
5606,OyFyBy
5607,Oz
5608,Ozgur Kaderoglu
5609,Ozzie Sneddon
5610,P&P Games Studio
5611,P3 Games
5612,PATRONES & ESCONDITES
5613,PAXERT GAMES
5614,PBS Designs
5615,PEARFLOWER
5616,PELMENI GAMES
5617,PEPOLA INDIA Pvt. Ltd.
5618,PERENNIAL HEARTS LLC.
5619,PGN Games
5620,PH7 Studios
5621,PHB Media LTD
5622,PHOSEPO
5623,PHOSPHORUS GAMES
5624,PICTOLOGI
5625,PID Games
5626,PINAL AGENCY
5627,PINIX
5628,PIXEL HINT
5629,PJ Rivas
5630,PLA Studios
5631,PLAION
5632,PLAYISM
5633,"PM Studios, Inc."
5634,"PM Studios, inc."
5635,PQube
5636,PRM Games
5637,PROMVI GAMES
5638,PS Games
5639,PTL
5640,PTW Inc.
5641,PUC de Chile
5642,PUMPKIM
5643,PUNKCAKE Delicieux
5644,PUREHEART
5645,PWCT Software
5646,PWNED Studio
5647,PYTHIAN BV
5648,Pablo Arismendi Rabe
5649,Pablo Barrón
5650,Pablo Lario Gómez
5651,Pablo Leban
5652,Pablo Picazo
5653,Pahris Entertainment SIA
5654,Painful Smile
5655,Paleodev
5656,Paliverse
5657,Palladium Super Interactive
5658,Palmsoft
5659,Pan Studio
5660,PanGuoJun
5661,PancakeGames
5662,Panda Indie Studio
5663,PandaCat 熊喵独立游戏
5664,"Pandan Games, LLC"
5665,Pandora Technology
5666,PangdoraSouls
5667,Pangea Survival Development Team
5668,Panic
5669,Panic Ensues Software
5670,Pannl Inc.
5671,Pansolo
5672,Pantaloon
5673,Panzer Division Games
5674,Panzershark
5675,PapStache
5676,Papangu Games
5677,Papaonn
5678,Paper Atom
5679,Paper Bunker s.r.o.
5680,Paper Cult
5681,Paper House
5682,Paper Promises Programming
5683,Paper Salamander Games
5684,Papucs Games
5685,Parables Games
5686,Paradox Arc
5687,Paradox Interactive
5688,Paralax Studios
5689,Parallel Circles
5690,Parallel Portal
5691,Parallel World studio
5692,Paramount Games
5693,Parange Project
5694,Paras Games
5695,ParasGames
5696,PartTimeIndie
5697,Party for Introverts
5698,PartyBunchDev
5699,PartyGaming
5700,Passion Republic Games
5701,Pastel Peaks Production
5702,Path
5703,Path Games
5704,Pathea Games
5705,Patricio Marin
5706,Patrick Simeon
5707,Patrick Sweeney
5708,Patrick Traynor
5709,Paul Georghiou
5710,Paul Hebbinckuys
5711,Paul Schneider
5712,PaulArt
5713,Paulius Giniotis
5714,Paulo Henrique Franqueira
5715,Paulo Robson Allonso
5716,Paulo Vinicius
5717,Pavel Kudinov
5718,Pavel Kutejnikov
5719,Pavo Studio
5720,Pavrek Games
5721,Pcindie Games
5722,Peace & Love Games
5723,Peace Blvd Games
5724,Peachy Clouds
5725,Peaksel
5726,Peakway Software LLC
5727,Peanut Button
5728,Pedro Acuña
5729,Pedro Lima's Productions
5730,Peepod Inc.
5731,Pena
5732,Penguin Gamers
5733,Penguin Void Productions
5734,Penrose Studios
5735,Peow Studio
5736,Pepite Studios
5737,Perfect Day Studio
5738,Perfect Games
5739,Perfect Garbage
5740,Perfect World Games
5741,Perfect World Games Singapore Pte Ltd
5742,Perfectly Generic Team
5743,Perfoon
5744,Performance Artist
5745,Perfuse Entertainment
5746,Pergunta Fixar
5747,PeriScope Game
5748,Perish Arts
5749,PerkMandelc
5750,Pernich Media
5751,Perp Games
5752,Perpetual Motion Software
5753,Persona Theory Games
5754,Persp3ctive
5755,Perspektik
5756,Perun Creative
5757,Petal Cat Games
5758,Peter Hijma
5759,Peter Knak
5760,Petite Fleur Productions
5761,Petoons Studio
5762,Petr Šimůnek
5763,"Petricore, Inc."
5764,Petriheart
5765,Petrov Yuriy
5766,PetskullGames
5767,Petums
5768,Pew Times Three
5769,Pham Studio
5770,Phantasma Digital
5771,Phantom Compass
5772,Phantom Studio
5773,PhantomHeadache
5774,PhantomIsland
5775,Phantombolt Games
5776,Pharaoh Hound Games
5777,Pharos Interactive
5778,Phat Phrog Studios
5779,PhatRobit
5780,Phenomena
5781,Philipp Baumgart
5782,Philipp Lehner
5783,Philippe Schober
5784,Phillip Trudeau-Tavara
5785,Philosophical School of Games
5786,Philosophy♂
5787,Philozofia Studio
5788,PhobiaGamesNet
5789,Phodex Games
5790,Phoenix Game
5791,Phoenix Limit Studios
5792,Phoenix Online Publishing
5793,Phoenix Steel Games
5794,PhoenixFire Games
5795,Phoenix_co
5796,Phoenixx Inc.
5797,Phoenixxx Games
5798,Phosphor Game Studios
5799,Phr00t's Software
5800,Phun Peeticharoenthum
5801,Phung Games
5802,Phyox Entertainment
5803,PiBoSo
5804,PiCorp
5805,PiPuProductions
5806,Picatrix Games
5807,Pickle Drugs
5808,Picklefeet Games
5809,Pico Games
5810,Pico Sacro Games
5811,Piece Of Voxel
5812,Piecewise Labs
5813,Pieslice Productions
5814,Pigeon-G
5815,PigeonDev
5816,Piggybank Studios
5817,Pigs Fly Games
5818,PikPok
5819,Pika's Game
5820,Pikewin
5821,Pikku-a
5822,Piko Interactive LLC
5823,Pilbo Games
5824,Pillow Castle
5825,Pinblend Studios
5826,Pine Drake Games
5827,Pine Games
5828,Pine Studio
5829,Pineapple Works
5830,Pinel Games
5831,Pingfang Games
5832,Pingle Studio Ltd
5833,Pinhead Games
5834,Pinnical Studio
5835,Pinpoint Interactive
5836,Pinta Studios
5837,Pipocation Games
5838,Piranha Games Inc.
5839,Pirates Bay Studio
5840,Pirozhok Studio
5841,Pixadome
5842,Pixel Bakery
5843,Pixel Beef Games
5844,Pixel Cattle Games
5845,Pixel Forge Games
5846,Pixel Games UK
5847,Pixel Ghost
5848,Pixel Happy Projects
5849,Pixel Licker LLC
5850,Pixel Machine
5851,Pixel Maniacs
5852,Pixel Maverick Games
5853,Pixel Peanuts
5854,Pixel Puzzles
5855,Pixel Reef
5856,Pixel Rework
5857,Pixel Rice
5858,Pixel Sprout Studios
5859,Pixel Works Ltd.
5860,Pixel Wrappers
5861,Pixel laboratory
5862,Pixel vs Pixel
5863,Pixel-Archipel
5864,PixelCount Studios
5865,PixelHeart
5866,PixelLeap Games
5867,PixelNAUTS Games
5868,PixelPlant
5869,PixelRNG
5870,PixelSized
5871,Pixelabor
5872,Pixelbois
5873,Pixelfactor Ltd.
5874,Pixeljam
5875,Pixellica Corp.
5876,Pixelsplit
5877,Pixelsplit Simulations
5878,Pixelvex LLC
5879,Pixeye Games
5880,Pixidraft Studios
5881,Pixile
5882,Pixizora
5883,Pixmain
5884,Placeholder Gameworks
5885,Planchette Games
5886,Planescape Game Studio
5887,Planeshift Interactive
5888,Planet Entertainment
5889,Planet Renox
5890,Planetary Gears
5891,PlatSTUDIO
5892,PlatformaVR
5893,PlatinumGames Inc.
5894,Platonic Partnership
5895,Plattnip
5896,Play Games Ltd
5897,Play Systems
5898,Play2Chill S.A.
5899,PlayPlay Studios
5900,PlayPlayGame
5901,PlaySide
5902,PlayStation Publishing LLC
5903,PlaySurrounDead
5904,PlayToday
5905,PlayTogether Studio
5906,PlayWay S.A.
5907,PlayWithFurcifer
5908,Playables
5909,"Playdek, Inc."
5910,Played With Fire
5911,Player Legacy
5912,Playful Corp.
5913,Playful Pasta
5914,Playlearn
5915,Playsaurus
5916,Playstack
5917,Playtonic Friends
5918,Playwing LTD
5919,Pleasant Rain Ltd
5920,Please Be Patient
5921,PleasingFungus Games
5922,Plectrum XR
5923,Plethora Project
5924,Plot Twist
5925,Plow Games LLC.
5926,"Plucky Rat Games, LLC"
5927,Plug
5928,Plug In Digital
5929,Pluto VR
5930,Pmurph Games
5931,Pocketpair
5932,Poison The Inkwell
5933,PoisonGames
5934,Pok&Co
5935,Poking Water Games
5936,Polar Tabby Interactive Inc.
5937,Polarbyte Games
5938,Poleaxe Games LLC
5939,Polish Hacker
5940,Polished Games
5941,Polte Games
5942,Poly Games
5943,Poly Poly Games
5944,Poly anchor studio
5945,PolyDemons
5946,Polyarc
5947,Polyblock Studio
5948,Polychrome Games
5949,Polycorne
5950,Polygon Art Publishing
5951,Polymorphic Games
5952,Polyscape Inc.
5953,Polyslash
5954,Polyverse Studio
5955,Pomelo Games
5956,Pomeshkin Valentin Igorevich
5957,Pomshine Games
5958,Pond Games PTY LTD
5959,Pontypants
5960,"Ponywolf, LLC"
5961,Poobool
5962,Poor Locke
5963,Poorly Drawn Squid
5964,Popover Studio
5965,Poppy Works
5966,Poptropica
5967,Poroshin Develop
5968,PortalKey
5969,Porter Zach
5970,Portgate Studios
5971,"Poshen Co., Ltd."
5972,Positech Games
5973,Possum House Games
5974,Post Boredom Games
5975,Postmodern Adventures
5976,PotS
5977,Potata Company
5978,Potato Chip With Onion Dip
5979,Potato Chips
5980,Potato Interactive
5981,Potato Peoples
5982,Potato10
5983,Potion Junkies
5984,Pottgames
5985,Power Level Studios Inc.
5986,Power Up to Maximum
5987,PowerBurger
5988,PowerSlash Studios
5989,Powerup Company
5990,Pracy Studios
5991,Prajna Concepts
5992,Preapp Partners
5993,PresenZ
5994,Prestige Games
5995,Prestosilver
5996,Pretty Bad Studios
5997,Pretty Fly Games
5998,Pretty French Games
5999,Pretty Potato Games
6000,Pretty Soon
6001,Prime Bit Games SA
6002,Prime Games
6003,Prime Matter
6004,Prince Game Studio
6005,Prineside
6006,Priory Games
6007,Prisma Games L.L.C.
6008,Prismalice
6009,Prismatika
6010,Private Division
6011,Pro Gamer Moment
6012,Pro Strategy Games
6013,ProYuga Advanced Technologies Ltd
6014,Prof. Dr. Christoph Minnameier
6015,Profenix Studio SRLS
6016,Professional Villains
6017,Projeckt Skeleton
6018,Project 99 Games
6019,Project Anthem
6020,Project Handsoap
6021,Project v2
6022,ProjectHueHuman
6023,ProjectMoon
6024,ProjectRequiem
6025,ProjectorGames
6026,"Prometheus Vision Technology Co., Ltd."
6027,Properly Decent
6028,Propulsion Games
6029,Propulsive Games
6030,Prothos
6031,Proton Studio
6032,Proton Studio Inc
6033,Protopop
6034,Provodnik Games
6035,Proximity Games
6036,PseudoGames
6037,PsychoFlux Entertainment
6038,PsychoRavens
6039,PsychoSeel
6040,Psychronic Games
6041,Ptilouk.net Studios
6042,Public Void
6043,Pug Fugly Games
6044,Puggy Studios
6045,Pugscape
6046,Pugstorm
6047,Pugware
6048,Pujia8 Studio
6049,Puke & Guts
6050,Pumpkin Interactive
6051,Pun Intended
6052,Puntigames
6053,Punx Studios
6054,Puny Lab
6055,Puppet Combo
6056,Puppygames
6057,Pupuya Games
6058,Pura Studio
6059,PureIceBlue
6060,Pureworks Japan 株式会社
6061,Purple Cable
6062,Purple Island LLC
6063,Purple Lake
6064,Purple Play LLC
6065,Purple Thunder Games
6066,Purple Tree S R L
6067,PurpleSloth
6068,Purple猫 Studio
6069,Puzzle Box Games
6070,Pykrete Games
6071,Pyramid Games S.A.
6072,Pyraminx Soft
6073,Pyrebug Studios
6074,Pyxeralia
6075,Pyxton Studios
6076,Pénélope Schachner
6077,"Q Switched Productions, LLC"
6078,QAQ Studio
6079,QAQ-A7
6080,QCF Design
6081,QED Games
6082,QQ群: 735498667
6083,QR Mosaics
6084,QTS
6085,QUByte Interactive
6086,QYJO
6087,QZQ Studio
6088,Qd
6089,Qin Yin
6090,Qrostar
6091,Quadfix Games
6092,Quantic Dream
6093,Quantum Forge Studios
6094,Quantum Lion Labs
6095,Quarant Inc.
6096,Quarlellle
6097,Queenfish Games
6098,Quentin Delvallet
6099,Quercus Quag Software
6100,Questions Factory
6101,Quiet River
6102,Quill Yuri
6103,Quinn K.
6104,Quint Studio
6105,Quirk Bit Limited
6106,Quirky Porcupine
6107,Quite Different Mechanics
6108,Quite Good
6109,Quixotic Software
6110,Qumaron
6111,QutosoGame
6112,R's Horrors
6113,R2 GameStudio
6114,R3GameCreate
6115,R3Games
6116,R8 Games Ltd
6117,RAMRISK
6118,RAWRLAB Games
6119,RAYKA STUDIO
6120,RAZAR s.r.o.
6121,RB Wolf Games
6122,RBL LABS
6123,RBOR Games
6124,RC1 Entertainment
6125,RD GAMES
6126,RE Atelier
6127,RE:CODE
6128,REM Digital Studios
6129,REMIMORY
6130,REX PEX GAMES
6131,RG-Studio
6132,RGB Rush
6133,RIQPLAY
6134,RIVER CROW STUDIO
6135,RIVERSIDE SPORTS
6136,RJ Workshop
6137,RMAL
6138,RMAsia
6139,RMking
6140,ROCKFISH Games
6141,ROKiT Control
6142,ROKiT Games Limited
6143,ROSEVERTE
6144,ROUGH KUTS
6145,RPG Adventures Team
6146,RPGScenery
6147,RPGames
6148,RPK-game studio
6149,RPK-studio
6150,RPN Indie Developer
6151,RPavel
6152,RSoft Games
6153,RTGR Games
6154,RUDZKI
6155,RVL Games
6156,RYOT
6157,RZGames
6158,R_Games
6159,RaVeN Studios
6160,Rabbithole Games
6161,Rabbiton
6162,Rabotiagi games
6163,Rachan Neamprasert
6164,Rachel Li
6165,Rachel Wigell
6166,Rackaway Studios
6167,Rad Codex
6168,RadGames
6169,Radatomic Studios
6170,Radhood Publishing
6171,Radian Simulations LLC
6172,Radical Dreamland
6173,Radical Fiction
6174,Radical Forge
6175,Radio Silence Entertainment
6176,RadioFree.Net
6177,Rafael Ben-Ari
6178,Rafael Burgos
6179,Rafael García
6180,Rafael and Vicente
6181,Raffaele Picca
6182,Ragdoll Inc
6183,Ragged Games
6184,Ragnar Brynjúlfsson
6185,Ragnarökr Project
6186,Raidho Game Studio
6187,Raidho Games
6188,Raikon Kitsune
6189,Rain Games
6190,RainSoft
6191,RainStyle games
6192,Rainbeat Games
6193,Rainbite Ltd
6194,RainbowStudio
6195,RainyDollGames
6196,Rais Software
6197,Raiyon Studios Pte Ltd
6198,Rakame 7
6199,Rake in Grass
6200,Ralien Studios
6201,Ramen VR
6202,Ramify Games
6203,Rand.Exe Studios
6204,RandomErik
6205,RandomSpin
6206,Randumb Studios
6207,Ranida Games
6208,Ransacked Studios
6209,Rapid Snail
6210,Rapt Interactive
6211,Raptor Claw
6212,Raptor Claw Games
6213,Raptor Studios
6214,Raptorsoft Games
6215,Rare Ltd
6216,Rarebyte
6217,Rarykos
6218,Rashidi Interactive
6219,Raskal Games
6220,Raster_Entertainment
6221,Rat Cliff Games
6222,RatDog Games LLC
6223,Ratalaika Games S.L.
6224,Rate My Funeral
6225,Raulworks
6226,Rave Games
6227,Ravegan
6228,Ravelin Games
6229,RavenFist Studios LLC
6230,Ravenage Games
6231,Ravenhood Games
6232,Ravenscourt
6233,Ravesta Games
6234,RaveyLarge
6235,Ravine AB
6236,Ravn Studio
6237,Raw Fury
6238,Raw Lion Workshop
6239,Ray Hsiao
6240,Ray Trace Interactive
6241,Rayark International Limited
6242,Rayll
6243,Rayll Studios
6244,Raynmakyr
6245,Raytrace Interactive
6246,Razard
6247,Rdev group
6248,Re: cOg Mission
6249,ReRolled Studio
6250,Reactor Studios
6251,Real Co.Ltd
6252,Real Game Machine
6253,Real Welders
6254,RealMono Inc.
6255,RealStone Studio
6256,Reality Inside Ltd.
6257,Reality MagiQ
6258,RealityArts Studio
6259,RealityBeholder
6260,Realm Archive
6261,Realm of Alters Limited
6262,Reanimate Games
6263,Reanimated Games
6264,Reb_Orn
6265,Rebel Graphix
6266,Rebellion
6267,Rebelpug
6268,Reblexis Studio
6269,Reborn Entertainment
6270,Rebound
6271,RecklessGames
6272,Recontact Games
6273,Recotechnology S.L.
6274,Recursionstudio
6275,Red Android
6276,Red Art Games
6277,Red Axe Games
6278,Red Barrels
6279,Red Bird Studios
6280,Red Cabin Games
6281,Red Dev Studio S.A.
6282,Red Ego Games
6283,Red Fox Studios
6284,Red Hook Studios
6285,Red Ink Production
6286,Red Koi Box
6287,Red Kraken studio
6288,Red Light
6289,Red Limb Studio
6290,Red Meat Games
6291,Red Nexus Games Inc.
6292,Red River Games
6293,Red Rose
6294,Red Scale Studio
6295,Red Skald
6296,Red Square Games
6297,Red Squirrel Tribute Games
6298,Red Starship
6299,Red Team Games
6300,Red Team Interactive Inc.
6301,Red Thorn Interactive
6302,Red Triangle Games
6303,Red bean Taiyaki
6304,Red × Balloon
6305,Red-Pixel
6306,Red13Indie
6307,RedBoon
6308,RedClaw Productions
6309,RedDeer.Games
6310,RedDot Games
6311,RedHouse Studios LLC.
6312,RedKar Devs
6313,RedLizard Studio
6314,RedRosesSkull
6315,RedRuins Softworks
6316,RedSoup Studio
6317,RedTigerPro
6318,RedTower
6319,Red_Nova
6320,Redact Games
6321,Redaster Studio
6322,Redbeak Games
6323,Redblack Spade
6324,Redbrick Studios Ltd
6325,Redcatpig Studio
6326,Redeev
6327,Redgate Entertainment
6328,Redivided Studios
6329,Redlock Studio
6330,Redsparklegames
6331,Redstart Interactive
6332,Redwoods Digital Games
6333,Reep Softworks
6334,Refactor Games
6335,Refinery Games
6336,Reflect Studios
6337,Reflective Surfaces
6338,Refrigerator game lovers
6339,Refugium Games
6340,Regal Pigeon
6341,Regl Studios
6342,Reijo
6343,ReinosIberos
6344,Reiza Studios
6345,Rejected Games
6346,Rekt Games
6347,Reky Studios
6348,Relax Minimalism
6349,Relic Entertainment
6350,Relka studio
6351,Relow Digital
6352,Remedy Entertainment
6353,Remix Games
6354,Remnants of mosaic
6355,Remtairy
6356,Remvatek
6357,Rename Studio
6358,Renan Games
6359,Rendah Games
6360,Render System
6361,Renderise
6362,Renegade Sector Games
6363,Renka
6364,RentugNetic
6365,Reperio Studios
6366,Repin Develop
6367,Repixel8
6368,Request Logic AS (Ltd)
6369,Reroll Gaming
6370,Resistance Studio
6371,Resolution Games
6372,Resting Relic
6373,Retreaux Games
6374,Retro Casual LLC
6375,Retro Dreamer
6376,Retro Gears
6377,Retro Republic LLC
6378,RetroBug
6379,RetroGradeGames
6380,RetroLamen
6381,RetroScope GM
6382,RetroSouls
6383,Retrofied Games
6384,Retrosoft Studios
6385,Retrovibe
6386,Retroware
6387,Retsu Teikoku
6388,"Return To Adventure Mountain, LLC"
6389,RevDay Studio
6390,RevampedPRO
6391,Reverie Foundry
6392,Revmatek
6393,Revolab
6394,Revolto Software
6395,Revolution Software Ltd
6396,Revolutionary Games Studio
6397,Revolver Nine
6398,Revox Games
6399,Rewind Games
6400,RewindApp
6401,RexCorp
6402,RexTo Studios
6403,Rexcellent Games
6404,Rezzil
6405,Re零同人社
6406,RhinoGearz
6407,Rhombus Studios
6408,Rhythmical Badass
6409,Ricardo Alonso Pina
6410,Riccardo Caprari
6411,RiceCrab Studios
6412,Richard Amankwaa
6413,Richard Cheng
6414,Richard Cowgill
6415,Ricpau Studios
6416,Rif Game Studio
6417,Riff Studios
6418,Riggy2k3
6419,Righteous Hammer Games
6420,Riley J Gray
6421,RimmindGame
6422,Rimzaa Soft
6423,Ringling College of Art and Design
6424,Rionix
6425,Riot Forge
6426,Ripknot
6427,Ripple Studio
6428,Ripples Asia Venture
6429,Ripstone
6430,Risa Interactive
6431,Rising Fox Studio
6432,Rising Moon Games
6433,Rising Star Games
6434,"Rising Win Tech. CO., LTD"
6435,RivalThird
6436,River Stone Games
6437,Rivernotch Game Studio
6438,Rizen Planet Studios
6439,Roach Team
6440,Road Turtle Games
6441,Roadtrip Games
6442,Roastery Games
6443,Rob Welch
6444,Robert Alvarez
6445,Robin Allen
6446,Robin van der Horst
6447,Robit Games
6448,Robo-Human Studios
6449,Robohamster
6450,Robot Entertainment
6451,Robot Legs Games
6452,Robot Squid
6453,Robotizar Games
6454,Rocha Village Games
6455,RockGame S.A.
6456,Rockateer
6457,Rockbee
6458,Rocket Adrift
6459,Rocket Boy Games
6460,Rocket Jump Technology
6461,Rocket Panda Games
6462,Rocket Rat Games
6463,Rocket Vulture
6464,RocketWerkz
6465,Rocketcat Games
6466,Rockgames
6467,Rocking Donkey Games
6468,Rocking Toy
6469,Rockstar Games
6470,"Rockwell Studios, LLC"
6471,Rocky Studio
6472,Rocwise Entertainment
6473,Rodrigo Banzato
6474,Rodrigo Riquetto
6475,Roelosaurus
6476,Rogalik
6477,Roger Kaffer
6478,RogoNess
6479,Rogue Duck Interactive
6480,"Rogue Games, Inc."
6481,Rogue Snail
6482,Rogue Sword: Strategy & Adventure Games
6483,Rogueside
6484,Rokabium Games
6485,Rokas
6486,Rokay Games
6487,Rolling Crown
6488,Rolling Glory Jam
6489,RollingBreadGames
6490,Roman Chumak
6491,Roman Loznevoy
6492,Roman Shuvalov
6493,Romantic Room
6494,Romulus
6495,Ron Revog
6496,Rone Vine
6497,Ronik Games Group
6498,Ronin SoftWork
6499,Rooftop Dog
6500,Rooftop Panda
6501,Room710Games
6502,Roope Tamminen
6503,Rootify
6504,Rootpew
6505,Rosae Ex Ludis
6506,Rose City Games
6507,RoseHoodGames
6508,RoseWater Studios
6509,Roshan Nowshad
6510,Rossiya Segodnya
6511,Rothman
6512,Rotorist Workshop
6513,Rouem
6514,Round 2 Games
6515,Route 59
6516,Rowan Wood
6517,Royal Plus Games & Entertainment
6518,Royex Technologies LLC
6519,Rubarb
6520,Rubber Croc
6521,RubberBandGames
6522,Rubbish Game
6523,Rubel Games
6524,Ruben Alcañiz
6525,Rubika Supinfogame
6526,RubyDev
6527,RubyHaruSoftware
6528,Rudber Games
6529,RudeFrog Studios
6530,RuiXiao
6531,Rukerama Studio
6532,RumR Design
6533,Rumbling Games Studio
6534,Rumbora Party Games
6535,Rumor Games
6536,RunAroundGames
6537,RunServer
6538,Rune Skovbo Johansen
6539,Runelight Owl
6540,Runesoft GmbH
6541,Runic Rise Games
6542,Runnex Technology
6543,Running Hoffman
6544,Running Pillow
6545,Running With Scissors
6546,Rusimitu
6547,Rusimitu Games
6548,Rusty Lake
6549,Ruxar
6550,Ryan Forrester
6551,Ryan Kubik Games
6552,Ryan Laley Games
6553,Ryan Olah
6554,Ryemanni
6555,RyseUp Studios
6556,Rémi Adriano
6557,S GameTime
6558,S H B studio
6559,S.C. 16 BIT NIGHTS S.R.L.
6560,S.Y. GAMES
6561,SA Industry
6562,SAU Game Lab
6563,SBM Games
6564,SBN3
6565,SC Jogos
6566,SCP: Escape Together development team
6567,SCRAMBLER
6568,SCT
6569,SD studio
6570,SDT Core
6571,SECRET CHARACTER
6572,SEEC Inc.
6573,"SEEDGAMES Co., Ltd."
6574,SEEP
6575,SEGA
6576,SEKTAHOUSE
6577,SEKTOR GAMES
6578,SEROSOO
6579,SETENTIA studios
6580,SFK Game Studio
6581,SFS Studios
6582,SHADA GAMES
6583,SHEN JIAWEI
6584,SHIBO GAMES
6585,SHIT MAKER
6586,SHK Interactive
6587,SHN Games
6588,SHUEISHA GAMES
6589,SIG Publishing
6590,SIGONO INC.
6591,SIXDOTS
6592,SJR Team
6593,SKT STUDIO
6594,SKY HOUR WORKS
6595,SLGames
6596,SLM PRODUCTION
6597,SM
6598,SMERGC
6599,SMG Studio
6600,SMU Guildhall
6601,SN Mobile Technology
6602,SNEG
6603,SNK CORPORATION
6604,SOEDESCO
6605,SOFTSTAR
6606,SOFTSTAR ENTERTAINMENT
6607,SOFTSTAR ENTERTAINMENT INC.
6608,SOLIDS Studio
6609,SP Digital Arts Inc.
6610,SP GAMES
6611,SP-time
6612,SPECTRUM48
6613,SPG (Stuart's Pixel Games)
6614,SPG Mistarille
6615,SPLR Studio
6616,SPokDev
6617,SQX Interactive
6618,SRG工作室
6619,SRR_GAMES
6620,SSP Games
6621,ST Platform
6622,ST Sinovar
6623,ST Studios
6624,STEELDUCK Studios
6625,STP WORKS
6626,STuNT
6627,SU Games
6628,SUCCESS
6629,SUCCESS Corp.
6630,SUJIKO Media Group
6631,SUNNY SIDE UP
6632,SUNSOFT
6633,SUPER HYPER MEGA
6634,SUPER PICKLE GAMES
6635,SUPERDAY
6636,SUPERHOT PRESENTS
6637,SUPERHOT Team
6638,SUPERLUMEN
6639,SURPRISED HOTDOG LIMITED
6640,SV Games
6641,SVGames
6642,SYDNEY GAMES
6643,SYV Games LLP
6644,SaamSoft
6645,Saber Fight VR
6646,Saber Interactive
6647,Saber Interactive Inc
6648,Sabotage Studio
6649,Sabrina Aridi
6650,Sacada
6651,Sacrosanct Studios
6652,Sad Doge
6653,Sad Horse studio
6654,Sad Panda Studios
6655,Sad Socket
6656,SadSquare Studio
6657,Saftladen Berlin
6658,Sage Games
6659,Saibot Studios
6660,Saikey Studios
6661,Saikono
6662,Saivs
6663,Sakana Studios
6664,Sakari Games
6665,Saketh Rama
6666,SakuraGame
6667,Salient Games
6668,Salmi Games
6669,"Salmon Raws, LLC."
6670,Salmon Snake Games
6671,Salt Castle Studio
6672,Salt Water Studios
6673,Salty Olives
6674,Salty Squad Games
6675,SaltyTea-M
6676,Sam
6677,Sam Kennedy
6678,Sam Murray
6679,Saman Bemel-Benrud
6680,Samantha Arehart
6681,Samar Studio
6682,Samer Khatib (Snowconesolid Productions)
6683,Sami Kilani
6684,Samuel Gordon
6685,Samuka Gomes
6686,Samurai Games
6687,Samurai Punk
6688,San Base
6689,SanYeGame
6690,Sand Sailor Studio
6691,Sand Table Software
6692,Sand Wagon Games
6693,SandStormeStudio
6694,"Sandbox Network, Inc."
6695,Sander Bos
6696,Sandra Moen
6697,Sandstorm Studios Inc.
6698,SandwichStudio
6699,Santa Goat
6700,Santa Ragione
6701,Santaclos
6702,Sanuk Inc.
6703,Sanya
6704,Sapphire Create.
6705,Sarah Russell
6706,Sardinha Studios
6707,Sargonius Games
6708,Sartorian
6709,Sascha Klenk
6710,Sasquatch Games
6711,Sassybot
6712,Sati Bros
6713,Satori Studios Inc.
6714,Satosha Nakamoti
6715,Satur Cat
6716,Satur Entertainment
6717,Saturn VR
6718,Saurus Digital
6719,Savage Howl
6720,Save All Studio
6721,Save Sloth Studios
6722,SavySoda
6723,SawyerK Games
6724,SayGames
6725,Sayan
6726,Sbug Games
6727,Scalars Games
6728,Scale Studio
6729,Scalpel Softworks
6730,Scarecrow Arts
6731,Scarlet Whale
6732,Scary Creepy Pasta
6733,Scavengers Studio
6734,Sceptical Orange
6735,Schell Games
6736,Schirwindt
6737,Schizo Cat
6738,Schmidt Workshops
6739,SchmidtGames
6740,Schneewolf Labs
6741,SchuBox Games
6742,Schwegg
6743,Scion Studios
6744,Scolaro Games
6745,ScopeNext Inc
6746,Scopely
6747,ScoreSpace
6748,ScoreboardGames
6749,Scorpiniti Bruno
6750,Scorpius Games
6751,Scott Craighead
6752,Scott Howarth
6753,ScottGames
6754,Scout Game Studios
6755,Screambox Studio
6756,Screaming Bee
6757,Screaming Villains
6758,Screen 7
6759,Screen South
6760,"Screeps, LLC"
6761,Screwfly Studios
6762,Scrunko Games
6763,Scumhead
6764,SeaPhoenix
6765,Seafront Games
6766,SealDev
6767,Sealhorse Studios
6768,Seamount
6769,Sean Arnold
6770,Seashell Studio
6771,Sebastian Lind
6772,Second Maze
6773,Secret Cow Level
6774,Secret Labo
6775,Secret Mode
6776,Secta
6777,Sector D2
6778,Sedoc LLC
6779,SeedBolt Studios LLC
6780,SeedWall
6781,SeekSick6
6782,Seikei Production
6783,Seiren-publishing
6784,Seito Games
6785,Sejong Univ. PandoraCube
6786,Sekai Project
6787,SekaiFrieden
6788,Selecta Play
6789,Self
6790,Self MADev
6791,Self Published
6792,Self-Destruction Studios
6793,Self-published
6794,Selva Interactive
6795,Semag Games
6796,Semka
6797,Sempiternal Rain
6798,Sengi Games
6799,Sengkala Dev
6800,Seniattus Studios
6801,Senile Team
6802,Sensen Games
6803,Sensiga
6804,Sentinel Studios
6805,Sentry Games
6806,September Games
6807,Septime Studios
6808,Serenity Forge
6809,Serge Kornew
6810,Sergey Bobrov
6811,Sergi Monreal Ibañez
6812,SergioPoverony
6813,Serious Bros.
6814,Serkan Bakar
6815,Serkan Çınar
6816,Sesisoft
6817,Seth van Heijster
6818,Seven Sails Games
6819,Sevite byte studio
6820,Sewer Cat
6821,Seyloj
6822,Seyma Hatip
6823,SgtOkiDoki
6824,Shadebob Games
6825,Shadow Conspiracy Entertainment
6826,Shadow Gengis
6827,ShadowBrain Games
6828,ShadowDevour
6829,ShadowGate Studios
6830,ShadowWolf Games
6831,Shadowmatic Labs
6832,Shady Corner Games
6833,Shaftesbury Sales Company Inc
6834,ShaganovDev
6835,Shaikonina Games
6836,Shanghai SilverMoon Network Technology Co.Ltd
6837,Shanghai huan zhen Info Tech Ltd
6838,Shanhai Game Studio
6839,Shansheng Network Technology
6840,Shape Shop
6841,Shark Shark Game
6842,Shark and Pelican Games
6843,Shark3D Studio
6844,SharkFishFish
6845,SharkLord Entertainment
6846,Shattered Display
6847,Shattered Journal Games
6848,Shattered Pixel
6849,Shavaughn DaCosta
6850,Shawno Studios
6851,Sheer Studios
6852,ShellSnore Games
6853,Shelly Alon
6854,Shenaniganz Studio
6855,Sherbb
6856,Shezo Games
6857,Shiba Neko
6858,Shido Game Studio
6859,Shin'en Multimedia
6860,ShineProject
6861,ShiningCloud Studio
6862,Shinobi Games
6863,Shinobi Man
6864,Shinu Real Arts
6865,Shiny Byte Studio
6866,Shiny Dolphin Games LLC
6867,Shiny Shoe
6868,Shirakumo Games
6869,Shiravune
6870,Shiro Games
6871,Shiro Unlimited
6872,Shitbox Games
6873,Shitty Idle Studios
6874,ShmoeSoft
6875,Shochiku
6876,Shochiku (Japan)
6877,Shockfront Studios
6878,Shoot Girl
6879,"Short Sleeve Studio, LLC"
6880,ShortStackStudio
6881,Shortbread
6882,Shoujo City Developer
6883,Shrimasis Rout
6884,Shuffle Up Games
6885,Shumilin
6886,Shy Pixel
6887,SiBear Games
6888,SiCzech Arts
6889,Siactro
6890,Sibcat Team
6891,Siberian Koala
6892,Siberian Mouse
6893,Siberius Studio
6894,Sic'em Studios
6895,Siddharth Sivaraman
6896,Side Group
6897,Sideby Interactive
6898,Sidekick Publishing
6899,SidelineSim Studios
6900,Sidereal Studio
6901,Sideways GameStudio
6902,Siege Camp
6903,Sigma Team Inc.
6904,Sigmund Hoien
6905,Sign Narva
6906,Sigyaad Team
6907,SilenGames
6908,"Silent S Studios, LLC"
6909,SilentFuture
6910,Silistre Game
6911,Silk Softworks
6912,Silken Sail Entertainment
6913,Silkworm
6914,Sillyfun Games
6915,Sillylas
6916,Silver Cat Studios
6917,Silver Cow Studio
6918,Silver Dollar Games
6919,Silver Eye Studios
6920,Silver Lemur Games
6921,Silver Lining
6922,Silver Lining Interactive
6923,SilverForge
6924,Silvernode Games
6925,Silversoft
6926,Sim Farm S.A.
6927,SimDevs
6928,SimZone
6929,Simionescu Mihnea
6930,Simon Carny
6931,Simon Codrington
6932,Simon Eftestol
6933,Simon In Motion
6934,Simon Says: Play!
6935,SimonCreative
6936,SimonDesign
6937,Simpals LLC
6938,Simple Touch
6939,SimplePlan Studio
6940,Simplemole
6941,SimplexCode
6942,Simplicity Games
6943,Simplode LLC
6944,Simply Puzzles
6945,Simulated Entertainment
6946,Sinclair Strange
6947,Sindrex
6948,Single A Games
6949,Singlecore Games
6950,Singleton Foundation for Financial Literacy and Entrepreneurship
6951,Singular Scheme
6952,Sinister Design
6953,Sinkhole Studio
6954,Sinking Sheep
6955,SinksAdventure
6956,Sinn Studio Inc.
6957,Sinned Games
6958,Sino4 Games
6959,Sinomod Studios
6960,Siphon Shock
6961,Siris Pendrake
6962,Sirius Games
6963,Sisyphean Games
6964,Six Seven Studio
6965,SixSense Studios
6966,Siyuan Studio
6967,Size Five Games
6968,Skeleton Studios
6969,Sketch House Games
6970,Sketchbook Games
6971,SketchyNonsense
6972,Skip Stone Studios
6973,Sklorite Studios LLC
6974,Skmaestro
6975,Skookum Arts
6976,Skuhataagyall dev
6977,Skull Box Games
6978,Skullfish Studios
6979,Skunkape Games
6980,Sky City
6981,Sky Games
6982,SkyOne Studios
6983,SkyVu
6984,Skybound Games
6985,Skydance Games
6986,Skydance Interactive
6987,Skymap Games
6988,Skyscraper Games
6989,Skystone Games
6990,Skywalker HK
6991,Skywall Studios LLC
6992,Skyward Digital
6993,Slakkedis Studio
6994,Slava Bushuev
6995,Slay Buherman
6996,SleepTeam
6997,Sleeper Games
6998,Sleeping Eight Studio
6999,Sleepy Giant Creations
7000,Sleepy_Fox_Interactive
7001,Sleipner Games
7002,Slice Bar Games
7003,Slid Studio
7004,Slider Games Studio
7005,Slikey Games
7006,SlimeSmile
7007,Slippy Floor
7008,Slitherine Ltd.
7009,Sloclap
7010,Sloppy Studios
7011,Slormite Studios
7012,Slothwerks
7013,Slouching Beast LLC
7014,Slug Disco
7015,Sluggioh
7016,SmartLife
7017,Smartmelon Games
7018,Smash Bolt Games
7019,SmashGames
7020,SmellyFrog
7021,Smidge Games LLC
7022,Smilegate
7023,SmithHound
7024,SmoleVN
7025,Smudge Coin
7026,Smuttlewerk interactive
7027,Snail Games
7028,Snail Games USA
7029,Snail-Ninja Studio
7030,Snakebite Studios
7031,Snapbreak
7032,Snapshot Games Inc.
7033,SncI Games
7034,Sneaky Yak Studio
7035,Snigelsoft
7036,Snkl Studio
7037,Snob Entertainment UG
7038,Snoozing Pixel LLC
7039,Snot Bubbles Productions
7040,SnoutUp
7041,Snow Creature
7042,Snow Day Software
7043,SnowBaby Games
7044,SnowCube I/S
7045,Snowcastle Games
7046,Snowfall Studio
7047,Snowhaven Studios
7048,Snowman
7049,Snowrunner Games
7050,Snubber
7051,So Far So Good
7052,SoSorrySoft
7053,Soaring Pixels Games
7054,Soda Den
7055,Sofa Mauve Studio Inc.
7056,Soft
7057,Soft Source
7058,SoftColors
7059,SoftCowGames
7060,SoftWeather Games
7061,Softwaves Dist.
7062,Softwool
7063,Sokaikan ltd
7064,Sokogames
7065,Sokpop Collective
7066,Sol Studios
7067,Sold Out
7068,Soldak Entertainment
7069,Soldier Girl Interactive
7070,Solidplasma Studios LLC
7071,Solitaire Forever
7072,Solluco
7073,Solo Philosopher
7074,SoloQ
7075,Soltanian Games
7076,Soma Games
7077,Somber Pixel
7078,Some Thing Games
7079,Something Classic Games LLC
7080,Something Isnt Right
7081,Something We Made
7082,SomethingExtra
7083,Sometimes Monastery
7084,Somewhat Software
7085,Somi
7086,Somnium Games d.o.o.
7087,SomniumSoft
7088,Somnolent Team
7089,Sonderland
7090,Sonejo Studios
7091,"Sonic Powered Co., Ltd."
7092,Sonoma Games
7093,Sonomio Games
7094,Sonoshee
7095,Sons of Welder
7096,Sony Pictures Virtual Reality (SPVR)
7097,Sonzai Games
7098,Sophie Rose
7099,Sorath
7100,Sorcerers Lab
7101,Sorcerous Gaming
7102,Sos Sosowski
7103,Soul Assembly Ltd
7104,Soul Power Studio
7105,Soulven Games
7106,Soulwarmers Games
7107,Sounding Stone / 老奉毊
7108,Source Byte Sp. z o.o.
7109,Source Technology
7110,SourceIn Games
7111,Sourena Game Studio
7112,South East Games
7113,Soviet Games
7114,Soy Boy Games
7115,Space Bear Games
7116,Space Bullet Dynamics Corporation
7117,Space Mixer
7118,"Space Mouse, LLC"
7119,Space R Studio
7120,Space.cpp
7121,SpaceFox Studio
7122,SpaceMyFriend
7123,SpaceOwl Games
7124,SpaceZeta Games
7125,Spacefarer Games Limited
7126,Spacefarer R&D Ltd.
7127,Spacefish Games
7128,Spaceflower
7129,Spaceive
7130,Spacetronaut Ltd Co
7131,Spacewalkers
7132,Spalato Bros
7133,"Sparkee Software, LLC"
7134,Sparky Studios
7135,Specialbit Studio
7136,Specpixel Entertainment
7137,Spelkollektivet
7138,Spell Loop
7139,Spheroom
7140,SpicyTails
7141,Spider Lily Studios LLC
7142,Spider Nest Games
7143,Spiderling Studios
7144,Spiderweb Software
7145,SpielmannSpiel
7146,"Spike Chunsoft Co., Ltd."
7147,Spin Games
7148,SpinAttack Studio
7149,Spinoff Games
7150,Spiral Digit
7151,Spiral Up Games
7152,Spire Studio
7153,Spirit Games Studio
7154,Spirit Stone Studio LLC
7155,SpiritElder
7156,Spiritus Games
7157,SpirkopGames
7158,Splint Games
7159,Split Light Studio
7160,Split Personality Games
7161,Spongey Kitty
7162,SpoocleMacBoogle
7163,Spookulele Games
7164,Spooky Horror Game Foundation
7165,Spooky House Studios UG haftungsbeschraenkt
7166,SpoonBox Studio
7167,Spoonman Games
7168,Spoonweaver Studios
7169,SporkTank
7170,Sporty Peppers
7171,Spotlight by Quantic Dream
7172,Spotted Kiwi Interactive
7173,Spreadable Fruit Games
7174,Sprouting Potato
7175,Sprovieri Games
7176,Spry Fox
7177,Spunge Games Pty Ltd
7178,Spynosa Studio
7179,Spyridon Thalassinos
7180,Spytihněv
7181,"Squanch Games, Inc."
7182,Square Enix
7183,Square Weasel Studio
7184,Square Wheel
7185,SquareAnon
7186,SquarePlay Games
7187,Squashed Newt
7188,Squeaky Wheel Studio Inc
7189,Squidlit Ink.
7190,Squido Studio
7191,Squish-Fish Games
7192,Squishy Games
7193,Srio VR Studio
7194,Stackpack Games
7195,Stacks:Engine
7196,"Stalwart Games, LLC"
7197,Standable
7198,Stanley Creative
7199,StaplesVR
7200,Star & Moon Romance
7201,Star Dragon
7202,Star Drifters
7203,Star Losvice
7204,Star Shell
7205,Star Vault AB
7206,StarCo Interactive
7207,StarInfidel
7208,StarMatrix Labs
7209,Starbit Light
7210,Starbreeze Entertainment
7211,Starcade Arcade
7212,Starch Digital
7213,Stardock
7214,Stardock Entertainment
7215,Starfield Gaming
7216,Starlight Genesis Studios
7217,Starlight Studios Games
7218,Starlike Inc.
7219,Starlit Castle
7220,Starmyth
7221,Starni Games
7222,Starry Seaweed Game Studio Ltd.
7223,Starship Studio
7224,Starstrike Studios
7225,Starstruck Games
7226,Startale Games
7227,StarvingFox Studio
7228,Stas Shostak
7229,Stately Snail
7230,Statera Studio
7231,Static City Games
7232,Static Wild
7233,StaticSpring
7234,Statto Software
7235,Status Void Interactive
7236,StatusPRO Inc
7237,Ste's Project
7238,Stealfy
7239,Steamberry Studio
7240,Steamroller Studios
7241,Steckenpferd Enterprises
7242,Steel Arts Software
7243,Steel Sky Productions
7244,SteelSeries
7245,Steelkrill Studio
7246,Steelpan Interactive
7247,Stefan Fleischer
7248,Stelex Software
7249,Stellar Artificer Games
7250,Stellar Sage Games
7251,Stellar Stag
7252,StellarXiela
7253,Stepan Vakhtin
7254,Stephen Walton
7255,Steppe Games
7256,Steppe Hare Studio
7257,Steve O'Gorman
7258,Steve Welz
7259,SteveClay
7260,Steven G. Chinn
7261,Stikcy Games
7262,Still Hanging Studio
7263,Still Not Sure
7264,Sting
7265,Stirling Games
7266,Stoked Sloth Interactive
7267,Stone Crow Games
7268,Stone/Spark Games
7269,StoneTide Entertainment
7270,Stonemaier Games
7271,Stop-TussiN
7272,Stork Game
7273,Storm Dain Productions
7274,Storm Electricity
7275,Stormcrest Publishing
7276,Stormind Games
7277,Story Fort LLC
7278,Storybird Studio
7279,Strafe Studios
7280,Straight Back Games
7281,Strandline Games
7282,Strange Games Studios
7283,Strange Journey
7284,Strange Scaffold
7285,Strange_Indie_Team
7286,Strategic Designs Ltd.
7287,Strategic Thinking LLC
7288,Strategy First
7289,Strategy Mill
7290,Stratera Games
7291,Stray Bombay
7292,Stray Fawn Publishing
7293,Stray Fawn Studio
7294,Stream studio
7295,Streamline Media Group
7296,Street Art Studios
7297,Strelka Games
7298,Stress Level Zero
7299,Strides Interactive Game Studio
7300,"Strongkid, LLC"
7301,Struct9
7302,Strudio Company
7303,Stuart Mackereth
7304,Studio 46
7305,Studio 9.7
7306,Studio 90
7307,Studio AWE
7308,Studio Amateur
7309,Studio Bean
7310,Studio Biest
7311,Studio Bravarda
7312,Studio Burning Eyes
7313,Studio Centurion
7314,Studio Chien d'Or
7315,Studio Chili
7316,Studio Daimon
7317,Studio Doodal
7318,Studio Elan
7319,"Studio FANACCI Co., Ltd."
7320,Studio Fawn
7321,Studio Frostbit
7322,Studio Gamebit
7323,Studio Goya
7324,Studio Guirdy
7325,Studio HK
7326,Studio Heart Engine
7327,Studio Inward
7328,Studio Kit
7329,Studio Klondike
7330,Studio Koprol
7331,Studio Kraken
7332,Studio Moondowner
7333,Studio Nevermore
7334,Studio Nightcap
7335,Studio Nisse LLC
7336,Studio Oleomingus
7337,Studio Sai
7338,Studio Six
7339,Studio Sterneck
7340,Studio Taghua
7341,Studio Terranova
7342,Studio Whip
7343,Studio Z 3D
7344,Studio [notes.]
7345,Studio spektar
7346,Studio Élan
7347,Studio.QT
7348,Studio2760
7349,Studio94RTP
7350,StudioGoupil
7351,StudioInkyfox
7352,StudioTwilight
7353,StudioYoshiko
7354,Studios Magma
7355,Studwell
7356,Study Bunny Games LLC
7357,Stuffed Wombat
7358,Stun Games
7359,Stunlock Studios
7360,Stylized Indie Games
7361,Stéphane Bottin
7362,SuQing
7363,SubaGames
7364,Subconscious Games
7365,Subdream Studios
7366,Subfrost Interactive AB
7367,Subliminal
7368,Substance Games
7369,Subworld
7370,SufferSoft
7371,Sugar Games
7372,Sugar Rush Studios
7373,Sui Arts
7374,Suits & Sandals
7375,Sujikon
7376,SulMatul
7377,Sumalab
7378,Sumerian Games
7379,Summitsphere
7380,SunDust
7381,Sunamii
7382,Sunblink
7383,Sunburst Studio
7384,Suncats
7385,Suncrash
7386,Sunday's Games
7387,Sundew Studios
7388,Sundoe
7389,Sunflo Labs
7390,Sungame Studio
7391,Sungazer Software LLC
7392,SungjunJo
7393,Sunny Nights
7394,Sunpeak Games
7395,Sunseeker Games
7396,Sunset Arctic Games
7397,Sunset Division
7398,Sunset Dreamland
7399,SunshineOvercast
7400,Sunsoft
7401,Super Nova Studios
7402,Super Pixel Games
7403,Super Rare Originals
7404,Super Spin Digital
7405,SuperBlast
7406,SuperGG.com
7407,SuperSane Games
7408,Superacid
7409,Superbrothers
7410,Supercube
7411,Superflat Games
7412,Supergalactiс Gamedev
7413,Supergiant Games
7414,Supergonk
7415,Superhot Presents
7416,Superluminal Cat
7417,Supernice
7418,Supernova Games
7419,Superstring
7420,Supra Games
7421,Supreme Gauntlet Games
7422,Surefire.Games
7423,Surprising Studio
7424,Survios
7425,Sushi_soft
7426,Svavelstickan
7427,Sven Kröber
7428,Sven Neumann
7429,Svyatoslav Burobin
7430,Swallowed Sun Games Pty Ltd
7431,Swan
7432,SwappApps
7433,Sweet Games
7434,Sweet and Power Sauce
7435,SweetPea
7436,Swell Games LLC
7437,Switchback Studio
7438,Syawase Works China
7439,Sylen Studio
7440,Sylph
7441,Sylvan Studios LLC
7442,Sylvie & Hubol
7443,Symbolic Software
7444,Symfonim
7445,Symphonic Games
7446,Symphony of Death Games
7447,Syndrome Entertainment
7448,Synth Software LLC
7449,Synthetic Domain
7450,Synthetic Vector Studios
7451,Synvoyity LLC
7452,Sysreb Games
7453,System Erasure
7454,Sørb
7455,T-Bull
7456,"T-Time Technology CO., LTD."
7457,T-Works
7458,T.F. Wright
7459,T.H.L Games
7460,T.LEE
7461,T0 STUDIO
7462,TABINOMICHI
7463,TAITO CORP.
7464,"TALESSHOP Co., Ltd."
7465,TAS Systems Corp
7466,TB Games
7467,TBV
7468,TCP Studios
7469,TCS Production
7470,TD Games
7471,TDO Games
7472,TEAM Black Hat Robot
7473,TECOPARK
7474,TEGA Studio
7475,TEKNOSOFT
7476,TEMPER
7477,TERARIN GAMES
7478,TERNOX
7479,TFL Games
7480,TFS Entertainment
7481,TGM
7482,THE BROTHERHOOD
7483,THIRTEENDAYS
7484,THQ Nordic
7485,THSoft
7486,TIKIPOD
7487,TJIS Record
7488,TLYPUB
7489,TM xR Lab
7490,TMA Games LLC
7491,TMAS
7492,TML-Studios
7493,TNT Games
7494,TNTGames
7495,TOITAN
7496,TR&UN
7497,TRC DMI
7498,TREBUCHET
7499,TREE Industries
7500,TROLL STUDIOS
7501,TSRS
7502,TSUKUYOMIC
7503,TTeokLeaf
7504,TWO B SOFT
7505,TXC
7506,Taavi Teemaa
7507,Tab Games
7508,Tabletop Tech
7509,Tactic Studios Inc.
7510,Tactical Adventures
7511,Tactical Air Horse
7512,Tactical Mayhem Realms
7513,Tacty Studio
7514,Tad Cordle
7515,Taichi Games
7516,Tails Games
7517,Tainted Games
7518,Taiwan Power
7519,Take Aim Games
7520,Take Toad
7521,TakeThem.Games (Creative)
7522,Takeover Studios
7523,Takumi Abe
7524,TaleHammer
7525,TaleWorlds Entertainment
7526,Talentless Person Games
7527,Tales of a New World Games
7528,Talha Kaya
7529,Talismanic Entertainment
7530,Tall Guy Productions
7531,Tall Story Games Ltd
7532,Tall Troll Games
7533,Tallbeard Studios LLC
7534,Talpidae
7535,Tambergames
7536,Tambouille
7537,Tampered Evidence LLC
7538,Tamás Árva
7539,Tanuki Creative Studio
7540,Tanuki-sama Studios
7541,TaosX
7542,TapBlaze
7543,TapHazard Games
7544,Tape Studio
7545,Tarakan Game Studio
7546,Taranasus
7547,Tatamibeya 畳部屋
7548,Tate Multimedia
7549,Tater Games
7550,Taueon
7551,Tay
7552,Tayanna Studios
7553,Taylor Hatton
7554,Taylor McCue
7555,Tbjbu2
7556,Tbjbu2 Originals
7557,Tea Monster Games
7558,Team Alman
7559,Team BPXI
7560,Team Bapy
7561,Team Bewitched
7562,Team Californium
7563,Team Curiosity ✦
7564,Team Decaf
7565,Team DigitalMind
7566,Team Disaster
7567,Team Dogpit
7568,Team Egghead
7569,Team Eonian
7570,Team Fortune
7571,Team Fractal Alligator
7572,Team Fray
7573,Team GZ
7574,Team Game
7575,Team Grybanser Fox
7576,Team KARPETTI
7577,Team KwaKwa
7578,Team L.U.R.Id Glow
7579,Team Lazerbeam
7580,Team Lumba
7581,Team Machiavelli
7582,Team Meat
7583,Team Modernator
7584,Team Monkey
7585,Team Ooze
7586,Team Panoptes
7587,Team PayAttention
7588,Team Phijkchu
7589,Team RG
7590,Team RUN
7591,Team Rat Vibes
7592,Team Recharge
7593,Team Reptile
7594,Team SNEED
7595,Team SWAT
7596,Team Samoyed
7597,Team Scynix
7598,Team Simona
7599,Team Sorcerobe
7600,Team Teal
7601,Team Terrible
7602,Team Tetrapod
7603,Team Yokkyufuman
7604,Team Zom Nom
7605,Team Zutsuu
7606,Team17
7607,Team17 Digital
7608,Team17 Digital Ltd
7609,Team9
7610,TeamHen
7611,Team_Bug
7612,TecHNQ Studio inc
7613,Techcast
7614,Techland
7615,Technical Troupers
7616,TechnoTal
7617,Technologies&Simulators
7618,Technomancy Studios
7619,Tegridy Made Games
7620,Tek Studios
7621,Telefix Productions
7622,Telegmatic
7623,Teleopsia Games
7624,Teleporter Realities Inc.
7625,Tell Me Films
7626,Temmie
7627,Tempel 1 Studio
7628,Tempest Digital Ltd.  暴風數位服務有限公司
7629,Temple Gates Games
7630,Tempus Studios
7631,Tenami
7632,Tenbirds
7633,Tender Claws
7634,"TendoGames Co., Ltd."
7635,Tendokore
7636,Teneke Kafalar
7637,Tengukaze Studio
7638,TenkaiGames
7639,Tense Games
7640,TensionSplice
7641,Tentworks Interactive
7642,Teorldegames
7643,Tephra
7644,Terad Games
7645,Terafall: Survival
7646,Terapoly
7647,Teridax
7648,"Termeno, s.r.o."
7649,Tero Lunkka
7650,Terrible Posture Games
7651,Terrible Toybox
7652,Terror Dog Studio
7653,Terryble Interactive
7654,Tewtiy
7655,Teyon
7656,Thalamus Digital
7657,Thap Tam
7658,That Fish
7659,That Indie Studio
7660,That Other Fish
7661,That guy with.. you know.. that guy
7662,That's Not A Game LLC
7663,The 25th Studio
7664,The 45th Division
7665,The Alekon Company
7666,The Animation Workshop
7667,The Arcade Crew
7668,The Bergson's Games Studios
7669,The Big Studio
7670,The Binary Mill
7671,The Broken Clock
7672,The Cat Hive Developers
7673,The Cleanup Kings LLC
7674,The Council
7675,The Dairymen
7676,The Dream Team DMCC
7677,The Elephant Crew
7678,The Evergloom Team
7679,The Farm 51
7680,The Firebrand of Phoenix
7681,The First Spine
7682,The Fox Knocks
7683,The Fox Software
7684,The Game Bakers
7685,The Game Production Company
7686,The Impossible Object
7687,The Irregular Corporation
7688,The Island Games
7689,The Knights of Unity
7690,The Last Developer
7691,The Lemur Conspiracy
7692,"The Lo-Fi Apocalypse, Inc."
7693,The Lost Truth Media
7694,The Men Who Wear Many Hats
7695,The Nextdoor Developer
7696,The Nightmare Jar
7697,The Pack Studios
7698,The Periodic Group
7699,The Pixel Hunt
7700,The Pixel Mine Ltd
7701,The Purge Man
7702,The Quadsphere
7703,The Quantum Astrophysicists Guild
7704,The Reef Production Co.
7705,The Scholastics
7706,The Sheep's Meow
7707,The Sixth Hammer
7708,The Sleeping Machine
7709,The Spiteful Games
7710,The Truthtellers
7711,The Two Killer
7712,The Two Ravens
7713,The Unknown Machine
7714,The Viking Planet
7715,The Wandering Band LLC
7716,The Water Museum
7717,The Worst of Friends
7718,The Zoo
7719,The-Mark Entertainment
7720,TheAmanStudios
7721,TheBluePenguin
7722,TheDollarGameStore
7723,TheGamesFortress
7724,TheGrandestine
7725,TheGrumpyGameDev
7726,Theago Liddell
7727,Thedox Games
7728,Themis digital entertainment Co.
7729,Themisian
7730,Thermite Games
7731,These Are The Good Games
7732,Theseus Games
7733,Thetis Games
7734,Thetis Games and Simulators
7735,Thierry Ferreira
7736,Thin Line
7737,ThinKING Cat Games
7738,Things For Humans
7739,Think Tank Decoy Software LLC
7740,ThinkingStars
7741,Thinkofname
7742,Third Sphere Game Studios
7743,Third Spirit Games
7744,Third World Productions
7745,ThirdPixel Interactive
7746,"Thirdverse, Co., Ltd."
7747,ThirstyGuysStudios
7748,ThirtysixLab
7749,Thomas Förg Media
7750,Thomas Happ Games LLC
7751,Thomas K. Young
7752,Thomas Lock
7753,Thomas Mackinnon
7754,Thomas Waterzooi
7755,Thorium
7756,Thorium Game Lab
7757,Thorrnet Publishing
7758,Those Awesome Guys
7759,Threat Vector
7760,Three Bees
7761,Three Buck Games
7762,Three Eyed Games
7763,Three-Toed Studios Inc.
7764,Threeyes
7765,Throne Games
7766,Throwback Entertainment
7767,Thunder Clap
7768,Thunder Devs.
7769,Thunder Lotus
7770,ThunderLime
7771,Thunderbox Entertainment
7772,Thunderful Publishing
7773,"Thunkspace, LLC"
7774,Thylacine Studios LLC
7775,TiMer Games
7776,Tianyu Cao
7777,Tibba Games
7778,TideOver Studios
7779,TieDeveloper
7780,TigerQiuQiu
7781,Tim Ruswick
7782,Tim-Jannick Hopp
7783,Timberwell 本幺
7784,Time Ajar
7785,Time Galleon
7786,Time Stealers Studio
7787,Time To Kill
7788,TimeSink Inc.
7789,TimeWastingGames
7790,Timewarp Inc.
7791,Timon Herzog
7792,Timothy van der Hoeven
7793,Tin Can Studio
7794,Tin Man Games
7795,Tinimations
7796,Tinky
7797,Tinogames Inc.
7798,Tiny Forge Gaming
7799,Tiny Fury Games
7800,Tiny Magicians
7801,Tiny Roar
7802,Tiny Shiny Things
7803,Tiny Warrior Games
7804,Tinzone Games
7805,TipsyDuck
7806,Tiptoe Games
7807,Tired Turtle Games
7808,Titanforged Entertainment
7809,ToasterFuel
7810,ToasterWare
7811,ToastieLabs
7812,Toasty
7813,Tobias Arlt
7814,Toblue
7815,Todak Studios
7816,Toffee Cafe
7817,Toft Games
7818,Tofu Soup
7819,Toge Productions
7820,Together  Game
7821,Together Games
7822,TokuPop
7823,Tokyo Cowboys
7824,Tom Motz
7825,TomAda Games ltd
7826,Tomas Daugela
7827,Tomorrow Corporation
7828,Tomorrow Games
7829,Tong Li Publishing Co.
7830,Tonguç Bodur
7831,Tonia Sanzo
7832,Tonic Games Australia
7833,Tony Wang
7834,Too Husky
7835,Too Much Tomato
7836,TooIzzi Games
7837,Toodoo Studio LLC
7838,"Tools 4 Life, LLC"
7839,Top Hat Studios Inc
7840,"Top Hat Studios, Inc."
7841,TopCog
7842,TopSkyGames
7843,TopWare Interactive
7844,Toplitz Productions
7845,Topping Palette
7846,Tora Creatives
7847,TorksGame
7848,Torpor Games
7849,Torsten Scholze
7850,Tortuga Team
7851,Torture Star Video
7852,Total
7853,Total Mayhem Games
7854,Totally Normal Creature
7855,Touch Times Studio
7856,Touhou neko mini
7857,Toukana Interactive
7858,Tour De Pizza
7859,Tower Games
7860,Towerhouse
7861,Toxic Games
7862,Toxic Studio
7863,Toyful LLC
7864,Traega Entertainment
7865,Trailblazer Games
7866,Trainspotting Studio
7867,Traitorean Games
7868,TrampolineTales
7869,Tranquility games
7870,Transhuman Design
7871,Transient Games
7872,Transolar Games
7873,Trapstar Games
7874,Trashy Rascal Studios
7875,Travis Maynard
7876,Travolab Replay
7877,Treasure Hunters FanClub
7878,Trederia
7879,Tree Branch Games
7880,TreeFall Studios L.L.C.
7881,TreeNutsGames
7882,Trent Garlipp
7883,Treplacon Studio
7884,Trese Brothers
7885,Tri-Heart Interactive
7886,Triakola Studios
7887,Trial By Fire Games
7888,Triangle Factory
7889,Triangle Square
7890,Triband
7891,Tribus Games Indie
7892,Tributary Games
7893,Tribute Games Inc.
7894,Trick Shot Development
7895,Trickjump Games Ltd
7896,Trickster Arts
7897,Triiodide Studios
7898,Trinitite Team
7899,Trinity Experiences
7900,Trinity Project
7901,TrinityBJ
7902,Triomatica Games
7903,Trip Time Games
7904,Triple Cerberus Studios
7905,Triple Scale Games
7906,Triple Topping
7907,Triple-A Studio
7908,Triple-I Games
7909,Trippin Bears
7910,Tripwire Interactive
7911,Tripwire Presents
7912,Tristan Dahl
7913,Tristan Fogt
7914,Triverske
7915,Trixten Studio
7916,Trophy Games
7917,Trophy Games ApS
7918,TroyHolman
7919,"Truant Pixel, LLC"
7920,True Axis Pty Ltd
7921,True Seria
7922,Trumbus
7923,Tryhard Republic Reborn
7924,Trynet Games
7925,Trywelyn Productions
7926,Ts Studio Games
7927,Tsukiakari Studios
7928,Tsukuyomi
7929,TuanisApps
7930,Tuatara Games
7931,Tubby Turtle Studios
7932,Tuckfard Games
7933,Tudor Sandru
7934,Tuesday Quest
7935,TumbleweedGameDesign
7936,Tunaic Games
7937,Tunermaxx Media GmbH
7938,Tuning Mania
7939,Tuomo's Games
7940,Tuomo's games
7941,Turbo Button
7942,TurnVex
7943,Turnfollow
7944,Turnip Based Games
7945,Turquoise Revival Games
7946,Turtle Ship Studio
7947,Tusky Games
7948,Tuxedo Labs
7949,Twelve Tiles
7950,Twin Sails Interactive
7951,Twin Sword Studio
7952,"Twinbeard, Inc."
7953,Twins Halo
7954,Twisted BrainZ
7955,Twisted Corridor👻
7956,Twisted II Studio
7957,Two Clusters
7958,Two Dog Games
7959,Two Mind Games
7960,Two Star Games
7961,TxK Gaming Studios
7962,TyGAMES
7963,TyberiusInSD
7964,Tyche's Bookshelf
7965,Tye Abbott
7966,Tylario
7967,Tyler
7968,Tymedust Games
7969,TypeEh Studios
7970,Typical Entertainment
7971,Typing Monkey
7972,Tyre Bytes LLC
7973,U&I NEXT
7974,U-Secret Studio
7975,U-tad
7976,"U1 DIGITAL TECHNOLOGY (HONG KONG) CO., LIMITED"
7977,UCSC Games
7978,UDX Interactive Inc.
7979,"UG Virtual Reality Technology Co., Ltd."
7980,ULTRANOVA Entertainment
7981,UMKA Games
7982,UMURO
7983,UNDEAD BATTERY
7984,UNICORE Games Studio
7985,"UNIVRS, Inc."
7986,UNREALITY S.L.
7987,UPLAY Online
7988,UQAT - Création et nouveaux médias
7989,USANIK STD
7990,"USERJOY Technology Co., Ltd."
7991,USM
7992,UT STUDIO
7993,UTW Team
7994,UU Games
7995,UVWGAME
7996,Ubisoft
7997,Ubisoft Entertainment
7998,Uiop Xever
7999,Ukiyo town
8000,Ulbe
8001,Ulisses Digital
8002,Ulna Produção
8003,Ultaan Games
8004,Ultimate Games
8005,Ultimate Games S.A.
8006,Ultimate Publishing
8007,Ultimate Studio
8008,Ultimate VR
8009,UltimateDesktop
8010,Ultimo Games
8011,UltramarineGames
8012,UltramarineSoft
8013,UmaikiGames
8014,Umbra Evolution
8015,Umigame Studios
8016,Umix Studios
8017,Umut Haznedar
8018,UnDefined Studio
8019,UnSweet
8020,Unbalanced Equations
8021,Unbossed Games
8022,Unbound Creations
8023,UncannyKiwi Limited
8024,Uncasual Games
8025,Uncharted Realms
8026,Uncle_J Game
8027,Undead Avian Publishing
8028,Under Three
8029,Under the Stairs
8030,Underbite Games
8031,Undercoders
8032,Underdone Gaming
8033,Underhill
8034,Undermog Games
8035,Undying Joy
8036,Unexpected
8037,Unfinished Games
8038,Unfinished Pixel
8039,Unhexigon
8040,Uniiao Game
8041,Unikware
8042,Unimatrix Productions
8043,Union Onion
8044,Unique Media
8045,UniqueGames Publishing GmbH
8046,"Unistellar Industries, LLC"
8047,United Independent Entertainment
8048,United Label
8049,Universal Everything
8050,Universe Juice
8051,Universe Projects Inc.
8052,Universe Worth Experiencing
8053,University of Idaho
8054,University of Texas at Austin SAGA Lab
8055,Unknown
8056,Unknown Worlds Entertainment
8057,Unleash The Giraffe
8058,Unlimited Fly Games
8059,Unrea
8060,Unseen Interactive
8061,Unterrainer Informatik OG
8062,Untitled Studio
8063,Untold Backrooms Stories
8064,Untold Tales
8065,Unusual Games
8066,Unusual Meaning
8067,Unusualsoft
8068,Up Multimedia
8069,Up Your Arcade Team
8070,UpgradePoint
8071,Uphill Promise
8072,Upper Class Walrus
8073,UpperRoom Games Ltd
8074,Uppercut Games Pty Ltd
8075,UpsilonGames
8076,Urban Weaponry
8077,Urban Wolf Games Inc.
8078,Ureasoft
8079,Uridium
8080,Urnique Studio
8081,Uruca Game Studio
8082,Utage Guys
8083,Uuvana Studios
8084,V Publishing
8085,V-RShop
8086,V-Rail
8087,V. Chuvilin
8088,V3663L
8089,VALOFE
8090,VANDERMAESEN GAMES
8091,VAR LIVE International Ltd
8092,VARSAV Game Studios
8093,VBG
8094,VD Games
8095,VDimension
8096,VECTOR INTERACTIVE PTY LTD
8097,VEWO Interactive Inc.
8098,VICTORIA Games
8099,VIOE
8100,VIRTUAL MAGIC
8101,VIRTUAL REALITY LABORATORY DV
8102,VLRSOFT
8103,VOBL games
8104,VODKAdemo?
8105,VOID Interactive
8106,VR Bros
8107,VR Factory
8108,VR Fitness Gym
8109,VR Labs
8110,VR Pirates Game Studio
8111,VR RPG INC.
8112,VR Storm Studio
8113,VR Studio
8114,VRAL Games
8115,VRANI inc.
8116,VRGal.net
8117,VRIDGE INC.
8118,VRKiwi
8119,VRT
8120,VRillAR
8121,VRilliant Studios
8122,VVAI 社
8123,VW
8124,Vacantknight Studios
8125,Vacation Game Studio
8126,VacuumDev
8127,Vadd Game
8128,Vadd Games
8129,Vadim Slyusarev
8130,Vagabond
8131,Vagabond Dog
8132,VagoGames
8133,Vaka Game Magazine
8134,Valera Entertainment
8135,Valiant
8136,Valiant Game Studio
8137,Valkeala Software
8138,Valkeala software
8139,Valklabs
8140,Valko Game Studios
8141,Valkyrie Initiative
8142,ValkyrieInitiative
8143,Valorware
8144,Valravn Games
8145,Value
8146,Valve
8147,Vampire Squid
8148,Vanadial
8149,Vanargand Games
8150,Vanbo LLC
8151,Vania Studios
8152,Vanimals
8153,Vanquisher Games
8154,Vantan Game Academy
8155,VaragtP
8156,Varstep Studios
8157,Vashta Entertainment
8158,Vasiliy Sadovyi
8159,Vasona Studios
8160,Vault Interactive
8161,"Vblank Entertainment, Inc."
8162,Vecderg
8163,Vectmatica
8164,Vector Hat
8165,Vector Interactive
8166,Vector Unit
8167,Vector3 Studio
8168,VectorStorm Pty Ltd
8169,Vectura Games
8170,Vedanta Team
8171,Veelhoek Studios
8172,Veewo Games
8173,Vega Games
8174,VelCrest Games
8175,Vellescian Games
8176,Vencious Games
8177,Venekamp Studios
8178,Vengeful Muffin
8179,VenomizedArt
8180,Venturous
8181,Verde
8182,Verediana Games
8183,Vergiu
8184,Veritable Joy Studios
8185,Versus Evil
8186,Vertex Pop
8187,Vertical Robot
8188,Vertices Software
8189,Vertigo Games
8190,Vertigo Gaming Inc.
8191,Very Very LITTLE Studio
8192,Vesper Studios
8193,Vexan Studio
8194,VexxusArts
8195,ViJuDa
8196,ViVa Games
8197,Viabo Games
8198,Victor David Santos
8199,Victor Game Studio
8200,Victura
8201,Vidas Salavejus
8202,VidejaGames
8203,Videlectrix
8204,Vidmancer
8205,Vidroid
8206,VidyGames
8207,VikTor
8208,Viking Game Studio
8209,Viking Group Inc.
8210,VikingWarrior
8211,Vikintor Interactive
8212,Vikong
8213,Vile Monarch
8214,Vincae Entretenimento
8215,Vincennes Group
8216,Vincent Lade
8217,Vincent Ltd
8218,Vinci Games
8219,Vinny Kowski
8220,Vintage Digital Revival
8221,Violarte
8222,Violet Angel Interactive
8223,Violet Moon
8224,Viridino Studios
8225,Virtex Edge Design
8226,Virtual Arts Studio
8227,Virtual Convict
8228,Virtual Sky Interactive
8229,Virtual Turtle Games
8230,Virtual Uppercut Studios
8231,VirtualAge
8232,Virtuaport
8233,Virtue Enforcer
8234,Vision Party
8235,Visionstead Studio
8236,Vismaya
8237,Visual Entertainment And Technologies
8238,Visual Interactive
8239,Visual Light
8240,Visual Purple Inc.
8241,VisualArts
8242,VisualBagel
8243,Visualnoveler
8244,Visumeca Games
8245,Vitok
8246,Vittgen Inc.
8247,Vittorio Banfi
8248,Vittorio Romeo
8249,Viv's Final Day Off Ltd
8250,Viva Games
8251,Vixa Games
8252,VladEv1L
8253,Vladimir Cholokyan
8254,Vladislav Castillo Gonzalez
8255,Vlasov Tower
8256,VoDoo Studios
8257,Void Descent
8258,Void Ink
8259,VoidCompiler
8260,VoidFiller Studios
8261,Volcanic Giraffe
8262,Volens Nolens Games
8263,Volga Studios
8264,Volrest Games
8265,Vona Soft
8266,Vorobushek
8267,Voronoi Studios
8268,Vortex Games
8269,Vosphia Studios
8270,"VoxPop Games, Inc."
8271,Voxel Bytes
8272,Voxel Tycoon
8273,Voxeled Studios
8274,Voxowl Inc
8275,Voyager Softworks
8276,VoyagerVR
8277,Vsoo Games
8278,VuVuu
8279,Vulcron
8280,Vulpis Yazilim
8281,Vutune
8282,W
8283,W&H Game Systems
8284,W. T. B.
8285,W0nnaFight
8286,WASD Games
8287,WAW STUDIO
8288,WDS Games
8289,WE2 Games
8290,"WELOVEBOT CO., LTD."
8291,"WFS, Inc."
8292,WHIRLLAXY LIMITED
8293,WIG Publishing
8294,WILD WITS
8295,WIRED_CONNECTION
8296,WIREGAMES
8297,WIZWIN
8298,WKM-STUDIO
8299,WMG
8300,"WODAN, Inc."
8301,WOLCEN Studio
8302,WRF Studios
8303,WSS playground
8304,WTCD
8305,WTFMAN
8306,Wadjet Eye Games
8307,Waffle Iron Studios
8308,Wafflecat Developments
8309,Wahler Digital
8310,WaifuMada Games
8311,Wainstop James
8312,Waku
8313,Waku Waku Games
8314,Walaber Entertainment LLC
8315,Wales Interactive
8316,Walk Without Rhythm Games
8317,Walkabout
8318,Wallace Lovecraft
8319,Walnut LLC
8320,Walter Machado
8321,Walternate Realities
8322,Wamill
8323,WanadevStudio
8324,Wanba Studio
8325,WandCast Games
8326,WanderLux Games
8327,Wandering Wizard
8328,Wang
8329,Wangshu Software
8330,Wankil Studio
8331,Wappen Games
8332,War Frogs Studio
8333,WarGirl Games
8334,WarZoneLab
8335,WarZoneStudioGames
8336,Waraní Studios
8337,Warcave
8338,Warehouse Studios
8339,Wargaming Group Limited
8340,Warm Kitten
8341,Warner Bros. Games
8342,Warner Bros. Interactive Entertainment
8343,Warp Turtle
8344,Warren
8345,Warrior
8346,"Warrior General Games, LLC"
8347,WarriorsStudio
8348,WasabiSushiStudio
8349,Washbear Studio
8350,Watermelon Pesto Games
8351,Wave Games
8352,Wave Light Games Inc.
8353,Waveor
8354,Way Down Deep
8355,WayForward
8356,WayToYaatra Company
8357,Wayward Prophet
8358,We Are Cats
8359,We Dig Games
8360,WeSoloAZ
8361,Weakfish Studio
8362,Weasel Games
8363,Weather Factory
8364,Weathered Sweater
8365,Weaveractive
8366,Website Modern
8367,Weed Games
8368,Wei
8369,Weird Bunny
8370,Weird Stuff Studio
8371,Weird and Wry
8372,Well Played Studios
8373,Welland
8374,Wenkly Studio Sp. z o.o.
8375,Wereviz AB
8376,Werys Ltd
8377,West Dos (HK) LTD.
8378,Westeford
8379,Western Werks
8380,"Wevr, Inc."
8381,Whale Rock Games
8382,"What Pumpkin Games, Inc."
8383,Whatboy Games
8384,What‘s Up Labs
8385,Wheat Muffin Games
8386,Where 游戏
8387,Wherry
8388,WhippedUP_gaming
8389,WhisperGames
8390,White Box
8391,White Door Games
8392,White Elk LLC
8393,White Ink
8394,White Keyframe
8395,White Knight
8396,White Noise Games
8397,White Paper Games
8398,White Rose Games
8399,White Star Studio
8400,White Vertex Studios
8401,White Vortex Games
8402,White tail
8403,WhiteVault Studio
8404,Whiteboard Games
8405,Whiteout Studios
8406,Whitepot Studios
8407,Whitethorn Games
8408,Whitway Studios
8409,Who Am I Studio
8410,Whoisthis
8411,WhyKev
8412,Wide Right Interactive
8413,Wieden+Kennedy São Paulo
8414,WigglingEyebrows
8415,Wikkl Works
8416,Wild Ox Studios
8417,Wild Pepper Games
8418,Wild River Games
8419,Wild River Games GmbH
8420,WildMonkey
8421,WildSphere
8422,Wildfire Game（无锡野火数字科技有限公司）
8423,Wildlak
8424,Wildlands Interactive
8425,Wilkin Games
8426,Will Lingard
8427,Will Winn Games
8428,William Alves
8429,William Cheek
8430,William Chyr Studio
8431,William at Oxford
8432,William of Oxford
8433,Wills Blackett
8434,Wily Pumpkin
8435,WindField Games
8436,Windforce
8437,Windy Games
8438,Windybeard
8439,Winged Cloud
8440,Wingjoy Games
8441,Wings
8442,Winning Entertainment Group Inc.
8443,Winter Bear Studio
8444,Winter Wolves
8445,WinterSpring Games
8446,WinterTent Studio
8447,Winterpixel Games
8448,Wired Dreams Studio
8449,Wired Productions
8450,Wise Box Studios
8451,Wise Reaper Games
8452,"Wise Wizard Games, LLC"
8453,Wishlist Games
8454,Wit Studio
8455,Witchy Cat Studios
8456,Witte Studio
8457,Witty Kitty
8458,Witz Games
8459,Wizard Games
8460,Wizard Mode
8461,Woahstudiosus
8462,Wobbly Tooth
8463,Wolf & Wood Interactive Ltd
8464,Wolf Packtics
8465,Wolf Tango Games
8466,Wolfdog Interactive
8467,Wolfey Studios
8468,Wolfgun
8469,Wolfire Games
8470,Wolfs Moon Studios
8471,Wolfsden LLC
8472,Wolverine Studios
8473,Wolvik Studios
8474,WombatBarn
8475,Wompa
8476,Wompa Labs
8477,Wonderbelly Games
8478,Wonderland Kazakiri inc.
8479,Wonsub Lee
8480,Woo Studios
8481,"Woodcrest Games, LLC"
8482,WoodenWolf
8483,Woodland Development
8484,Woodpecker
8485,Woodsy Studio
8486,Woolhig
8487,Woolly Walrus Games
8488,Wooshido
8489,World Away Games
8490,"World Golf Tour, LLC"
8491,World Makers
8492,World War Company
8493,World of Poly
8494,Worlds To Play
8495,Worldwalker Games LLC
8496,Wos Dev Team
8497,Woum
8498,Wozzy Games Limited
8499,Wrath Club
8500,Writegg
8501,Wrought Interactive
8502,Wube Software LTD.
8503,WubsGames
8504,Wuko Games
8505,Wulum Creative Technology Ltd.
8506,Wungus
8507,Wwyn
8508,"Wx3 Labs, LLC"
8509,"X-Legend Entertainment Co., Ltd."
8510,X1 Studio
8511,XD
8512,XD Games Studio
8513,XDEVS LTD
8514,XDesktopSoft
8515,XEECEE
8516,XOCUS
8517,XP Liu
8518,XR Games
8519,XR Studio
8520,XREAL Games
8521,XSEED Games
8522,XVVX STUDIO
8523,XXaLoserXX
8524,Xand arts
8525,Xavier Moiny
8526,Xbox Game Studios
8527,Xefier Games
8528,Xefier Games Inc.
8529,Xeloph
8530,XenOxygen
8531,Xendra
8532,Xeno Bits
8533,XenoHorizon
8534,Xenoaisam Studio
8535,XiGeHong
8536,XiaoMing
8537,Xiexe
8538,Xigma Games
8539,Xinyuan Studio
8540,Xitilon
8541,Xlab Digital
8542,Xnora Games
8543,"Xobermon, LLC"
8544,Xrisofor
8545,Xteam software solutions
8546,Xutiz Development
8547,Xyak-Xyak
8548,Y Press Games
8549,Y Press Otomes
8550,Y.Kageyama
8551,YAW Studios
8552,YC Games
8553,YCJY Games
8554,YDKR
8555,YEARS
8556,YEZHI
8557,YGameStudios
8558,YIBAILI SOFTWARE
8559,YIY HONOKO
8560,YOX-Project
8561,YSY Softworks
8562,YUKIUSAGI Games
8563,YUNUO GAMES
8564,YUR Inc
8565,YaYa Game
8566,Yacht Club Games
8567,Yaeko
8568,Yai Gameworks
8569,Yak & Co
8570,Yakir Israel
8571,Yamate
8572,Yamauchi_games
8573,Yames' Games
8574,Yami Sama
8575,Yanako RPGs
8576,Yandere Gameworks
8577,Yang Sun
8578,YangZeyu
8579,Yangyang Mobile
8580,Yann GEFFROTIN
8581,Yash Future Tech Solutions Pvt Ltd
8582,Yasha
8583,Yatch Studios
8584,Yaw Studios
8585,Yawee
8586,Yağız Selimoğlu
8587,Yechan Yoon
8588,Yellow Boot Games
8589,Yellow Dot
8590,YellowDuckWorks
8591,Yellowbound
8592,YenThe Studio
8593,Yenna
8594,Yeongho Kim
8595,Yi Dai
8596,Yiku studio
8597,Yiming
8598,YoAvrageStudios
8599,YoXia Game Studio
8600,Yoba Games
8601,Yobob Games
8602,Yobowargames
8603,Yogscast Games
8604,Yokcos
8605,YolkinS
8606,Yooreka Studio
8607,YorshInGame
8608,You Cannot Defend
8609,Young Horses
8610,Young M. Kim
8611,Yousoi
8612,YouthAndLove
8613,Ysbryd Games
8614,YuLu
8615,YueluoGames
8616,Yume Creations
8617,Yume Game Studio
8618,Yuna Studio
8619,Yunus Ayyildiz
8620,YuriEureka
8621,Yurif
8622,YuruOwO
8623,Yusuf Emre Baysal
8624,Yyanthire Studio
8625,Z & K Games
8626,Z Studio
8627,Z. Bill
8628,Z.F. Gams
8629,Z0 Game Studios
8630,ZAO Igroprom
8631,ZERO5GAMES
8632,ZEVO GAMES
8633,ZGame Studio
8634,ZHANG FAN
8635,ZHAOYUNSHE
8636,ZHONGZHENGQIANG
8637,ZNT Productions
8638,ZOOM Platform Media
8639,ZRIGN 地霊研究院
8640,ZRZStudio
8641,ZXC Games
8642,Zabbo Games
8643,Zach Gage
8644,Zach Lawrence
8645,Zachtronics
8646,Zai Studio
8647,Zak Amana
8648,Zanardi and Liza
8649,Zankey Studio
8650,Zato Ana Software
8651,Zatun
8652,Zaxiquej
8653,Zeboyd Digital Entertainment LLC
8654,Zeekerss
8655,Zeilke Games
8656,Zeldars Zone
8657,Zemen
8658,Zen Apps Studio
8659,Zen Studios
8660,ZenFri Inc.
8661,ZenTile Games
8662,ZenVision Games
8663,Zentient Games LLC
8664,ZephyrStudio
8665,Zero Fun
8666,Zero Imagination Productions
8667,Zero Sun Games
8668,ZeroTris
8669,ZeroWorldwide
8670,ZeroXilo
8671,Zerobit
8672,Zerone Games
8673,Zeros
8674,Zerouno Games
8675,Zertuk
8676,ZestoStudio
8677,Zeta bit
8678,Zetao
8679,Zetsubou
8680,Zhen
8681,ZheroIsland
8682,Zhixiang Games
8683,ZiX Solutions
8684,Ziberian Dev
8685,Ziggurat
8686,Ziggy Makes Games
8687,Zima software
8688,ZocaLight
8689,Zojoi LLC.
8690,ZokerinoDev
8691,Zonex Entertainment Studios
8692,Zoo Corporation
8693,Zorbus
8694,Zordix Publishing
8695,Zoroarts
8696,Zu Digital
8697,Zuckrprinz Games
8698,Zukoix
8699,Zulubo Productions
8700,Zygobot
8701,[2.21]
8702,[OneManBand]
8703,[SAMPLE TEXT] Studios ltd
8704,_Echelon Software
8705,_Jester_
8706,_k.y.
8707,a Rock! Studios
8708,a1esska
8709,a327ex
8710,aNCHOR Inc.
8711,aberrator
8712,alex94i60
8713,alienmelon
8714,alreti circle
8715,ambai
8716,anOVERTHINKER
8717,andrfw
8718,angelos siskos
8719,asraworks
8720,astragon Entertainment
8721,axilirate
8722,azndesserts
8723,azucat
8724,b-alive gmbh
8725,b38b38b
8726,bHaptics Inc.
8727,bad_vertex
8728,bagheads
8729,batensan
8730,battyRabbit
8731,batwimp
8732,bblockCorp
8733,bcat112a
8734,beans rolls
8735,beelopeelo
8736,ben lunato
8737,better. publishing
8738,bhungry
8739,bighandinsky
8740,bilibili
8741,bit paradigm
8742,bitComposer Interactive GmbH
8743,bitchunk
8744,blink
8745,bluesky
8746,borgia mango art
8747,brimselGames
8748,brin
8749,brusnik.com
8750,btf
8751,buho game
8752,builds.games
8753,bulo studio
8754,by Mike Robins
8755,byDanDans
8756,byMixNez
8757,cGh ONE
8758,cKolmos narrative.
8759,caiysware
8760,catnipstudio
8761,cdhy interactive
8762,celikgames
8763,chapliboy
8764,chenjd
8765,codapill
8766,coder2k
8767,coolnames
8768,cream
8769,creati-bu
8770,"crim Co., Ltd."
8771,cryhades
8772,cursorstudio
8773,cys20 studio
8774,cyy
8775,d4rkd0s
8776,d7m
8777,daihua.k
8778,damian3k
8779,daniel coady.
8780,davemakes
8781,davidczar
8782,ddx
8783,deadworld games
8784,debugChicken
8785,deleon
8786,derevotyan
8787,devOrange
8788,dhamster
8789,diedemor studio
8790,dietzribi
8791,digital2 games
8792,digitalbathtub
8793,digitalsoulVR
8794,doekuramori
8795,doger的游戏小屋
8796,dogpet
8797,dotcopycat
8798,droqen
8799,e-sheep
8800,eGames.com
8801,eNVy softworks
8802,eTIRUe
8803,eXtreme Studios
8804,ebi-hime
8805,eddynardo
8806,"eeproduct, Inc."
8807,eevoe
8808,eiNpictures
8809,elvissteinjr
8810,endeetree
8811,etherane
8812,evolvedlabs
8813,exaheva
8814,exodrifter
8815,f.y.g.b. Studios
8816,familyplay
8817,featherbyte
8818,finalbossblues
8819,findemor
8820,flanne
8821,flossdorfgames
8822,fogimi
8823,foolsroom
8824,freja
8825,funcybear
8826,fusion
8827,futurelovegame
8828,gaem by jj
8829,games by lum
8830,gamigo US
8831,gamingyourway
8832,ganashaw
8833,gareththegeek
8834,gcBronze
8835,gelare1029745
8836,ghost pattern
8837,go go go studio
8838,goatrope games
8839,grapefrukt games
8840,gridmaniac
8841,grin robot
8842,guilemus
8843,guselect
8844,gypynkt
8845,gz.inc
8846,hangry owl games
8847,hcnone
8848,hede
8849,hexcavator
8850,hf Production
8851,hiddenVisions
8852,hidekihanida
8853,higopage
8854,hinyari9
8855,https://www.noland-studios.com/
8856,https://www.youtube.com/channel/UCWcek7k9UWt_FyrpWxTgjmw?view_as=subscriber
8857,hublab
8858,humany
8859,hyperparadise
8860,iFAction Studio
8861,iGindisGames
8862,iLand Studios
8863,iMel
8864,iMoe Games
8865,iNFINITE Production
8866,iNK Stories
8867,iRacing
8868,iRacing.com Motorsport Simulations
8869,iam8bit Presents
8870,iamRoarke
8871,iamtab
8872,ic3bug
8873,icefill
8874,idealCat
8875,iiloo
8876,ilili_world
8877,illystray Creations
8878,ilzard
8879,imaginarylab
8880,impacioble
8881,inXile Entertainment
8882,inc.ZOFE
8883,indie-dir
8884,indie.io
8885,indie_games_studio
8886,indiegames3000
8887,indiegamesjapan
8888,indienova
8889,inkakamu
8890,inkle Ltd
8891,insect.christmas
8892,insertdisc5
8893,insomnia
8894,instructions unclear
8895,intiny
8896,ipei_retland
8897,islaOliva Games
8898,isonosuke
8899,itamu
8900,iterco
8901,iv2 Games
8902,jerome
8903,jitensyasougyou
8904,jorgen games Ltd
8905,jounitus
8906,joynow
8907,joynowstudio
8908,jpm_games
8909,jtggame
8910,junzhu
8911,just for fun
8912,jwiggs
8913,k148 Game Studio
8914,kChamp Games
8915,kabuff.co
8916,kan.kikuchi
8917,kash gry
8918,kazakovstudios
8919,khukhrovr
8920,kido
8921,kingna studio
8922,kolorogame
8923,kovalevviktor
8924,koyomogi
8925,kuklam studios
8926,kumakare
8927,kurigamedev
8928,kurohuku
8929,kylo
8930,lamb of game
8931,lampersandl
8932,landing man studio
8933,leeve_weky
8934,lemon
8935,lemoniedev
8936,leo waters
8937,liangxiegame
8938,lightUP
8939,"liica, Inc."
8940,limpchhgamedev
8941,ln404
8942,loloF
8943,loloop
8944,lopogames
8945,louis morel
8946,lozzajp
8947,lss
8948,lufy
8949,luo
8950,maJAJa
8951,machineboy
8952,magicdweedoo
8953,magicpro
8954,manadream
8955,maou
8956,mapacarta
8957,marlersh
8958,mathismeilby
8959,mc2games
8960,me.mento XR interactive AG
8961,meLtRoman
8962,mebius.
8963,mino_dev
8964,mirai works
8965,mistertabasco
8966,miyu.works
8967,monkey.joyful
8968,monome.studio
8969,moon soul
8970,moraguma
8971,mort-art
8972,mosgrom
8973,mrgigam
8974,mumimumi
8975,munted finger
8976,mushroomer stronger
8977,myTrueSound
8978,nDreams
8979,namespace.media
8980,narayana games UG
8981,nattuhan
8982,nekogameteacher
8983,neozoid.games
8984,netmin games
8985,ninedux
8986,nodayshalleraseyou
8987,nolsoft
8988,nomorevalid
8989,nornware AB
8990,notagamestudio
8991,notdead
8992,npckc
8993,npuKoJI team
8994,nyewks
8995,obrubshik
8996,oddbreeze
8997,okeyplaystudio
8998,okyakusama
8999,ol-web
9000,oldhc
9001,omidjm
9002,ondydev
9003,ooblies
9004,oophok
9005,orange
9006,organelemonhouse
9007,orochi2k
9008,oxblud
9009,oyajinojiike
9010,padSoft
9011,pencil
9012,pengjianNiu
9013,personal Game studio
9014,pgWave
9015,phixcat
9016,photographer
9017,pink rabbit
9018,pinkjuicegames
9019,piratecat games
9020,pixel games SARL-S
9021,plaYnice!
9022,plyoung
9023,polyperfect
9024,poncle
9025,ponett
9026,popagenda
9027,potentknight
9028,prettysmart games
9029,psmint7
9030,qingping
9031,quan home
9032,quasardeep
9033,qugen®
9034,quicktequila
9035,qureate
9036,r3nsen
9037,radgu8
9038,raptor lab
9039,resnijars
9040,rittzler
9041,robbiesla
9042,rocketship
9043,rogerinfanger.com
9044,rokaplay
9045,rologfos
9046,room6
9047,rostok.itch.io
9048,russpuppy
9049,ryArt
9050,ryoheyLab.
9051,s. r. o.
9052,sad_gandalf
9053,sakastudio
9054,samcolserra
9055,samuel crevier
9056,sandman
9057,sawworm Games
9058,scitydreamer
9059,selenophobia
9060,selewi
9061,semiwork
9062,sep-neko-ya
9063,shanaz game studios
9064,shinywhitebox ltd
9065,shru
9066,silly little games
9067,sizrit
9068,skins.dog
9069,slizer88
9070,slringal
9071,smellymoo
9072,smithandcherryapps
9073,socah
9074,sojourn interactive
9075,spleeN
9076,sqr3lab
9077,starknow
9078,starlit studio
9079,storkyproduct
9080,stormnebulae
9081,straka.studio
9082,strelitziaOld
9083,studiowaterground
9084,stupid cat
9085,summetGames
9086,sun xiaodong
9087,surpass game
9088,tain a.m. works LLC
9089,team dytdyt
9090,tentacles game
9091,terunon's Lab
9092,thatdiesel
9093,the Bratans
9094,the color addiction
9095,the ito project
9096,thePadlockesTech
9097,thugzilladev
9098,tiny cactus studio
9099,tinyBuild
9100,tjern
9101,toR Studio
9102,tobspr Games
9103,tooran
9104,toowiggly
9105,triple A code GmbH
9106,trulyDigital
9107,tulevik.EU
9108,turbolento publishing
9109,u&i
9110,ub4q
9111,unbeGames
9112,undies
9113,undownsidable
9114,unikotoast
9115,upjers
9116,urbgames
9117,useful slug
9118,ustwo games
9119,uszymyszy
9120,van der Plauze
9121,vano
9122,vanripper
9123,varlamov5264
9124,vedev
9125,vemu games
9126,verkme
9127,vfjekgd
9128,vk
9129,wannaodin
9130,wasitworthitdev
9131,weiqian
9132,what sorceress this
9133,whelp
9134,wiip
9135,worm club
9136,wormpod
9137,wow wow Games
9138,www.Spellbook.com
9139,xFAIRx
9140,xTyler73
9141,xXx_Skipper_xXx
9142,xproject
9143,xrrawva
9144,yangyiming
9145,yeo
9146,yeswecamp
9147,yevhen8
9148,yokaze
9149,yondray
9150,yookond.
9151,yuzhen
9152,yx
9153,yyrGames
9154,zagawee
9155,zediven
9156,zerogame
9157,ziegler gamedev GbR
9158,zstar
9159,zuza
9160,Álvaro García (binarynonsense)
9161,Çınar's Art
9162,Ômega Games
9163,Бог
9164,ИЛЬЯМАЗО
9165,КиКо
9166,Носков Сергей
9167,Ольга
9168,Тот Самый
9169,ํ20Studio
9170,∇
9171,▲ Illuminati Confirmed ▲
9172,▲ Pyramid Games
9173,あうとさいど
9174,あみそ組
9175,いくちおすてご
9176,うさうさらびっと
9177,うどんぱ
9178,からふるぱーてぃ
9179,くそいサイト
9180,こおりみず
9181,こーひーあーる
9182,とぶ
9183,とらんぽ（Torampo）
9184,ひつじぐも
9185,やぶから堂
9186,ゆーぎり
9187,よんとんトマチン
9188,アメミキノスケ
9189,カツサダ研究所
9190,テクノドット
9191,一个小目标工作室
9192,七度灰工作室
9193,万象皆春
9194,上海奇速网络科技有限公司
9195,上海姚际信息科技有限公司
9196,上海摩力游数字娱乐有限公司
9197,上海润梦网络科技有限公司
9198,上海游愉网络
9199,上海翎迹网络科技有限公司
9200,不吃蛋黄
9201,不正经游戏
9202,不謹慎Brothers
9203,不重要
9204,东方祈华梦制作组
9205,东游鉴
9206,个人
9207,乐子人
9208,二色幽紫蝶
9209,云巅
9210,仓鼠个人工作室Hamster Studio
9211,伏生游戏
9212,作場金属製作所 Sakuba Metal Works
9213,侠客工作室
9214,做个好游戏工作室
9215,傲雪小组
9216,元气工作室
9217,全战天下
9218,养蛋人 Egg Hatcher
9219,冷笑黑妖
9220,凌晨大黑狗
9221,凝冰剑斩
9222,凤凰游戏
9223,初稿
9224,刺沙
9225,北京彩蛋科技有限公司
9226,北京星磐科技
9227,北京目标在线科技有限公司
9228,南京指尖互娱数字科技有限公司
9229,南京沐色文化创意发展有限公司
9230,卧熊工作室
9231,双叶小组
9232,只做一款战棋工作室
9233,可布和常常诶
9234,史图馆
9235,吃了就睡工作室
9236,吉祥如意工作室
9237,同萌绘
9238,呜噜噜
9239,呜噜噜游戏
9240,周北Zhoubei
9241,咕咕工作室
9242,咖啡园种植研究基地
9243,咲熠
9244,唐扬Studio
9245,喜人一个
9246,喵法自然
9247,四川仙威科技有限公司
9248,团购规划局
9249,图之未来
9250,图纳密游戏
9251,埋月山枯
9252,基本操作PlayClass
9253,塔克工作室
9254,多巴胺军火商
9255,天津芸芸科技有限公司
9256,失与寻制作委员会
9257,奇正游戏
9258,她3 : 复乐园之曦
9259,好几万个脑洞
9260,好色猫
9261,妖妖灵制作组
9262,威向文化
9263,宁夏华夏西部影视城有限公司
9264,宇极VR胆小鬼
9265,安格法
9266,宮村あつき
9267,寒蟬
9268,小海洋 MiniSea
9269,小鱼工作室
9270,小鹿遊戲
9271,山竹
9272,岗成年
9273,岛叶游戏
9274,市松寿ゞ謡
9275,市松製化
9276,帅宅快乐屋
9277,幸存者乐园
9278,幻想博物馆（Utopia Museum）
9279,幻想理戈游戏开发工作室
9280,幽々燦々(yuyusansan)
9281,库库尔坎游戏工作室
9282,异界游网络科技
9283,弥渳工作室
9284,弦语蝶梦
9285,心流工作室（Heart Stream Studio）
9286,怪侠一枝梅工作室
9287,恒睿游戏
9288,成都搜发互娱网络科技有限公司
9289,成都盟布克科技有限公司
9290,我妻寒十
9291,托更的修罗
9292,拾光创梦
9293,挂机的咸鱼
9294,摸鱼游戏
9295,攸心工作室
9296,方块游戏 (China)
9297,方块游戏 CubeGame (China)
9298,方块游戏(CubeGame)
9299,无上道
9300,无名小厂
9301,日夜爆肝的千
9302,昆布科技
9303,明枭网络
9304,易远游戏
9305,星愿制作组
9306,星愿游戏制作组
9307,星火工造
9308,星环互娱
9309,星环游戏
9310,星罗云布工作室
9311,星辰重工StellaGames
9312,星雨似剑
9313,暂无发行
9314,曲波
9315,月亮上的佳宇
9316,月出之时
9317,有杕之杜
9318,木枯リオ
9319,木枯組
9320,末法时代制作组
9321,机械神狐教制作组
9322,杨云卿
9323,杭州千狼科技有限公司
9324,杭州悦动互娱科技有限公司
9325,林檎树
9326,枝江幻想社
9327,柚原堂
9328,柿树文化
9329,栖鸾工作室
9330,校长模拟器
9331,株式会社3goo
9332,株式会社クレイズ
9333,桑尼游戏(Sunny Game)
9334,梦影幻忆
9335,森の中の猫の小屋
9336,榭季生
9337,樂磚 Joy Brick
9338,橘音
9339,橙光游戏
9340,欢乐不二
9341,武儒小生
9342,武器铺工作室
9343,武汉幻狮科技有限公司
9344,毛玮欣MAO WEIXIN
9345,没有发行
9346,淤馨致志科技有限公司
9347,深圳市创源互娱科技有限公司
9348,深蓝制作组
9349,清泉工作室
9350,温小雨
9351,游学者狐狸
9352,游戏养家工作室
9353,游戏方程工作室
9354,游艺春秋网络科技(香港)有限公司
9355,游韵游戏网络公司
9356,滑稽工作室
9357,滑稽猫
9358,漫森游戏工作室
9359,灰烬天国
9360,炎黄工作室
9361,炼气期
9362,烟水寒工作室
9363,热区网络
9364,熊窝dodox
9365,独资个人
9366,狮子
9367,狼烟游戏studio
9368,猫柚工作室
9369,琉璃花糖制作组
9370,生人症候群
9371,用爱发电工作室
9372,电钮组
9373,畅玩网络
9374,白信鸽工作室
9375,白袍恐懼症
9376,白雪山工作室
9377,百合赛高
9378,目之辨 MuZhiBian
9379,県工情報処理部(KENKOUJSB)
9380,知音动漫
9381,碎片纪元工作室
9382,神心飘游堂
9383,神戸ルル
9384,神族宝
9385,秃鹰组长
9386,窗外紫藤制作组
9387,章鱼罐头制作组
9388,简简单单说简单工作室
9389,箱崎奈绪(Hakozaki Nao)
9390,类人猿leiry
9391,糯米集团工作室
9392,绘夏Games
9393,绝汪
9394,羲和工作室
9395,聖Rawrence
9396,肥螳螂
9397,腾讯游戏学院
9398,致意
9399,艺龙游戏
9400,艾斯尼斯
9401,艾露比工作室
9402,芒果互娱
9403,花蕊游戏工作室
9404,莉莉恩工作室
9405,蓝色魅力
9406,薬学ゲーム開発プロジェクト
9407,蝴蝶互动信息技术有限公司
9408,螺母游戏
9409,血色双眸
9410,觀象草圖 Astrolabe Draft
9411,诡道
9412,谭浩翔
9413,赚大钱工作室
9414,赣州怡玩文化传媒有限公司
9415,赤瞳大白猫
9416,趣品堂(Hardcore Studio)
9417,趣源工作室
9418,路过的骑士皇
9419,软星科技(SoftStarlight)
9420,辣香蕉工作室
9421,遇见咖啡厅
9422,郑州百易科技有限公司
9423,酷呐网络科技
9424,重楼工作室
9425,量子艺界（QUANTUM ARTS）
9426,金戈兄
9427,钟浩林
9428,长生
9429,闪金游戏
9430,阅尘Atlas
9431,阿地
9432,阿基米德 尼古拉斯 夏
9433,阿煙
9434,陈 世杰
9435,陈世杰
9436,随便做做游戏组
9437,雨夜枫雪制作组
9438,零创游戏(ZerocreationGame)
9439,青岛三脚猫工作室
9440,青春18金魚
9441,青椒
9442,青灯独酌
9443,青衣工作室
9444,風鈴堂
9445,风暴之刃工作室
9446,风魔工作室
9447,飞天大胖喵
9448,飞麦菌
9449,饺子社
9450,香港商河洛互動娛樂股份有限公司
9451,鬼谷工作室
9452,鸽屋谷
9453,黑心小作坊
9454,黑白牛游戏
9455,黒城ろこ
9456,黒子ラボ
9457,龍之咲
9458,龙猫饭
9459,龙骨工作室
9460,수석 재단사
9461,유진게임즈
9462,한국IT전문학교
