playtime_key,game_key,date_key,platform_key,primary_genre_key,primary_category_key,average_forever,average_2weeks,median_forever,median_2weeks,has_playtime
1,1,20220119,3,11,45,148,0,148,0,1
2,2,20200907,1,16,45,487,0,487,0,1
3,3,20210520,1,1,45,119,0,210,0,1
4,4,20211116,1,16,45,1040,0,473,0,1
5,5,20220510,4,14,47,0,0,0,0,0
6,6,20221201,1,1,45,0,0,0,0,0
7,7,20210406,1,2,45,169,0,199,0,1
8,8,20210128,3,11,45,2392,0,410,0,1
9,9,20221219,1,1,45,40,0,55,0,1
10,10,20220907,4,2,45,0,0,0,0,0
11,11,20201014,1,1,45,30,0,34,0,1
12,12,20211022,4,11,45,49,0,49,0,1
13,13,20220429,1,1,45,233,24,213,24,1
14,14,20201107,1,1,45,0,0,0,0,0
15,15,20200811,1,14,45,166,0,241,0,1
16,16,20201002,1,1,45,0,0,0,0,0
17,17,20210902,1,1,45,136,0,105,0,1
18,18,20210312,1,1,45,85,0,85,0,1
19,19,20201028,1,2,45,8,0,8,0,1
20,20,20210613,1,1,45,99,0,144,0,1
21,21,20200430,4,14,45,101,0,101,0,1
22,22,20200923,4,5,30,269,29,113,48,1
23,23,20230201,3,1,45,306,0,431,0,1
24,24,20210202,1,1,30,31,0,31,0,1
25,25,20210326,1,1,45,337,0,418,0,1
26,26,20220422,1,5,45,1268,48,1730,48,1
27,27,20210407,1,1,45,738,0,1460,0,1
28,28,20200617,1,1,45,0,0,0,0,0
29,29,20201216,1,5,45,30,0,46,0,1
30,30,20200131,1,1,45,0,0,0,0,0
31,31,20200409,4,2,45,142,0,161,0,1
32,32,20210310,3,1,45,238,0,146,0,1
33,33,20211210,4,5,45,0,0,0,0,0
34,34,20200729,1,1,45,1320,0,1590,0,1
35,35,20200617,1,1,45,176,0,339,0,1
36,36,20210415,1,2,45,90,0,90,0,1
37,37,20201008,4,5,45,238,0,238,0,1
38,38,20221110,1,11,45,379,0,204,0,1
39,39,20210620,1,2,45,1167,1397,187,1397,1
40,40,20200710,4,5,45,0,0,0,0,0
41,41,20200720,4,16,45,382,0,434,0,1
42,42,20201020,1,5,45,65,0,57,0,1
43,43,20220731,4,2,45,3303,7387,1303,7387,1
44,44,20220818,3,2,45,47,0,55,0,1
45,45,20240418,1,1,45,498,206,347,206,1
46,46,20210125,3,5,45,0,0,0,0,0
47,47,20210420,1,5,45,188,0,149,0,1
48,48,20231108,1,1,45,602,0,569,0,1
49,49,20210603,1,5,45,0,0,0,0,0
50,50,20210920,1,5,45,37,0,37,0,1
51,51,20220207,1,1,45,0,0,0,0,0
52,52,20231006,2,16,45,282,0,455,0,1
53,53,20221116,1,2,45,2614,0,3105,0,1
54,54,20230119,1,11,45,171,0,171,0,1
55,55,20220325,1,2,45,0,0,0,0,0
56,56,20201119,1,1,45,77,0,77,0,1
57,57,20230116,3,11,45,0,0,0,0,0
58,58,20200331,4,5,45,230,0,323,0,1
59,59,20211118,1,1,45,435,0,604,0,1
60,60,20200527,1,2,45,0,0,0,0,0
61,61,20211020,2,1,45,6,0,6,0,1
62,62,20200619,1,5,45,0,0,0,0,0
63,63,20200720,1,1,45,0,0,0,0,0
64,64,20220505,1,1,45,161,0,154,0,1
65,65,20210219,1,1,45,0,0,0,0,0
66,66,20201021,4,2,45,137,0,194,0,1
67,67,20201022,1,2,45,159,0,182,0,1
68,68,20220309,1,1,45,406,0,482,0,1
69,69,20220804,3,2,45,53,0,53,0,1
70,70,20211013,4,2,45,2665,0,778,0,1
71,71,20200710,3,2,45,926,0,1006,0,1
72,72,20230119,1,2,45,426,1,398,1,1
73,73,20240926,3,11,45,164,0,276,0,1
74,74,20220309,1,2,45,0,0,0,0,0
75,75,20210216,3,11,45,34,0,34,0,1
76,76,20210923,1,1,45,275,124,120,124,1
77,77,20231019,3,1,45,91,0,91,0,1
78,78,20200213,3,2,45,130,20,56,20,1
79,79,20200114,1,14,45,1659,0,2331,0,1
80,80,20220421,1,1,45,738,0,762,0,1
81,81,20201125,4,2,45,553,0,859,0,1
82,82,20200305,4,2,45,229,0,229,0,1
83,83,20210930,1,1,45,0,0,0,0,0
84,84,20210414,4,2,45,0,0,0,0,0
85,85,20221012,1,2,45,0,0,0,0,0
86,86,20210727,3,2,45,176,0,240,0,1
87,87,20210218,1,1,45,55,0,63,0,1
88,88,20221130,3,2,45,0,0,0,0,0
89,89,20200421,1,2,45,0,0,0,0,0
90,90,20211116,1,2,45,611,0,272,0,1
91,91,20200721,4,11,45,0,0,0,0,0
92,92,20220919,1,1,45,497,0,497,0,1
93,93,20221014,1,1,45,0,0,0,0,0
94,94,20210723,1,11,45,0,0,0,0,0
95,95,20220927,1,1,45,101,0,104,0,1
96,96,20210317,3,2,45,45,0,54,0,1
97,97,20211025,3,1,45,0,0,0,0,0
98,98,20210513,1,2,45,0,0,0,0,0
99,99,20210604,1,1,45,0,0,0,0,0
100,100,20240104,1,2,45,0,0,0,0,0
101,101,20211018,2,1,45,169,0,171,0,1
102,102,20240731,1,1,45,14,0,22,0,1
103,103,20211007,1,11,45,122,0,122,0,1
104,104,20200128,1,2,45,0,0,0,0,0
105,105,20200814,2,5,45,0,0,0,0,0
106,106,20210202,3,11,45,599,0,522,0,1
107,107,20200117,3,11,45,139,0,185,0,1
108,108,20200604,1,1,45,1929,211,414,212,1
109,109,20200410,3,5,45,0,0,0,0,0
110,110,20200731,1,11,45,100,0,100,0,1
111,111,20200729,1,1,45,0,0,0,0,0
112,112,20230216,1,1,45,400,0,439,0,1
113,113,20201109,1,1,45,0,0,0,0,0
114,114,20220805,1,1,45,0,0,0,0,0
115,115,20210302,1,5,45,0,0,0,0,0
116,116,20200110,1,1,45,90,0,49,0,1
117,117,20221013,1,11,45,114,0,114,0,1
118,118,20210903,1,1,45,0,0,0,0,0
119,119,20211002,1,1,45,726,120,681,120,1
120,120,20210212,1,1,45,77,0,98,0,1
121,121,20201216,1,2,45,1569,0,2075,0,1
122,122,20201209,3,2,45,959,0,1668,0,1
123,123,20201202,1,2,45,1,0,1,0,1
124,124,20201202,1,1,45,0,0,0,0,0
125,125,20210402,1,1,45,65,0,81,0,1
126,126,20210815,4,11,45,1638,0,1676,0,1
127,127,20201204,1,5,45,125,0,125,0,1
128,128,20200928,1,1,45,1030,0,471,0,1
129,129,20200527,1,1,45,0,0,0,0,0
130,130,20200424,3,2,45,129,0,129,0,1
131,131,20200311,3,11,45,80,0,80,0,1
132,132,20200710,4,11,45,181,0,260,0,1
133,133,20220610,1,2,45,0,0,0,0,0
134,134,20210914,1,1,45,606,0,606,0,1
135,135,20200914,1,11,45,0,0,0,0,0
136,136,20211119,1,2,45,2,0,2,0,1
137,137,20210610,3,2,45,221,0,221,0,1
138,138,20211222,1,14,45,4283,0,4283,0,1
139,139,20211021,2,5,45,0,0,0,0,0
140,140,20220830,1,14,45,300,0,593,0,1
141,141,20220504,1,5,45,0,0,0,0,0
142,142,20220427,3,2,45,98,0,98,0,1
143,143,20221109,1,1,45,0,0,0,0,0
144,144,20230215,4,5,45,139,0,192,0,1
145,145,20220420,1,5,45,16,0,16,0,1
146,146,20221219,1,1,45,0,0,0,0,0
147,147,20210623,1,1,45,0,0,0,0,0
148,148,20221030,1,1,45,0,0,0,0,0
149,149,20220118,1,5,45,73,0,91,0,1
150,150,20220204,4,5,45,0,0,0,0,0
151,151,20220921,1,1,45,0,0,0,0,0
152,152,20200722,3,11,45,514,8,486,8,1
153,153,20221025,1,2,45,99,0,99,0,1
154,154,20220204,1,5,45,49,0,78,0,1
155,155,20220831,1,1,45,60,0,86,0,1
156,156,20230110,1,2,45,445,0,445,0,1
157,157,20221024,2,1,45,53,0,53,0,1
158,158,20220719,1,5,45,0,0,0,0,0
159,159,20221107,1,1,45,0,0,0,0,0
160,160,20230106,1,2,45,0,0,0,0,0
161,161,20220802,1,5,45,705,0,1086,0,1
162,162,20221116,1,1,45,0,0,0,0,0
163,163,20200724,4,5,45,0,0,0,0,0
164,164,20220215,2,2,45,0,0,0,0,0
165,165,20210323,1,2,45,15,0,15,0,1
166,166,20210621,1,1,45,0,0,0,0,0
167,167,20211112,3,1,45,0,0,0,0,0
168,168,20220309,1,2,45,648,0,689,0,1
169,169,20210721,1,1,45,0,0,0,0,0
170,170,20221011,1,1,45,0,0,0,0,0
171,171,20221026,1,1,45,8,0,8,0,1
172,172,20230912,3,2,45,713,0,761,0,1
173,173,20220908,1,1,45,47,0,62,0,1
174,174,20220210,1,1,45,20,0,31,0,1
175,175,20221024,1,1,45,20,0,20,0,1
176,176,20210826,4,11,45,0,0,0,0,0
177,177,20210605,1,5,45,0,0,0,0,0
178,178,20221013,1,1,45,443,0,485,0,1
179,179,20210916,4,5,45,215,0,171,0,1
180,180,20221216,1,1,45,243,0,288,0,1
181,181,20220615,4,11,45,193,0,193,0,1
182,182,20220901,4,5,45,0,0,0,0,0
183,183,20221215,3,2,45,57,53,84,53,1
184,184,20221119,1,5,45,1112,0,2088,0,1
185,185,20250120,1,16,45,171,0,191,0,1
186,186,20210503,1,5,45,0,0,0,0,0
187,187,20221208,1,2,45,74,1,109,1,1
188,188,20211029,4,2,45,365,0,365,0,1
189,189,20220302,1,5,45,0,0,0,0,0
190,190,20220713,4,1,30,0,0,0,0,0
191,191,20220214,3,2,45,390,0,390,0,1
192,192,20220428,1,1,45,123,0,97,0,1
193,193,20220723,1,1,45,45,0,45,0,1
194,194,20210923,1,2,45,0,0,0,0,0
195,195,20230927,1,2,45,0,0,0,0,0
196,196,20220202,1,1,45,81,0,91,0,1
197,197,20241003,1,1,45,158,0,95,0,1
198,198,20200512,4,2,45,276,0,438,0,1
199,199,20200206,3,1,30,259,0,357,0,1
200,200,20220506,4,2,45,265,0,519,0,1
201,201,20241108,1,5,45,21,0,21,0,1
202,202,20200214,1,2,45,4054,643,588,643,1
203,203,20221121,3,19,45,3,0,3,0,1
204,204,20230106,1,1,45,0,0,0,0,0
205,205,20210916,1,15,45,236,24,70,31,1
206,206,20200520,1,5,45,0,0,0,0,0
207,207,20220531,1,2,45,0,0,0,0,0
208,208,20210612,3,11,45,18,0,18,0,1
209,209,20220421,1,1,45,2,0,3,0,1
210,210,20201013,4,2,45,0,0,0,0,0
211,211,20220219,1,5,45,0,0,0,0,0
212,212,20220327,1,5,45,951,0,1164,0,1
213,213,20230413,1,1,45,0,0,0,0,0
214,214,20221208,1,1,45,18,0,19,0,1
215,215,20221019,1,14,45,190,0,190,0,1
216,216,20200421,1,2,45,182,0,182,0,1
217,217,20260206,1,11,45,29494,0,29494,0,1
218,218,20200529,1,2,45,0,0,0,0,0
219,219,20220421,1,1,30,419,0,169,0,1
220,220,20220627,4,1,45,0,0,0,0,0
221,221,20220930,1,2,45,1,0,1,0,1
222,222,20220707,4,1,30,9,0,9,0,1
223,223,20220903,1,2,45,12,0,12,0,1
224,224,20230426,1,1,45,136,0,159,0,1
225,225,20220723,2,1,45,0,0,0,0,0
226,226,20220614,1,14,30,13275,675,1390,1279,1
227,227,20230124,1,1,45,1142,0,1419,0,1
228,228,20200123,1,2,45,2413,0,1998,0,1
229,229,20200519,2,14,45,146,0,146,0,1
230,230,20200203,2,1,45,0,0,0,0,0
231,231,20200117,3,2,45,0,0,0,0,0
232,232,20200512,1,16,45,20,0,20,0,1
233,233,20200807,1,11,45,880,0,986,0,1
234,234,20211020,4,2,45,333,0,345,0,1
235,235,20231221,3,19,45,1600,47,3014,47,1
236,236,20200511,1,2,45,0,0,0,0,0
237,237,20220516,1,1,45,14,0,14,0,1
238,238,20201015,1,11,45,289,0,289,0,1
239,239,20200820,1,5,45,0,0,0,0,0
240,240,20210603,1,5,45,0,0,0,0,0
241,241,20221223,1,16,45,12,0,12,0,1
242,242,20210222,3,2,45,8090,0,8238,0,1
243,243,20210324,3,1,45,0,0,0,0,0
244,244,20211018,1,1,45,18,0,18,0,1
245,245,20210430,1,1,45,0,0,0,0,0
246,246,20211008,1,1,45,0,0,0,0,0
247,247,20221018,1,1,45,876,903,633,882,1
248,248,20211215,1,1,45,0,0,0,0,0
249,249,20220726,1,1,45,142,0,185,0,1
250,250,20211224,1,1,30,90,0,90,0,1
251,251,20221216,1,1,45,0,0,0,0,0
252,252,20230204,1,5,45,0,0,0,0,0
253,253,20230224,1,1,45,1266,0,1456,0,1
254,254,20240113,1,1,45,0,0,0,0,0
255,255,20211021,1,1,45,176,0,176,0,1
256,256,20211025,4,1,45,0,0,0,0,0
257,257,20220922,2,1,45,0,0,0,0,0
258,258,20200616,1,2,45,0,0,0,0,0
259,259,20200114,3,5,45,73,0,73,0,1
260,260,20201202,1,14,45,365,0,531,0,1
261,261,20210525,1,1,45,0,0,0,0,0
262,262,20210430,4,5,45,0,0,0,0,0
263,263,20220421,1,1,45,222,39,146,39,1
264,264,20210310,3,1,45,9,0,9,0,1
265,265,20210521,1,1,45,437,0,691,0,1
266,266,20211123,4,2,45,0,0,0,0,0
267,267,20221026,3,1,45,0,0,0,0,0
268,268,20210309,1,1,45,0,0,0,0,0
269,269,20210114,1,5,45,0,0,0,0,0
270,270,20220210,1,11,45,87,0,136,0,1
271,271,20260605,1,1,45,0,0,0,0,0
272,272,20211215,1,11,45,0,0,0,0,0
273,273,20211227,3,2,45,337,0,337,0,1
274,274,20220511,1,5,45,0,0,0,0,0
275,275,20230614,1,1,45,124,0,156,0,1
276,276,20220928,1,2,45,231,0,286,0,1
277,277,20221209,2,11,45,0,0,0,0,0
278,278,20221012,1,1,45,0,0,0,0,0
279,279,20221031,3,1,45,0,0,0,0,0
280,280,20221202,1,1,45,0,0,0,0,0
281,281,20221202,1,2,45,236,0,330,0,1
282,282,20220503,4,2,45,0,0,0,0,0
283,283,20210707,1,1,45,312,0,254,0,1
284,284,20210406,4,2,45,0,0,0,0,0
285,285,20210707,1,1,45,0,0,0,0,0
286,286,20200622,3,14,45,401,0,460,0,1
287,287,20200924,4,2,45,378,0,525,0,1
288,288,20201204,1,2,45,2782,503,1787,619,1
289,289,20210806,4,2,45,0,0,0,0,0
290,290,20201120,4,1,45,18,0,18,0,1
291,291,20201002,1,14,45,0,0,0,0,0
292,292,20210408,1,2,45,0,0,0,0,0
293,293,20201118,3,5,45,0,0,0,0,0
294,294,20211014,4,2,45,584,0,584,0,1
295,295,20211015,1,11,45,0,0,0,0,0
296,296,20220830,1,19,45,1030,0,1030,0,1
297,297,20211019,3,2,45,788,0,609,0,1
298,298,20210317,1,11,45,386,0,594,0,1
299,299,20240725,1,2,45,13,0,21,0,1
300,300,20220101,1,1,45,0,0,0,0,0
301,301,20221020,1,2,45,394,4,359,4,1
302,302,20230506,1,1,30,81,0,35,0,1
303,303,20210805,1,2,45,61,0,74,0,1
304,304,20221117,1,11,45,0,0,0,0,0
305,305,20221122,1,1,45,113,0,172,0,1
306,306,20220328,3,19,45,205,0,311,0,1
307,307,20220406,2,1,45,0,0,0,0,0
308,308,20220621,1,1,45,0,0,0,0,0
309,309,20220615,1,1,45,151,0,281,0,1
310,310,20210116,1,11,45,182,0,225,0,1
311,311,20220407,3,16,45,2566,0,3055,0,1
312,312,20220215,1,11,45,0,0,0,0,0
313,313,20220413,1,2,45,69,0,69,0,1
314,314,20220531,1,2,45,409,0,396,0,1
315,315,20221214,3,2,45,1450,0,2127,0,1
316,316,20220601,1,1,45,0,0,0,0,0
317,317,20221116,3,2,45,224,0,308,0,1
318,318,20221025,1,2,45,6,0,6,0,1
319,319,20211216,2,11,45,993,0,1347,0,1
320,320,20210916,1,5,45,4278,57,4278,57,1
321,321,20210819,1,1,45,109,0,109,0,1
322,322,20220524,3,11,45,158,0,173,0,1
323,323,20211111,1,1,45,132,0,152,0,1
324,324,20210204,2,2,45,67,0,73,0,1
325,325,20201110,1,1,45,53,0,46,0,1
326,326,20240130,1,11,45,6168,0,361,0,1
327,327,20200131,1,11,45,589,0,746,0,1
328,328,20240826,1,1,45,0,0,0,0,0
329,329,20200217,1,1,45,205,113,135,113,1
330,330,20210928,4,1,45,21,0,21,0,1
331,331,20210630,1,1,45,0,0,0,0,0
332,332,20211203,1,1,45,8,0,8,0,1
333,333,20200916,1,2,45,0,0,0,0,0
334,334,20201005,1,1,45,14,0,14,0,1
335,335,20220805,1,5,45,410,0,579,0,1
336,336,20210108,1,5,45,0,0,0,0,0
337,337,20210421,1,14,45,2030,1298,2379,1298,1
338,338,20210318,1,1,45,0,0,0,0,0
339,339,20210831,1,5,30,743,8,952,8,1
340,340,20210921,3,1,45,0,0,0,0,0
341,341,20211019,1,2,45,17,0,17,0,1
342,342,20220505,1,1,45,0,0,0,0,0
343,343,20211001,1,2,45,0,0,0,0,0
344,344,20220505,3,1,45,0,0,0,0,0
345,345,20220602,4,1,45,0,0,0,0,0
346,346,20220831,3,2,45,0,0,0,0,0
347,347,20200611,1,2,45,99,0,105,0,1
348,348,20200409,2,11,45,321,0,536,0,1
349,349,20201105,1,1,45,355,0,76,0,1
350,350,20210811,1,2,45,1254,0,1402,0,1
351,351,20220927,1,1,45,36,0,36,0,1
352,352,20201103,1,1,45,449,0,639,0,1
353,353,20200217,1,1,45,392,0,423,0,1
354,354,20210121,1,1,45,0,0,0,0,0
355,355,20200807,1,5,45,109,4,96,4,1
356,356,20200731,1,1,45,0,0,0,0,0
357,357,20201012,1,5,45,131,0,94,0,1
358,358,20251023,1,1,45,548,203,358,159,1
359,359,20220208,1,11,45,345,0,456,0,1
360,360,20210121,3,1,45,643,0,416,0,1
361,361,20201201,1,1,45,274,0,454,0,1
362,362,20210319,2,14,45,0,0,0,0,0
363,363,20230119,3,19,45,0,0,0,0,0
364,364,20210603,4,1,45,172,0,308,0,1
365,365,20210512,1,2,45,0,0,0,0,0
366,366,20210802,1,5,45,0,0,0,0,0
367,367,20211208,1,1,45,97,0,97,0,1
368,368,20221125,1,5,45,204,0,204,0,1
369,369,20221219,3,2,45,439,0,381,0,1
370,370,20210830,1,1,45,33,0,33,0,1
371,371,20211015,1,5,45,48,0,44,0,1
372,372,20220816,2,1,45,932,0,932,0,1
373,373,20220203,4,2,45,0,0,0,0,0
374,374,20220530,1,1,45,0,0,0,0,0
375,375,20220519,1,2,45,0,0,0,0,0
376,376,20220410,1,5,45,9140,0,6514,0,1
377,377,20220808,1,2,45,12,0,12,0,1
378,378,20220823,1,5,45,397,0,41,0,1
379,379,20221031,1,1,45,137,0,223,0,1
380,380,20200904,1,1,45,1311,8,541,8,1
381,381,20210518,3,1,45,0,0,0,0,0
382,382,20210716,3,1,45,0,0,0,0,0
383,383,20201012,1,11,45,277,0,364,0,1
384,384,20201215,3,5,45,243,0,225,0,1
385,385,20200710,4,2,45,0,0,0,0,0
386,386,20200117,3,5,45,75,0,99,0,1
387,387,20200526,1,1,45,262,0,338,0,1
388,388,20201222,1,1,45,0,0,0,0,0
389,389,20200430,4,1,45,2141,241,221,349,1
390,390,20200709,3,1,45,117,0,135,0,1
391,391,20201119,1,11,45,83,0,83,0,1
392,392,20260204,1,11,45,862,230,691,451,1
393,393,20230309,1,1,45,52,0,52,0,1
394,394,20221215,1,1,30,522,14,105,14,1
395,395,20231003,1,1,45,0,0,0,0,0
396,396,20211112,1,1,45,160,0,185,0,1
397,397,20220804,1,1,45,427,324,342,324,1
398,398,20210521,1,2,45,0,0,0,0,0
399,399,20210405,1,1,45,0,0,0,0,0
400,400,20230119,1,1,45,46,0,56,0,1
401,401,20210715,4,2,45,9,0,9,0,1
402,402,20241130,1,11,45,0,0,0,0,0
403,403,20210806,1,2,45,90,0,154,0,1
404,404,20220421,1,5,45,0,0,0,0,0
405,405,20221117,4,1,45,0,0,0,0,0
406,406,20220512,1,11,45,0,0,0,0,0
407,407,20230210,1,5,45,0,0,0,0,0
408,408,20201020,1,11,45,233,0,233,0,1
409,409,20200402,1,11,45,0,0,0,0,0
410,410,20221116,1,11,45,208,0,208,0,1
411,411,20200520,2,1,45,263,0,283,0,1
412,412,20220224,3,2,45,464,0,375,0,1
413,413,20211021,1,1,45,669,0,231,0,1
414,414,20200416,1,1,45,121,0,147,0,1
415,415,20200304,1,2,45,838,0,810,0,1
416,416,20230120,1,1,45,256,0,157,0,1
417,417,20220819,1,11,45,309,0,318,0,1
418,418,20201210,1,1,45,84,0,84,0,1
419,419,20200115,1,11,45,35,0,53,0,1
420,420,20220907,1,1,45,38,0,44,0,1
421,421,20201031,1,2,45,383,0,524,0,1
422,422,20211202,4,11,45,1528,273,579,203,1
423,423,20200801,1,5,45,0,0,0,0,0
424,424,20230201,1,1,45,232,0,340,0,1
425,425,20210121,1,1,45,46,0,47,0,1
426,426,20210615,1,1,45,737,93,269,93,1
427,427,20220126,1,1,45,0,0,0,0,0
428,428,20220321,1,2,45,73,0,73,0,1
429,429,20220803,1,14,45,1467,0,2543,0,1
430,430,20220107,1,2,45,0,0,0,0,0
431,431,20220210,1,11,45,206,0,206,0,1
432,432,20220831,1,1,45,0,0,0,0,0
433,433,20220721,1,1,45,178,0,178,0,1
434,434,20220329,1,16,45,1,0,1,0,1
435,435,20221111,1,1,45,61,0,45,0,1
436,436,20220907,1,1,45,0,0,0,0,0
437,437,20230119,1,1,45,36,0,36,0,1
438,438,20220908,1,2,45,2473,0,2474,0,1
439,439,20221010,1,18,45,0,0,0,0,0
440,440,20221031,1,1,45,0,0,0,0,0
441,441,20230120,3,5,45,0,0,0,0,0
442,442,20230126,1,5,45,3,0,3,0,1
443,443,20201117,3,11,45,1283,511,873,511,1
444,444,20200117,1,1,30,103,0,153,0,1
445,445,20200515,4,5,45,106,0,127,0,1
446,446,20200803,1,1,45,771,0,1078,0,1
447,447,20200421,1,11,45,450,0,805,0,1
448,448,20200728,1,1,45,3389,10,1035,16,1
449,449,20210325,3,1,45,509,0,637,0,1
450,450,20200423,1,15,45,581,0,502,0,1
451,451,20200220,1,1,45,1142,0,1156,0,1
452,452,20200127,1,2,45,0,0,0,0,0
453,453,20200416,1,2,45,213,0,259,0,1
454,454,20200629,1,20,60,0,0,0,0,0
455,455,20220915,1,1,45,0,0,0,0,0
456,456,20221026,1,2,45,2144,0,3271,0,1
457,457,20230815,1,2,45,578,0,637,0,1
458,458,20200814,4,5,45,0,0,0,0,0
459,459,20211130,1,1,45,259,0,390,0,1
460,460,20210520,4,2,45,0,0,0,0,0
461,461,20201023,1,11,45,0,0,0,0,0
462,462,20220426,1,1,45,213,0,283,0,1
463,463,20220315,4,11,45,5590,0,5590,0,1
464,464,20210312,4,5,45,497,130,298,144,1
465,465,20210129,3,1,45,0,0,0,0,0
466,466,20210414,1,14,45,774,0,559,0,1
467,467,20220616,1,1,45,0,0,0,0,0
468,468,20210609,1,1,45,796,273,363,273,1
469,469,20210603,1,1,45,0,0,0,0,0
470,470,20211002,1,5,45,0,0,0,0,0
471,471,20220810,1,1,30,1001,0,1001,0,1
472,472,20220720,1,2,45,1969,0,3910,0,1
473,473,20210930,1,2,45,0,0,0,0,0
474,474,20221114,3,2,45,20,0,20,0,1
475,475,20220901,1,2,45,500,0,500,0,1
476,476,20220304,1,2,45,165,242,177,242,1
477,477,20220919,1,2,45,0,0,0,0,0
478,478,20220825,1,20,18,0,0,0,0,0
479,479,20220906,3,5,45,462,0,237,0,1
480,480,20240726,1,1,45,0,0,0,0,0
481,481,20220914,1,1,45,3454,197,2716,197,1
482,482,20220727,1,5,45,1593,231,321,231,1
483,483,20251116,1,1,45,85,0,160,0,1
484,484,20200508,4,1,45,322,0,256,0,1
485,485,20201208,1,2,45,0,0,0,0,0
486,486,20210926,1,1,30,1256,1039,82,1039,1
487,487,20230815,1,11,45,70,0,70,0,1
488,488,20221220,1,1,45,0,0,0,0,0
489,489,20200204,1,5,45,603,0,693,0,1
490,490,20210615,1,14,45,0,0,0,0,0
491,491,20200311,1,1,45,726,0,726,0,1
492,492,20240405,1,1,30,551,0,551,0,1
493,493,20210106,4,2,45,8,0,8,0,1
494,494,20221201,4,1,45,0,0,0,0,0
495,495,20200424,1,2,45,0,0,0,0,0
496,496,20200925,4,16,45,200,0,200,0,1
497,497,20200818,1,1,45,187,0,187,0,1
498,498,20210128,3,2,45,335,50,407,50,1
499,499,20210318,1,16,45,28,0,28,0,1
500,500,20211007,1,2,45,0,0,0,0,0
501,501,20210620,3,5,45,46243,8423,6788,8423,1
502,502,20210322,1,1,45,797,0,634,0,1
503,503,20221212,1,5,45,0,0,0,0,0
504,504,20220311,1,1,45,507,0,507,0,1
505,505,20230726,1,1,45,536,0,591,0,1
506,506,20220318,3,1,45,147,0,183,0,1
507,507,20221025,4,11,45,0,0,0,0,0
508,508,20230119,1,1,45,0,0,0,0,0
509,509,20230713,1,1,45,1035,52,563,62,1
510,510,20200521,1,1,30,0,0,0,0,0
511,511,20220307,1,2,45,312,0,321,0,1
512,512,20200228,1,11,45,107,0,143,0,1
513,513,20200821,1,1,45,1188,33,914,33,1
514,514,20210513,3,11,45,1491,0,1187,0,1
515,515,20240118,3,1,45,137,36,113,36,1
516,516,20220622,1,1,45,1813,0,1923,0,1
517,517,20200116,1,1,45,358,0,463,0,1
518,518,20220627,1,1,45,1065,0,593,0,1
519,519,20200110,1,5,45,510,0,173,0,1
520,520,20201112,1,1,45,0,0,0,0,0
521,521,20210907,1,2,45,0,0,0,0,0
522,522,20200529,1,2,45,0,0,0,0,0
523,523,20220428,1,1,45,11,0,11,0,1
524,524,20201002,3,2,45,5651,0,110,0,1
525,525,20210204,1,2,45,158,0,213,0,1
526,526,20250304,1,1,30,1350,102,246,102,1
527,527,20220805,1,5,45,470,0,549,0,1
528,528,20221114,1,2,45,32,0,32,0,1
529,529,20221022,3,11,45,0,0,0,0,0
530,530,20220518,3,1,45,112,0,112,0,1
531,531,20220929,1,1,45,0,0,0,0,0
532,532,20221202,1,1,45,64,0,35,0,1
533,533,20230110,1,2,45,0,0,0,0,0
534,534,20221111,1,1,45,325,0,358,0,1
535,535,20221104,1,1,45,149,0,149,0,1
536,536,20231231,1,1,45,136,0,165,0,1
537,537,20230213,1,2,45,313,0,313,0,1
538,538,20221108,1,5,45,347,0,381,0,1
539,539,20221214,1,1,45,0,0,0,0,0
540,540,20230119,1,5,45,0,0,0,0,0
541,541,20230324,1,1,45,0,0,0,0,0
542,542,20221224,1,16,45,66,0,66,0,1
543,543,20230113,1,5,45,0,0,0,0,0
544,544,20210316,1,1,45,212,41,202,41,1
545,545,20210225,1,1,45,527,0,223,0,1
546,546,20240924,2,1,45,1331,144,873,215,1
547,547,20210311,4,2,45,152,0,172,0,1
548,548,20200130,3,2,45,392,0,394,0,1
549,549,20210316,1,15,45,1773,0,3395,0,1
550,550,20200727,4,2,45,490,0,490,0,1
551,551,20200310,1,11,45,110,0,110,0,1
552,552,20211116,1,19,45,138,0,267,0,1
553,553,20200228,1,11,45,70,0,70,0,1
554,554,20200505,1,1,45,0,0,0,0,0
555,555,20220428,3,1,45,267,0,305,0,1
556,556,20200319,1,2,45,70,0,62,0,1
557,557,20221208,2,2,45,0,0,0,0,0
558,558,20221017,4,11,45,21,0,21,0,1
559,559,20221115,1,16,45,723,0,846,0,1
560,560,20200708,1,1,45,0,0,0,0,0
561,561,20201011,2,1,45,0,0,0,0,0
562,562,20210617,2,2,45,83,0,83,0,1
563,563,20220414,1,11,45,627,0,473,0,1
564,564,20240621,3,5,45,287,0,568,0,1
565,565,20201005,1,11,45,0,0,0,0,0
566,566,20220108,1,1,45,0,0,0,0,0
567,567,20210830,1,1,45,284,0,337,0,1
568,568,20220303,1,2,45,301,101,203,101,1
569,569,20210916,1,2,45,882,0,1250,0,1
570,570,20221012,4,2,45,0,0,0,0,0
571,571,20220531,1,11,45,0,0,0,0,0
572,572,20220222,1,5,45,0,0,0,0,0
573,573,20220301,2,2,45,0,0,0,0,0
574,574,20220512,1,1,45,0,0,0,0,0
575,575,20220601,4,2,30,325,0,325,0,1
576,576,20230908,4,1,45,647,0,303,0,1
577,577,20230209,1,1,45,0,0,0,0,0
578,578,20221216,1,5,45,41,0,61,0,1
579,579,20221218,1,5,45,352,1,129,1,1
580,580,20220621,3,11,45,48,0,48,0,1
581,581,20230126,1,5,45,0,0,0,0,0
582,582,20221031,1,14,45,0,0,0,0,0
583,583,20231130,1,5,45,0,0,0,0,0
584,584,20231212,1,1,45,366,0,242,0,1
585,585,20201105,3,1,45,0,0,0,0,0
586,586,20220909,1,11,45,0,0,0,0,0
587,587,20221011,1,1,45,0,0,0,0,0
588,588,20200918,1,11,45,0,0,0,0,0
589,589,20210824,1,2,45,2275,0,806,0,1
590,590,20201022,1,1,45,225,0,250,0,1
591,591,20230421,1,5,45,596,0,645,0,1
592,592,20210330,3,2,45,142,0,176,0,1
593,593,20200821,1,14,45,63,0,89,0,1
594,594,20201202,1,2,45,476,18,539,18,1
595,595,20201123,1,1,45,311,0,451,0,1
596,596,20201211,1,5,45,0,0,0,0,0
597,597,20211029,1,1,45,233,0,233,0,1
598,598,20201228,1,5,45,23,0,23,0,1
599,599,20210910,3,19,45,55,0,109,0,1
600,600,20221019,4,2,45,56,0,52,0,1
601,601,20250409,1,1,45,193,0,211,0,1
602,602,20210729,1,2,45,0,0,0,0,0
603,603,20210802,1,11,45,0,0,0,0,0
604,604,20220114,1,11,45,0,0,0,0,0
605,605,20211210,4,5,45,0,0,0,0,0
606,606,20220329,3,5,45,202,0,255,0,1
607,607,20230608,1,1,45,559,0,491,0,1
608,608,20221205,1,5,45,138,0,139,0,1
609,609,20221007,1,5,45,0,0,0,0,0
610,610,20221216,1,5,45,0,0,0,0,0
611,611,20220823,1,2,30,3766,2368,250,2644,1
612,612,20221103,1,1,45,0,0,0,0,0
613,613,20200722,3,2,45,223,0,223,0,1
614,614,20200105,1,2,45,0,0,0,0,0
615,615,20221020,1,1,45,445,0,698,0,1
616,616,20220124,1,1,45,182,0,123,0,1
617,617,20230207,2,1,45,0,0,0,0,0
618,618,20210409,1,11,45,505,0,227,0,1
619,619,20240509,1,11,45,285,0,364,0,1
620,620,20200528,1,11,45,418,0,451,0,1
621,621,20200614,1,2,45,488,120,348,134,1
622,622,20210930,4,1,45,6,0,6,0,1
623,623,20210715,1,2,45,0,0,0,0,0
624,624,20200514,4,2,45,88,0,88,0,1
625,625,20220216,1,1,45,152,0,88,0,1
626,626,20211014,3,11,45,182,0,182,0,1
627,627,20201013,4,2,45,443,0,125,0,1
628,628,20200813,1,1,45,0,0,0,0,0
629,629,20220215,1,5,45,950,0,716,0,1
630,630,20200910,4,5,45,0,0,0,0,0
631,631,20201023,1,1,45,81,0,123,0,1
632,632,20201028,1,5,45,0,0,0,0,0
633,633,20210611,1,1,45,0,0,0,0,0
634,634,20240411,1,1,45,68,0,68,0,1
635,635,20210217,1,2,45,49,0,52,0,1
636,636,20210416,1,2,45,0,0,0,0,0
637,637,20210908,1,2,45,41,0,41,0,1
638,638,20210606,1,5,45,0,0,0,0,0
639,639,20240112,1,1,45,335,0,335,0,1
640,640,20221017,3,2,45,0,0,0,0,0
641,641,20220909,4,2,45,0,0,0,0,0
642,642,20211213,1,5,59,0,0,0,0,0
643,643,20221012,4,2,45,230,205,113,205,1
644,644,20220812,4,5,45,0,0,0,0,0
645,645,20221127,1,5,45,115,0,115,0,1
646,646,20221116,1,11,45,10,0,20,0,1
647,647,20200825,1,5,45,0,0,0,0,0
648,648,20211216,1,5,45,0,0,0,0,0
649,649,20210729,4,1,45,828,30,455,50,1
650,650,20200219,3,1,30,264,280,76,280,1
651,651,20210208,1,1,30,450,0,84,0,1
652,652,20210408,1,1,45,660,0,778,0,1
653,653,20211130,1,1,45,169,0,69,0,1
654,654,20200505,1,2,45,984,0,1835,0,1
655,655,20211222,1,1,45,0,0,0,0,0
656,656,20220531,4,1,45,165,0,192,0,1
657,657,20221026,3,2,45,89,0,117,0,1
658,658,20201119,3,5,45,0,0,0,0,0
659,659,20221207,1,1,45,291,0,291,0,1
660,660,20210304,4,11,45,1434,69,843,110,1
661,661,20220107,1,11,45,8,0,8,0,1
662,662,20200924,1,1,45,294,0,297,0,1
663,663,20210415,1,5,45,184,0,225,0,1
664,664,20200824,1,5,45,0,0,0,0,0
665,665,20221117,1,1,45,1110,0,1793,0,1
666,666,20201215,1,1,45,898,0,918,0,1
667,667,20211209,1,1,45,388,0,388,0,1
668,668,20210516,1,1,45,98,0,98,0,1
669,669,20231015,1,11,45,12,0,12,0,1
670,670,20210826,1,1,45,0,0,0,0,0
671,671,20221117,1,1,45,233,0,177,0,1
672,672,20210826,1,1,45,1550,334,743,334,1
673,673,20220112,1,2,45,0,0,0,0,0
674,674,20220525,3,2,45,0,0,0,0,0
675,675,20220201,1,1,45,0,0,0,0,0
676,676,20220722,1,11,45,69,0,92,0,1
677,677,20220728,1,1,45,0,0,0,0,0
678,678,20220530,1,5,45,93,0,143,0,1
679,679,20221006,1,2,45,44,0,44,0,1
680,680,20221102,1,5,45,0,0,0,0,0
681,681,20221216,1,1,45,155,0,172,0,1
682,682,20220915,1,11,45,109,0,190,0,1
683,683,20211110,3,1,45,0,0,0,0,0
684,684,20220819,1,1,45,156,0,291,0,1
685,685,20200102,1,2,45,334,0,255,0,1
686,686,20230629,1,11,45,72,0,75,0,1
687,687,20200114,1,2,45,1166,0,827,0,1
688,688,20200302,1,1,45,163,0,180,0,1
689,689,20220217,1,1,45,0,0,0,0,0
690,690,20240617,1,5,45,19,0,19,0,1
691,691,20201204,1,1,45,0,0,0,0,0
692,692,20201208,1,1,45,0,0,0,0,0
693,693,20210923,3,2,45,359,0,359,0,1
694,694,20201030,1,2,45,29,0,47,0,1
695,695,20200907,1,14,45,0,0,0,0,0
696,696,20200908,4,5,45,0,0,0,0,0
697,697,20220727,1,15,45,21,0,25,0,1
698,698,20210831,1,2,45,0,0,0,0,0
699,699,20211118,3,2,45,0,0,0,0,0
700,700,20210318,1,2,45,171,10,223,10,1
701,701,20210125,1,2,45,0,0,0,0,0
702,702,20210618,1,1,45,0,0,0,0,0
703,703,20220817,1,1,45,683,0,170,0,1
704,704,20220422,1,11,45,0,0,0,0,0
705,705,20210916,1,2,45,0,0,0,0,0
706,706,20220617,1,1,45,227,0,227,0,1
707,707,20220531,1,11,45,1351,0,1351,0,1
708,708,20221010,1,1,45,79,0,103,0,1
709,709,20221109,1,16,45,309,0,309,0,1
710,710,20240616,1,11,45,48,0,76,0,1
711,711,20221223,1,18,45,1359,0,1359,0,1
712,712,20211021,1,11,45,0,0,0,0,0
713,713,20220324,1,11,45,94,0,98,0,1
714,714,20220210,1,2,45,170,40,187,40,1
715,715,20200711,1,1,45,0,0,0,0,0
716,716,20210517,1,1,45,526,0,404,0,1
717,717,20221017,1,2,45,0,0,0,0,0
718,718,20210119,4,11,45,0,0,0,0,0
719,719,20220503,1,5,45,227,0,171,0,1
720,720,20210825,3,1,45,759,0,759,0,1
721,721,20210819,1,2,45,299,0,239,0,1
722,722,20221006,3,1,45,142,0,58,0,1
723,723,20221014,1,14,45,414,0,116,0,1
724,724,20200207,1,2,45,1036,0,1627,0,1
725,725,20200117,3,5,45,5,0,5,0,1
726,726,20210415,4,1,45,352,0,327,0,1
727,727,20201110,1,1,45,155,0,182,0,1
728,728,20200731,1,11,45,131,0,135,0,1
729,729,20211207,1,1,45,363,0,528,0,1
730,730,20210420,1,1,45,0,0,0,0,0
731,731,20200802,1,1,30,11,12,11,12,1
732,732,20200806,1,1,45,0,0,0,0,0
733,733,20210804,1,1,45,0,0,0,0,0
734,734,20201019,4,5,45,0,0,0,0,0
735,735,20220713,1,11,45,232,4303,80,4303,1
736,736,20210107,1,5,45,0,0,0,0,0
737,737,20211216,3,11,45,768,0,768,0,1
738,738,20201223,1,1,45,66,0,84,0,1
739,739,20230726,1,1,45,640,0,851,0,1
740,740,20201230,1,11,45,3385,0,3768,0,1
741,741,20210103,1,11,45,0,0,0,0,0
742,742,20210212,2,5,45,242,0,119,0,1
743,743,20210319,1,2,45,0,0,0,0,0
744,744,20211215,1,2,45,212,0,212,0,1
745,745,20240904,1,1,45,100,0,110,0,1
746,746,20210816,1,5,45,16,0,16,0,1
747,747,20211002,1,2,45,0,0,0,0,0
748,748,20230213,3,1,45,551,0,520,0,1
749,749,20211030,1,2,45,136,0,136,0,1
750,750,20250521,1,1,45,898,0,898,0,1
751,751,20220916,1,2,45,0,0,0,0,0
752,752,20211126,1,5,45,121,0,121,0,1
753,753,20220818,1,14,45,0,0,0,0,0
754,754,20220421,4,2,45,0,0,0,0,0
755,755,20221208,1,1,45,485,0,359,0,1
756,756,20220904,1,1,45,0,0,0,0,0
757,757,20220818,1,1,45,0,0,0,0,0
758,758,20220809,3,5,45,0,0,0,0,0
759,759,20230414,1,2,45,12,0,12,0,1
760,760,20220929,1,1,45,1441,0,1425,0,1
761,761,20221216,1,2,45,166,0,243,0,1
762,762,20200812,1,11,45,253,0,169,0,1
763,763,20211019,4,1,45,0,0,0,0,0
764,764,20210805,2,11,45,3718,0,5115,0,1
765,765,20211101,1,5,45,984,0,984,0,1
766,766,20210312,4,1,45,941,0,1149,0,1
767,767,20200403,1,1,45,352,0,462,0,1
768,768,20200113,1,1,45,135,0,33,0,1
769,769,20220826,1,11,45,1724,0,1724,0,1
770,770,20200903,1,1,45,303,0,178,0,1
771,771,20200709,4,2,45,724,0,724,0,1
772,772,20210225,1,1,45,0,0,0,0,0
773,773,20211001,3,2,45,0,0,0,0,0
774,774,20230210,1,5,45,14,0,16,0,1
775,775,20210822,1,1,45,0,0,0,0,0
776,776,20220406,4,1,45,8,0,8,0,1
777,777,20220304,1,2,45,0,0,0,0,0
778,778,20220428,1,2,45,0,0,0,0,0
779,779,20220703,1,5,45,982,0,1135,0,1
780,780,20221208,1,1,45,0,0,0,0,0
781,781,20230223,1,1,45,0,0,0,0,0
782,782,20221019,3,5,45,0,0,0,0,0
783,783,20221116,1,2,45,0,0,0,0,0
784,784,20210316,1,1,45,356,0,389,0,1
785,785,20201117,1,2,45,68,0,63,0,1
786,786,20200617,1,2,45,55,0,55,0,1
787,787,20220214,1,5,45,517,0,664,0,1
788,788,20211105,2,1,45,505,0,514,0,1
789,789,20200724,1,2,45,1091,112,985,112,1
790,790,20210126,1,16,45,1262,0,557,0,1
791,791,20200711,1,5,45,267,0,502,0,1
792,792,20200403,1,1,45,0,0,0,0,0
793,793,20200828,1,11,45,0,0,0,0,0
794,794,20240404,1,1,45,390,0,285,0,1
795,795,20221104,1,11,45,30,0,33,0,1
796,796,20221115,1,2,45,0,0,0,0,0
797,797,20210519,1,2,45,396,0,522,0,1
798,798,20220415,1,2,45,202,0,202,0,1
799,799,20210506,4,2,45,3194,0,3194,0,1
800,800,20201214,1,2,45,2565,0,3798,0,1
801,801,20210208,1,1,45,77,0,77,0,1
802,802,20240119,1,1,45,0,0,0,0,0
803,803,20220329,1,1,45,25,0,25,0,1
804,804,20241129,1,11,45,0,0,0,0,0
805,805,20240910,1,1,45,112,0,112,0,1
806,806,20220421,1,15,45,818,17,711,17,1
807,807,20220524,4,2,45,50,0,50,0,1
808,808,20210930,1,2,45,0,0,0,0,0
809,809,20220901,4,2,45,0,0,0,0,0
810,810,20221011,3,16,45,384,0,257,0,1
811,811,20231222,1,1,45,0,0,0,0,0
812,812,20250110,1,1,45,518,0,498,0,1
813,813,20220726,1,2,45,497,0,497,0,1
814,814,20221010,1,2,45,0,0,0,0,0
815,815,20221001,2,1,45,69,0,69,0,1
816,816,20220920,1,1,45,0,0,0,0,0
817,817,20230220,1,2,45,0,0,0,0,0
818,818,20221202,1,1,45,106,0,130,0,1
819,819,20221203,3,1,45,169,0,169,0,1
820,820,20230106,1,1,45,0,0,0,0,0
821,821,20210429,1,1,45,183,13,252,13,1
822,822,20200326,1,1,45,61,0,119,0,1
823,823,20200114,3,11,45,222,0,265,0,1
824,824,20211213,1,5,45,0,0,0,0,0
825,825,20200730,3,1,45,0,0,0,0,0
826,826,20210921,1,2,45,0,0,0,0,0
827,827,20210804,1,1,45,40,0,47,0,1
828,828,20220830,1,14,45,0,0,0,0,0
829,829,20211117,4,2,45,155,0,215,0,1
830,830,20220331,3,2,45,706,185,351,188,1
831,831,20211013,3,2,45,346,0,346,0,1
832,832,20210917,4,2,45,193,0,134,0,1
833,833,20200624,1,1,45,538,0,1074,0,1
834,834,20200820,3,5,45,0,0,0,0,0
835,835,20201015,3,2,45,0,0,0,0,0
836,836,20220107,1,1,45,592,0,534,0,1
837,837,20210423,1,1,45,0,0,0,0,0
838,838,20210618,1,5,45,31,0,31,0,1
839,839,20220119,1,1,45,0,0,0,0,0
840,840,20211117,1,5,45,0,0,0,0,0
841,841,20221025,1,11,45,26,0,26,0,1
842,842,20220811,4,11,45,0,0,0,0,0
843,843,20221113,1,2,45,0,0,0,0,0
844,844,20230116,1,2,45,0,0,0,0,0
845,845,20221101,1,1,45,0,0,0,0,0
846,846,20210125,1,1,30,0,0,0,0,0
847,847,20200430,1,1,45,538,0,613,0,1
848,848,20211221,4,2,45,263,0,263,0,1
849,849,20200812,1,1,45,93,0,112,0,1
850,850,20220318,1,1,45,0,0,0,0,0
851,851,20220222,4,11,45,0,0,0,0,0
852,852,20221108,4,11,45,0,0,0,0,0
853,853,20230118,4,1,45,155,0,112,0,1
854,854,20211112,1,2,30,0,0,0,0,0
855,855,20210712,1,5,45,39,0,26,0,1
856,856,20220617,1,2,45,166,0,166,0,1
857,857,20221215,1,1,45,0,0,0,0,0
858,858,20220304,1,5,45,0,0,0,0,0
859,859,20211221,1,5,45,0,0,0,0,0
860,860,20221026,1,1,45,0,0,0,0,0
861,861,20220421,1,1,45,0,0,0,0,0
862,862,20220503,1,1,45,211,0,199,0,1
863,863,20220629,1,14,45,0,0,0,0,0
864,864,20240726,1,2,45,242,0,251,0,1
865,865,20221031,2,2,45,0,0,0,0,0
866,866,20220906,1,2,45,0,0,0,0,0
867,867,20210212,3,5,45,54,0,62,0,1
868,868,20220120,1,5,45,248,0,469,0,1
869,869,20200402,4,11,45,734,0,1213,0,1
870,870,20221102,1,5,45,104,30,134,30,1
871,871,20220429,1,5,45,0,0,0,0,0
872,872,20230917,3,19,45,0,0,0,0,0
873,873,20230525,1,2,45,865,0,442,0,1
874,874,20200716,2,1,45,217,0,282,0,1
875,875,20230119,1,11,45,2418,0,2418,0,1
876,876,20201001,1,2,45,340,1,13,1,1
877,877,20210310,1,15,45,6799,0,13248,0,1
878,878,20200916,1,11,45,404,0,459,0,1
879,879,20200321,1,2,45,149,0,160,0,1
880,880,20200401,1,1,45,0,0,0,0,0
881,881,20200807,1,1,45,5348,0,5348,0,1
882,882,20220526,1,1,45,0,0,0,0,0
883,883,20240123,1,1,45,243,0,336,0,1
884,884,20210305,1,5,45,0,0,0,0,0
885,885,20210125,1,5,45,0,0,0,0,0
886,886,20210208,1,2,45,54,0,54,0,1
887,887,20210924,4,2,45,0,0,0,0,0
888,888,20210903,3,2,45,0,0,0,0,0
889,889,20220916,3,2,45,5225,670,1909,670,1
890,890,20231105,3,11,45,1507,0,2019,0,1
891,891,20211203,1,5,45,314,0,233,0,1
892,892,20220914,4,2,45,0,0,0,0,0
893,893,20220414,1,5,45,49,0,49,0,1
894,894,20250915,1,1,45,0,0,0,0,0
895,895,20220519,1,1,45,58,0,58,0,1
896,896,20230203,1,1,45,0,0,0,0,0
897,897,20210430,2,1,45,112,0,40,0,1
898,898,20210305,2,1,45,443,0,626,0,1
899,899,20200130,1,1,45,365,0,130,0,1
900,900,20200726,1,1,45,0,0,0,0,0
901,901,20200417,1,5,45,27,0,27,0,1
902,902,20210913,4,14,45,726,0,297,0,1
903,903,20200224,1,2,45,34,0,35,0,1
904,904,20220804,1,1,45,844,4,715,4,1
905,905,20200905,1,2,45,89,0,76,0,1
906,906,20201005,1,5,45,0,0,0,0,0
907,907,20201211,1,2,45,209,0,168,0,1
908,908,20210514,2,11,45,103,0,107,0,1
909,909,20201030,1,1,45,49,0,49,0,1
910,910,20260808,1,1,45,0,0,0,0,0
911,911,20220530,1,1,45,321,0,436,0,1
912,912,20211104,1,11,45,14,0,14,0,1
913,913,20210218,1,5,45,0,0,0,0,0
914,914,20211014,1,2,30,95,0,101,0,1
915,915,20221020,1,11,45,0,0,0,0,0
916,916,20210126,2,11,45,0,0,0,0,0
917,917,20210323,1,5,45,0,0,0,0,0
918,918,20210416,1,1,45,0,0,0,0,0
919,919,20231029,2,11,45,0,0,0,0,0
920,920,20221004,1,15,45,255,212,381,212,1
921,921,20220510,3,5,45,0,0,0,0,0
922,922,20220707,1,5,45,0,0,0,0,0
923,923,20230619,1,1,45,14,0,14,0,1
924,924,20220727,3,5,45,0,0,0,0,0
925,925,20220724,1,5,45,247,0,247,0,1
926,926,20230215,1,1,45,0,0,0,0,0
927,927,20230112,1,1,45,2409,517,627,147,1
928,928,20230115,1,5,45,266,0,378,0,1
929,929,20200305,4,1,45,0,0,0,0,0
930,930,20210929,1,1,45,347,0,493,0,1
931,931,20210326,4,16,45,182,0,225,0,1
932,932,20201001,1,5,45,618,0,564,0,1
933,933,20210924,1,2,45,1476,0,1871,0,1
934,934,20200220,1,11,45,606,0,1029,0,1
935,935,20221130,4,1,45,0,0,0,0,0
936,936,20200615,1,1,45,118,0,127,0,1
937,937,20210204,1,1,45,344,0,187,0,1
938,938,20201014,3,1,45,0,0,0,0,0
939,939,20200814,1,1,45,0,0,0,0,0
940,940,20210622,1,11,45,25,0,40,0,1
941,941,20200526,4,2,45,79,0,79,0,1
942,942,20201030,3,5,45,627,0,584,0,1
943,943,20211022,4,1,45,288,0,326,0,1
944,944,20220215,1,2,45,0,0,0,0,0
945,945,20211013,1,2,45,211,0,211,0,1
946,946,20210111,2,16,45,101,0,101,0,1
947,947,20201224,1,5,45,219,0,219,0,1
948,948,20210805,4,2,45,298,0,298,0,1
949,949,20210612,1,1,45,35,0,61,0,1
950,950,20210618,1,5,45,0,0,0,0,0
951,951,20211021,1,16,45,36,0,36,0,1
952,952,20220124,1,11,45,46,0,46,0,1
953,953,20211009,3,1,45,0,0,0,0,0
954,954,20221209,1,2,45,0,0,0,0,0
955,955,20220113,1,1,45,0,0,0,0,0
956,956,20211118,1,2,45,0,0,0,0,0
957,957,20220922,1,5,45,0,0,0,0,0
958,958,20221018,1,1,45,277,115,225,151,1
959,959,20221004,3,2,45,0,0,0,0,0
960,960,20210704,1,1,45,112,0,112,0,1
961,961,20220601,1,2,45,49,0,90,0,1
962,962,20240711,1,1,45,2213,2476,2699,2476,1
963,963,20220302,1,1,45,0,0,0,0,0
964,964,20220921,1,2,45,1331,0,2067,0,1
965,965,20200416,1,1,45,1008,0,1283,0,1
966,966,20210318,1,1,45,11,0,11,0,1
967,967,20210316,1,2,45,58,0,64,0,1
968,968,20200929,1,1,45,0,0,0,0,0
969,969,20200804,1,11,45,245,0,283,0,1
970,970,20220406,1,5,45,170,0,185,0,1
971,971,20211108,1,14,45,1652,0,2088,0,1
972,972,20201109,1,11,45,0,0,0,0,0
973,973,20210203,1,1,45,0,0,0,0,0
974,974,20220519,1,5,45,96,0,96,0,1
975,975,20211214,1,1,45,293,8,211,8,1
976,976,20220511,1,1,45,3,0,3,0,1
977,977,20210826,1,2,45,311,0,392,0,1
978,978,20220211,1,2,45,182,0,300,0,1
979,979,20230110,1,1,45,0,0,0,0,0
980,980,20221215,1,1,45,125,0,125,0,1
981,981,20220713,3,14,45,0,0,0,0,0
982,982,20221020,1,1,45,0,0,0,0,0
983,983,20211106,1,1,45,80,0,80,0,1
984,984,20211014,1,2,45,0,0,0,0,0
985,985,20220329,1,2,45,343,0,343,0,1
986,986,20230213,3,2,45,262,0,352,0,1
987,987,20220726,1,19,45,0,0,0,0,0
988,988,20221130,1,1,45,0,0,0,0,0
989,989,20221116,1,2,45,0,0,0,0,0
990,990,20200408,1,1,45,956,0,795,0,1
991,991,20210414,3,11,30,1226,0,216,0,1
992,992,20200615,1,1,45,0,0,0,0,0
993,993,20200616,4,19,45,898,0,529,0,1
994,994,20201022,4,1,45,230,0,176,0,1
995,995,20210930,4,16,45,543,0,543,0,1
996,996,20210120,1,1,45,4,0,4,0,1
997,997,20201006,3,19,45,509,0,470,0,1
998,998,20221012,3,5,45,69,0,69,0,1
999,999,20220929,3,1,45,76,0,137,0,1
1000,1000,20210812,3,11,45,0,0,0,0,0
1001,1001,20201109,1,1,45,0,0,0,0,0
1002,1002,20200109,1,1,45,87,18,20,18,1
1003,1003,20201028,1,1,45,689,0,636,0,1
1004,1004,20200805,1,5,30,382,0,382,0,1
1005,1005,20211110,1,1,45,527,1,427,1,1
1006,1006,20200611,4,1,45,0,0,0,0,0
1007,1007,20221005,3,1,45,0,0,0,0,0
1008,1008,20220117,1,1,45,257,0,133,0,1
1009,1009,20201219,1,2,45,5,0,5,0,1
1010,1010,20210225,1,1,45,0,0,0,0,0
1011,1011,20230407,1,1,45,216,5,260,5,1
1012,1012,20220721,1,1,45,0,0,0,0,0
1013,1013,20210217,1,1,45,8,0,8,0,1
1014,1014,20211112,1,2,45,339,0,550,0,1
1015,1015,20211203,4,2,45,0,0,0,0,0
1016,1016,20220127,1,1,45,679,0,679,0,1
1017,1017,20221130,3,5,45,0,0,0,0,0
1018,1018,20211120,1,5,45,0,0,0,0,0
1019,1019,20220121,3,2,45,19,0,19,0,1
1020,1020,20220405,1,11,45,0,0,0,0,0
1021,1021,20220323,1,1,45,969,0,578,0,1
1022,1022,20220713,1,2,45,538,1052,388,1052,1
1023,1023,20231205,1,1,45,0,0,0,0,0
1024,1024,20220825,1,16,45,115,0,115,0,1
1025,1025,20241028,1,1,45,31,0,31,0,1
1026,1026,20231124,4,5,45,191,0,307,0,1
1027,1027,20200206,2,2,45,2591,964,543,1027,1
1028,1028,20250923,4,5,45,348,0,369,0,1
1029,1029,20210728,1,2,45,341,167,321,273,1
1030,1030,20220808,4,11,45,690,0,690,0,1
1031,1031,20210728,3,5,45,1146,0,1789,0,1
1032,1032,20200512,3,1,45,286,0,239,0,1
1033,1033,20200605,2,5,45,235,1,122,1,1
1034,1034,20200723,3,2,45,376,0,271,0,1
1035,1035,20220921,1,2,45,314,130,160,130,1
1036,1036,20210901,1,2,45,200,0,207,0,1
1037,1037,20200417,4,2,45,129,0,129,0,1
1038,1038,20220527,1,11,45,0,0,0,0,0
1039,1039,20220324,1,1,45,3,0,4,0,1
1040,1040,20200604,1,1,45,240,80,108,80,1
1041,1041,20200803,1,1,30,114,0,138,0,1
1042,1042,20200429,1,1,45,0,0,0,0,0
1043,1043,20211022,1,1,45,117,0,117,0,1
1044,1044,20211104,1,2,45,341,0,84,0,1
1045,1045,20201023,4,1,45,0,0,0,0,0
1046,1046,20210831,1,11,45,129,0,129,0,1
1047,1047,20201204,2,2,45,0,0,0,0,0
1048,1048,20210221,1,11,45,29,0,39,0,1
1049,1049,20211021,1,2,45,531,0,425,0,1
1050,1050,20210203,4,2,45,631,0,631,0,1
1051,1051,20210401,1,16,45,0,0,0,0,0
1052,1052,20221104,1,2,45,686,0,688,0,1
1053,1053,20220331,1,5,45,0,0,0,0,0
1054,1054,20220921,3,2,45,0,0,0,0,0
1055,1055,20220428,3,16,45,0,0,0,0,0
1056,1056,20220421,1,11,45,664,0,461,0,1
1057,1057,20220505,1,2,45,442,0,561,0,1
1058,1058,20220613,2,1,45,0,0,0,0,0
1059,1059,20201008,3,11,45,404,0,541,0,1
1060,1060,20221020,1,14,45,3671,654,2376,235,1
1061,1061,20200507,1,2,45,157,0,116,0,1
1062,1062,20200313,1,1,45,140,0,168,0,1
1063,1063,20210127,1,2,45,154,2,121,2,1
1064,1064,20210331,1,5,45,82,0,82,0,1
1065,1065,20211021,1,5,45,110,0,128,0,1
1066,1066,20200930,3,5,30,0,0,0,0,0
1067,1067,20201113,4,2,45,153,24,155,24,1
1068,1068,20210323,3,2,45,176,0,167,0,1
1069,1069,20210520,3,16,45,0,0,0,0,0
1070,1070,20210305,1,11,45,776,0,776,0,1
1071,1071,20220802,2,1,45,781,0,896,0,1
1072,1072,20220110,2,16,45,156,0,156,0,1
1073,1073,20230811,1,1,45,285,57,154,57,1
1074,1074,20211111,1,1,45,0,0,0,0,0
1075,1075,20210730,4,2,45,0,0,0,0,0
1076,1076,20221110,1,1,45,0,0,0,0,0
1077,1077,20220426,1,1,45,17,0,23,0,1
1078,1078,20220217,1,1,45,57,3,57,3,1
1079,1079,20220210,1,19,45,110,0,110,0,1
1080,1080,20230411,1,1,45,739,0,739,0,1
1081,1081,20221011,1,5,45,40,0,40,0,1
1082,1082,20230213,1,1,45,116,1,34,1,1
1083,1083,20230627,1,1,45,0,0,0,0,0
1084,1084,20210608,1,1,45,680,443,186,829,1
1085,1085,20220427,1,1,45,210,0,210,0,1
1086,1086,20211019,3,1,45,1009,0,1466,0,1
1087,1087,20200102,3,2,45,435,0,599,0,1
1088,1088,20200406,1,1,45,268,0,268,0,1
1089,1089,20200106,1,2,45,227,0,157,0,1
1090,1090,20231101,1,11,45,158,0,158,0,1
1091,1091,20210610,3,2,45,2360,0,4318,0,1
1092,1092,20220830,3,2,45,336,79,323,120,1
1093,1093,20200917,3,16,45,7414,0,13311,0,1
1094,1094,20200930,3,1,45,238,0,238,0,1
1095,1095,20201120,1,2,45,0,0,0,0,0
1096,1096,20210315,1,1,45,0,0,0,0,0
1097,1097,20230105,1,11,45,239,0,239,0,1
1098,1098,20210903,1,5,45,148,0,93,0,1
1099,1099,20210409,1,1,45,0,0,0,0,0
1100,1100,20221214,1,2,45,179,0,198,0,1
1101,1101,20250527,1,16,45,237,0,303,0,1
1102,1102,20220826,1,1,45,0,0,0,0,0
1103,1103,20211201,1,16,45,5522,0,5522,0,1
1104,1104,20220221,4,5,45,493,0,554,0,1
1105,1105,20220314,1,2,45,239,0,318,0,1
1106,1106,20230815,1,1,45,0,0,0,0,0
1107,1107,20220809,1,1,45,6,0,6,0,1
1108,1108,20240409,4,11,45,0,0,0,0,0
1109,1109,20230214,1,14,45,4899,0,6607,0,1
1110,1110,20230210,1,2,45,0,0,0,0,0
1111,1111,20200309,1,11,45,364,0,364,0,1
1112,1112,20200917,3,16,45,9788,197,1917,322,1
1113,1113,20200515,1,1,45,18,0,21,0,1
1114,1114,20200415,1,2,45,0,0,0,0,0
1115,1115,20200826,4,1,45,48,0,48,0,1
1116,1116,20210720,1,1,45,478,0,709,0,1
1117,1117,20210729,1,1,45,316,120,178,120,1
1118,1118,20220113,1,5,45,0,0,0,0,0
1119,1119,20200925,1,1,45,1075,0,2107,0,1
1120,1120,20200831,1,5,45,293,0,293,0,1
1121,1121,20220215,1,1,45,0,0,0,0,0
1122,1122,20221218,4,2,45,0,0,0,0,0
1123,1123,20200507,4,9,45,0,0,0,0,0
1124,1124,20200415,1,2,45,0,0,0,0,0
1125,1125,20220610,1,1,45,97,0,78,0,1
1126,1126,20220928,1,1,45,456,0,263,0,1
1127,1127,20201106,1,1,45,0,0,0,0,0
1128,1128,20200521,1,2,45,37,0,52,0,1
1129,1129,20211212,3,2,45,197,0,300,0,1
1130,1130,20211125,1,1,30,0,0,0,0,0
1131,1131,20210306,1,2,45,55,0,76,0,1
1132,1132,20201125,1,2,45,0,0,0,0,0
1133,1133,20210325,1,1,45,0,0,0,0,0
1134,1134,20210121,1,16,45,947,0,1748,0,1
1135,1135,20220628,1,2,45,0,0,0,0,0
1136,1136,20220209,1,2,45,876,0,1308,0,1
1137,1137,20220714,1,1,45,0,0,0,0,0
1138,1138,20220801,1,1,45,1522,0,1522,0,1
1139,1139,20220324,1,11,45,0,0,0,0,0
1140,1140,20210810,3,5,45,0,0,0,0,0
1141,1141,20211007,1,1,45,251,6,191,6,1
1142,1142,20220727,1,1,45,704,0,704,0,1
1143,1143,20220201,1,1,45,0,0,0,0,0
1144,1144,20220111,4,11,45,0,0,0,0,0
1145,1145,20220511,2,11,45,0,0,0,0,0
1146,1146,20220301,1,5,45,0,0,0,0,0
1147,1147,20230411,1,1,45,0,0,0,0,0
1148,1148,20221218,1,5,45,3081,0,3178,0,1
1149,1149,20221010,1,1,45,0,0,0,0,0
1150,1150,20200228,1,1,45,595,0,924,0,1
1151,1151,20210402,1,2,45,0,0,0,0,0
1152,1152,20200423,1,2,45,877,0,1095,0,1
1153,1153,20200326,4,2,45,391,0,427,0,1
1154,1154,20200522,1,11,45,0,0,0,0,0
1155,1155,20220822,2,19,45,0,0,0,0,0
1156,1156,20210820,4,1,45,302,0,302,0,1
1157,1157,20201210,3,2,45,14,0,14,0,1
1158,1158,20201013,1,19,45,0,0,0,0,0
1159,1159,20201117,1,16,45,0,0,0,0,0
1160,1160,20210515,1,5,45,0,0,0,0,0
1161,1161,20220512,1,11,45,0,0,0,0,0
1162,1162,20211022,1,2,45,967,0,967,0,1
1163,1163,20211027,1,5,45,0,0,0,0,0
1164,1164,20211021,1,1,45,412,2,542,2,1
1165,1165,20220127,1,1,45,277,0,277,0,1
1166,1166,20211218,4,5,45,1170,0,1170,0,1
1167,1167,20221110,3,11,45,846,0,846,0,1
1168,1168,20220329,1,14,45,990,0,626,0,1
1169,1169,20221111,1,2,45,0,0,0,0,0
1170,1170,20221216,1,5,45,0,0,0,0,0
1171,1171,20230531,1,1,45,4111,0,5882,0,1
1172,1172,20250530,1,1,45,412,1,398,1,1
1173,1173,20230105,1,11,45,0,0,0,0,0
1174,1174,20220714,1,1,45,0,0,0,0,0
1175,1175,20260803,1,11,45,1031,94,186,94,1
1176,1176,20220809,1,1,45,0,0,0,0,0
1177,1177,20201030,3,5,45,1090,0,1090,0,1
1178,1178,20210216,1,2,45,103,0,103,0,1
1179,1179,20200228,1,1,45,34,0,63,0,1
1180,1180,20200403,1,1,45,0,0,0,0,0
1181,1181,20200523,1,1,45,0,0,0,0,0
1182,1182,20210107,1,1,45,0,0,0,0,0
1183,1183,20200616,4,5,45,125,0,125,0,1
1184,1184,20230210,1,1,45,0,0,0,0,0
1185,1185,20230105,1,1,45,13,0,13,0,1
1186,1186,20201012,1,1,45,165,67,165,67,1
1187,1187,20200930,1,5,45,312,0,312,0,1
1188,1188,20220531,1,2,45,1303,0,1344,0,1
1189,1189,20210107,4,1,45,122,0,122,0,1
1190,1190,20221206,1,1,45,439,0,871,0,1
1191,1191,20220729,1,1,45,164,0,164,0,1
1192,1192,20210201,3,2,45,0,0,0,0,0
1193,1193,20210405,3,5,45,0,0,0,0,0
1194,1194,20211208,1,2,45,184,0,332,0,1
1195,1195,20220711,1,19,45,2253,0,2512,0,1
1196,1196,20220612,1,2,45,404,0,431,0,1
1197,1197,20220930,1,19,45,0,0,0,0,0
1198,1198,20220722,4,5,45,271,14,349,14,1
1199,1199,20221026,1,1,45,0,0,0,0,0
1200,1200,20231102,2,2,45,0,0,0,0,0
1201,1201,20230209,1,1,30,0,0,0,0,0
1202,1202,20240112,1,1,45,0,0,0,0,0
1203,1203,20200410,4,5,45,1183,629,528,629,1
1204,1204,20220414,1,1,45,0,0,0,0,0
1205,1205,20221109,1,11,45,1102,0,1102,0,1
1206,1206,20220107,1,2,45,0,0,0,0,0
1207,1207,20200508,4,1,45,616,0,616,0,1
1208,1208,20200130,1,11,45,637,0,668,0,1
1209,1209,20200225,1,2,45,77,0,77,0,1
1210,1210,20240117,1,1,45,1336,715,763,715,1
1211,1211,20200131,1,16,45,0,0,0,0,0
1212,1212,20200907,1,1,45,0,0,0,0,0
1213,1213,20230216,1,1,45,1169,0,1226,0,1
1214,1214,20210216,1,11,45,51,0,51,0,1
1215,1215,20210528,1,5,45,10432,0,241,0,1
1216,1216,20210827,1,1,45,1335,0,1580,0,1
1217,1217,20231205,1,1,45,2346,186,500,289,1
1218,1218,20221006,1,1,45,0,0,0,0,0
1219,1219,20210717,1,1,45,0,0,0,0,0
1220,1220,20210810,1,5,45,133,3,163,3,1
1221,1221,20220209,1,1,45,0,0,0,0,0
1222,1222,20230908,3,2,45,277,0,277,0,1
1223,1223,20221027,3,1,45,0,0,0,0,0
1224,1224,20221031,3,5,45,0,0,0,0,0
1225,1225,20220428,1,1,45,0,0,0,0,0
1226,1226,20231111,1,2,45,7,0,7,0,1
1227,1227,20221117,1,5,45,30,0,30,0,1
1228,1228,20221214,1,1,45,0,0,0,0,0
1229,1229,20221025,1,2,45,0,0,0,0,0
1230,1230,20221017,4,11,45,0,0,0,0,0
1231,1231,20230105,1,5,45,1487,0,2114,0,1
1232,1232,20201104,1,16,45,300,0,260,0,1
1233,1233,20210602,3,16,45,176,0,176,0,1
1234,1234,20200226,4,2,45,6,0,6,0,1
1235,1235,20200724,1,1,45,31,0,31,0,1
1236,1236,20220420,1,1,45,316,0,364,0,1
1237,1237,20200129,1,1,45,534,0,161,0,1
1238,1238,20210325,4,1,45,0,0,0,0,0
1239,1239,20200615,1,16,45,0,0,0,0,0
1240,1240,20200709,1,19,45,0,0,0,0,0
1241,1241,20220505,1,19,45,260,0,236,0,1
1242,1242,20221013,1,1,45,72,0,72,0,1
1243,1243,20210226,3,19,45,720,0,720,0,1
1244,1244,20210623,3,5,45,0,0,0,0,0
1245,1245,20230111,1,1,45,219,0,420,0,1
1246,1246,20220803,4,11,45,0,0,0,0,0
1247,1247,20211001,1,5,45,0,0,0,0,0
1248,1248,20221209,1,1,45,244,0,385,0,1
1249,1249,20220204,1,2,30,58,0,63,0,1
1250,1250,20220313,3,2,45,411,0,684,0,1
1251,1251,20220618,1,11,45,0,0,0,0,0
1252,1252,20230113,1,5,30,0,0,0,0,0
1253,1253,20220919,1,1,30,0,0,0,0,0
1254,1254,20230111,1,2,45,2772,179,921,303,1
1255,1255,20220621,1,1,45,266,0,324,0,1
1256,1256,20210415,4,2,45,1066,0,1005,0,1
1257,1257,20210727,4,1,45,0,0,0,0,0
1258,1258,20210919,1,2,45,0,0,0,0,0
1259,1259,20200109,3,2,45,244,3972,156,3972,1
1260,1260,20200910,1,2,45,182,0,210,0,1
1261,1261,20240610,1,1,45,0,0,0,0,0
1262,1262,20200821,1,1,45,0,0,0,0,0
1263,1263,20251210,3,11,45,980,4,997,4,1
1264,1264,20200625,1,16,45,1499,0,382,0,1
1265,1265,20210527,1,1,45,1594,0,1389,0,1
1266,1266,20230823,2,11,45,0,0,0,0,0
1267,1267,20201005,1,2,45,0,0,0,0,0
1268,1268,20210416,1,2,45,1312,5,1706,5,1
1269,1269,20201022,1,2,45,53,0,78,0,1
1270,1270,20210309,1,11,45,27,0,37,0,1
1271,1271,20210311,1,1,45,340,0,529,0,1
1272,1272,20201122,1,2,45,0,0,0,0,0
1273,1273,20210524,1,2,45,0,0,0,0,0
1274,1274,20220603,1,5,45,445,0,445,0,1
1275,1275,20230904,1,16,45,332,3,450,3,1
1276,1276,20210725,1,16,45,0,0,0,0,0
1277,1277,20210301,1,2,45,0,0,0,0,0
1278,1278,20220523,1,1,45,199,0,252,0,1
1279,1279,20210623,1,2,45,0,0,0,0,0
1280,1280,20220915,1,1,45,97,0,97,0,1
1281,1281,20230324,1,1,45,10,0,12,0,1
1282,1282,20220404,4,16,45,308,0,308,0,1
1283,1283,20260602,4,16,45,720,0,720,0,1
1284,1284,20220924,1,11,45,0,0,0,0,0
1285,1285,20220927,3,5,45,0,0,0,0,0
1286,1286,20221014,1,2,45,0,0,0,0,0
1287,1287,20230207,1,1,45,0,0,0,0,0
1288,1288,20191122,1,1,45,277,0,248,0,1
1289,1289,20221120,1,16,45,604,0,424,0,1
1290,1290,20220914,1,1,45,183,61,66,61,1
1291,1291,20210930,1,1,45,0,0,0,0,0
1292,1292,20200917,3,1,45,1525,46,537,46,1
1293,1293,20201029,3,5,45,221,0,263,0,1
1294,1294,20220215,1,5,45,2,0,2,0,1
1295,1295,20200619,1,1,45,0,0,0,0,0
1296,1296,20200910,1,1,45,333,0,647,0,1
1297,1297,20210608,1,15,45,53,0,63,0,1
1298,1298,20200402,3,11,45,279,0,279,0,1
1299,1299,20210730,4,11,45,186,0,186,0,1
1300,1300,20220526,4,2,45,212,0,213,0,1
1301,1301,20220512,1,11,45,117,0,114,0,1
1302,1302,20201015,2,1,45,21,0,21,0,1
1303,1303,20200717,1,1,45,0,0,0,0,0
1304,1304,20211021,1,1,45,0,0,0,0,0
1305,1305,20201117,1,1,45,207,0,141,0,1
1306,1306,20220324,1,1,45,888,0,504,0,1
1307,1307,20220126,2,1,45,14,0,14,0,1
1308,1308,20210527,3,11,45,0,0,0,0,0
1309,1309,20210225,3,2,45,0,0,0,0,0
1310,1310,20210325,3,11,45,0,0,0,0,0
1311,1311,20211013,4,11,45,32871,6886,38249,6886,1
1312,1312,20211115,3,11,45,0,0,0,0,0
1313,1313,20221103,4,1,45,0,0,0,0,0
1314,1314,20220329,3,11,45,45,0,82,0,1
1315,1315,20220113,1,1,45,0,0,0,0,0
1316,1316,20221027,3,2,45,0,0,0,0,0
1317,1317,20230214,1,1,45,7,0,7,0,1
1318,1318,20200925,4,11,45,0,0,0,0,0
1319,1319,20201020,1,1,30,847,122,131,122,1
1320,1320,20210805,1,5,45,411,0,786,0,1
1321,1321,20210915,1,1,45,203,0,311,0,1
1322,1322,20200428,1,11,45,20,0,20,0,1
1323,1323,20200903,3,11,45,530,0,535,0,1
1324,1324,20200616,1,2,45,525,0,215,0,1
1325,1325,20220218,1,1,45,0,0,0,0,0
1326,1326,20200723,3,2,45,0,0,0,0,0
1327,1327,20200604,1,16,45,5497,0,3124,0,1
1328,1328,20201015,1,1,45,133,0,155,0,1
1329,1329,20200609,1,2,45,74,0,83,0,1
1330,1330,20200721,3,1,45,1284,0,1284,0,1
1331,1331,20210121,1,1,45,77,0,77,0,1
1332,1332,20220218,1,1,45,0,0,0,0,0
1333,1333,20201126,1,5,45,378,0,363,0,1
1334,1334,20201112,1,1,45,416,0,290,0,1
1335,1335,20201229,1,1,45,0,0,0,0,0
1336,1336,20201214,1,2,45,0,0,0,0,0
1337,1337,20221115,1,2,45,0,0,0,0,0
1338,1338,20220427,1,1,45,12,0,12,0,1
1339,1339,20200607,1,1,45,5172,0,2340,0,1
1340,1340,20220107,1,1,45,890,68,631,68,1
1341,1341,20240201,1,20,59,8139,0,8139,0,1
1342,1342,20220225,1,1,45,0,0,0,0,0
1343,1343,20221026,1,2,45,0,0,0,0,0
1344,1344,20220315,1,1,45,431,0,442,0,1
1345,1345,20220807,1,5,45,273,0,273,0,1
1346,1346,20220826,1,1,45,0,0,0,0,0
1347,1347,20230113,4,2,45,93,0,94,0,1
1348,1348,20220225,1,5,45,0,0,0,0,0
1349,1349,20251106,2,5,45,52,0,63,0,1
1350,1350,20200228,1,11,45,279,0,436,0,1
1351,1351,20200312,1,1,45,0,0,0,0,0
1352,1352,20210330,1,14,45,3217,1,4159,1,1
1353,1353,20200319,4,5,45,0,0,0,0,0
1354,1354,20200813,1,2,45,72,0,72,0,1
1355,1355,20220610,4,5,45,234,0,109,0,1
1356,1356,20210430,1,1,45,178,0,197,0,1
1357,1357,20201126,1,5,45,0,0,0,0,0
1358,1358,20211116,1,1,45,367,522,360,522,1
1359,1359,20220929,3,1,45,193,0,193,0,1
1360,1360,20210429,1,11,45,0,0,0,0,0
1361,1361,20240613,4,19,45,17,0,17,0,1
1362,1362,20220818,1,1,45,149,0,159,0,1
1363,1363,20211012,2,5,45,0,0,0,0,0
1364,1364,20211105,1,5,45,0,0,0,0,0
1365,1365,20220314,1,16,45,216,0,262,0,1
1366,1366,20211222,1,5,45,2857,0,2857,0,1
1367,1367,20220325,3,2,45,0,0,0,0,0
1368,1368,20220812,1,1,45,0,0,0,0,0
1369,1369,20220909,2,11,45,210,445,314,445,1
1370,1370,20220925,1,5,45,106,0,106,0,1
1371,1371,20230126,2,1,45,0,0,0,0,0
1372,1372,20200424,1,1,45,337,0,186,0,1
1373,1373,20211115,4,2,45,0,0,0,0,0
1374,1374,20210320,1,1,45,0,0,0,0,0
1375,1375,20201017,1,5,45,8632,0,12851,0,1
1376,1376,20220106,1,2,45,280,544,431,544,1
1377,1377,20200516,1,11,45,930,0,864,0,1
1378,1378,20221013,1,2,45,189,0,136,0,1
1379,1379,20221208,1,1,45,116,0,146,0,1
1380,1380,20240626,1,5,45,0,0,0,0,0
1381,1381,20210812,1,1,45,71,0,80,0,1
1382,1382,20210513,1,2,45,0,0,0,0,0
1383,1383,20211021,1,1,45,0,0,0,0,0
1384,1384,20231024,1,1,45,546,256,298,256,1
1385,1385,20220525,3,1,30,340,0,340,0,1
1386,1386,20220204,1,1,45,0,0,0,0,0
1387,1387,20210226,1,2,45,1662,0,797,0,1
1388,1388,20250416,1,1,45,1405,0,1405,0,1
1389,1389,20211021,1,1,45,1187,460,642,460,1
1390,1390,20210226,1,5,45,0,0,0,0,0
1391,1391,20230110,1,14,45,0,0,0,0,0
1392,1392,20250204,1,5,45,12943,0,11147,0,1
1393,1393,20241002,1,1,45,1625,0,1625,0,1
1394,1394,20221208,4,2,45,0,0,0,0,0
1395,1395,20220104,1,1,45,0,0,0,0,0
1396,1396,20251122,1,1,45,0,0,0,0,0
1397,1397,20220117,1,2,45,9,0,9,0,1
1398,1398,20220211,1,1,45,0,0,0,0,0
1399,1399,20220503,1,1,45,57,0,57,0,1
1400,1400,20220310,1,11,45,0,0,0,0,0
1401,1401,20220415,1,2,45,0,0,0,0,0
1402,1402,20230123,1,2,45,0,0,0,0,0
1403,1403,20221012,1,19,45,0,0,0,0,0
1404,1404,20220822,1,1,45,0,0,0,0,0
1405,1405,20221125,1,5,45,0,0,0,0,0
1406,1406,20221209,3,1,45,0,0,0,0,0
1407,1407,20221215,1,1,45,907,375,323,375,1
1408,1408,20240528,1,1,45,251,0,321,0,1
1409,1409,20231024,1,1,45,326,0,384,0,1
1410,1410,20210217,3,11,45,864,0,864,0,1
1411,1411,20220610,3,5,45,0,0,0,0,0
1412,1412,20220721,1,16,45,485,0,485,0,1
1413,1413,20210518,1,1,30,0,0,0,0,0
1414,1414,20210722,1,5,45,279,0,369,0,1
1415,1415,20201117,1,19,45,1026,0,1144,0,1
1416,1416,20200728,1,2,45,71,26,71,26,1
1417,1417,20220412,3,1,45,912,0,912,0,1
1418,1418,20200423,1,5,45,344,0,156,0,1
1419,1419,20200515,1,11,45,0,0,0,0,0
1420,1420,20211101,3,1,45,275,0,344,0,1
1421,1421,20211216,3,2,45,2725,0,2725,0,1
1422,1422,20210212,1,11,45,10,0,10,0,1
1423,1423,20220525,1,2,45,0,0,0,0,0
1424,1424,20220218,1,2,45,92,0,128,0,1
1425,1425,20210430,1,5,45,0,0,0,0,0
1426,1426,20220127,1,5,45,558,0,827,0,1
1427,1427,20210711,1,1,45,0,0,0,0,0
1428,1428,20220114,1,1,45,27,0,27,0,1
1429,1429,20221013,1,1,45,0,0,0,0,0
1430,1430,20221125,4,2,45,228,0,228,0,1
1431,1431,20221215,1,5,45,0,0,0,0,0
1432,1432,20220819,4,5,45,0,0,0,0,0
1433,1433,20230330,3,1,45,215,0,262,0,1
1434,1434,20201201,1,1,45,466,484,544,484,1
1435,1435,20210225,1,16,45,1681,0,1047,0,1
1436,1436,20210827,2,1,45,72,0,108,0,1
1437,1437,20221010,1,1,45,277,2,447,2,1
1438,1438,20200206,1,11,45,0,0,0,0,0
1439,1439,20221114,1,2,45,481,44,319,44,1
1440,1440,20210629,3,1,45,0,0,0,0,0
1441,1441,20210513,1,11,45,0,0,0,0,0
1442,1442,20231102,1,1,45,373,0,333,0,1
1443,1443,20200904,1,1,45,51,0,51,0,1
1444,1444,20201119,3,2,45,104,0,172,0,1
1445,1445,20200923,1,1,45,0,0,0,0,0
1446,1446,20230206,2,1,45,0,0,0,0,0
1447,1447,20231130,1,5,45,223,0,360,0,1
1448,1448,20220927,1,2,45,0,0,0,0,0
1449,1449,20210715,3,1,45,247,0,234,0,1
1450,1450,20220428,1,2,45,0,0,0,0,0
1451,1451,20221222,4,1,45,27,0,27,0,1
1452,1452,20220510,1,14,45,39,0,39,0,1
1453,1453,20220609,1,15,45,4557,0,8376,0,1
1454,1454,20220523,1,5,45,0,0,0,0,0
1455,1455,20220929,3,1,45,5,0,5,0,1
1456,1456,20220327,1,5,45,498,0,644,0,1
1457,1457,20220217,1,1,45,83,0,112,0,1
1458,1458,20221202,1,11,45,0,0,0,0,0
1459,1459,20220401,1,1,45,34,0,60,0,1
1460,1460,20220629,3,2,45,185,0,185,0,1
1461,1461,20220831,1,2,45,151,0,210,0,1
1462,1462,20220520,1,1,45,0,0,0,0,0
1463,1463,20230108,1,1,45,0,0,0,0,0
1464,1464,20220801,2,2,45,53,0,72,0,1
1465,1465,20200220,1,16,45,0,0,0,0,0
1466,1466,20200415,1,5,45,652,12,390,12,1
1467,1467,20200515,4,2,45,293,0,293,0,1
1468,1468,20210604,2,1,45,0,0,0,0,0
1469,1469,20201015,1,1,45,144,0,216,0,1
1470,1470,20220506,1,1,45,195,0,107,0,1
1471,1471,20210209,1,2,45,0,0,0,0,0
1472,1472,20240523,1,1,45,0,0,0,0,0
1473,1473,20210317,4,3,24,0,0,0,0,0
1474,1474,20210923,1,1,45,396,0,761,0,1
1475,1475,20210304,1,2,45,0,0,0,0,0
1476,1476,20200821,1,2,45,0,0,0,0,0
1477,1477,20201114,1,5,45,0,0,0,0,0
1478,1478,20201127,1,2,45,175,0,210,0,1
1479,1479,20210506,1,1,45,0,0,0,0,0
1480,1480,20250711,2,1,45,63,0,81,0,1
1481,1481,20220627,1,1,45,161,0,303,0,1
1482,1482,20230614,1,11,45,428,0,428,0,1
1483,1483,20240123,1,1,45,179,0,248,0,1
1484,1484,20221006,1,1,45,0,0,0,0,0
1485,1485,20221018,1,11,45,5,0,5,0,1
1486,1486,20200219,3,2,45,330,0,622,0,1
1487,1487,20210416,3,2,45,356,0,229,0,1
1488,1488,20210820,1,11,45,1019,0,1019,0,1
1489,1489,20210722,1,2,45,34,0,34,0,1
1490,1490,20200226,1,11,45,301,0,425,0,1
1491,1491,20200828,3,1,45,956,412,697,412,1
1492,1492,20210928,1,1,45,285,0,172,0,1
1493,1493,20200114,1,16,45,119,0,175,0,1
1494,1494,20220718,1,11,45,0,0,0,0,0
1495,1495,20201026,4,1,45,32,0,38,0,1
1496,1496,20201130,1,1,45,0,0,0,0,0
1497,1497,20220315,1,1,24,12703,0,12703,0,1
1498,1498,20200506,1,1,45,0,0,0,0,0
1499,1499,20210724,1,11,45,0,0,0,0,0
1500,1500,20220512,2,1,45,39,0,39,0,1
1501,1501,20210615,1,2,45,532,303,293,303,1
1502,1502,20200923,4,1,45,0,0,0,0,0
1503,1503,20201231,1,5,45,0,0,0,0,0
1504,1504,20240622,1,1,45,155,0,200,0,1
1505,1505,20241211,1,11,45,0,0,0,0,0
1506,1506,20220916,1,2,45,0,0,0,0,0
1507,1507,20210407,1,2,45,0,0,0,0,0
1508,1508,20220610,4,1,30,0,0,0,0,0
1509,1509,20211216,4,5,45,134,24,102,24,1
1510,1510,20240520,1,2,45,786,0,786,0,1
1511,1511,20220510,1,14,45,1869,0,1869,0,1
1512,1512,20211231,4,19,45,0,0,0,0,0
1513,1513,20221225,1,1,45,0,0,0,0,0
1514,1514,20230209,4,1,45,1142,0,1142,0,1
1515,1515,20221017,3,1,45,0,0,0,0,0
1516,1516,20240904,4,1,45,454,0,611,0,1
1517,1517,20200409,1,11,45,394,0,394,0,1
1518,1518,20220301,1,1,45,264,0,149,0,1
1519,1519,20200112,1,2,45,0,0,0,0,0
1520,1520,20200611,1,1,45,125,0,72,0,1
1521,1521,20210602,1,1,45,755,0,755,0,1
1522,1522,20221213,1,5,45,0,0,0,0,0
1523,1523,20200403,1,5,45,136,0,136,0,1
1524,1524,20200117,3,1,45,148,0,229,0,1
1525,1525,20200723,3,1,45,0,0,0,0,0
1526,1526,20201005,1,5,45,0,0,0,0,0
1527,1527,20200611,4,1,45,332,0,427,0,1
1528,1528,20220727,1,1,45,540,0,756,0,1
1529,1529,20210729,1,5,45,0,0,0,0,0
1530,1530,20211019,1,5,30,6142,0,406,0,1
1531,1531,20211007,1,5,45,247,1,254,1,1
1532,1532,20220310,1,1,45,20,0,20,0,1
1533,1533,20220512,1,1,45,0,0,0,0,0
1534,1534,20210927,1,5,45,0,0,0,0,0
1535,1535,20220316,1,2,45,0,0,0,0,0
1536,1536,20221129,1,2,45,0,0,0,0,0
1537,1537,20230109,3,2,45,43,0,43,0,1
1538,1538,20221219,1,2,45,0,0,0,0,0
1539,1539,20200318,1,1,45,193,0,281,0,1
1540,1540,20221121,4,5,45,152,0,152,0,1
1541,1541,20200521,1,2,45,328,0,379,0,1
1542,1542,20231017,1,16,45,213,0,346,0,1
1543,1543,20260727,4,1,45,0,0,0,0,0
1544,1544,20221114,1,11,45,1924,35,955,35,1
1545,1545,20200103,1,1,45,0,0,0,0,0
1546,1546,20241214,3,11,45,80,0,80,0,1
1547,1547,20240122,3,1,45,0,0,0,0,0
1548,1548,20200515,4,11,45,55,0,62,0,1
1549,1549,20200630,1,1,45,0,0,0,0,0
1550,1550,20200625,1,11,45,81,0,81,0,1
1551,1551,20230324,4,1,45,85,0,98,0,1
1552,1552,20210227,1,4,59,24,0,24,0,1
1553,1553,20220927,1,1,45,178,0,332,0,1
1554,1554,20221101,1,11,45,0,0,0,0,0
1555,1555,20210208,1,2,45,0,0,0,0,0
1556,1556,20220608,1,1,45,495,0,535,0,1
1557,1557,20210212,1,2,45,398,0,529,0,1
1558,1558,20210205,1,11,45,0,0,0,0,0
1559,1559,20230307,1,1,45,31,0,60,0,1
1560,1560,20210611,3,2,45,18,0,21,0,1
1561,1561,20211026,4,16,45,98,0,90,0,1
1562,1562,20220504,1,1,45,0,0,0,0,0
1563,1563,20220401,1,5,45,0,0,0,0,0
1564,1564,20230117,1,1,45,0,0,0,0,0
1565,1565,20240206,1,1,45,0,0,0,0,0
1566,1566,20200512,4,1,30,143,0,168,0,1
1567,1567,20250429,1,2,45,376,0,433,0,1
1568,1568,20220524,1,2,45,143,0,143,0,1
1569,1569,20201002,1,1,45,103,0,103,0,1
1570,1570,20221014,1,1,45,204,66,193,75,1
1571,1571,20210729,1,1,45,0,0,0,0,0
1572,1572,20200709,3,5,45,4155,3687,759,3687,1
1573,1573,20210312,1,1,45,139,0,146,0,1
1574,1574,20200326,4,5,45,165,0,165,0,1
1575,1575,20201222,3,5,45,1281,0,622,0,1
1576,1576,20201022,1,2,45,145,0,145,0,1
1577,1577,20220221,3,2,45,403,0,793,0,1
1578,1578,20200303,3,5,45,61,0,70,0,1
1579,1579,20210603,3,19,45,1149,0,1501,0,1
1580,1580,20220615,1,1,45,39,0,45,0,1
1581,1581,20220722,1,1,45,0,0,0,0,0
1582,1582,20210301,4,16,45,132,0,235,0,1
1583,1583,20211117,1,19,45,10,0,10,0,1
1584,1584,20210602,3,2,45,41,0,54,0,1
1585,1585,20220107,1,1,45,130,0,130,0,1
1586,1586,20230907,1,1,45,177,0,251,0,1
1587,1587,20211125,1,5,45,720,0,720,0,1
1588,1588,20211014,1,1,45,0,0,0,0,0
1589,1589,20211126,1,2,45,45,0,55,0,1
1590,1590,20241018,1,1,30,0,0,0,0,0
1591,1591,20230201,1,1,45,0,0,0,0,0
1592,1592,20221027,1,1,30,259,0,293,0,1
1593,1593,20220921,1,2,45,0,0,0,0,0
1594,1594,20220814,1,1,45,219,0,334,0,1
1595,1595,20230130,1,1,45,425,0,425,0,1
1596,1596,20230201,1,1,45,0,0,0,0,0
1597,1597,20200327,1,1,45,72,0,98,0,1
1598,1598,20201015,1,1,45,172,1,208,1,1
1599,1599,20230215,1,5,54,15,0,3,0,1
1600,1600,20220823,4,2,45,48,0,48,0,1
1601,1601,20210318,2,11,45,233,0,395,0,1
1602,1602,20201027,3,2,45,266,1,239,1,1
1603,1603,20230217,1,11,45,454,0,481,0,1
1604,1604,20210604,1,11,45,152,0,152,0,1
1605,1605,20200618,1,2,45,0,0,0,0,0
1606,1606,20200525,3,5,45,1919,0,3815,0,1
1607,1607,20211004,1,1,45,194,0,104,0,1
1608,1608,20200715,1,1,45,0,0,0,0,0
1609,1609,20220121,1,1,45,0,0,0,0,0
1610,1610,20201013,2,14,45,0,0,0,0,0
1611,1611,20201020,1,2,45,142,0,128,0,1
1612,1612,20260515,1,1,45,524,0,724,0,1
1613,1613,20210121,1,1,45,0,0,0,0,0
1614,1614,20210805,1,1,45,0,0,0,0,0
1615,1615,20210909,1,2,45,0,0,0,0,0
1616,1616,20201211,1,2,45,0,0,0,0,0
1617,1617,20210409,1,5,45,1476,0,130,0,1
1618,1618,20210930,1,5,45,0,0,0,0,0
1619,1619,20211021,1,14,45,79,0,80,0,1
1620,1620,20220916,1,1,45,11,0,11,0,1
1621,1621,20220531,3,11,45,0,0,0,0,0
1622,1622,20220602,1,1,45,0,0,0,0,0
1623,1623,20210717,1,2,45,147,0,202,0,1
1624,1624,20220727,1,16,45,108,0,111,0,1
1625,1625,20220425,1,14,45,1882,0,3547,0,1
1626,1626,20220601,4,11,45,219,0,266,0,1
1627,1627,20220803,1,1,45,0,0,0,0,0
1628,1628,20260204,2,2,45,0,0,0,0,0
1629,1629,20221215,3,5,45,65,0,81,0,1
1630,1630,20201008,1,1,30,134,0,203,0,1
1631,1631,20200703,1,15,45,0,0,0,0,0
1632,1632,20200207,1,1,45,257,0,270,0,1
1633,1633,20200908,1,15,45,184,0,29,0,1
1634,1634,20210930,1,14,45,2258,0,2258,0,1
1635,1635,20201215,1,2,45,135,0,267,0,1
1636,1636,20241031,1,1,45,0,0,0,0,0
1637,1637,20210702,1,1,45,28,0,33,0,1
1638,1638,20200424,1,1,45,0,0,0,0,0
1639,1639,20220204,3,2,45,0,0,0,0,0
1640,1640,20210326,1,1,45,849,0,882,0,1
1641,1641,20201105,3,5,45,0,0,0,0,0
1642,1642,20250804,4,1,45,129,15,151,15,1
1643,1643,20210129,1,5,45,120,0,120,0,1
1644,1644,20210909,1,1,45,0,0,0,0,0
1645,1645,20210422,1,2,45,0,0,0,0,0
1646,1646,20210901,1,1,45,231,0,222,0,1
1647,1647,20210416,4,2,30,0,0,0,0,0
1648,1648,20250126,1,1,45,254,0,335,0,1
1649,1649,20211214,4,1,45,0,0,0,0,0
1650,1650,20211217,1,2,45,89,0,89,0,1
1651,1651,20211029,1,11,45,412,0,483,0,1
1652,1652,20230111,1,5,45,173,0,200,0,1
1653,1653,20211112,1,1,45,216,0,216,0,1
1654,1654,20220421,1,1,45,684,0,772,0,1
1655,1655,20221111,1,2,45,0,0,0,0,0
1656,1656,20220924,1,1,45,0,0,0,0,0
1657,1657,20220519,3,5,45,0,0,0,0,0
1658,1658,20220413,1,1,45,0,0,0,0,0
1659,1659,20220608,1,1,30,0,0,0,0,0
1660,1660,20220701,1,14,45,242,0,290,0,1
1661,1661,20220823,4,1,45,0,0,0,0,0
1662,1662,20220805,2,11,45,3050,0,2860,0,1
1663,1663,20210728,1,1,45,85,0,85,0,1
1664,1664,20220325,1,5,45,687,0,222,0,1
1665,1665,20200525,1,11,45,264,0,241,0,1
1666,1666,20220331,3,1,45,0,0,0,0,0
1667,1667,20200723,1,5,45,0,0,0,0,0
1668,1668,20210323,1,2,45,457,0,457,0,1
1669,1669,20230127,1,1,45,11,0,11,0,1
1670,1670,20200910,4,1,45,183,0,175,0,1
1671,1671,20200923,1,11,45,104,0,104,0,1
1672,1672,20210407,1,11,45,858,0,925,0,1
1673,1673,20200427,1,11,45,629,0,1021,0,1
1674,1674,20220909,1,2,45,428,0,561,0,1
1675,1675,20211206,1,1,45,71,0,71,0,1
1676,1676,20200515,4,5,45,0,0,0,0,0
1677,1677,20200206,1,2,45,0,0,0,0,0
1678,1678,20210601,1,1,45,73,0,73,0,1
1679,1679,20210525,1,2,45,111,0,149,0,1
1680,1680,20211007,4,2,45,305,0,416,0,1
1681,1681,20210216,3,5,45,0,0,0,0,0
1682,1682,20200911,1,5,45,367,2,153,2,1
1683,1683,20201022,1,2,45,29,0,29,0,1
1684,1684,20200925,1,2,45,0,0,0,0,0
1685,1685,20220816,1,11,45,0,0,0,0,0
1686,1686,20201215,1,2,45,0,0,0,0,0
1687,1687,20210616,1,1,45,0,0,0,0,0
1688,1688,20230921,1,1,45,366,457,87,457,1
1689,1689,20220826,1,15,45,266,0,281,0,1
1690,1690,20220304,1,5,45,0,0,0,0,0
1691,1691,20220110,2,1,45,131,0,218,0,1
1692,1692,20211125,1,2,45,0,0,0,0,0
1693,1693,20220120,1,1,45,38,6,26,6,1
1694,1694,20220519,4,1,45,0,0,0,0,0
1695,1695,20221102,1,1,45,426,0,354,0,1
1696,1696,20220616,1,11,45,0,0,0,0,0
1697,1697,20220808,1,2,45,1560,0,2085,0,1
1698,1698,20220826,3,5,45,40,0,40,0,1
1699,1699,20230622,1,1,45,0,0,0,0,0
1700,1700,20221117,1,5,45,0,0,0,0,0
1701,1701,20230115,1,2,45,0,0,0,0,0
1702,1702,20220108,1,15,45,166,0,112,0,1
1703,1703,20201201,3,14,45,948,154,659,154,1
1704,1704,20220315,1,1,45,228,0,228,0,1
1705,1705,20200401,1,2,45,324,0,545,0,1
1706,1706,20200109,1,2,45,0,0,0,0,0
1707,1707,20210526,1,2,45,467,0,808,0,1
1708,1708,20210217,1,1,45,0,0,0,0,0
1709,1709,20200609,3,2,45,560,0,724,0,1
1710,1710,20200221,4,1,45,118,0,118,0,1
1711,1711,20201218,1,1,45,243,0,387,0,1
1712,1712,20200331,3,2,45,260,0,159,0,1
1713,1713,20200304,2,1,45,0,0,0,0,0
1714,1714,20260317,1,11,45,1664,1087,594,768,1
1715,1715,20200219,1,1,45,542,0,627,0,1
1716,1716,20200616,2,2,45,0,0,0,0,0
1717,1717,20200820,1,1,45,135,0,135,0,1
1718,1718,20210923,1,1,45,0,0,0,0,0
1719,1719,20240328,1,1,45,0,0,0,0,0
1720,1720,20200915,1,1,45,0,0,0,0,0
1721,1721,20201112,1,1,45,697,0,1038,0,1
1722,1722,20210127,1,2,45,183,0,235,0,1
1723,1723,20210716,4,2,45,393,0,322,0,1
1724,1724,20210310,1,1,45,0,0,0,0,0
1725,1725,20210617,3,5,45,553,0,553,0,1
1726,1726,20220707,1,19,45,689,0,992,0,1
1727,1727,20211028,4,1,45,0,0,0,0,0
1728,1728,20220113,4,16,45,0,0,0,0,0
1729,1729,20230131,1,1,45,83,0,83,0,1
1730,1730,20211203,1,11,45,85,0,85,0,1
1731,1731,20220204,1,1,45,0,0,0,0,0
1732,1732,20220713,1,5,45,0,0,0,0,0
1733,1733,20220811,4,5,45,0,0,0,0,0
1734,1734,20221110,3,1,45,35,0,35,0,1
1735,1735,20220815,1,5,45,166,0,166,0,1
1736,1736,20221003,3,2,45,25,0,48,0,1
1737,1737,20220427,1,11,45,280,0,252,0,1
1738,1738,20200212,1,2,45,0,0,0,0,0
1739,1739,20201105,4,11,45,36,0,65,0,1
1740,1740,20200227,2,2,45,57,0,57,0,1
1741,1741,20230202,3,16,45,68,0,68,0,1
1742,1742,20210226,1,1,45,6,0,6,0,1
1743,1743,20200831,1,1,45,623,0,623,0,1
1744,1744,20200421,1,1,45,4,0,4,0,1
1745,1745,20230113,1,1,45,448,0,503,0,1
1746,1746,20220305,1,5,45,75,0,75,0,1
1747,1747,20210327,1,1,45,296,227,316,227,1
1748,1748,20200515,1,2,45,0,0,0,0,0
1749,1749,20210226,1,20,59,154,0,225,0,1
1750,1750,20200327,1,5,45,0,0,0,0,0
1751,1751,20200824,1,5,45,207,0,114,0,1
1752,1752,20220123,4,1,45,0,0,0,0,0
1753,1753,20220520,4,5,45,569,0,228,0,1
1754,1754,20211020,2,1,45,125,0,128,0,1
1755,1755,20210115,4,5,45,418,0,242,0,1
1756,1756,20210617,1,2,45,558,0,705,0,1
1757,1757,20210828,1,5,45,1608,0,1821,0,1
1758,1758,20210426,1,1,45,0,0,0,0,0
1759,1759,20210517,1,5,45,0,0,0,0,0
1760,1760,20221012,1,1,45,0,0,0,0,0
1761,1761,20220221,1,5,45,0,0,0,0,0
1762,1762,20230130,1,2,45,314,0,345,0,1
1763,1763,20220310,3,1,45,0,0,0,0,0
1764,1764,20220520,1,1,45,47,0,47,0,1
1765,1765,20220804,4,2,45,194,0,236,0,1
1766,1766,20221107,2,1,45,0,0,0,0,0
1767,1767,20231004,1,1,45,0,0,0,0,0
1768,1768,20221216,1,5,45,0,0,0,0,0
1769,1769,20221201,1,1,45,0,0,0,0,0
1770,1770,20221123,1,2,45,0,0,0,0,0
1771,1771,20210223,1,1,45,489,0,320,0,1
1772,1772,20210429,1,1,45,1415,0,438,0,1
1773,1773,20200814,1,1,45,10,0,10,0,1
1774,1774,20210520,3,1,45,242,0,428,0,1
1775,1775,20200918,3,2,45,0,0,0,0,0
1776,1776,20200219,3,5,45,548,154,128,158,1
1777,1777,20210318,1,1,45,0,0,0,0,0
1778,1778,20200130,4,11,45,0,0,0,0,0
1779,1779,20210531,1,2,45,0,0,0,0,0
1780,1780,20200820,1,2,45,14,0,14,0,1
1781,1781,20220727,1,1,45,218,0,218,0,1
1782,1782,20210414,1,14,45,621,165,473,165,1
1783,1783,20210813,1,1,30,283,3,149,3,1
1784,1784,20210625,1,11,45,1144,0,1681,0,1
1785,1785,20220429,1,5,45,248,1,224,1,1
1786,1786,20230905,1,11,45,246,0,363,0,1
1787,1787,20210827,1,1,45,112,0,144,0,1
1788,1788,20220126,2,5,45,0,0,0,0,0
1789,1789,20220114,1,1,45,0,0,0,0,0
1790,1790,20230502,1,11,45,0,0,0,0,0
1791,1791,20221125,3,2,45,0,0,0,0,0
1792,1792,20220923,1,2,45,0,0,0,0,0
1793,1793,20240819,1,1,45,16,0,16,0,1
1794,1794,20230324,1,11,45,289,0,368,0,1
1795,1795,20210216,1,2,45,540,18,535,36,1
1796,1796,20220202,1,2,45,0,0,0,0,0
1797,1797,20220728,1,14,45,1598,0,942,0,1
1798,1798,20210226,1,5,45,2604,0,1946,0,1
1799,1799,20220401,1,5,45,192,0,229,0,1
1800,1800,20221011,1,1,30,397,0,335,0,1
1801,1801,20200228,1,5,45,359,0,154,0,1
1802,1802,20210907,1,2,45,0,0,0,0,0
1803,1803,20210601,3,1,45,1018,0,986,0,1
1804,1804,20200513,3,2,45,0,0,0,0,0
1805,1805,20210122,1,1,45,0,0,0,0,0
1806,1806,20201208,4,2,45,0,0,0,0,0
1807,1807,20220520,1,20,59,0,0,0,0,0
1808,1808,20230410,1,1,45,99,0,173,0,1
1809,1809,20201202,4,11,45,0,0,0,0,0
1810,1810,20201105,3,2,45,136,0,198,0,1
1811,1811,20201112,1,14,45,98,0,148,0,1
1812,1812,20210212,3,2,45,0,0,0,0,0
1813,1813,20230922,3,11,45,332,0,247,0,1
1814,1814,20220817,1,1,45,0,0,0,0,0
1815,1815,20210816,2,1,45,0,0,0,0,0
1816,1816,20210514,1,5,45,45,0,70,0,1
1817,1817,20210811,1,1,45,0,0,0,0,0
1818,1818,20231116,1,1,45,0,0,0,0,0
1819,1819,20240521,4,1,45,1142,0,823,0,1
1820,1820,20220908,3,11,45,991,0,250,0,1
1821,1821,20220619,4,5,45,0,0,0,0,0
1822,1822,20220902,1,1,45,0,0,0,0,0
1823,1823,20230209,1,5,45,536,0,1026,0,1
1824,1824,20230130,1,5,45,0,0,0,0,0
1825,1825,20200505,1,1,45,0,0,0,0,0
1826,1826,20210204,3,2,45,192,213,223,213,1
1827,1827,20200403,1,1,45,0,0,0,0,0
1828,1828,20200205,1,2,45,159,0,229,0,1
1829,1829,20201021,1,1,45,418,0,341,0,1
1830,1830,20210811,3,5,45,170,0,323,0,1
1831,1831,20200710,1,1,45,0,0,0,0,0
1832,1832,20200128,4,11,45,0,0,0,0,0
1833,1833,20250509,1,16,45,428,8,368,8,1
1834,1834,20220817,3,2,45,747,536,390,536,1
1835,1835,20210927,1,2,45,668,0,1312,0,1
1836,1836,20201225,4,1,45,77,0,30,0,1
1837,1837,20211013,3,2,45,885,0,660,0,1
1838,1838,20200416,1,11,45,308,0,290,0,1
1839,1839,20200604,1,1,45,393,320,180,320,1
1840,1840,20210825,4,11,45,159,0,254,0,1
1841,1841,20201126,3,5,45,0,0,0,0,0
1842,1842,20220111,4,11,45,0,0,0,0,0
1843,1843,20220714,1,16,45,28,0,29,0,1
1844,1844,20230309,1,14,45,586,0,677,0,1
1845,1845,20220228,1,2,45,97,0,97,0,1
1846,1846,20220317,1,19,45,2,0,2,0,1
1847,1847,20220809,3,16,45,0,0,0,0,0
1848,1848,20210708,4,1,45,637,0,652,0,1
1849,1849,20221219,3,5,45,136,0,241,0,1
1850,1850,20211206,4,2,45,215,0,238,0,1
1851,1851,20210125,4,2,45,0,0,0,0,0
1852,1852,20220721,3,11,45,75,0,113,0,1
1853,1853,20200113,1,11,45,0,0,0,0,0
1854,1854,20230106,1,11,45,27,0,27,0,1
1855,1855,20200413,3,2,45,931,0,1854,0,1
1856,1856,20220425,1,1,45,106,0,150,0,1
1857,1857,20210227,4,14,45,781,0,606,0,1
1858,1858,20200430,4,11,45,1742,0,1742,0,1
1859,1859,20241220,3,1,45,0,0,0,0,0
1860,1860,20201008,4,11,45,47,0,47,0,1
1861,1861,20210422,1,15,45,740,127,779,127,1
1862,1862,20210228,4,1,45,0,0,0,0,0
1863,1863,20210225,1,5,45,0,0,0,0,0
1864,1864,20210531,1,2,45,65,0,65,0,1
1865,1865,20210416,1,19,45,1605,0,1605,0,1
1866,1866,20220420,1,1,45,0,0,0,0,0
1867,1867,20210419,1,2,45,58,0,58,0,1
1868,1868,20210604,1,2,45,115,0,128,0,1
1869,1869,20211210,1,1,45,0,0,0,0,0
1870,1870,20220204,4,1,45,0,0,0,0,0
1871,1871,20220728,1,5,45,0,0,0,0,0
1872,1872,20220830,3,5,45,167,0,167,0,1
1873,1873,20220729,1,15,45,150,0,175,0,1
1874,1874,20200907,4,1,45,0,0,0,0,0
1875,1875,20210318,3,1,45,677,0,179,0,1
1876,1876,20201026,1,1,45,0,0,0,0,0
1877,1877,20210824,4,1,45,914,115,737,115,1
1878,1878,20220720,1,1,45,198,0,286,0,1
1879,1879,20230202,1,1,45,0,0,0,0,0
1880,1880,20210222,1,19,30,0,0,0,0,0
1881,1881,20210909,1,1,45,174,0,193,0,1
1882,1882,20201015,4,1,45,290,97,69,97,1
1883,1883,20230213,3,1,45,49,0,49,0,1
1884,1884,20220624,1,2,45,1151,0,1464,0,1
1885,1885,20220527,3,2,45,151,0,151,0,1
1886,1886,20210930,1,1,45,24,0,24,0,1
1887,1887,20220422,1,1,45,0,0,0,0,0
1888,1888,20211110,1,5,45,0,0,0,0,0
1889,1889,20220714,3,2,45,22,0,22,0,1
1890,1890,20220426,4,5,45,35,0,35,0,1
1891,1891,20230331,1,11,45,119,0,119,0,1
1892,1892,20230106,3,5,45,0,0,0,0,0
1893,1893,20230821,1,2,45,0,0,0,0,0
1894,1894,20221015,1,1,45,0,0,0,0,0
1895,1895,20200312,1,5,45,0,0,0,0,0
1896,1896,20210511,3,5,45,104,0,104,0,1
1897,1897,20220317,1,5,45,454,0,563,0,1
1898,1898,20210714,1,2,45,167,0,151,0,1
1899,1899,20230112,1,1,45,186,0,216,0,1
1900,1900,20210526,1,1,45,0,0,0,0,0
1901,1901,20200622,1,2,45,0,0,0,0,0
1902,1902,20200730,1,16,45,464,0,464,0,1
1903,1903,20200227,1,1,45,466,0,466,0,1
1904,1904,20201022,4,5,30,97,0,95,0,1
1905,1905,20200505,3,2,45,0,0,0,0,0
1906,1906,20200602,1,16,45,0,0,0,0,0
1907,1907,20240222,1,1,45,0,0,0,0,0
1908,1908,20201023,3,11,45,1615,0,1751,0,1
1909,1909,20200828,1,2,45,228,0,21,0,1
1910,1910,20201019,1,5,45,808,0,1501,0,1
1911,1911,20210909,4,1,45,574,0,574,0,1
1912,1912,20210504,1,2,45,0,0,0,0,0
1913,1913,20250620,1,1,45,173,18,86,19,1
1914,1914,20221028,1,11,45,0,0,0,0,0
1915,1915,20220311,1,2,45,248,0,248,0,1
1916,1916,20220412,1,1,45,0,0,0,0,0
1917,1917,20211222,1,2,45,0,0,0,0,0
1918,1918,20220329,1,1,45,473,0,549,0,1
1919,1919,20221110,3,1,45,0,0,0,0,0
1920,1920,20220616,1,2,45,273,0,273,0,1
1921,1921,20230125,1,1,45,832,0,832,0,1
1922,1922,20221015,1,1,45,0,0,0,0,0
1923,1923,20200903,3,1,45,503,0,743,0,1
1924,1924,20221101,4,2,45,0,0,0,0,0
1925,1925,20210212,2,11,45,0,0,0,0,0
1926,1926,20200729,1,1,45,446,0,592,0,1
1927,1927,20200717,1,2,45,68,0,120,0,1
1928,1928,20200611,1,1,45,1695,2040,552,2072,1
1929,1929,20220117,1,1,45,0,0,0,0,0
1930,1930,20210601,1,2,30,353,0,277,0,1
1931,1931,20220513,1,1,45,470,0,470,0,1
1932,1932,20210806,1,1,45,0,0,0,0,0
1933,1933,20210505,1,1,45,209,0,209,0,1
1934,1934,20220524,1,16,45,165,0,203,0,1
1935,1935,20210131,3,2,45,253,0,253,0,1
1936,1936,20210831,1,14,45,487,0,487,0,1
1937,1937,20220301,1,1,45,307,0,336,0,1
1938,1938,20210604,1,2,45,0,0,0,0,0
1939,1939,20210916,4,14,45,0,0,0,0,0
1940,1940,20211103,1,14,45,2814,0,2172,0,1
1941,1941,20221010,1,1,45,68,0,68,0,1
1942,1942,20220429,1,2,45,0,0,0,0,0
1943,1943,20230915,1,1,45,115,0,171,0,1
1944,1944,20240909,1,1,45,0,0,0,0,0
1945,1945,20220801,1,5,45,0,0,0,0,0
1946,1946,20230209,1,1,45,0,0,0,0,0
1947,1947,20220712,1,5,45,132,0,132,0,1
1948,1948,20230201,1,1,45,0,0,0,0,0
1949,1949,20200228,4,5,45,1757,0,1057,0,1
1950,1950,20210131,1,11,45,233,0,233,0,1
1951,1951,20210528,1,15,45,0,0,0,0,0
1952,1952,20210525,1,2,45,173,0,173,0,1
1953,1953,20201105,1,1,45,143,119,94,119,1
1954,1954,20210225,3,2,45,265,0,298,0,1
1955,1955,20200406,1,1,45,0,0,0,0,0
1956,1956,20210924,1,1,45,411,0,617,0,1
1957,1957,20210917,4,1,45,378,0,262,0,1
1958,1958,20210527,1,2,45,226,0,406,0,1
1959,1959,20210512,1,1,45,1969,0,106,0,1
1960,1960,20201214,3,5,45,439,0,439,0,1
1961,1961,20210116,3,5,30,0,0,0,0,0
1962,1962,20220707,1,2,45,0,0,0,0,0
1963,1963,20220304,4,2,45,51,0,77,0,1
1964,1964,20221110,1,1,45,544,0,544,0,1
1965,1965,20220302,1,1,45,838,0,838,0,1
1966,1966,20210809,1,5,45,229,268,244,268,1
1967,1967,20211109,1,5,45,1092,0,1092,0,1
1968,1968,20211014,1,2,45,132,0,136,0,1
1969,1969,20230214,1,1,45,0,0,0,0,0
1970,1970,20220106,1,16,45,0,0,0,0,0
1971,1971,20220323,3,16,45,0,0,0,0,0
1972,1972,20220712,1,1,45,31,0,31,0,1
1973,1973,20221116,1,19,45,4843,0,4843,0,1
1974,1974,20220502,1,11,45,0,0,0,0,0
1975,1975,20220809,3,1,45,0,0,0,0,0
1976,1976,20220915,3,5,45,0,0,0,0,0
1977,1977,20230720,1,5,45,0,0,0,0,0
1978,1978,20230113,1,1,45,0,0,0,0,0
1979,1979,20230127,3,2,45,0,0,0,0,0
1980,1980,20200316,3,2,45,101,0,166,0,1
1981,1981,20200226,4,5,45,371,0,199,0,1
1982,1982,20200826,4,1,45,0,0,0,0,0
1983,1983,20211223,1,1,45,345,0,449,0,1
1984,1984,20200913,3,1,45,719,0,1015,0,1
1985,1985,20220202,1,1,45,409,0,409,0,1
1986,1986,20210629,1,2,45,715,0,715,0,1
1987,1987,20200401,1,1,45,0,0,0,0,0
1988,1988,20211203,1,1,45,485,0,846,0,1
1989,1989,20220711,2,2,45,176,0,176,0,1
1990,1990,20210111,1,2,45,393,0,393,0,1
1991,1991,20200630,1,1,45,0,0,0,0,0
1992,1992,20220506,2,1,45,99,0,147,0,1
1993,1993,20220727,4,1,45,173,0,173,0,1
1994,1994,20210128,1,1,45,0,0,0,0,0
1995,1995,20220825,1,1,45,409,0,409,0,1
1996,1996,20211207,1,1,45,363,0,363,0,1
1997,1997,20210207,1,14,45,617,0,617,0,1
1998,1998,20230202,1,11,45,8455,0,554,0,1
1999,1999,20221019,1,1,45,262,0,256,0,1
2000,2000,20221014,1,15,45,10,0,10,0,1
2001,2001,20220517,1,2,45,0,0,0,0,0
2002,2002,20211118,1,5,45,106,0,206,0,1
2003,2003,20241003,1,11,45,0,0,0,0,0
2004,2004,20230115,1,5,45,621,0,621,0,1
2005,2005,20230127,1,11,45,438,0,524,0,1
2006,2006,20221017,4,2,45,0,0,0,0,0
2007,2007,20221206,1,11,45,266,0,450,0,1
2008,2008,20201222,1,1,45,103,0,82,0,1
2009,2009,20200507,1,1,45,0,0,0,0,0
2010,2010,20211207,1,1,45,119,0,145,0,1
2011,2011,20220915,1,2,45,856,0,856,0,1
2012,2012,20210901,1,14,45,197,0,300,0,1
2013,2013,20200813,1,2,45,74,0,74,0,1
2014,2014,20220117,3,1,45,83,0,83,0,1
2015,2015,20200928,4,2,45,0,0,0,0,0
2016,2016,20200702,3,1,45,0,0,0,0,0
2017,2017,20230202,1,1,45,522,0,683,0,1
2018,2018,20210429,1,2,45,0,0,0,0,0
2019,2019,20201111,1,2,45,276,0,284,0,1
2020,2020,20210419,3,2,45,95,0,95,0,1
2021,2021,20210824,1,2,45,271,0,289,0,1
2022,2022,20210804,4,15,45,0,0,0,0,0
2023,2023,20210425,2,11,45,19,0,19,0,1
2024,2024,20210326,1,2,45,0,0,0,0,0
2025,2025,20221013,1,5,45,495,0,276,0,1
2026,2026,20210715,1,1,45,656,0,299,0,1
2027,2027,20220329,3,5,45,36,0,41,0,1
2028,2028,20211126,2,1,45,0,0,0,0,0
2029,2029,20260217,1,11,45,1144,0,2247,0,1
2030,2030,20221223,1,1,45,799,0,799,0,1
2031,2031,20220904,1,5,45,257,0,257,0,1
2032,2032,20220721,1,5,30,0,0,0,0,0
2033,2033,20230206,1,1,45,0,0,0,0,0
2034,2034,20221116,3,1,45,0,0,0,0,0
2035,2035,20230113,1,1,45,129,0,116,0,1
2036,2036,20230128,1,2,45,0,0,0,0,0
2037,2037,20200227,3,1,45,0,0,0,0,0
2038,2038,20220525,1,2,45,6,0,6,0,1
2039,2039,20240924,1,1,45,637,0,76,0,1
2040,2040,20210930,1,14,45,345,0,133,0,1
2041,2041,20201106,1,2,45,136,0,186,0,1
2042,2042,20210810,3,2,45,933,0,445,0,1
2043,2043,20200511,4,2,45,214,13,73,20,1
2044,2044,20200518,1,5,45,79,0,79,0,1
2045,2045,20210325,1,1,45,1958,33,1778,33,1
2046,2046,20210101,1,1,45,0,0,0,0,0
2047,2047,20220518,1,1,45,290,0,290,0,1
2048,2048,20220323,1,1,45,436,0,475,0,1
2049,2049,20211209,1,2,45,2889,0,1665,0,1
2050,2050,20220524,1,16,45,1826,257,698,302,1
2051,2051,20220211,1,5,45,44,0,52,0,1
2052,2052,20220622,1,5,45,0,0,0,0,0
2053,2053,20220421,1,1,45,0,0,0,0,0
2054,2054,20220520,1,2,45,195,0,195,0,1
2055,2055,20221212,1,2,45,173,0,213,0,1
2056,2056,20200917,1,1,45,1846,57,573,57,1
2057,2057,20210204,1,11,45,73,0,72,0,1
2058,2058,20220914,3,5,45,1856,0,519,0,1
2059,2059,20220531,2,16,45,1996,0,1996,0,1
2060,2060,20200609,1,11,45,0,0,0,0,0
2061,2061,20221004,3,11,45,490,0,392,0,1
2062,2062,20200428,1,19,45,1519,118,1107,118,1
2063,2063,20211213,3,1,45,99,139,104,139,1
2064,2064,20200611,1,1,45,248,0,80,0,1
2065,2065,20200504,3,11,45,0,0,0,0,0
2066,2066,20210108,1,2,45,0,0,0,0,0
2067,2067,20201120,1,11,45,191,0,234,0,1
2068,2068,20200831,4,5,45,341,0,380,0,1
2069,2069,20210928,3,5,45,204,0,261,0,1
2070,2070,20220906,4,1,45,0,0,0,0,0
2071,2071,20220729,1,5,45,0,0,0,0,0
2072,2072,20210831,3,11,45,0,0,0,0,0
2073,2073,20210730,3,1,30,0,0,0,0,0
2074,2074,20210602,1,1,45,113,0,113,0,1
2075,2075,20220619,1,1,45,466,0,725,0,1
2076,2076,20230118,1,1,45,5,0,5,0,1
2077,2077,20211222,2,2,45,0,0,0,0,0
2078,2078,20220803,1,2,45,167,0,143,0,1
2079,2079,20220617,1,1,45,0,0,0,0,0
2080,2080,20220909,1,1,45,0,0,0,0,0
2081,2081,20221202,1,1,45,241,0,241,0,1
2082,2082,20220414,1,1,45,0,0,0,0,0
2083,2083,20220602,4,2,45,410,0,410,0,1
2084,2084,20220705,3,5,45,363,0,363,0,1
2085,2085,20220909,1,1,45,256,0,325,0,1
2086,2086,20200530,1,1,45,581,0,958,0,1
2087,2087,20200319,1,11,45,31,0,31,0,1
2088,2088,20220310,4,2,45,574,0,574,0,1
2089,2089,20210415,1,2,45,157,0,157,0,1
2090,2090,20220621,1,5,45,10097,0,10434,0,1
2091,2091,20200616,1,5,45,0,0,0,0,0
2092,2092,20211208,1,5,45,43,0,43,0,1
2093,2093,20200928,1,5,45,0,0,0,0,0
2094,2094,20201031,4,5,45,73,0,95,0,1
2095,2095,20220429,1,2,45,0,0,0,0,0
2096,2096,20240308,1,11,45,0,0,0,0,0
2097,2097,20210625,1,2,45,214,0,214,0,1
2098,2098,20211027,1,1,45,0,0,0,0,0
2099,2099,20210728,1,5,45,435,0,596,0,1
2100,2100,20210702,4,2,45,237,0,259,0,1
2101,2101,20220728,3,5,45,233,0,159,0,1
2102,2102,20221103,1,2,45,356,0,398,0,1
2103,2103,20220929,2,11,45,165,0,165,0,1
2104,2104,20211027,1,2,45,49,0,51,0,1
2105,2105,20220830,1,14,45,0,0,0,0,0
2106,2106,20220511,3,2,45,0,0,0,0,0
2107,2107,20220914,3,1,45,0,0,0,0,0
2108,2108,20220823,4,2,45,116,0,117,0,1
2109,2109,20220916,3,1,30,0,0,0,0,0
2110,2110,20221010,1,5,45,862,0,862,0,1
2111,2111,20220902,2,1,45,0,0,0,0,0
2112,2112,20230619,1,1,45,966,0,966,0,1
2113,2113,20230330,1,1,45,271,0,271,0,1
2114,2114,20200424,1,14,45,1664,0,1073,0,1
2115,2115,20201105,1,1,45,297,0,527,0,1
2116,2116,20210930,4,11,45,37,0,37,0,1
2117,2117,20200402,4,5,45,0,0,0,0,0
2118,2118,20220328,1,11,45,113,0,113,0,1
2119,2119,20200831,4,11,45,95,0,95,0,1
2120,2120,20200619,3,5,45,26,0,26,0,1
2121,2121,20200721,1,2,45,0,0,0,0,0
2122,2122,20210205,1,1,45,4447,1725,1525,3226,1
2123,2123,20210630,1,1,45,0,0,0,0,0
2124,2124,20220728,1,2,45,0,0,0,0,0
2125,2125,20200927,1,5,45,0,0,0,0,0
2126,2126,20240808,3,2,45,668,0,267,0,1
2127,2127,20220727,1,5,45,0,0,0,0,0
2128,2128,20211105,2,1,45,0,0,0,0,0
2129,2129,20210528,3,5,45,0,0,0,0,0
2130,2130,20210521,3,5,45,0,0,0,0,0
2131,2131,20211019,1,5,45,177,0,246,0,1
2132,2132,20211117,1,2,45,0,0,0,0,0
2133,2133,20210722,1,2,45,121,213,132,213,1
2134,2134,20220318,1,5,45,90,0,90,0,1
2135,2135,20220505,4,5,45,0,0,0,0,0
2136,2136,20221209,1,2,45,0,0,0,0,0
2137,2137,20200228,1,5,45,143,0,143,0,1
2138,2138,20210914,1,2,45,5,0,5,0,1
2139,2139,20201015,1,1,45,0,0,0,0,0
2140,2140,20201008,1,1,45,43,0,43,0,1
2141,2141,20200123,4,1,45,0,0,0,0,0
2142,2142,20210409,3,5,45,88,0,79,0,1
2143,2143,20201105,1,11,45,149,0,242,0,1
2144,2144,20200617,4,1,45,389,0,758,0,1
2145,2145,20200618,1,2,45,0,0,0,0,0
2146,2146,20220206,1,2,45,122,3,112,3,1
2147,2147,20200623,1,11,45,43,0,76,0,1
2148,2148,20200901,2,1,45,0,0,0,0,0
2149,2149,20200924,1,1,45,0,0,0,0,0
2150,2150,20210121,1,5,45,284,0,395,0,1
2151,2151,20210820,1,1,45,483,0,675,0,1
2152,2152,20210415,1,1,45,32,0,32,0,1
2153,2153,20211022,1,14,45,0,0,0,0,0
2154,2154,20210526,3,16,45,916,0,819,0,1
2155,2155,20220511,1,1,45,141,0,125,0,1
2156,2156,20220930,4,2,45,0,0,0,0,0
2157,2157,20240902,1,1,45,1261,26,1020,26,1
2158,2158,20220616,1,1,45,270,0,272,0,1
2159,2159,20230809,3,1,30,273,0,274,0,1
2160,2160,20220728,1,14,45,0,0,0,0,0
2161,2161,20220527,1,1,45,0,0,0,0,0
2162,2162,20221209,1,1,45,0,0,0,0,0
2163,2163,20220520,1,11,45,0,0,0,0,0
2164,2164,20221028,3,5,45,0,0,0,0,0
2165,2165,20221128,1,11,45,0,0,0,0,0
2166,2166,20221209,1,1,45,0,0,0,0,0
2167,2167,20210924,1,1,45,199,0,277,0,1
2168,2168,20211018,2,2,45,0,0,0,0,0
2169,2169,20220720,1,2,45,131,0,131,0,1
2170,2170,20220713,1,1,45,0,0,0,0,0
2171,2171,20200611,1,11,45,0,0,0,0,0
2172,2172,20211102,3,5,45,355,0,456,0,1
2173,2173,20220120,3,1,45,262,0,262,0,1
2174,2174,20210613,3,2,45,193,0,193,0,1
2175,2175,20201218,3,11,45,756,0,706,0,1
2176,2176,20201016,1,1,45,123,0,148,0,1
2177,2177,20200831,1,2,45,0,0,0,0,0
2178,2178,20210416,1,1,45,2700,0,2729,0,1
2179,2179,20211116,1,1,45,753,0,410,0,1
2180,2180,20220708,1,1,45,35,0,35,0,1
2181,2181,20210519,1,5,45,0,0,0,0,0
2182,2182,20201214,1,2,47,5365,0,10663,0,1
2183,2183,20210112,1,11,45,189,0,224,0,1
2184,2184,20210520,1,2,45,0,0,0,0,0
2185,2185,20220412,1,1,45,651,0,651,0,1
2186,2186,20210429,1,1,30,246,0,239,0,1
2187,2187,20210805,1,1,45,21,0,21,0,1
2188,2188,20220128,1,5,45,8,0,8,0,1
2189,2189,20210604,1,1,45,0,0,0,0,0
2190,2190,20210715,3,2,45,0,0,0,0,0
2191,2191,20220314,4,1,45,57,0,107,0,1
2192,2192,20211220,1,5,45,618,0,618,0,1
2193,2193,20211224,1,11,45,0,0,0,0,0
2194,2194,20211215,1,5,45,244,0,250,0,1
2195,2195,20221111,1,1,45,0,0,0,0,0
2196,2196,20230106,1,1,45,0,0,0,0,0
2197,2197,20220815,1,11,45,0,0,0,0,0
2198,2198,20221215,1,1,45,0,0,0,0,0
2199,2199,20230329,1,1,45,167,0,142,0,1
2200,2200,20230127,1,1,45,0,0,0,0,0
2201,2201,20201218,1,2,45,83,0,83,0,1
2202,2202,20210323,2,11,45,27,0,27,0,1
2203,2203,20200820,1,16,45,946,0,488,0,1
2204,2204,20230424,1,11,45,677,0,554,0,1
2205,2205,20200123,1,1,45,386,4,179,4,1
2206,2206,20240516,1,1,45,0,0,0,0,0
2207,2207,20200929,2,2,45,0,0,0,0,0
2208,2208,20200827,1,1,45,155,0,154,0,1
2209,2209,20200621,1,1,45,829,0,1032,0,1
2210,2210,20200122,3,2,45,76,0,98,0,1
2211,2211,20200505,3,2,45,1393,0,2104,0,1
2212,2212,20220519,1,1,45,226,54,157,54,1
2213,2213,20220720,1,1,45,9,0,9,0,1
2214,2214,20220522,2,1,45,1654,0,3219,0,1
2215,2215,20200528,1,2,45,560,0,636,0,1
2216,2216,20200512,1,1,45,397,0,287,0,1
2217,2217,20200214,3,5,45,94,0,94,0,1
2218,2218,20200501,1,2,45,195,0,222,0,1
2219,2219,20201218,1,2,45,1676,0,1155,0,1
2220,2220,20220113,1,2,45,228,0,228,0,1
2221,2221,20210409,4,2,45,0,0,0,0,0
2222,2222,20220919,1,1,45,161,0,161,0,1
2223,2223,20211206,1,1,45,16,0,16,0,1
2224,2224,20230202,3,1,45,0,0,0,0,0
2225,2225,20220113,1,1,45,154,247,166,247,1
2226,2226,20220217,1,14,45,890,0,1729,0,1
2227,2227,20220928,1,1,45,598,0,905,0,1
2228,2228,20220912,1,1,45,0,0,0,0,0
2229,2229,20221031,1,1,45,0,0,0,0,0
2230,2230,20230101,1,1,45,0,0,0,0,0
2231,2231,20230120,1,5,45,0,0,0,0,0
2232,2232,20201125,1,1,30,356,0,432,0,1
2233,2233,20200618,4,1,45,890,0,890,0,1
2234,2234,20200813,3,1,45,0,0,0,0,0
2235,2235,20200721,1,1,45,199,0,115,0,1
2236,2236,20200225,2,11,45,500,0,405,0,1
2237,2237,20210615,1,1,45,36,0,36,0,1
2238,2238,20201026,1,2,45,0,0,0,0,0
2239,2239,20200501,2,1,54,150011,6886,53763,8425,1
2240,2240,20210819,1,15,45,462,3,633,3,1
2241,2241,20210520,1,5,45,270,0,270,0,1
2242,2242,20221220,1,11,45,121,0,221,0,1
2243,2243,20201030,1,1,45,162,0,131,0,1
2244,2244,20201218,1,5,45,18,0,20,0,1
2245,2245,20221013,1,1,45,35,0,39,0,1
2246,2246,20210914,2,5,45,0,0,0,0,0
2247,2247,20211116,1,16,45,663,0,663,0,1
2248,2248,20220204,1,1,45,158,0,158,0,1
2249,2249,20220915,1,1,45,162,0,151,0,1
2250,2250,20220106,1,2,45,81,0,87,0,1
2251,2251,20230926,1,5,45,193,0,285,0,1
2252,2252,20220629,1,15,45,0,0,0,0,0
2253,2253,20220808,1,2,45,21,0,21,0,1
2254,2254,20221118,1,1,45,0,0,0,0,0
2255,2255,20221123,3,2,45,0,0,0,0,0
2256,2256,20240401,1,5,45,0,0,0,0,0
2257,2257,20220726,1,5,45,314,0,334,0,1
2258,2258,20200618,1,1,45,444,0,863,0,1
2259,2259,20200423,4,11,45,698,0,415,0,1
2260,2260,20200813,1,1,45,242,0,223,0,1
2261,2261,20230112,1,11,45,3336,360,1167,610,1
2262,2262,20210318,3,1,45,0,0,0,0,0
2263,2263,20210219,1,1,45,82,0,114,0,1
2264,2264,20200615,1,11,45,0,0,0,0,0
2265,2265,20200618,3,5,45,0,0,0,0,0
2266,2266,20230608,1,1,45,1,0,1,0,1
2267,2267,20200904,4,2,45,0,0,0,0,0
2268,2268,20211102,2,1,45,2701,0,5240,0,1
2269,2269,20210609,1,2,45,90,0,90,0,1
2270,2270,20221208,1,1,45,0,0,0,0,0
2271,2271,20210324,1,14,45,2289,0,2289,0,1
2272,2272,20220901,1,16,45,13,0,13,0,1
2273,2273,20221101,1,5,45,205,0,221,0,1
2274,2274,20210624,1,11,45,22,0,22,0,1
2275,2275,20210716,1,2,45,2,0,2,0,1
2276,2276,20210923,3,16,45,267,0,356,0,1
2277,2277,20220303,3,2,45,0,0,0,0,0
2278,2278,20221007,3,16,45,0,0,0,0,0
2279,2279,20221217,3,2,45,0,0,0,0,0
2280,2280,20211022,1,1,45,850,0,850,0,1
2281,2281,20221103,3,2,45,0,0,0,0,0
2282,2282,20221130,2,14,45,11,0,11,0,1
2283,2283,20220520,1,1,45,523,0,523,0,1
2284,2284,20230201,1,1,45,0,0,0,0,0
2285,2285,20220712,1,2,45,163,0,161,0,1
2286,2286,20220517,3,11,45,233,0,233,0,1
2287,2287,20220606,1,1,45,80,109,91,109,1
2288,2288,20221014,1,5,45,165,0,165,0,1
2289,2289,20230208,1,1,45,0,0,0,0,0
2290,2290,20260423,1,1,45,0,0,0,0,0
2291,2291,20221218,1,5,45,953,0,953,0,1
2292,2292,20221216,1,1,45,0,0,0,0,0
2293,2293,20250814,1,1,30,162,0,162,0,1
2294,2294,20210520,1,1,45,55,0,55,0,1
2295,2295,20210708,1,5,45,446,0,487,0,1
2296,2296,20200429,3,2,45,0,0,0,0,0
2297,2297,20201214,1,11,45,122,0,122,0,1
2298,2298,20200313,3,1,45,0,0,0,0,0
2299,2299,20201116,2,5,45,1648,32,1560,32,1
2300,2300,20200616,1,11,45,194,0,194,0,1
2301,2301,20240403,1,1,45,614,0,735,0,1
2302,2302,20221103,1,1,45,112,0,112,0,1
2303,2303,20221110,1,14,45,25,0,25,0,1
2304,2304,20210416,1,1,30,33,0,33,0,1
2305,2305,20210115,1,1,45,1260,0,1260,0,1
2306,2306,20201215,1,2,45,1909,0,2225,0,1
2307,2307,20210825,1,2,45,434,0,446,0,1
2308,2308,20220512,4,1,45,0,0,0,0,0
2309,2309,20211021,1,1,45,5,0,5,0,1
2310,2310,20211014,1,14,45,12,0,12,0,1
2311,2311,20210622,1,11,45,0,0,0,0,0
2312,2312,20210930,1,2,45,0,0,0,0,0
2313,2313,20210319,1,1,45,0,0,0,0,0
2314,2314,20250108,3,5,45,177,0,346,0,1
2315,2315,20220302,4,2,45,15,0,15,0,1
2316,2316,20230914,1,1,45,80,0,80,0,1
2317,2317,20220105,1,2,45,0,0,0,0,0
2318,2318,20221027,1,5,45,0,0,0,0,0
2319,2319,20220712,1,2,45,126,57,120,57,1
2320,2320,20220731,1,5,45,0,0,0,0,0
2321,2321,20221214,1,5,45,945,0,639,0,1
2322,2322,20220606,1,2,45,0,0,0,0,0
2323,2323,20230128,4,11,45,0,0,0,0,0
2324,2324,20230822,1,19,45,493,0,493,0,1
2325,2325,20200116,1,11,45,228,0,363,0,1
2326,2326,20210928,4,2,45,0,0,0,0,0
2327,2327,20211014,1,5,45,333,0,333,0,1
2328,2328,20200522,1,2,45,104,0,131,0,1
2329,2329,20211028,1,1,30,95,0,130,0,1
2330,2330,20200130,1,11,45,221,0,263,0,1
2331,2331,20220407,1,2,45,750,0,518,0,1
2332,2332,20221220,1,11,45,0,0,0,0,0
2333,2333,20200112,1,2,45,0,0,0,0,0
2334,2334,20211202,1,1,45,0,0,0,0,0
2335,2335,20200521,1,5,45,0,0,0,0,0
2336,2336,20200331,3,2,45,18,0,18,0,1
2337,2337,20210202,3,16,45,974,0,568,0,1
2338,2338,20250228,1,1,45,73,0,73,0,1
2339,2339,20201203,1,1,45,4,0,4,0,1
2340,2340,20200901,1,1,45,30,0,30,0,1
2341,2341,20201016,1,11,45,0,0,0,0,0
2342,2342,20201112,1,1,45,3490,61,1951,61,1
2343,2343,20230613,2,1,45,1053,0,1186,0,1
2344,2344,20230115,1,14,45,936,0,935,0,1
2345,2345,20210720,1,5,45,96,0,121,0,1
2346,2346,20211014,1,11,45,0,0,0,0,0
2347,2347,20220617,1,5,45,0,0,0,0,0
2348,2348,20260213,2,5,45,23920,502,23920,502,1
2349,2349,20221017,2,5,45,0,0,0,0,0
2350,2350,20220715,1,11,45,85,0,85,0,1
2351,2351,20220525,1,11,45,0,0,0,0,0
2352,2352,20230216,1,1,45,6,0,6,0,1
2353,2353,20230131,1,1,45,0,0,0,0,0
2354,2354,20221126,1,1,45,0,0,0,0,0
2355,2355,20201007,4,11,45,0,0,0,0,0
2356,2356,20200225,1,1,45,641,0,351,0,1
2357,2357,20210608,3,2,45,167,0,241,0,1
2358,2358,20200325,1,1,45,111,0,65,0,1
2359,2359,20211115,3,2,45,131,47,94,47,1
2360,2360,20220816,1,2,45,0,0,0,0,0
2361,2361,20200513,1,1,45,800,0,531,0,1
2362,2362,20210122,1,2,45,2004,0,1831,0,1
2363,2363,20201023,4,1,45,7,0,10,0,1
2364,2364,20220511,1,1,45,75,0,75,0,1
2365,2365,20200521,1,1,45,0,0,0,0,0
2366,2366,20210611,1,5,45,1012,8,693,8,1
2367,2367,20200522,1,1,45,0,0,0,0,0
2368,2368,20210821,1,5,45,6162,0,3808,0,1
2369,2369,20211124,1,11,45,0,0,0,0,0
2370,2370,20210818,1,1,45,266,130,89,130,1
2371,2371,20210628,1,1,45,865,0,865,0,1
2372,2372,20210826,1,1,45,180,0,118,0,1
2373,2373,20210827,1,11,45,0,0,0,0,0
2374,2374,20210326,1,5,45,0,0,0,0,0
2375,2375,20210909,1,2,45,244,0,244,0,1
2376,2376,20210809,1,1,45,27,0,31,0,1
2377,2377,20211220,1,5,45,271,0,271,0,1
2378,2378,20230125,4,1,45,0,0,0,0,0
2379,2379,20220505,3,5,45,206,0,239,0,1
2380,2380,20211018,1,2,45,923,0,1076,0,1
2381,2381,20211101,2,1,45,0,0,0,0,0
2382,2382,20220227,3,11,54,337,0,392,0,1
2383,2383,20221025,1,1,45,3,0,3,0,1
2384,2384,20221030,1,5,45,1234,0,1234,0,1
2385,2385,20230123,1,5,45,0,0,0,0,0
2386,2386,20221109,2,2,45,122,0,113,0,1
2387,2387,20230120,1,5,45,155,0,155,0,1
2388,2388,20220905,1,1,45,0,0,0,0,0
2389,2389,20221006,1,5,45,0,0,0,0,0
2390,2390,20210610,1,1,45,46,0,73,0,1
2391,2391,20200330,3,1,45,27,0,27,0,1
2392,2392,20200615,1,1,45,0,0,0,0,0
2393,2393,20210128,1,1,45,3252,498,2599,498,1
2394,2394,20211112,1,1,45,157,34,72,34,1
2395,2395,20200730,4,5,45,140,0,157,0,1
2396,2396,20200317,1,2,45,1488,0,1545,0,1
2397,2397,20200330,1,2,45,0,0,0,0,0
2398,2398,20230111,2,1,45,0,0,0,0,0
2399,2399,20200821,3,5,45,0,0,0,0,0
2400,2400,20201209,1,2,45,123,0,160,0,1
2401,2401,20210212,4,1,45,0,0,0,0,0
2402,2402,20210919,1,2,45,239,0,239,0,1
2403,2403,20210624,1,2,45,79,0,146,0,1
2404,2404,20210622,1,5,45,102,0,110,0,1
2405,2405,20250828,1,1,45,670,0,920,0,1
2406,2406,20231109,4,2,45,1298,0,1869,0,1
2407,2407,20220426,1,1,45,0,0,0,0,0
2408,2408,20220211,4,2,45,0,0,0,0,0
2409,2409,20220930,1,1,45,207,359,146,359,1
2410,2410,20220330,1,1,45,0,0,0,0,0
2411,2411,20220616,1,2,45,241,0,291,0,1
2412,2412,20220511,1,5,45,0,0,0,0,0
2413,2413,20221027,1,1,45,0,0,0,0,0
2414,2414,20230807,1,5,30,0,0,0,0,0
2415,2415,20221209,4,5,45,0,0,0,0,0
2416,2416,20211213,1,11,45,0,0,0,0,0
2417,2417,20220830,1,5,45,758,0,973,0,1
2418,2418,20210527,3,1,45,0,0,0,0,0
2419,2419,20200827,4,2,45,0,0,0,0,0
2420,2420,20220121,4,2,45,244,0,215,0,1
2421,2421,20200715,1,5,45,14,0,14,0,1
2422,2422,20210325,4,1,45,230,0,224,0,1
2423,2423,20210915,1,1,45,131,0,223,0,1
2424,2424,20200624,1,2,45,2270,0,2270,0,1
2425,2425,20230531,3,5,45,1472,256,847,256,1
2426,2426,20240226,1,5,45,64,0,64,0,1
2427,2427,20240521,1,11,45,496,0,609,0,1
2428,2428,20220726,1,1,45,124,0,234,0,1
2429,2429,20201030,1,11,45,0,0,0,0,0
2430,2430,20201215,1,5,45,0,0,0,0,0
2431,2431,20221214,1,11,45,0,0,0,0,0
2432,2432,20201130,2,7,45,0,0,0,0,0
2433,2433,20220712,1,5,45,451,0,451,0,1
2434,2434,20201219,1,11,45,0,0,0,0,0
2435,2435,20210122,3,2,45,0,0,0,0,0
2436,2436,20210716,1,2,45,0,0,0,0,0
2437,2437,20210416,1,1,45,92,0,131,0,1
2438,2438,20211206,2,1,45,118,0,170,0,1
2439,2439,20210817,4,11,45,2256,0,956,0,1
2440,2440,20210617,1,14,45,2954,0,2954,0,1
2441,2441,20220414,1,2,45,304,0,322,0,1
2442,2442,20230202,2,2,45,1,0,1,0,1
2443,2443,20211201,4,5,45,178,0,291,0,1
2444,2444,20211026,3,16,45,1875,0,2133,0,1
2445,2445,20220212,2,1,45,64,0,61,0,1
2446,2446,20220913,1,14,45,1893,0,1893,0,1
2447,2447,20230108,1,5,45,0,0,0,0,0
2448,2448,20251227,1,2,45,1618,3678,361,3678,1
2449,2449,20250220,1,1,45,103,0,129,0,1
2450,2450,20250513,4,5,45,0,0,0,0,0
2451,2451,20220819,1,2,45,83,0,87,0,1
2452,2452,20220513,1,1,45,192,0,174,0,1
2453,2453,20200612,1,1,45,223,91,67,91,1
2454,2454,20210930,1,1,45,0,0,0,0,0
2455,2455,20200403,3,2,45,87,0,43,0,1
2456,2456,20210312,2,11,45,0,0,0,0,0
2457,2457,20211210,1,16,45,965,0,965,0,1
2458,2458,20210415,1,1,45,0,0,0,0,0
2459,2459,20200206,1,1,45,222,4,77,4,1
2460,2460,20200820,1,2,45,177,0,177,0,1
2461,2461,20200730,1,2,45,445,0,556,0,1
2462,2462,20200318,1,16,45,89,0,101,0,1
2463,2463,20210715,4,5,45,176,0,176,0,1
2464,2464,20220903,1,5,45,315,0,315,0,1
2465,2465,20200623,1,5,45,0,0,0,0,0
2466,2466,20210226,1,2,45,116,0,116,0,1
2467,2467,20201110,1,1,45,1085,0,773,0,1
2468,2468,20240726,3,1,45,1017,0,1188,0,1
2469,2469,20210105,1,1,47,23864,2213,6932,3938,1
2470,2470,20210528,1,5,45,74,0,85,0,1
2471,2471,20230130,1,1,45,0,0,0,0,0
2472,2472,20220718,3,19,45,0,0,0,0,0
2473,2473,20230124,3,14,45,270,0,309,0,1
2474,2474,20220314,2,5,45,206,0,242,0,1
2475,2475,20211027,1,2,45,888,0,642,0,1
2476,2476,20211230,1,2,45,0,0,0,0,0
2477,2477,20221021,4,1,45,454,0,642,0,1
2478,2478,20220901,1,1,45,197,0,197,0,1
2479,2479,20220824,1,2,45,4102,24,4102,24,1
2480,2480,20221215,1,5,45,0,0,0,0,0
2481,2481,20230210,1,11,45,0,0,0,0,0
2482,2482,20201020,1,1,45,8,0,8,0,1
2483,2483,20231130,1,5,45,218,27,110,27,1
2484,2484,20200225,1,1,45,1215,0,204,0,1
2485,2485,20220526,1,1,45,0,0,0,0,0
2486,2486,20200910,4,11,45,189,0,129,0,1
2487,2487,20200227,4,11,45,289,0,299,0,1
2488,2488,20200831,1,1,45,0,0,0,0,0
2489,2489,20200810,1,1,45,127,0,130,0,1
2490,2490,20200228,2,1,45,0,0,0,0,0
2491,2491,20200710,1,2,45,515,0,786,0,1
2492,2492,20200305,1,18,45,80,0,80,0,1
2493,2493,20210323,1,5,45,645,117,381,117,1
2494,2494,20210903,1,14,45,0,0,0,0,0
2495,2495,20210618,1,1,45,60,0,60,0,1
2496,2496,20200827,1,1,45,385,0,385,0,1
2497,2497,20210527,1,2,45,0,0,0,0,0
2498,2498,20201106,1,5,45,18,0,18,0,1
2499,2499,20221005,3,14,45,0,0,0,0,0
2500,2500,20250523,1,1,45,38,67,67,67,1
2501,2501,20210825,1,2,45,157,0,157,0,1
2502,2502,20220209,1,5,45,0,0,0,0,0
2503,2503,20220519,1,5,45,0,0,0,0,0
2504,2504,20221028,1,1,45,0,0,0,0,0
2505,2505,20220831,4,11,45,0,0,0,0,0
2506,2506,20221025,1,2,45,7,0,7,0,1
2507,2507,20220615,1,1,45,159,0,159,0,1
2508,2508,20221231,2,5,45,0,0,0,0,0
2509,2509,20220930,1,2,45,0,0,0,0,0
2510,2510,20241127,1,1,45,20,0,20,0,1
2511,2511,20230508,1,1,45,1691,0,1360,0,1
2512,2512,20221216,1,1,45,0,0,0,0,0
2513,2513,20230106,1,1,45,0,0,0,0,0
2514,2514,20200626,1,1,45,0,0,0,0,0
2515,2515,20201015,3,11,45,178,0,178,0,1
2516,2516,20210422,1,1,45,57,0,90,0,1
2517,2517,20230815,1,1,45,412,0,276,0,1
2518,2518,20200303,1,1,45,0,0,0,0,0
2519,2519,20211014,1,2,45,56,0,56,0,1
2520,2520,20210729,3,18,45,0,0,0,0,0
2521,2521,20210804,1,1,45,349,0,392,0,1
2522,2522,20200704,1,2,45,256,0,264,0,1
2523,2523,20210820,1,2,45,0,0,0,0,0
2524,2524,20210610,1,16,45,68,0,68,0,1
2525,2525,20220826,1,2,45,0,0,0,0,0
2526,2526,20230207,1,11,45,62,0,80,0,1
2527,2527,20210401,4,2,45,0,0,0,0,0
2528,2528,20240528,1,1,45,259,0,277,0,1
2529,2529,20220317,1,2,45,142,0,167,0,1
2530,2530,20210820,1,1,45,56,0,56,0,1
2531,2531,20211211,1,11,45,0,0,0,0,0
2532,2532,20211014,1,1,45,194,0,255,0,1
2533,2533,20211026,1,5,45,0,0,0,0,0
2534,2534,20220318,1,1,45,212,0,145,0,1
2535,2535,20220331,1,1,45,0,0,0,0,0
2536,2536,20220808,4,1,45,0,0,0,0,0
2537,2537,20220819,1,2,45,381,0,381,0,1
2538,2538,20220930,1,2,45,0,0,0,0,0
2539,2539,20240405,1,1,45,273,0,340,0,1
2540,2540,20220716,1,12,45,90,0,86,0,1
2541,2541,20220915,1,11,45,0,0,0,0,0
2542,2542,20200116,1,1,45,13,0,13,0,1
2543,2543,20200224,1,1,45,99,0,120,0,1
2544,2544,20200623,1,1,45,30,0,57,0,1
2545,2545,20200828,4,1,45,37,0,37,0,1
2546,2546,20200415,4,16,45,597,0,749,0,1
2547,2547,20220208,1,5,45,368,0,244,0,1
2548,2548,20200519,1,5,45,239,27,270,27,1
2549,2549,20200604,1,2,45,245,0,354,0,1
2550,2550,20230925,1,1,45,136,0,60,0,1
2551,2551,20210728,1,14,45,882,0,928,0,1
2552,2552,20211026,1,2,45,209,0,286,0,1
2553,2553,20200908,1,2,45,29,0,32,0,1
2554,2554,20210430,3,1,45,15,0,26,0,1
2555,2555,20220923,1,1,45,1091,0,1606,0,1
2556,2556,20201006,1,5,45,0,0,0,0,0
2557,2557,20220110,1,2,45,0,0,0,0,0
2558,2558,20220819,1,2,45,0,0,0,0,0
2559,2559,20210513,1,2,45,53905,0,107448,0,1
2560,2560,20221018,4,2,45,0,0,0,0,0
2561,2561,20210617,1,14,45,0,0,0,0,0
2562,2562,20210429,1,1,45,34,0,34,0,1
2563,2563,20210916,1,1,45,108,0,122,0,1
2564,2564,20210603,1,1,45,0,0,0,0,0
2565,2565,20220715,1,2,45,293,0,293,0,1
2566,2566,20220323,4,2,45,585,0,203,0,1
2567,2567,20231226,4,5,45,0,0,0,0,0
2568,2568,20220202,2,2,45,0,0,0,0,0
2569,2569,20220825,1,1,45,122,0,107,0,1
2570,2570,20220329,1,14,45,564,0,571,0,1
2571,2571,20220708,1,1,45,0,0,0,0,0
2572,2572,20220629,1,1,45,0,0,0,0,0
2573,2573,20230206,4,5,45,356,0,356,0,1
2574,2574,20230214,1,1,45,365,0,382,0,1
2575,2575,20221024,1,1,45,74,0,74,0,1
2576,2576,20221104,1,1,45,0,0,0,0,0
2577,2577,20240325,1,1,45,1111,0,330,0,1
2578,2578,20221227,1,1,45,0,0,0,0,0
2579,2579,20211012,4,1,45,193,0,200,0,1
2580,2580,20221224,1,1,30,0,0,0,0,0
2581,2581,20200718,1,5,54,420,0,417,0,1
2582,2582,20200214,3,2,45,181,0,241,0,1
2583,2583,20200801,1,1,45,0,0,0,0,0
2584,2584,20200216,1,2,45,0,0,0,0,0
2585,2585,20200716,1,1,45,215,0,215,0,1
2586,2586,20200227,1,2,45,300,0,225,0,1
2587,2587,20200410,3,1,45,3064,42,298,58,1
2588,2588,20200401,1,1,45,0,0,0,0,0
2589,2589,20221017,1,11,45,0,0,0,0,0
2590,2590,20220719,1,2,45,442,218,517,218,1
2591,2591,20201112,1,5,45,0,0,0,0,0
2592,2592,20201118,3,2,45,331,0,331,0,1
2593,2593,20210517,1,2,45,0,0,0,0,0
2594,2594,20240819,3,2,45,697,651,363,651,1
2595,2595,20210304,1,1,45,218,0,367,0,1
2596,2596,20220408,1,2,45,526,0,526,0,1
2597,2597,20210908,1,2,45,0,0,0,0,0
2598,2598,20221028,1,2,45,737,0,976,0,1
2599,2599,20220728,1,5,45,226,0,257,0,1
2600,2600,20221101,4,5,45,0,0,0,0,0
2601,2601,20220512,4,1,45,458,503,144,607,1
2602,2602,20220805,2,11,45,148,0,222,0,1
2603,2603,20220930,1,2,45,81,21,113,21,1
2604,2604,20230208,1,5,45,0,0,0,0,0
2605,2605,20221118,1,5,45,0,0,0,0,0
2606,2606,20201022,1,5,45,0,0,0,0,0
2607,2607,20220107,1,1,45,0,0,0,0,0
2608,2608,20201008,1,2,45,303,0,336,0,1
2609,2609,20200218,3,1,45,474,1,109,1,1
2610,2610,20220721,3,16,45,0,0,0,0,0
2611,2611,20200527,3,1,45,166,0,196,0,1
2612,2612,20221216,1,1,45,0,0,0,0,0
2613,2613,20210531,1,1,45,291,0,153,0,1
2614,2614,20201022,1,2,45,220,0,314,0,1
2615,2615,20210224,1,2,45,139,0,156,0,1
2616,2616,20210118,1,5,45,0,0,0,0,0
2617,2617,20230807,3,2,45,0,0,0,0,0
2618,2618,20210129,3,2,45,0,0,0,0,0
2619,2619,20221110,1,11,45,2317,0,2317,0,1
2620,2620,20210521,1,5,45,0,0,0,0,0
2621,2621,20210610,3,1,45,0,0,0,0,0
2622,2622,20220626,1,5,45,0,0,0,0,0
2623,2623,20211008,1,5,45,36,0,54,0,1
2624,2624,20210915,1,19,45,0,0,0,0,0
2625,2625,20221208,3,1,45,0,0,0,0,0
2626,2626,20220318,1,1,45,97,0,101,0,1
2627,2627,20220930,1,5,45,118,0,151,0,1
2628,2628,20241018,1,11,45,447,0,764,0,1
2629,2629,20221204,1,1,45,0,0,0,0,0
2630,2630,20221102,1,11,45,0,0,0,0,0
2631,2631,20210331,1,1,45,0,0,0,0,0
2632,2632,20200316,4,1,45,77,0,55,0,1
2633,2633,20210729,1,1,45,556,0,265,0,1
2634,2634,20200604,1,2,45,149,0,150,0,1
2635,2635,20210223,1,1,45,907,0,303,0,1
2636,2636,20210506,1,5,45,849,0,350,0,1
2637,2637,20221024,1,2,45,100,0,100,0,1
2638,2638,20251116,1,1,45,149,0,169,0,1
2639,2639,20201105,1,1,45,0,0,0,0,0
2640,2640,20221004,1,1,45,1030,0,1218,0,1
2641,2641,20200812,3,11,45,0,0,0,0,0
2642,2642,20200507,1,16,45,0,0,0,0,0
2643,2643,20210304,1,2,45,662,0,432,0,1
2644,2644,20230126,1,1,45,187,0,231,0,1
2645,2645,20210401,1,11,45,1017,0,964,0,1
2646,2646,20210129,3,19,45,0,0,0,0,0
2647,2647,20210917,1,2,45,358,0,432,0,1
2648,2648,20210521,2,5,45,0,0,0,0,0
2649,2649,20221222,3,2,45,926,0,931,0,1
2650,2650,20211109,1,2,45,0,0,0,0,0
2651,2651,20220907,1,1,45,0,0,0,0,0
2652,2652,20210729,3,2,45,1468,0,2325,0,1
2653,2653,20220210,4,1,45,96,0,97,0,1
2654,2654,20230713,1,1,45,175,0,201,0,1
2655,2655,20211216,1,2,45,0,0,0,0,0
2656,2656,20220731,4,5,45,0,0,0,0,0
2657,2657,20220812,1,2,45,0,0,0,0,0
2658,2658,20220331,3,16,45,0,0,0,0,0
2659,2659,20221207,1,1,45,0,0,0,0,0
2660,2660,20201201,4,5,45,0,0,0,0,0
2661,2661,20211028,4,1,45,0,0,0,0,0
2662,2662,20220523,1,2,45,941,0,621,0,1
2663,2663,20200519,1,1,45,0,0,0,0,0
2664,2664,20230824,3,1,45,0,0,0,0,0
2665,2665,20220428,1,1,45,0,0,0,0,0
2666,2666,20200602,3,11,45,817,0,817,0,1
2667,2667,20200430,3,2,45,0,0,0,0,0
2668,2668,20201125,1,1,45,0,0,0,0,0
2669,2669,20200507,4,5,45,22,0,22,0,1
2670,2670,20200224,1,1,45,0,0,0,0,0
2671,2671,20200907,3,11,45,0,0,0,0,0
2672,2672,20221208,4,5,45,0,0,0,0,0
2673,2673,20200810,1,2,45,26,0,26,0,1
2674,2674,20200813,1,11,45,31,0,31,0,1
2675,2675,20210506,1,1,45,0,0,0,0,0
2676,2676,20201112,4,11,45,0,0,0,0,0
2677,2677,20210205,3,5,45,0,0,0,0,0
2678,2678,20210304,1,11,45,0,0,0,0,0
2679,2679,20220918,2,1,45,0,0,0,0,0
2680,2680,20230405,3,1,45,6,0,6,0,1
2681,2681,20230512,1,1,45,0,0,0,0,0
2682,2682,20220503,1,1,45,89,0,139,0,1
2683,2683,20211117,1,16,45,1386,0,2760,0,1
2684,2684,20210526,1,2,45,0,0,0,0,0
2685,2685,20210727,1,2,45,14,0,16,0,1
2686,2686,20221022,1,11,45,192,0,249,0,1
2687,2687,20220810,1,5,45,0,0,0,0,0
2688,2688,20231012,1,11,45,0,0,0,0,0
2689,2689,20220903,1,1,45,4,0,4,0,1
2690,2690,20221202,1,1,45,0,0,0,0,0
2691,2691,20200604,1,5,45,884,65,234,65,1
2692,2692,20210724,1,1,45,127,0,178,0,1
2693,2693,20211007,3,2,45,0,0,0,0,0
2694,2694,20220601,1,1,45,11,0,11,0,1
2695,2695,20220314,1,1,45,302,0,302,0,1
2696,2696,20211209,1,1,45,119,0,139,0,1
2697,2697,20200117,3,1,45,20,0,20,0,1
2698,2698,20220516,1,1,45,0,0,0,0,0
2699,2699,20200220,1,5,45,0,0,0,0,0
2700,2700,20220727,1,1,45,239,0,239,0,1
2701,2701,20230202,1,2,45,0,0,0,0,0
2702,2702,20220420,1,1,45,49,0,49,0,1
2703,2703,20200615,1,11,45,8,0,9,0,1
2704,2704,20230206,1,1,45,475,0,785,0,1
2705,2705,20200831,3,1,45,495,0,565,0,1
2706,2706,20260313,1,1,45,3,0,3,0,1
2707,2707,20210826,1,16,45,7,0,7,0,1
2708,2708,20210521,1,16,45,1688,0,1688,0,1
2709,2709,20201015,1,1,45,0,0,0,0,0
2710,2710,20221105,1,2,45,0,0,0,0,0
2711,2711,20210628,3,2,45,0,0,0,0,0
2712,2712,20221025,1,1,45,412,0,658,0,1
2713,2713,20230525,1,5,45,77,0,117,0,1
2714,2714,20210525,1,5,45,160,0,161,0,1
2715,2715,20210904,4,2,45,659,0,659,0,1
2716,2716,20210415,4,2,45,0,0,0,0,0
2717,2717,20211119,1,1,45,6,0,6,0,1
2718,2718,20250311,1,1,45,25,0,25,0,1
2719,2719,20221223,2,2,45,240,0,240,0,1
2720,2720,20220106,4,5,45,0,0,0,0,0
2721,2721,20211208,1,2,45,527,0,527,0,1
2722,2722,20220204,1,2,45,413,0,413,0,1
2723,2723,20210930,1,5,45,0,0,0,0,0
2724,2724,20211011,1,1,45,0,0,0,0,0
2725,2725,20220107,1,5,45,348,0,492,0,1
2726,2726,20260623,3,5,45,2071,0,931,0,1
2727,2727,20220927,1,5,45,0,0,0,0,0
2728,2728,20211014,1,1,45,98,0,125,0,1
2729,2729,20210304,1,5,45,0,0,0,0,0
2730,2730,20210805,1,1,45,632,0,205,0,1
2731,2731,20250513,1,1,45,1928,0,887,0,1
2732,2732,20200730,1,1,45,94,0,94,0,1
2733,2733,20200116,3,1,45,0,0,0,0,0
2734,2734,20220118,1,2,45,0,0,0,0,0
2735,2735,20200814,1,1,45,12,0,12,0,1
2736,2736,20200308,3,2,45,56,0,56,0,1
2737,2737,20201027,1,2,45,0,0,0,0,0
2738,2738,20201106,1,2,45,284,0,338,0,1
2739,2739,20200928,3,5,45,0,0,0,0,0
2740,2740,20201209,1,5,45,50,0,78,0,1
2741,2741,20201106,1,1,45,193,0,193,0,1
2742,2742,20211112,1,2,45,915,0,1308,0,1
2743,2743,20210212,4,2,45,220,0,227,0,1
2744,2744,20220223,1,2,45,234,0,234,0,1
2745,2745,20211206,1,1,45,222,0,222,0,1
2746,2746,20220228,1,5,45,0,0,0,0,0
2747,2747,20221030,1,5,45,290,0,290,0,1
2748,2748,20220819,1,5,45,0,0,0,0,0
2749,2749,20220712,1,5,45,0,0,0,0,0
2750,2750,20221021,1,1,45,0,0,0,0,0
2751,2751,20201103,4,11,45,107,0,166,0,1
2752,2752,20200129,4,2,45,222,19,215,19,1
2753,2753,20210727,3,1,45,1076,197,587,312,1
2754,2754,20200617,4,11,45,67,0,110,0,1
2755,2755,20211012,1,1,45,1406,192,592,214,1
2756,2756,20210930,1,1,45,802,0,753,0,1
2757,2757,20220719,1,1,45,189,0,189,0,1
2758,2758,20200408,4,5,30,70,0,74,0,1
2759,2759,20200716,1,1,45,316,0,440,0,1
2760,2760,20210406,1,1,30,298,0,230,0,1
2761,2761,20210728,1,11,45,2,0,2,0,1
2762,2762,20240513,1,1,45,0,0,0,0,0
2763,2763,20210831,1,1,45,62,0,116,0,1
2764,2764,20221006,4,5,45,0,0,0,0,0
2765,2765,20211103,1,1,45,0,0,0,0,0
2766,2766,20210326,4,1,45,484,0,521,0,1
2767,2767,20210405,3,9,45,21643,0,373,0,1
2768,2768,20210105,1,2,45,844,0,1195,0,1
2769,2769,20210313,1,14,45,0,0,0,0,0
2770,2770,20220428,4,11,45,73,0,126,0,1
2771,2771,20220817,2,1,45,259,0,397,0,1
2772,2772,20210211,4,1,45,0,0,0,0,0
2773,2773,20220505,1,2,45,125,0,150,0,1
2774,2774,20210413,1,1,45,106,0,106,0,1
2775,2775,20211214,1,5,45,31,0,31,0,1
2776,2776,20220315,1,1,45,34,0,39,0,1
2777,2777,20210729,1,2,45,0,0,0,0,0
2778,2778,20211008,1,1,45,205,0,205,0,1
2779,2779,20220418,1,1,45,0,0,0,0,0
2780,2780,20220615,3,2,45,0,0,0,0,0
2781,2781,20221017,1,5,45,0,0,0,0,0
2782,2782,20230130,4,1,45,0,0,0,0,0
2783,2783,20220618,1,2,45,0,0,0,0,0
2784,2784,20221114,3,5,45,1228,64,973,64,1
2785,2785,20220606,4,2,45,0,0,0,0,0
2786,2786,20221129,3,5,45,0,0,0,0,0
2787,2787,20220616,1,1,45,0,0,0,0,0
2788,2788,20220721,1,2,45,9472,0,4896,0,1
2789,2789,20221125,3,2,45,0,0,0,0,0
2790,2790,20230119,1,1,45,499,0,585,0,1
2791,2791,20220614,4,11,45,122,0,180,0,1
2792,2792,20210316,1,1,45,161,0,267,0,1
2793,2793,20210326,3,2,45,94,0,116,0,1
2794,2794,20200528,1,1,45,288,0,288,0,1
2795,2795,20220908,3,2,45,266,0,171,0,1
2796,2796,20200117,2,1,45,460,0,334,0,1
2797,2797,20200129,1,11,45,0,0,0,0,0
2798,2798,20200422,1,2,45,0,0,0,0,0
2799,2799,20200302,3,5,45,569,0,977,0,1
2800,2800,20200826,1,1,45,167,0,167,0,1
2801,2801,20220329,1,2,45,106,0,106,0,1
2802,2802,20221114,4,2,45,254,0,156,0,1
2803,2803,20200901,1,1,45,119,19,115,19,1
2804,2804,20201006,3,11,45,90,0,125,0,1
2805,2805,20240329,1,5,45,818,0,1069,0,1
2806,2806,20220324,1,1,45,62,0,62,0,1
2807,2807,20240120,1,2,45,0,0,0,0,0
2808,2808,20220123,1,2,45,757,0,742,0,1
2809,2809,20210825,1,2,45,337,0,337,0,1
2810,2810,20221028,1,1,45,0,0,0,0,0
2811,2811,20230118,1,1,45,321,0,321,0,1
2812,2812,20220329,1,14,45,247,0,247,0,1
2813,2813,20220502,1,1,45,22,0,42,0,1
2814,2814,20221014,1,5,45,0,0,0,0,0
2815,2815,20221201,3,11,45,0,0,0,0,0
2816,2816,20221215,1,1,45,0,0,0,0,0
2817,2817,20230113,2,1,45,0,0,0,0,0
2818,2818,20200729,1,2,45,530,0,743,0,1
2819,2819,20211110,1,2,45,261,0,283,0,1
2820,2820,20200319,1,1,45,1514,0,2482,0,1
2821,2821,20200825,4,2,45,78,0,152,0,1
2822,2822,20231113,1,1,30,856,269,246,269,1
2823,2823,20200325,1,2,45,1342,0,1375,0,1
2824,2824,20200427,1,1,45,115,0,176,0,1
2825,2825,20200724,4,2,45,91,0,91,0,1
2826,2826,20210307,1,1,30,0,0,0,0,0
2827,2827,20221201,1,1,45,0,0,0,0,0
2828,2828,20200710,1,1,45,0,0,0,0,0
2829,2829,20200810,1,16,45,203,0,203,0,1
2830,2830,20200929,1,5,45,103,0,129,0,1
2831,2831,20220901,1,14,45,45,0,87,0,1
2832,2832,20201030,3,1,45,11,0,13,0,1
2833,2833,20210617,1,5,45,0,0,0,0,0
2834,2834,20220412,1,1,45,178,0,338,0,1
2835,2835,20220114,1,2,45,453,0,893,0,1
2836,2836,20220609,1,1,45,702,0,736,0,1
2837,2837,20220829,1,1,30,117,0,131,0,1
2838,2838,20211130,3,1,45,0,0,0,0,0
2839,2839,20221130,3,5,45,102,0,102,0,1
2840,2840,20220628,1,1,45,423,0,412,0,1
2841,2841,20220513,1,5,45,21,0,22,0,1
2842,2842,20210603,2,1,45,211,0,199,0,1
2843,2843,20220927,1,1,45,0,0,0,0,0
2844,2844,20230112,1,1,45,8,0,8,0,1
2845,2845,20230221,1,11,45,0,0,0,0,0
2846,2846,20230127,1,2,45,0,0,0,0,0
2847,2847,20221125,1,1,45,282,0,282,0,1
2848,2848,20201015,1,14,45,0,0,0,0,0
2849,2849,20200731,1,1,45,135,0,173,0,1
2850,2850,20210331,4,2,45,264,0,336,0,1
2851,2851,20200910,4,2,45,0,0,0,0,0
2852,2852,20200723,1,11,45,440,0,440,0,1
2853,2853,20210805,1,5,45,94,0,36,0,1
2854,2854,20200928,4,1,45,39,0,39,0,1
2855,2855,20230425,3,1,45,0,0,0,0,0
2856,2856,20201208,4,2,45,0,0,0,0,0
2857,2857,20220331,4,2,45,0,0,0,0,0
2858,2858,20201120,1,1,45,202,47,214,47,1
2859,2859,20230204,1,5,45,88,0,88,0,1
2860,2860,20210116,3,1,45,0,0,0,0,0
2861,2861,20220302,2,14,45,0,0,0,0,0
2862,2862,20230120,1,1,45,0,0,0,0,0
2863,2863,20220513,1,1,45,0,0,0,0,0
2864,2864,20250709,1,5,45,176,0,176,0,1
2865,2865,20220328,3,2,45,0,0,0,0,0
2866,2866,20220706,1,5,45,0,0,0,0,0
2867,2867,20240426,4,1,45,2751,22,842,22,1
2868,2868,20210211,1,1,45,0,0,0,0,0
2869,2869,20220804,4,2,45,1770,0,1621,0,1
2870,2870,20220207,1,1,45,189,0,79,0,1
2871,2871,20260123,3,11,45,3754,0,3754,0,1
2872,2872,20200723,1,1,45,0,0,0,0,0
2873,2873,20250707,1,11,45,0,0,0,0,0
2874,2874,20200110,1,11,45,1085,0,1085,0,1
2875,2875,20200102,3,5,45,127,0,68,0,1
2876,2876,20220909,4,2,45,0,0,0,0,0
2877,2877,20200802,3,1,45,117,0,66,0,1
2878,2878,20211021,1,14,45,1135,0,361,0,1
2879,2879,20200723,1,19,45,211,0,395,0,1
2880,2880,20220113,2,5,45,772,0,782,0,1
2881,2881,20201028,1,2,45,0,0,0,0,0
2882,2882,20250611,1,1,45,0,0,0,0,0
2883,2883,20200821,1,1,45,216,0,291,0,1
2884,2884,20200814,3,11,45,355,0,494,0,1
2885,2885,20210207,1,14,45,2076,0,2915,0,1
2886,2886,20210408,3,5,45,253,0,267,0,1
2887,2887,20250918,4,1,45,257,0,494,0,1
2888,2888,20210728,1,2,45,0,0,0,0,0
2889,2889,20230419,1,11,45,130,0,99,0,1
2890,2890,20220427,3,2,45,0,0,0,0,0
2891,2891,20221028,2,5,30,0,0,0,0,0
2892,2892,20220403,1,2,45,0,0,0,0,0
2893,2893,20231126,1,1,30,0,0,0,0,0
2894,2894,20220614,1,11,45,0,0,0,0,0
2895,2895,20250307,2,1,45,1968,450,1002,680,1
2896,2896,20230120,4,2,45,0,0,0,0,0
2897,2897,20230726,1,2,45,0,0,0,0,0
2898,2898,20220929,1,1,45,0,0,0,0,0
2899,2899,20221111,4,5,45,0,0,0,0,0
2900,2900,20200228,4,2,45,301,0,359,0,1
2901,2901,20200130,1,11,45,0,0,0,0,0
2902,2902,20260513,4,11,45,848,72,328,72,1
2903,2903,20230407,1,1,45,0,0,0,0,0
2904,2904,20240622,3,11,45,501,231,334,341,1
2905,2905,20220413,1,11,45,848,0,516,0,1
2906,2906,20220713,3,1,45,187,0,187,0,1
2907,2907,20210813,3,11,45,79,0,79,0,1
2908,2908,20201106,1,2,45,385,0,440,0,1
2909,2909,20220922,1,14,45,1552,0,1552,0,1
2910,2910,20201001,3,5,45,0,0,0,0,0
2911,2911,20201008,1,19,45,0,0,0,0,0
2912,2912,20220831,1,18,45,71,0,71,0,1
2913,2913,20220830,1,1,45,277,64,244,64,1
2914,2914,20260119,1,11,45,938,283,884,283,1
2915,2915,20221108,1,1,45,0,0,0,0,0
2916,2916,20211126,1,5,45,0,0,0,0,0
2917,2917,20211126,4,5,45,675,0,480,0,1
2918,2918,20220211,1,1,45,0,0,0,0,0
2919,2919,20220504,1,5,54,43,0,67,0,1
2920,2920,20230119,1,2,45,0,0,0,0,0
2921,2921,20210921,3,11,45,270,0,270,0,1
2922,2922,20200228,1,11,45,34,0,34,0,1
2923,2923,20220623,1,2,45,1720,1554,602,1554,1
2924,2924,20220314,4,2,45,156,0,211,0,1
2925,2925,20220119,3,1,45,0,0,0,0,0
2926,2926,20230215,1,16,45,1164,0,208,0,1
2927,2927,20250430,1,2,45,0,0,0,0,0
2928,2928,20220601,1,1,45,123,0,170,0,1
2929,2929,20220715,1,2,45,0,0,0,0,0
2930,2930,20200918,1,1,30,0,0,0,0,0
2931,2931,20210612,1,2,45,17,0,17,0,1
2932,2932,20221205,1,5,45,277,0,270,0,1
2933,2933,20211020,1,1,45,198,0,175,0,1
2934,2934,20210514,1,2,45,0,0,0,0,0
2935,2935,20210424,1,5,45,306,0,331,0,1
2936,2936,20220905,1,5,45,166,0,166,0,1
2937,2937,20220210,1,1,45,136,0,154,0,1
2938,2938,20210828,3,5,45,0,0,0,0,0
2939,2939,20220103,1,2,45,0,0,0,0,0
2940,2940,20230202,1,1,45,0,0,0,0,0
2941,2941,20220309,1,1,45,133,0,133,0,1
2942,2942,20220407,1,2,45,0,0,0,0,0
2943,2943,20220914,4,1,45,0,0,0,0,0
2944,2944,20220509,1,1,45,0,0,0,0,0
2945,2945,20221026,1,1,45,0,0,0,0,0
2946,2946,20221220,1,11,45,66,0,66,0,1
2947,2947,20221014,1,1,45,0,0,0,0,0
2948,2948,20200526,1,5,45,81,0,112,0,1
2949,2949,20220810,4,2,45,778,276,317,331,1
2950,2950,20200917,1,1,45,492,0,341,0,1
2951,2951,20220819,4,5,45,0,0,0,0,0
2952,2952,20201204,1,11,45,279,0,289,0,1
2953,2953,20231031,1,1,45,476,127,234,127,1
2954,2954,20200305,3,11,45,0,0,0,0,0
2955,2955,20231020,1,5,45,944,60,486,60,1
2956,2956,20200923,1,2,45,81,0,81,0,1
2957,2957,20211028,3,2,45,1160,3995,202,3995,1
2958,2958,20210505,1,1,45,1201,0,1178,0,1
2959,2959,20200130,1,1,45,0,0,0,0,0
2960,2960,20200417,1,5,45,516,0,298,0,1
2961,2961,20200610,4,2,45,167,0,183,0,1
2962,2962,20200622,3,2,45,0,0,0,0,0
2963,2963,20210809,1,16,45,664,0,489,0,1
2964,2964,20221201,1,1,45,756,0,641,0,1
2965,2965,20210617,4,14,45,0,0,0,0,0
2966,2966,20220821,1,1,45,0,0,0,0,0
2967,2967,20220713,1,2,45,1037,0,608,0,1
2968,2968,20220606,1,1,45,280,0,425,0,1
2969,2969,20211019,1,1,45,0,0,0,0,0
2970,2970,20220318,1,5,45,12,0,12,0,1
2971,2971,20210718,1,1,45,350,0,686,0,1
2972,2972,20230216,1,2,45,0,0,0,0,0
2973,2973,20220719,1,1,45,0,0,0,0,0
2974,2974,20240911,1,1,45,254,270,218,270,1
2975,2975,20221118,1,5,45,7,0,7,0,1
2976,2976,20230207,1,1,45,0,0,0,0,0
2977,2977,20221220,1,5,45,67,0,53,0,1
2978,2978,20230210,1,5,45,0,0,0,0,0
2979,2979,20201221,1,5,45,162,0,147,0,1
2980,2980,20211215,3,1,45,0,0,0,0,0
2981,2981,20220929,1,1,45,0,0,0,0,0
2982,2982,20200812,1,16,45,606,0,272,0,1
2983,2983,20221209,1,2,45,0,0,0,0,0
2984,2984,20200716,4,1,45,298,0,122,0,1
2985,2985,20200625,1,1,45,0,0,0,0,0
2986,2986,20210728,1,1,45,127,0,226,0,1
2987,2987,20201110,1,11,45,213,0,279,0,1
2988,2988,20210803,4,2,45,60,0,60,0,1
2989,2989,20201016,1,1,45,0,0,0,0,0
2990,2990,20200528,1,1,45,6489,117,827,186,1
2991,2991,20200311,1,20,59,0,0,0,0,0
2992,2992,20200416,4,2,45,187,0,197,0,1
2993,2993,20200630,3,6,34,0,0,0,0,0
2994,2994,20200813,3,5,45,179,0,264,0,1
2995,2995,20201015,1,2,45,182,21,240,21,1
2996,2996,20240305,1,1,45,141,0,141,0,1
2997,2997,20211026,1,2,45,174,0,252,0,1
2998,2998,20220330,1,5,45,1334,5,1062,5,1
2999,2999,20210728,1,1,45,0,0,0,0,0
3000,3000,20220930,1,1,45,0,0,0,0,0
3001,3001,20211215,1,11,45,0,0,0,0,0
3002,3002,20220428,3,5,45,0,0,0,0,0
3003,3003,20210709,4,16,45,0,0,0,0,0
3004,3004,20200910,1,1,45,81,0,36,0,1
3005,3005,20220326,1,11,30,0,0,0,0,0
3006,3006,20200213,1,9,30,686,0,1163,0,1
3007,3007,20230113,1,1,45,0,0,0,0,0
3008,3008,20210615,3,16,45,518,724,270,724,1
3009,3009,20200923,1,1,45,265,0,128,0,1
3010,3010,20230309,1,1,45,0,0,0,0,0
3011,3011,20231027,1,1,45,54,0,58,0,1
3012,3012,20200213,1,1,45,7466,0,7466,0,1
3013,3013,20201014,4,1,45,0,0,0,0,0
3014,3014,20200326,1,2,45,74,0,113,0,1
3015,3015,20210831,1,5,45,246,0,234,0,1
3016,3016,20200421,4,2,45,138,0,132,0,1
3017,3017,20230822,1,1,45,0,0,0,0,0
3018,3018,20200930,1,1,45,0,0,0,0,0
3019,3019,20230330,1,1,30,259,22,26,22,1
3020,3020,20220822,1,1,45,0,0,0,0,0
3021,3021,20201120,3,19,45,0,0,0,0,0
3022,3022,20211103,3,1,45,155,0,207,0,1
3023,3023,20220331,1,2,45,124,0,124,0,1
3024,3024,20210307,1,2,45,406,0,406,0,1
3025,3025,20210209,1,1,45,266,0,266,0,1
3026,3026,20210207,1,14,45,834,0,834,0,1
3027,3027,20210313,1,2,45,0,0,0,0,0
3028,3028,20210909,1,1,30,1016,0,1016,0,1
3029,3029,20220512,1,2,45,1641,0,2461,0,1
3030,3030,20210714,1,5,45,41,0,41,0,1
3031,3031,20210930,3,14,45,8,0,8,0,1
3032,3032,20230120,1,1,45,26,0,26,0,1
3033,3033,20220616,1,1,45,57,0,72,0,1
3034,3034,20211217,1,1,45,141,97,174,97,1
3035,3035,20220215,1,1,45,32,0,32,0,1
3036,3036,20230121,1,1,45,0,0,0,0,0
3037,3037,20230112,1,5,45,163,0,163,0,1
3038,3038,20220823,1,1,45,0,0,0,0,0
3039,3039,20221214,1,5,45,0,0,0,0,0
3040,3040,20221024,1,5,45,0,0,0,0,0
3041,3041,20230203,1,1,45,0,0,0,0,0
3042,3042,20201030,1,1,45,0,0,0,0,0
3043,3043,20231207,3,2,45,571,0,455,0,1
3044,3044,20211111,1,2,45,498,0,498,0,1
3045,3045,20200724,1,1,45,432,0,447,0,1
3046,3046,20200101,4,5,45,268,3,243,3,1
3047,3047,20210318,1,5,45,0,0,0,0,0
3048,3048,20220915,1,2,45,281,682,261,682,1
3049,3049,20200227,4,1,45,0,0,0,0,0
3050,3050,20230720,1,1,45,457,0,804,0,1
3051,3051,20201120,1,2,45,170,0,247,0,1
3052,3052,20210526,3,2,45,149,0,144,0,1
3053,3053,20200724,1,14,45,1511,0,1668,0,1
3054,3054,20220622,1,2,45,0,0,0,0,0
3055,3055,20210909,1,1,30,305,0,446,0,1
3056,3056,20221220,4,5,45,0,0,0,0,0
3057,3057,20260727,1,5,45,0,0,0,0,0
3058,3058,20220324,1,2,45,65,0,77,0,1
3059,3059,20230131,3,11,45,514,0,271,0,1
3060,3060,20210812,1,5,45,0,0,0,0,0
3061,3061,20220331,1,1,45,0,0,0,0,0
3062,3062,20221018,3,11,45,211,0,377,0,1
3063,3063,20220304,1,11,45,69,0,112,0,1
3064,3064,20210825,1,5,45,0,0,0,0,0
3065,3065,20211104,1,5,45,504,0,682,0,1
3066,3066,20230715,1,16,45,945,0,1126,0,1
3067,3067,20230126,1,1,30,393,0,393,0,1
3068,3068,20220519,3,11,45,0,0,0,0,0
3069,3069,20220909,4,2,45,179,0,179,0,1
3070,3070,20230215,1,1,45,177,0,177,0,1
3071,3071,20220925,1,5,45,395,36,653,36,1
3072,3072,20220930,1,5,45,533,6,255,6,1
3073,3073,20221220,1,5,45,0,0,0,0,0
3074,3074,20221216,4,1,45,0,0,0,0,0
3075,3075,20230208,3,5,30,84,0,87,0,1
3076,3076,20210512,4,1,45,254,17,200,17,1
3077,3077,20200216,1,1,45,114,0,216,0,1
3078,3078,20210726,4,11,45,1047,0,614,0,1
3079,3079,20200622,1,2,45,0,0,0,0,0
3080,3080,20200128,4,2,45,166,0,261,0,1
3081,3081,20210803,1,1,45,299,0,373,0,1
3082,3082,20210827,3,15,45,258,0,258,0,1
3083,3083,20200319,1,11,45,401,0,591,0,1
3084,3084,20211115,1,1,45,890,3,649,3,1
3085,3085,20211116,1,5,45,223,0,273,0,1
3086,3086,20220207,1,1,45,94,0,50,0,1
3087,3087,20200310,1,15,45,0,0,0,0,0
3088,3088,20210624,1,1,45,520,6,501,6,1
3089,3089,20221221,1,12,45,1010,0,1134,0,1
3090,3090,20200725,1,5,30,321,0,158,0,1
3091,3091,20201119,4,16,45,114,6,159,6,1
3092,3092,20210831,1,1,45,611,0,611,0,1
3093,3093,20200826,4,2,45,34,0,23,0,1
3094,3094,20220323,1,1,30,141,0,141,0,1
3095,3095,20201220,1,11,45,0,0,0,0,0
3096,3096,20260204,1,14,45,0,0,0,0,0
3097,3097,20210817,1,5,45,550,11,550,11,1
3098,3098,20211113,1,2,45,0,0,0,0,0
3099,3099,20210407,2,1,45,0,0,0,0,0
3100,3100,20220818,1,1,45,977,0,977,0,1
3101,3101,20220121,1,2,45,894,0,1721,0,1
3102,3102,20220120,1,1,45,112,0,112,0,1
3103,3103,20221018,1,2,45,0,0,0,0,0
3104,3104,20220819,1,2,45,444,0,444,0,1
3105,3105,20230126,2,5,45,222,0,265,0,1
3106,3106,20200625,3,11,45,129,0,129,0,1
3107,3107,20200416,3,5,45,209,0,209,0,1
3108,3108,20200216,1,2,45,376,0,376,0,1
3109,3109,20200316,1,2,45,91,0,93,0,1
3110,3110,20201015,1,1,45,43,0,43,0,1
3111,3111,20200622,1,1,45,0,0,0,0,0
3112,3112,20231219,1,1,45,695,0,1317,0,1
3113,3113,20210520,1,2,45,199,0,161,0,1
3114,3114,20220527,1,1,45,244,0,397,0,1
3115,3115,20220803,1,2,45,0,0,0,0,0
3116,3116,20220714,1,5,45,0,0,0,0,0
3117,3117,20210115,1,2,45,322,0,322,0,1
3118,3118,20210920,1,2,45,0,0,0,0,0
3119,3119,20220419,1,5,45,0,0,0,0,0
3120,3120,20211022,1,1,45,0,0,0,0,0
3121,3121,20211130,1,14,45,0,0,0,0,0
3122,3122,20240925,2,1,45,0,0,0,0,0
3123,3123,20220928,4,16,45,35,0,35,0,1
3124,3124,20231106,1,14,45,0,0,0,0,0
3125,3125,20220114,4,11,45,2001,0,2043,0,1
3126,3126,20220214,1,1,45,558,0,499,0,1
3127,3127,20210312,4,2,45,0,0,0,0,0
3128,3128,20230209,1,1,45,0,0,0,0,0
3129,3129,20200806,4,1,45,1930,272,770,272,1
3130,3130,20201106,4,2,45,0,0,0,0,0
3131,3131,20220110,1,1,45,453,0,44,0,1
3132,3132,20210610,3,2,45,574,18,577,18,1
3133,3133,20200220,1,5,45,1683,0,1683,0,1
3134,3134,20220324,1,1,45,7,0,7,0,1
3135,3135,20210104,1,2,45,367,0,535,0,1
3136,3136,20220830,1,1,45,0,0,0,0,0
3137,3137,20220729,4,1,45,0,0,0,0,0
3138,3138,20210429,1,5,45,0,0,0,0,0
3139,3139,20230302,1,1,45,29,0,29,0,1
3140,3140,20210930,1,16,45,0,0,0,0,0
3141,3141,20221118,1,2,45,0,0,0,0,0
3142,3142,20230120,1,14,45,73,0,80,0,1
3143,3143,20221215,1,1,45,266,0,176,0,1
3144,3144,20210917,1,2,45,161,0,143,0,1
3145,3145,20211026,1,5,45,0,0,0,0,0
3146,3146,20220408,1,2,45,109,0,109,0,1
3147,3147,20220620,1,5,45,2522,12,3865,12,1
3148,3148,20220620,4,1,45,43,0,60,0,1
3149,3149,20221109,1,16,45,0,0,0,0,0
3150,3150,20230119,1,14,45,2,0,2,0,1
3151,3151,20221122,2,1,45,0,0,0,0,0
3152,3152,20220907,4,11,45,0,0,0,0,0
3153,3153,20220524,1,1,45,0,0,0,0,0
3154,3154,20210729,1,1,45,77,0,77,0,1
3155,3155,20210324,1,2,45,264,0,121,0,1
3156,3156,20210520,1,1,45,0,0,0,0,0
3157,3157,20230120,1,11,45,1301,0,1301,0,1
3158,3158,20201204,4,1,45,184,0,158,0,1
3159,3159,20200818,4,2,45,736,0,766,0,1
3160,3160,20210318,1,1,45,0,0,0,0,0
3161,3161,20200922,3,2,45,164,0,157,0,1
3162,3162,20200911,1,11,45,71,0,61,0,1
3163,3163,20230614,1,1,45,55,0,62,0,1
3164,3164,20200507,4,2,45,735,0,735,0,1
3165,3165,20200308,1,1,45,0,0,0,0,0
3166,3166,20201217,1,1,45,96,0,131,0,1
3167,3167,20200716,4,2,45,291,0,326,0,1
3168,3168,20200527,1,16,45,0,0,0,0,0
3169,3169,20211014,1,2,45,0,0,0,0,0
3170,3170,20200706,2,1,45,0,0,0,0,0
3171,3171,20230302,1,1,45,283,133,161,133,1
3172,3172,20200814,1,1,45,0,0,0,0,0
3173,3173,20210305,1,1,45,5,0,6,0,1
3174,3174,20220428,4,11,45,0,0,0,0,0
3175,3175,20210128,1,11,45,0,0,0,0,0
3176,3176,20210805,1,1,45,534,0,541,0,1
3177,3177,20210621,1,16,45,0,0,0,0,0
3178,3178,20210326,1,1,45,0,0,0,0,0
3179,3179,20210730,1,5,45,1924,0,153,0,1
3180,3180,20211105,1,2,45,0,0,0,0,0
3181,3181,20210804,3,16,45,2887,0,4305,0,1
3182,3182,20211006,4,2,45,153,0,153,0,1
3183,3183,20220106,1,2,45,0,0,0,0,0
3184,3184,20230110,1,5,45,0,0,0,0,0
3185,3185,20221017,1,1,45,0,0,0,0,0
3186,3186,20221013,1,1,45,843,0,1019,0,1
3187,3187,20220802,1,16,45,187,0,228,0,1
3188,3188,20230620,3,19,45,0,0,0,0,0
3189,3189,20230212,1,5,45,305,0,305,0,1
3190,3190,20220519,4,1,45,54,0,54,0,1
3191,3191,20221116,1,5,45,0,0,0,0,0
3192,3192,20221101,1,1,45,0,0,0,0,0
3193,3193,20221025,1,1,45,0,0,0,0,0
3194,3194,20200101,1,1,45,5,0,5,0,1
3195,3195,20210329,4,19,45,212,0,212,0,1
3196,3196,20200415,1,16,45,233,0,233,0,1
3197,3197,20230802,1,1,45,135,0,182,0,1
3198,3198,20210226,4,5,45,333,0,431,0,1
3199,3199,20230518,1,1,45,0,0,0,0,0
3200,3200,20220325,3,2,45,93,0,93,0,1
3201,3201,20200306,3,2,45,0,0,0,0,0
3202,3202,20220926,1,1,45,0,0,0,0,0
3203,3203,20210904,1,14,45,33,0,65,0,1
3204,3204,20220210,1,1,30,5,0,5,0,1
3205,3205,20200917,1,5,45,0,0,0,0,0
3206,3206,20200923,1,1,45,0,0,0,0,0
3207,3207,20211019,1,1,45,82,0,121,0,1
3208,3208,20231109,1,1,45,172,0,207,0,1
3209,3209,20210612,3,5,45,71,0,71,0,1
3210,3210,20220722,1,5,45,0,0,0,0,0
3211,3211,20230206,1,1,45,712,0,712,0,1
3212,3212,20250327,1,1,45,0,0,0,0,0
3213,3213,20211111,2,1,45,0,0,0,0,0
3214,3214,20220422,1,5,45,0,0,0,0,0
3215,3215,20220602,4,5,45,705,0,789,0,1
3216,3216,20221111,3,1,45,0,0,0,0,0
3217,3217,20221011,1,2,45,0,0,0,0,0
3218,3218,20230206,1,1,45,495,0,282,0,1
3219,3219,20221011,1,1,45,0,0,0,0,0
3220,3220,20230503,4,1,45,35,0,35,0,1
3221,3221,20221029,1,1,45,310,0,310,0,1
3222,3222,20220504,1,1,45,355,0,259,0,1
3223,3223,20201013,2,1,45,79,0,79,0,1
3224,3224,20211014,1,2,45,0,0,0,0,0
3225,3225,20200813,4,11,45,413,0,661,0,1
3226,3226,20210125,1,1,45,112,0,166,0,1
3227,3227,20210408,1,5,45,177,0,177,0,1
3228,3228,20210122,1,5,45,246,0,283,0,1
3229,3229,20201207,1,1,45,0,0,0,0,0
3230,3230,20210204,1,2,45,185,0,185,0,1
3231,3231,20200921,1,2,45,0,0,0,0,0
3232,3232,20210126,2,1,45,0,0,0,0,0
3233,3233,20221103,1,1,45,975,0,1448,0,1
3234,3234,20210223,4,1,45,0,0,0,0,0
3235,3235,20210912,1,5,45,0,0,0,0,0
3236,3236,20211116,1,1,45,107,0,74,0,1
3237,3237,20211211,1,1,45,0,0,0,0,0
3238,3238,20220713,1,1,45,12,0,12,0,1
3239,3239,20220719,1,1,45,0,0,0,0,0
3240,3240,20220505,4,2,45,84,0,84,0,1
3241,3241,20220224,1,2,45,1098,0,1098,0,1
3242,3242,20220721,1,2,45,0,0,0,0,0
3243,3243,20221103,3,5,45,0,0,0,0,0
3244,3244,20221028,1,2,45,0,0,0,0,0
3245,3245,20221031,2,2,45,33,0,53,0,1
3246,3246,20230109,1,2,45,114,0,105,0,1
3247,3247,20221231,1,19,45,243,1,154,1,1
3248,3248,20230106,1,2,45,0,0,0,0,0
3249,3249,20220422,1,1,45,174,0,311,0,1
3250,3250,20200821,3,11,45,1885,0,2025,0,1
3251,3251,20200117,3,5,45,0,0,0,0,0
3252,3252,20220929,4,11,45,311,82,258,82,1
3253,3253,20210128,1,11,45,0,0,0,0,0
3254,3254,20220429,1,1,45,44,0,44,0,1
3255,3255,20210622,1,1,45,143,12,156,12,1
3256,3256,20201027,1,2,45,0,0,0,0,0
3257,3257,20201007,4,5,45,770,29,338,29,1
3258,3258,20201102,1,5,45,77,0,149,0,1
3259,3259,20201210,3,2,45,0,0,0,0,0
3260,3260,20220916,3,1,45,12,0,7,0,1
3261,3261,20220128,1,1,45,85,0,85,0,1
3262,3262,20210320,1,5,45,56,0,56,0,1
3263,3263,20211116,3,1,45,107,0,107,0,1
3264,3264,20220510,1,1,45,557,0,425,0,1
3265,3265,20211104,1,2,45,126,0,126,0,1
3266,3266,20220118,4,5,45,0,0,0,0,0
3267,3267,20220622,1,1,45,0,0,0,0,0
3268,3268,20221013,2,1,45,0,0,0,0,0
3269,3269,20220503,1,1,45,0,0,0,0,0
3270,3270,20230105,4,5,45,10,0,10,0,1
3271,3271,20210204,1,11,45,4226,0,468,0,1
3272,3272,20200606,1,1,45,0,0,0,0,0
3273,3273,20200225,3,11,45,1059,0,1013,0,1
3274,3274,20200901,1,1,45,0,0,0,0,0
3275,3275,20211217,1,15,45,4886,9,9721,9,1
3276,3276,20210514,1,1,45,0,0,0,0,0
3277,3277,20200806,4,1,45,111,0,147,0,1
3278,3278,20201015,4,5,45,0,0,0,0,0
3279,3279,20200924,1,16,45,189,0,189,0,1
3280,3280,20230426,1,3,24,27,0,27,0,1
3281,3281,20200804,1,2,45,92,0,79,0,1
3282,3282,20210528,1,1,45,0,0,0,0,0
3283,3283,20200629,1,1,45,0,0,0,0,0
3284,3284,20220815,1,1,45,241,0,287,0,1
3285,3285,20200618,1,5,45,0,0,0,0,0
3286,3286,20201205,1,2,45,0,0,0,0,0
3287,3287,20200910,1,5,45,58,0,72,0,1
3288,3288,20210108,1,5,45,135,0,128,0,1
3289,3289,20201204,1,2,45,565,0,565,0,1
3290,3290,20210323,2,15,45,0,0,0,0,0
3291,3291,20200604,1,1,45,1120,241,377,129,1
3292,3292,20210502,1,2,45,8,0,8,0,1
3293,3293,20211217,1,16,45,0,0,0,0,0
3294,3294,20210731,1,1,45,84,0,84,0,1
3295,3295,20210416,1,2,45,0,0,0,0,0
3296,3296,20230407,1,1,45,65,0,91,0,1
3297,3297,20210826,1,5,45,0,0,0,0,0
3298,3298,20211006,1,2,45,0,0,0,0,0
3299,3299,20220708,1,1,45,0,0,0,0,0
3300,3300,20211105,1,5,45,3786,61,5668,61,1
3301,3301,20220617,1,2,45,0,0,0,0,0
3302,3302,20230111,1,14,45,0,0,0,0,0
3303,3303,20221130,1,1,45,0,0,0,0,0
3304,3304,20220617,1,5,30,39,0,39,0,1
3305,3305,20260623,1,1,45,58,0,63,0,1
3306,3306,20221005,1,1,45,0,0,0,0,0
3307,3307,20221114,1,16,45,286,0,358,0,1
3308,3308,20230111,1,1,45,0,0,0,0,0
3309,3309,20240426,4,5,45,0,0,0,0,0
3310,3310,20221003,1,5,45,1784,0,2499,0,1
3311,3311,20231006,1,1,45,0,0,0,0,0
3312,3312,20221209,3,2,45,647,0,835,0,1
3313,3313,20211223,1,5,45,0,0,0,0,0
3314,3314,20201001,1,2,45,0,0,0,0,0
3315,3315,20230720,1,18,45,67,0,67,0,1
3316,3316,20220617,4,2,45,0,0,0,0,0
3317,3317,20200917,3,11,45,908,202,261,202,1
3318,3318,20210408,3,2,45,134,0,106,0,1
3319,3319,20240523,1,11,45,1933,0,1933,0,1
3320,3320,20220321,1,1,45,600,0,946,0,1
3321,3321,20220922,1,1,45,288,0,424,0,1
3322,3322,20221114,3,11,45,0,0,0,0,0
3323,3323,20201118,3,5,45,0,0,0,0,0
3324,3324,20210514,4,2,45,0,0,0,0,0
3325,3325,20210415,1,1,45,545,0,554,0,1
3326,3326,20221115,1,2,45,0,0,0,0,0
3327,3327,20221003,1,19,45,0,0,0,0,0
3328,3328,20210226,1,18,45,32,0,32,0,1
3329,3329,20210125,4,5,45,0,0,0,0,0
3330,3330,20210608,1,1,45,6,0,6,0,1
3331,3331,20210201,3,2,45,0,0,0,0,0
3332,3332,20210524,2,2,45,0,0,0,0,0
3333,3333,20210928,1,1,45,0,0,0,0,0
3334,3334,20210513,4,2,45,123,0,123,0,1
3335,3335,20220818,1,2,45,30,0,30,0,1
3336,3336,20221018,1,2,45,36,0,36,0,1
3337,3337,20220812,1,5,45,0,0,0,0,0
3338,3338,20221020,1,1,45,67,0,92,0,1
3339,3339,20220922,1,5,45,0,0,0,0,0
3340,3340,20230110,1,14,45,0,0,0,0,0
3341,3341,20200924,4,16,45,242,0,242,0,1
3342,3342,20200403,1,2,45,70,14,103,28,1
3343,3343,20241114,1,5,45,272,0,272,0,1
3344,3344,20201015,3,11,45,1019,57,273,57,1
3345,3345,20220310,1,1,45,0,0,0,0,0
3346,3346,20220821,1,1,45,1546,0,2171,0,1
3347,3347,20200918,3,1,45,57,0,57,0,1
3348,3348,20211004,1,1,45,388,220,133,220,1
3349,3349,20201128,1,1,45,38,0,38,0,1
3350,3350,20221027,1,1,45,0,0,0,0,0
3351,3351,20220512,4,2,45,10,0,10,0,1
3352,3352,20221206,1,1,45,11,0,17,0,1
3353,3353,20220318,3,2,45,108,0,80,0,1
3354,3354,20220301,4,2,45,48,0,91,0,1
3355,3355,20230528,1,1,45,0,0,0,0,0
3356,3356,20230619,1,2,45,1308,0,679,0,1
3357,3357,20221012,1,11,45,0,0,0,0,0
3358,3358,20221008,1,1,45,45,0,45,0,1
3359,3359,20210114,3,11,45,226,0,226,0,1
3360,3360,20211216,1,1,45,272,0,129,0,1
3361,3361,20201021,1,1,45,67,0,77,0,1
3362,3362,20230301,1,1,30,57,0,57,0,1
3363,3363,20201217,1,14,45,0,0,0,0,0
3364,3364,20220120,1,5,45,67,0,94,0,1
3365,3365,20200407,1,1,45,1172,0,1172,0,1
3366,3366,20200213,1,11,45,264,0,275,0,1
3367,3367,20260210,1,1,45,0,0,0,0,0
3368,3368,20210708,1,1,45,114,0,103,0,1
3369,3369,20221013,1,1,30,0,0,0,0,0
3370,3370,20201106,1,1,45,37,0,37,0,1
3371,3371,20200826,1,1,45,0,0,0,0,0
3372,3372,20211230,1,1,45,0,0,0,0,0
3373,3373,20210904,1,2,45,0,0,0,0,0
3374,3374,20201105,1,2,45,1154,12,1154,12,1
3375,3375,20201216,1,5,45,25,0,29,0,1
3376,3376,20211119,1,1,45,7,0,7,0,1
3377,3377,20210114,1,11,45,0,0,0,0,0
3378,3378,20210901,2,11,45,142,0,142,0,1
3379,3379,20210415,1,5,45,0,0,0,0,0
3380,3380,20211118,1,1,45,0,0,0,0,0
3381,3381,20220804,1,11,45,0,0,0,0,0
3382,3382,20220526,1,2,45,200,0,82,0,1
3383,3383,20210526,3,16,45,0,0,0,0,0
3384,3384,20211103,4,1,45,0,0,0,0,0
3385,3385,20220830,1,1,45,90,0,41,0,1
3386,3386,20210901,3,1,45,711,74,688,65,1
3387,3387,20211202,1,1,45,146,0,146,0,1
3388,3388,20220831,1,16,45,53,0,53,0,1
3389,3389,20220414,4,1,45,0,0,0,0,0
3390,3390,20220601,2,1,45,0,0,0,0,0
3391,3391,20220411,3,5,45,71,0,126,0,1
3392,3392,20220830,2,2,45,2,0,2,0,1
3393,3393,20230117,3,2,45,226,0,226,0,1
3394,3394,20221111,1,5,45,0,0,0,0,0
3395,3395,20220616,1,16,45,13,0,13,0,1
3396,3396,20200430,1,11,45,715,0,475,0,1
3397,3397,20211028,1,14,45,539,0,700,0,1
3398,3398,20210204,1,2,45,185,0,185,0,1
3399,3399,20200929,1,2,45,20,0,20,0,1
3400,3400,20200327,1,1,45,158,0,181,0,1
3401,3401,20200225,1,14,45,226,0,20,0,1
3402,3402,20220509,1,14,45,0,0,0,0,0
3403,3403,20200310,1,14,45,3372,3041,3714,3041,1
3404,3404,20221117,1,1,45,0,0,0,0,0
3405,3405,20210312,1,2,45,273,0,273,0,1
3406,3406,20210409,1,2,45,436,0,302,0,1
3407,3407,20210402,1,11,45,193,0,203,0,1
3408,3408,20200716,1,1,45,43,0,43,0,1
3409,3409,20220607,1,11,45,0,0,0,0,0
3410,3410,20201110,1,2,45,315,0,349,0,1
3411,3411,20210520,3,2,45,146,0,54,0,1
3412,3412,20210310,1,5,45,0,0,0,0,0
3413,3413,20220304,1,11,45,891,0,435,0,1
3414,3414,20210927,2,16,45,0,0,0,0,0
3415,3415,20220708,3,2,45,0,0,0,0,0
3416,3416,20210622,1,5,45,0,0,0,0,0
3417,3417,20211119,4,2,45,441,0,447,0,1
3418,3418,20221206,1,2,45,164,0,164,0,1
3419,3419,20220909,1,3,34,10216,0,3625,0,1
3420,3420,20220325,2,11,45,0,0,0,0,0
3421,3421,20220724,1,5,45,853,0,853,0,1
3422,3422,20230111,2,1,45,268,0,268,0,1
3423,3423,20221025,3,1,45,0,0,0,0,0
3424,3424,20201119,1,1,45,528,0,384,0,1
3425,3425,20220421,2,1,45,77,0,77,0,1
3426,3426,20200422,3,2,45,0,0,0,0,0
3427,3427,20200605,1,1,45,244,0,351,0,1
3428,3428,20210114,3,2,45,110,0,109,0,1
3429,3429,20230120,1,5,45,0,0,0,0,0
3430,3430,20200225,1,1,45,0,0,0,0,0
3431,3431,20220527,1,1,30,0,0,0,0,0
3432,3432,20220928,4,2,45,409,0,510,0,1
3433,3433,20210521,1,1,45,188,0,188,0,1
3434,3434,20220421,4,5,45,268,0,268,0,1
3435,3435,20200901,1,11,45,0,0,0,0,0
3436,3436,20200917,4,16,45,28,0,28,0,1
3437,3437,20201118,1,5,45,0,0,0,0,0
3438,3438,20210930,2,1,45,0,0,0,0,0
3439,3439,20210128,1,1,45,264,0,195,0,1
3440,3440,20201024,1,5,45,0,0,0,0,0
3441,3441,20210226,1,2,45,915,0,1750,0,1
3442,3442,20211112,1,5,45,0,0,0,0,0
3443,3443,20220722,1,1,45,304,0,591,0,1
3444,3444,20220419,1,2,45,0,0,0,0,0
3445,3445,20210818,1,1,45,28,0,28,0,1
3446,3446,20211217,4,1,45,748,0,392,0,1
3447,3447,20210814,1,5,45,0,0,0,0,0
3448,3448,20221116,1,2,45,0,0,0,0,0
3449,3449,20220120,1,5,45,0,0,0,0,0
3450,3450,20220818,1,1,45,0,0,0,0,0
3451,3451,20220913,1,11,45,0,0,0,0,0
3452,3452,20230125,1,11,45,0,0,0,0,0
3453,3453,20220712,1,2,45,121,0,121,0,1
3454,3454,20241018,1,1,45,12,0,19,0,1
3455,3455,20231006,3,1,45,0,0,0,0,0
3456,3456,20221103,1,5,30,287,0,500,0,1
3457,3457,20230119,1,5,45,0,0,0,0,0
3458,3458,20210810,1,5,45,0,0,0,0,0
3459,3459,20201028,1,1,45,590,0,606,0,1
3460,3460,20250327,1,1,45,0,0,0,0,0
3461,3461,20200114,1,5,45,46,0,79,0,1
3462,3462,20260130,1,1,45,168,0,210,0,1
3463,3463,20231026,1,1,45,127,0,131,0,1
3464,3464,20200130,3,2,45,248,0,234,0,1
3465,3465,20230109,1,1,45,511,0,539,0,1
3466,3466,20200410,1,1,45,0,0,0,0,0
3467,3467,20210518,1,1,45,7940,0,8060,0,1
3468,3468,20200131,1,2,45,0,0,0,0,0
3469,3469,20200511,3,2,45,0,0,0,0,0
3470,3470,20210903,3,11,45,1612,0,2345,0,1
3471,3471,20200909,1,2,45,283,0,415,0,1
3472,3472,20220127,1,5,45,0,0,0,0,0
3473,3473,20210929,1,1,45,0,0,0,0,0
3474,3474,20230127,1,1,45,345,0,345,0,1
3475,3475,20210330,4,5,45,0,0,0,0,0
3476,3476,20220822,1,1,45,0,0,0,0,0
3477,3477,20210610,1,14,45,638,0,666,0,1
3478,3478,20211103,1,5,45,0,0,0,0,0
3479,3479,20210614,1,2,45,1259,0,1259,0,1
3480,3480,20210902,1,1,45,177,0,296,0,1
3481,3481,20230107,1,5,45,17,0,17,0,1
3482,3482,20220213,3,11,45,0,0,0,0,0
3483,3483,20220807,1,5,45,401,103,641,103,1
3484,3484,20221115,3,2,45,0,0,0,0,0
3485,3485,20220522,1,1,45,232,11,288,11,1
3486,3486,20230725,3,16,45,105,0,105,0,1
3487,3487,20220930,1,1,45,0,0,0,0,0
3488,3488,20240411,1,5,30,0,0,0,0,0
3489,3489,20230412,1,1,45,0,0,0,0,0
3490,3490,20201014,2,1,45,440,0,414,0,1
3491,3491,20210708,1,1,45,127,27,102,27,1
3492,3492,20200227,1,1,45,5763,0,127,0,1
3493,3493,20200124,4,19,45,1178,0,1396,0,1
3494,3494,20210330,1,11,45,132,0,132,0,1
3495,3495,20201022,4,1,45,293,93,395,93,1
3496,3496,20210211,4,2,45,0,0,0,0,0
3497,3497,20211202,1,1,45,1161,255,1695,255,1
3498,3498,20200923,1,2,45,0,0,0,0,0
3499,3499,20201210,1,11,45,219,0,195,0,1
3500,3500,20200907,2,16,45,180,0,242,0,1
3501,3501,20200724,4,1,45,70,0,103,0,1
3502,3502,20220609,4,1,45,162,0,176,0,1
3503,3503,20210210,1,4,48,971,0,971,0,1
3504,3504,20210721,1,1,45,293,0,293,0,1
3505,3505,20221013,3,11,45,754,0,529,0,1
3506,3506,20220114,1,2,45,1982,0,692,0,1
3507,3507,20220513,1,2,45,49,0,49,0,1
3508,3508,20220204,1,5,45,0,0,0,0,0
3509,3509,20221018,1,5,45,0,0,0,0,0
3510,3510,20220418,1,5,45,0,0,0,0,0
3511,3511,20221101,1,14,45,0,0,0,0,0
3512,3512,20220818,1,1,45,314,0,314,0,1
3513,3513,20220909,4,11,45,0,0,0,0,0
3514,3514,20210503,1,18,45,0,0,0,0,0
3515,3515,20200519,1,11,30,0,0,0,0,0
3516,3516,20200423,4,5,45,170,0,249,0,1
3517,3517,20200319,1,1,45,669,0,56,0,1
3518,3518,20200306,1,1,45,194,0,194,0,1
3519,3519,20201104,1,19,45,346,0,491,0,1
3520,3520,20200914,1,14,45,328,0,617,0,1
3521,3521,20201229,1,1,45,64,0,52,0,1
3522,3522,20210304,1,1,45,49,0,49,0,1
3523,3523,20221223,1,1,45,87,0,87,0,1
3524,3524,20221213,2,5,45,307,0,307,0,1
3525,3525,20211216,2,5,45,0,0,0,0,0
3526,3526,20221006,3,1,45,0,0,0,0,0
3527,3527,20231211,1,1,45,0,0,0,0,0
3528,3528,20220612,1,16,45,0,0,0,0,0
3529,3529,20221230,1,2,45,0,0,0,0,0
3530,3530,20230602,1,1,45,0,0,0,0,0
3531,3531,20210430,4,11,45,0,0,0,0,0
3532,3532,20201211,1,1,45,375,0,718,0,1
3533,3533,20210201,1,1,45,56,0,41,0,1
3534,3534,20231024,1,1,45,0,0,0,0,0
3535,3535,20200114,1,14,45,4242,0,4819,0,1
3536,3536,20210518,1,2,45,310,0,225,0,1
3537,3537,20210128,1,11,45,0,0,0,0,0
3538,3538,20200710,1,1,45,477,0,712,0,1
3539,3539,20201020,1,1,45,306,0,436,0,1
3540,3540,20200709,3,2,45,0,0,0,0,0
3541,3541,20200610,1,2,45,50,0,57,0,1
3542,3542,20220210,1,1,45,271,0,344,0,1
3543,3543,20231018,3,1,45,780,0,1260,0,1
3544,3544,20200805,1,1,45,204,0,241,0,1
3545,3545,20200930,3,5,45,0,0,0,0,0
3546,3546,20200423,4,2,45,116,0,116,0,1
3547,3547,20201015,2,2,45,132,0,132,0,1
3548,3548,20201130,3,1,45,0,0,0,0,0
3549,3549,20220107,1,1,30,0,0,0,0,0
3550,3550,20220412,3,2,45,144,0,144,0,1
3551,3551,20210224,1,1,45,203,0,203,0,1
3552,3552,20220330,1,5,45,436,0,713,0,1
3553,3553,20210709,2,2,45,492,0,492,0,1
3554,3554,20260602,1,11,45,1285,71,1723,71,1
3555,3555,20221109,1,1,45,79,0,79,0,1
3556,3556,20211001,1,5,45,286,0,286,0,1
3557,3557,20220117,3,1,45,0,0,0,0,0
3558,3558,20211101,1,1,45,49,117,71,117,1
3559,3559,20221121,1,6,47,0,0,0,0,0
3560,3560,20211210,1,1,45,560,0,560,0,1
3561,3561,20211115,1,1,45,32,0,38,0,1
3562,3562,20220307,1,5,45,0,0,0,0,0
3563,3563,20221027,3,16,45,0,0,0,0,0
3564,3564,20221108,1,1,45,0,0,0,0,0
3565,3565,20220715,1,2,45,703,0,1057,0,1
3566,3566,20220824,3,1,45,0,0,0,0,0
3567,3567,20221223,1,1,45,229,0,242,0,1
3568,3568,20200206,1,1,45,52,0,33,0,1
3569,3569,20200528,1,1,45,134,0,134,0,1
3570,3570,20210407,1,1,45,359,0,409,0,1
3571,3571,20211102,1,1,45,347,0,515,0,1
3572,3572,20210305,2,11,45,204,0,227,0,1
3573,3573,20210217,1,1,45,2,0,2,0,1
3574,3574,20201118,1,1,45,425,0,230,0,1
3575,3575,20210513,3,5,45,165,0,133,0,1
3576,3576,20201012,1,1,45,0,0,0,0,0
3577,3577,20201005,1,1,45,150,0,281,0,1
3578,3578,20210429,4,1,45,66,0,66,0,1
3579,3579,20210921,1,1,45,12,0,12,0,1
3580,3580,20201012,4,11,45,414,0,446,0,1
3581,3581,20230619,1,1,45,1165,37,863,37,1
3582,3582,20230825,1,1,45,111,0,184,0,1
3583,3583,20220224,3,2,45,0,0,0,0,0
3584,3584,20200402,1,2,45,3239,0,844,0,1
3585,3585,20200210,1,5,45,152,0,172,0,1
3586,3586,20200910,1,14,45,892,0,405,0,1
3587,3587,20230911,4,11,45,1876,0,1876,0,1
3588,3588,20210408,1,14,45,0,0,0,0,0
3589,3589,20200820,1,2,45,0,0,0,0,0
3590,3590,20210401,1,1,45,33,0,33,0,1
3591,3591,20220127,1,16,45,80,0,128,0,1
3592,3592,20211026,1,11,45,56,0,69,0,1
3593,3593,20240305,1,1,45,0,0,0,0,0
3594,3594,20231025,1,1,45,0,0,0,0,0
3595,3595,20220222,1,1,45,551,477,940,477,1
3596,3596,20220318,1,11,45,0,0,0,0,0
3597,3597,20220112,1,1,45,335,363,403,363,1
3598,3598,20220310,2,1,45,131,0,214,0,1
3599,3599,20220204,4,5,45,0,0,0,0,0
3600,3600,20221014,1,2,45,0,0,0,0,0
3601,3601,20220707,1,2,45,0,0,0,0,0
3602,3602,20220716,4,5,45,0,0,0,0,0
3603,3603,20220915,1,2,45,3,0,3,0,1
3604,3604,20220928,4,11,45,0,0,0,0,0
3605,3605,20221028,2,1,45,0,0,0,0,0
3606,3606,20230120,4,6,24,399,0,399,0,1
3607,3607,20221101,3,5,45,0,0,0,0,0
3608,3608,20230120,1,16,45,0,0,0,0,0
3609,3609,20200423,1,5,45,3498,4,439,4,1
3610,3610,20210318,1,1,45,1289,0,1001,0,1
3611,3611,20211206,1,1,45,245,0,287,0,1
3612,3612,20200219,4,1,45,988,0,988,0,1
3613,3613,20201106,1,1,45,379,0,379,0,1
3614,3614,20210819,1,1,45,0,0,0,0,0
3615,3615,20210605,3,1,45,131,0,131,0,1
3616,3616,20200226,1,1,45,1124,0,787,0,1
3617,3617,20200710,1,2,45,0,0,0,0,0
3618,3618,20200921,2,2,45,695,0,695,0,1
3619,3619,20220407,3,2,45,0,0,0,0,0
3620,3620,20230809,1,2,45,290,4,329,4,1
3621,3621,20230524,1,14,45,135,0,135,0,1
3622,3622,20200313,1,11,45,0,0,0,0,0
3623,3623,20211101,1,1,45,445,0,445,0,1
3624,3624,20201118,1,5,45,274,323,323,323,1
3625,3625,20210719,3,2,45,0,0,0,0,0
3626,3626,20210430,3,5,45,20,0,20,0,1
3627,3627,20220407,1,1,45,234,53,180,53,1
3628,3628,20211022,1,1,45,306,0,306,0,1
3629,3629,20230203,1,11,45,0,0,0,0,0
3630,3630,20210903,1,5,45,0,0,0,0,0
3631,3631,20220301,1,14,45,686,0,290,0,1
3632,3632,20220331,1,2,45,222,0,222,0,1
3633,3633,20220211,4,5,45,921,0,921,0,1
3634,3634,20220914,1,2,45,79,0,79,0,1
3635,3635,20220930,1,1,45,221,0,221,0,1
3636,3636,20211018,2,2,45,57,0,85,0,1
3637,3637,20230113,1,5,45,0,0,0,0,0
3638,3638,20220520,1,11,45,0,0,0,0,0
3639,3639,20220414,3,2,45,32,0,59,0,1
3640,3640,20220707,1,2,45,0,0,0,0,0
3641,3641,20230112,1,5,45,190,0,253,0,1
3642,3642,20220515,2,1,45,0,0,0,0,0
3643,3643,20220520,1,5,45,0,0,0,0,0
3644,3644,20220805,3,2,45,0,0,0,0,0
3645,3645,20221229,4,5,45,520,0,520,0,1
3646,3646,20230113,1,2,45,0,0,0,0,0
3647,3647,20210325,2,1,30,432,0,358,0,1
3648,3648,20200708,4,1,45,68,0,90,0,1
3649,3649,20240214,3,1,45,1076,74,589,88,1
3650,3650,20201106,1,5,45,23,0,23,0,1
3651,3651,20200910,4,2,45,107,0,155,0,1
3652,3652,20200129,1,11,45,726,0,972,0,1
3653,3653,20200519,4,2,45,316,0,316,0,1
3654,3654,20200624,1,5,45,76,0,74,0,1
3655,3655,20210831,1,2,45,352,0,538,0,1
3656,3656,20221114,3,2,45,486,0,348,0,1
3657,3657,20230921,4,16,45,1474,0,2345,0,1
3658,3658,20200422,1,11,45,315,0,315,0,1
3659,3659,20200531,1,14,45,0,0,0,0,0
3660,3660,20201020,1,1,30,0,0,0,0,0
3661,3661,20220921,1,1,45,15,0,15,0,1
3662,3662,20220616,1,11,45,180,0,262,0,1
3663,3663,20220418,1,1,45,0,0,0,0,0
3664,3664,20220331,3,2,45,155,0,155,0,1
3665,3665,20201211,1,5,45,125,0,19,0,1
3666,3666,20221016,1,9,30,0,0,0,0,0
3667,3667,20230402,2,2,45,720,0,720,0,1
3668,3668,20220712,1,2,45,404,0,443,0,1
3669,3669,20211029,4,1,30,2118,5,88,5,1
3670,3670,20211209,1,1,45,0,0,0,0,0
3671,3671,20221014,1,1,45,0,0,0,0,0
3672,3672,20220110,1,2,45,0,0,0,0,0
3673,3673,20240331,1,1,45,228,0,270,0,1
3674,3674,20221110,1,2,45,0,0,0,0,0
3675,3675,20220527,4,2,45,214,0,214,0,1
3676,3676,20211014,1,1,45,1825,709,652,305,1
3677,3677,20220704,4,1,45,222,0,222,0,1
3678,3678,20230214,1,5,45,0,0,0,0,0
3679,3679,20230815,1,1,45,607,0,1112,0,1
3680,3680,20200907,1,1,45,1324,0,709,0,1
3681,3681,20220527,1,18,45,0,0,0,0,0
3682,3682,20200917,1,5,45,0,0,0,0,0
3683,3683,20211005,4,11,45,461,0,572,0,1
3684,3684,20230915,4,11,45,110,0,185,0,1
3685,3685,20210217,1,1,45,88,0,124,0,1
3686,3686,20200227,1,1,45,100,0,79,0,1
3687,3687,20240310,3,1,45,876,0,1653,0,1
3688,3688,20200514,1,11,45,197,0,288,0,1
3689,3689,20200220,1,5,45,0,0,0,0,0
3690,3690,20200423,1,11,45,79,0,81,0,1
3691,3691,20200518,1,1,45,65,0,124,0,1
3692,3692,20220611,1,1,45,646,0,909,0,1
3693,3693,20200612,1,1,45,67,0,73,0,1
3694,3694,20221202,1,1,45,0,0,0,0,0
3695,3695,20230126,1,1,45,176,0,171,0,1
3696,3696,20201030,1,2,45,719,0,164,0,1
3697,3697,20210708,1,1,45,46,0,46,0,1
3698,3698,20210930,1,1,45,137,7,117,7,1
3699,3699,20210504,1,2,45,0,0,0,0,0
3700,3700,20210608,1,2,45,0,0,0,0,0
3701,3701,20210720,1,11,45,0,0,0,0,0
3702,3702,20210808,1,5,45,135,0,171,0,1
3703,3703,20211011,1,1,45,0,0,0,0,0
3704,3704,20220225,1,11,45,0,0,0,0,0
3705,3705,20230831,4,1,45,38,0,38,0,1
3706,3706,20220907,4,2,45,0,0,0,0,0
3707,3707,20200505,1,2,45,146,0,147,0,1
3708,3708,20221214,1,11,45,108,0,110,0,1
3709,3709,20200806,1,16,45,132,0,132,0,1
3710,3710,20210128,1,1,45,43,0,43,0,1
3711,3711,20210528,3,5,45,364,0,364,0,1
3712,3712,20200605,1,11,45,238,0,238,0,1
3713,3713,20210610,1,16,45,2441,0,2763,0,1
3714,3714,20200409,1,1,45,0,0,0,0,0
3715,3715,20220615,4,1,45,0,0,0,0,0
3716,3716,20201127,3,2,45,0,0,0,0,0
3717,3717,20211210,1,1,45,29,0,29,0,1
3718,3718,20230720,4,2,45,267,0,366,0,1
3719,3719,20220318,1,2,45,552,37,649,37,1
3720,3720,20201105,1,2,45,0,0,0,0,0
3721,3721,20210215,3,11,45,0,0,0,0,0
3722,3722,20210414,1,5,45,0,0,0,0,0
3723,3723,20240316,1,11,45,510,0,572,0,1
3724,3724,20210312,1,1,45,84,0,84,0,1
3725,3725,20211021,4,2,45,0,0,0,0,0
3726,3726,20210915,1,2,45,377,0,596,0,1
3727,3727,20211021,1,2,45,283,0,283,0,1
3728,3728,20210930,1,1,45,0,0,0,0,0
3729,3729,20230124,1,1,45,820,1255,818,1255,1
3730,3730,20210903,1,11,45,9,0,9,0,1
3731,3731,20211208,4,5,45,0,0,0,0,0
3732,3732,20260612,1,11,45,576,0,576,0,1
3733,3733,20231025,1,2,45,305,32,305,32,1
3734,3734,20230216,1,11,45,28,0,40,0,1
3735,3735,20240214,3,5,45,0,0,0,0,0
3736,3736,20210226,1,1,45,0,0,0,0,0
3737,3737,20240118,1,11,45,434,0,553,0,1
3738,3738,20210429,4,11,45,547,0,379,0,1
3739,3739,20200828,1,1,45,352,0,352,0,1
3740,3740,20200827,3,11,45,133,0,185,0,1
3741,3741,20200226,1,14,45,0,0,0,0,0
3742,3742,20200925,1,1,45,384,0,571,0,1
3743,3743,20200328,1,1,45,0,0,0,0,0
3744,3744,20231214,1,14,45,0,0,0,0,0
3745,3745,20210326,1,1,45,0,0,0,0,0
3746,3746,20210422,1,1,30,35,0,35,0,1
3747,3747,20200619,1,5,45,294,0,304,0,1
3748,3748,20211014,1,1,45,0,0,0,0,0
3749,3749,20220628,1,11,45,436,0,385,0,1
3750,3750,20210408,1,1,45,0,0,0,0,0
3751,3751,20201104,3,2,45,62,0,96,0,1
3752,3752,20201029,1,5,45,626,0,497,0,1
3753,3753,20210730,1,1,45,215,0,225,0,1
3754,3754,20200813,3,5,45,3017,0,4242,0,1
3755,3755,20211029,1,1,45,0,0,0,0,0
3756,3756,20220413,2,2,45,0,0,0,0,0
3757,3757,20210506,1,2,45,834,0,834,0,1
3758,3758,20211221,4,1,45,0,0,0,0,0
3759,3759,20210610,1,1,45,141,0,162,0,1
3760,3760,20210521,1,1,45,0,0,0,0,0
3761,3761,20220809,1,1,45,0,0,0,0,0
3762,3762,20211022,1,1,45,148,0,148,0,1
3763,3763,20221101,1,1,45,286,0,286,0,1
3764,3764,20211028,1,2,45,0,0,0,0,0
3765,3765,20211216,3,2,45,0,0,0,0,0
3766,3766,20220609,1,5,45,11957,0,17656,0,1
3767,3767,20220308,4,11,45,0,0,0,0,0
3768,3768,20221104,1,2,45,258,0,107,0,1
3769,3769,20220930,4,5,45,0,0,0,0,0
3770,3770,20230119,4,2,45,0,0,0,0,0
3771,3771,20230131,2,1,45,0,0,0,0,0
3772,3772,20200312,3,5,45,333,0,347,0,1
3773,3773,20200722,1,11,45,251,21,480,21,1
3774,3774,20201206,1,19,45,110,0,189,0,1
3775,3775,20221201,3,11,45,0,0,0,0,0
3776,3776,20201106,1,1,45,154,0,154,0,1
3777,3777,20201203,1,1,45,129,0,138,0,1
3778,3778,20200924,1,1,45,281,0,187,0,1
3779,3779,20210526,1,19,45,190,0,247,0,1
3780,3780,20220601,1,1,45,175,0,198,0,1
3781,3781,20200902,1,5,45,0,0,0,0,0
3782,3782,20201117,3,2,45,224,0,208,0,1
3783,3783,20200929,1,11,45,43,0,43,0,1
3784,3784,20200905,1,2,45,16,0,17,0,1
3785,3785,20210618,1,1,45,11,0,11,0,1
3786,3786,20220526,4,2,45,1220,0,2326,0,1
3787,3787,20210416,1,1,45,0,0,0,0,0
3788,3788,20220513,1,11,45,179,18,246,18,1
3789,3789,20210810,1,16,45,429,46,271,46,1
3790,3790,20210531,1,2,45,0,0,0,0,0
3791,3791,20211217,1,11,45,43,0,43,0,1
3792,3792,20211217,1,1,45,73,0,62,0,1
3793,3793,20220915,1,2,45,0,0,0,0,0
3794,3794,20221104,4,2,30,0,0,0,0,0
3795,3795,20220415,4,11,45,839,0,1019,0,1
3796,3796,20200408,1,1,45,0,0,0,0,0
3797,3797,20201006,1,16,45,465,0,445,0,1
3798,3798,20210816,1,19,45,444,0,614,0,1
3799,3799,20200507,4,1,45,132,0,133,0,1
3800,3800,20220719,1,2,45,144,0,207,0,1
3801,3801,20220210,2,1,45,0,0,0,0,0
3802,3802,20200305,1,1,45,62,0,62,0,1
3803,3803,20200828,1,1,45,127,0,219,0,1
3804,3804,20210303,1,1,45,136,0,136,0,1
3805,3805,20210624,1,1,45,677,0,720,0,1
3806,3806,20201201,1,1,30,155,3,26,3,1
3807,3807,20200131,3,2,45,0,0,0,0,0
3808,3808,20210604,3,11,45,522,251,666,251,1
3809,3809,20211020,1,1,45,40,0,40,0,1
3810,3810,20240822,1,2,45,538,0,638,0,1
3811,3811,20200717,1,2,45,4347,1,4881,1,1
3812,3812,20221130,1,11,45,0,0,0,0,0
3813,3813,20200811,4,5,45,2195,0,1148,0,1
3814,3814,20201018,1,11,45,0,0,0,0,0
3815,3815,20220103,1,2,45,0,0,0,0,0
3816,3816,20201230,1,2,45,0,0,0,0,0
3817,3817,20210318,1,5,45,0,0,0,0,0
3818,3818,20210308,3,1,45,0,0,0,0,0
3819,3819,20210324,1,5,45,0,0,0,0,0
3820,3820,20220804,1,11,45,0,0,0,0,0
3821,3821,20220310,1,11,45,413,0,413,0,1
3822,3822,20220603,1,1,45,364,0,364,0,1
3823,3823,20211105,2,2,45,0,0,0,0,0
3824,3824,20220211,1,1,45,0,0,0,0,0
3825,3825,20221129,1,1,45,216,0,134,0,1
3826,3826,20220401,1,1,30,130,0,34,0,1
3827,3827,20220804,1,5,45,0,0,0,0,0
3828,3828,20221020,1,5,45,0,0,0,0,0
3829,3829,20220929,1,11,45,0,0,0,0,0
3830,3830,20221108,1,19,45,0,0,0,0,0
3831,3831,20221111,1,5,45,0,0,0,0,0
3832,3832,20230126,1,1,45,0,0,0,0,0
3833,3833,20200113,1,1,30,285,0,65,0,1
3834,3834,20211231,3,3,54,3460,13,124,21,1
3835,3835,20200528,1,2,45,590,0,652,0,1
3836,3836,20210824,4,2,45,1020,0,1370,0,1
3837,3837,20201019,1,11,45,0,0,0,0,0
3838,3838,20200616,1,1,45,248,0,132,0,1
3839,3839,20211014,3,1,45,61,0,91,0,1
3840,3840,20210128,1,2,45,238,0,268,0,1
3841,3841,20200204,1,15,45,509,0,456,0,1
3842,3842,20210416,1,1,45,181,0,181,0,1
3843,3843,20200110,1,1,45,1843,0,582,0,1
3844,3844,20200423,2,11,45,131,0,147,0,1
3845,3845,20201013,1,1,45,271,0,305,0,1
3846,3846,20210603,1,1,45,1354,0,1706,0,1
3847,3847,20210722,1,1,45,0,0,0,0,0
3848,3848,20210901,1,1,45,167,0,167,0,1
3849,3849,20220107,1,5,45,0,0,0,0,0
3850,3850,20200224,1,5,45,20,0,20,0,1
3851,3851,20210304,3,11,45,12,0,12,0,1
3852,3852,20210601,1,1,45,7,0,7,0,1
3853,3853,20211009,1,1,45,0,0,0,0,0
3854,3854,20210409,1,2,45,221,0,311,0,1
3855,3855,20220525,4,2,45,0,0,0,0,0
3856,3856,20220715,1,1,45,76,0,76,0,1
3857,3857,20221028,1,2,45,0,0,0,0,0
3858,3858,20220718,1,1,45,0,0,0,0,0
3859,3859,20210413,1,5,45,0,0,0,0,0
3860,3860,20230609,1,1,45,0,0,0,0,0
3861,3861,20221022,1,1,45,0,0,0,0,0
3862,3862,20230126,1,11,45,941,0,941,0,1
3863,3863,20211217,3,5,45,0,0,0,0,0
3864,3864,20221003,1,1,45,0,0,0,0,0
3865,3865,20230105,1,14,45,1416,0,1924,0,1
3866,3866,20211214,1,1,45,239,0,199,0,1
3867,3867,20200415,4,2,45,400,0,720,0,1
3868,3868,20220424,1,1,45,0,0,0,0,0
3869,3869,20220908,1,1,45,93,0,93,0,1
3870,3870,20210126,4,1,45,482,0,694,0,1
3871,3871,20221202,1,11,45,1938,0,1938,0,1
3872,3872,20230801,1,1,45,269,380,297,502,1
3873,3873,20241107,1,11,45,1415,0,440,0,1
3874,3874,20210924,1,19,45,1523,0,2163,0,1
3875,3875,20200817,1,16,45,8322,965,2418,1737,1
3876,3876,20200501,4,2,45,753,0,853,0,1
3877,3877,20210218,4,2,45,0,0,0,0,0
3878,3878,20210805,4,11,45,331,0,410,0,1
3879,3879,20220915,1,2,45,0,0,0,0,0
3880,3880,20210519,3,2,45,87,0,127,0,1
3881,3881,20220518,4,14,45,980,186,156,253,1
3882,3882,20210210,1,11,45,600,0,600,0,1
3883,3883,20220916,1,5,45,0,0,0,0,0
3884,3884,20200618,4,1,45,0,0,0,0,0
3885,3885,20220306,4,1,45,0,0,0,0,0
3886,3886,20200430,1,1,30,0,0,0,0,0
3887,3887,20200326,2,11,45,65,0,103,0,1
3888,3888,20210601,1,1,45,0,0,0,0,0
3889,3889,20200723,1,19,45,5169,0,10336,0,1
3890,3890,20201207,1,1,45,0,0,0,0,0
3891,3891,20240321,1,1,45,959,0,1647,0,1
3892,3892,20210401,1,2,45,0,0,0,0,0
3893,3893,20221207,1,2,45,21,0,25,0,1
3894,3894,20200923,1,1,30,6361,624,932,169,1
3895,3895,20220216,4,1,45,11470,714,3197,416,1
3896,3896,20230627,1,5,45,775,0,873,0,1
3897,3897,20200414,1,14,30,5245,787,752,220,1
3898,3898,20210617,1,14,45,0,0,0,0,0
3899,3899,20210518,1,5,45,74,0,74,0,1
3900,3900,20220706,1,1,45,178,0,178,0,1
3901,3901,20220519,1,1,45,248,0,191,0,1
3902,3902,20220825,1,1,45,49,0,49,0,1
3903,3903,20220228,1,2,45,0,0,0,0,0
3904,3904,20220401,1,5,45,0,0,0,0,0
3905,3905,20220224,1,2,45,0,0,0,0,0
3906,3906,20220325,1,1,45,0,0,0,0,0
3907,3907,20220505,1,5,45,771,0,975,0,1
3908,3908,20221004,1,2,45,0,0,0,0,0
3909,3909,20230204,1,1,45,16,0,16,0,1
3910,3910,20230101,1,1,30,329,0,60,0,1
3911,3911,20250529,1,1,45,272,0,223,0,1
3912,3912,20200924,1,1,45,537,0,410,0,1
3913,3913,20230308,1,1,45,816,337,494,354,1
3914,3914,20230719,1,5,45,154,0,50,0,1
3915,3915,20220816,4,2,45,3366,335,2249,420,1
3916,3916,20230707,1,14,45,6754,0,7762,0,1
3917,3917,20230108,1,1,45,400,0,588,0,1
3918,3918,20221024,1,16,45,2225,219,1283,325,1
3919,3919,20210811,1,1,30,8988,527,447,249,1
3920,3920,20230810,1,2,45,637,0,484,0,1
3921,3921,20211101,4,5,45,254,71,204,77,1
3922,3922,20230816,1,1,45,3454,556,1223,802,1
3923,3923,20211216,1,1,45,825,65,452,65,1
3924,3924,20230628,3,2,45,1463,431,993,187,1
3925,3925,20220520,1,1,45,159,0,298,0,1
3926,3926,20200313,1,5,45,908,0,1073,0,1
3927,3927,20200114,1,1,45,134,0,178,0,1
3928,3928,20210520,1,1,45,0,0,0,0,0
3929,3929,20210301,1,1,45,299,0,325,0,1
3930,3930,20221130,1,1,30,5160,325,1534,165,1
3931,3931,20201105,1,5,45,176,0,209,0,1
3932,3932,20200127,1,11,45,0,0,0,0,0
3933,3933,20200311,1,1,45,239,0,239,0,1
3934,3934,20200324,1,5,45,0,0,0,0,0
3935,3935,20200904,1,2,45,0,0,0,0,0
3936,3936,20200525,1,2,45,299,0,264,0,1
3937,3937,20210121,1,2,45,156,0,191,0,1
3938,3938,20201022,1,11,45,0,0,0,0,0
3939,3939,20210315,1,11,45,0,0,0,0,0
3940,3940,20210608,1,2,45,0,0,0,0,0
3941,3941,20201112,1,1,45,102,0,124,0,1
3942,3942,20220108,1,1,45,0,0,0,0,0
3943,3943,20210303,1,2,45,232,0,263,0,1
3944,3944,20221118,1,1,45,854,141,765,254,1
3945,3945,20230901,4,11,45,423,226,510,226,1
3946,3946,20210527,3,2,45,1919,347,824,502,1
3947,3947,20200901,4,14,45,10178,1190,2505,500,1
3948,3948,20210309,1,11,30,0,0,0,0,0
3949,3949,20220309,1,11,45,5,0,5,0,1
3950,3950,20220421,4,1,45,545,0,545,0,1
3951,3951,20210720,3,2,45,0,0,0,0,0
3952,3952,20220609,1,16,45,11,0,11,0,1
3953,3953,20220803,1,1,45,0,0,0,0,0
3954,3954,20211224,1,2,45,84,0,119,0,1
3955,3955,20211220,1,5,45,0,0,0,0,0
3956,3956,20220904,1,5,45,546,40,552,40,1
3957,3957,20220804,1,1,45,20,0,20,0,1
3958,3958,20220826,1,5,45,30,0,30,0,1
3959,3959,20221219,1,5,45,0,0,0,0,0
3960,3960,20220829,1,5,45,1554,77,438,77,1
3961,3961,20220901,3,5,45,376,44,392,44,1
3962,3962,20201001,1,1,45,452,0,224,0,1
3963,3963,20220217,1,1,45,469,0,465,0,1
3964,3964,20221115,1,1,45,156,0,164,0,1
3965,3965,20210128,1,1,45,47,0,47,0,1
3966,3966,20240125,1,1,45,463,0,339,0,1
3967,3967,20210223,4,11,45,482,0,567,0,1
3968,3968,20220209,3,2,45,34,0,45,0,1
3969,3969,20200109,1,18,45,863,0,1106,0,1
3970,3970,20210512,1,2,45,20,0,20,0,1
3971,3971,20201120,1,5,45,307,0,388,0,1
3972,3972,20221204,1,1,30,0,0,0,0,0
3973,3973,20220301,1,1,30,436,0,120,0,1
3974,3974,20201210,1,1,45,332,0,446,0,1
3975,3975,20210415,1,1,45,0,0,0,0,0
3976,3976,20210319,1,1,45,110,0,177,0,1
3977,3977,20210228,3,2,45,96,0,97,0,1
3978,3978,20210308,3,5,45,0,0,0,0,0
3979,3979,20210813,4,2,45,176,0,95,0,1
3980,3980,20231015,1,1,30,0,0,0,0,0
3981,3981,20210820,1,1,45,586,0,586,0,1
3982,3982,20220511,1,1,45,183,0,218,0,1
3983,3983,20210609,1,5,45,0,0,0,0,0
3984,3984,20210515,1,1,30,0,0,0,0,0
3985,3985,20210820,1,2,45,23,0,23,0,1
3986,3986,20220420,4,1,30,1741,0,1704,0,1
3987,3987,20230417,1,1,45,0,0,0,0,0
3988,3988,20220426,1,1,45,0,0,0,0,0
3989,3989,20220620,3,2,45,0,0,0,0,0
3990,3990,20230106,1,1,45,1111,19,1318,19,1
3991,3991,20200416,1,2,45,59,0,59,0,1
3992,3992,20210223,1,1,45,276,0,319,0,1
3993,3993,20201209,1,1,45,148,0,233,0,1
3994,3994,20210519,1,1,45,40,0,29,0,1
3995,3995,20221117,1,16,45,0,0,0,0,0
3996,3996,20200417,4,2,45,1706,0,1789,0,1
3997,3997,20210226,3,1,45,107,0,89,0,1
3998,3998,20220302,1,1,45,150,0,239,0,1
3999,3999,20221201,1,16,45,1262,0,1599,0,1
4000,4000,20200326,1,5,45,108,35,95,35,1
4001,4001,20200915,1,5,45,0,0,0,0,0
4002,4002,20201204,1,1,45,129,0,130,0,1
4003,4003,20200519,1,14,45,2184,132,129,132,1
4004,4004,20201202,1,1,45,0,0,0,0,0
4005,4005,20250812,1,1,45,0,0,0,0,0
4006,4006,20200612,1,2,45,0,0,0,0,0
4007,4007,20200901,1,1,45,0,0,0,0,0
4008,4008,20201220,1,1,45,29,0,31,0,1
4009,4009,20220105,1,1,45,269,0,369,0,1
4010,4010,20210227,2,5,45,0,0,0,0,0
4011,4011,20220616,4,1,45,35,0,55,0,1
4012,4012,20210812,1,2,45,173,0,177,0,1
4013,4013,20220330,1,1,45,734,0,734,0,1
4014,4014,20220212,2,5,45,0,0,0,0,0
4015,4015,20220524,1,5,45,218,0,218,0,1
4016,4016,20220904,1,5,45,78,0,118,0,1
4017,4017,20220709,1,1,45,0,0,0,0,0
4018,4018,20221014,1,1,45,0,0,0,0,0
4019,4019,20221209,1,2,45,75,0,75,0,1
4020,4020,20221206,1,1,45,0,0,0,0,0
4021,4021,20230127,1,1,45,0,0,0,0,0
4022,4022,20200131,1,1,45,0,0,0,0,0
4023,4023,20211028,1,19,45,4288,636,1199,587,1
4024,4024,20221107,1,11,45,31,0,31,0,1
4025,4025,20220621,1,2,45,35,64,35,64,1
4026,4026,20230110,1,1,45,743,0,191,0,1
4027,4027,20201126,1,5,45,904,0,904,0,1
4028,4028,20230309,4,19,45,590,307,185,307,1
4029,4029,20210531,4,2,45,126,0,36,0,1
4030,4030,20200731,1,2,45,0,0,0,0,0
4031,4031,20210527,1,11,45,46,0,53,0,1
4032,4032,20210903,4,5,45,0,0,0,0,0
4033,4033,20201125,1,5,45,0,0,0,0,0
4034,4034,20211102,1,1,45,0,0,0,0,0
4035,4035,20211116,4,16,45,741,216,597,324,1
4036,4036,20220408,1,1,45,28,0,28,0,1
4037,4037,20211122,1,14,45,1106,0,495,0,1
4038,4038,20230405,1,11,45,208,0,208,0,1
4039,4039,20210617,1,5,45,0,0,0,0,0
4040,4040,20210618,1,2,45,0,0,0,0,0
4041,4041,20220909,1,11,45,0,0,0,0,0
4042,4042,20210910,1,1,45,202,0,202,0,1
4043,4043,20211022,1,2,45,0,0,0,0,0
4044,4044,20220308,1,1,45,118,0,165,0,1
4045,4045,20211008,1,5,45,0,0,0,0,0
4046,4046,20221025,1,2,45,0,0,0,0,0
4047,4047,20220314,1,19,45,0,0,0,0,0
4048,4048,20220301,1,5,45,0,0,0,0,0
4049,4049,20220614,1,2,45,0,0,0,0,0
4050,4050,20251106,1,2,45,14658,4830,201,3303,1
4051,4051,20230523,3,1,45,191,110,141,155,1
4052,4052,20230905,1,5,45,1054,0,1518,0,1
4053,4053,20221108,3,5,45,337,66,228,81,1
4054,4054,20220915,3,5,45,210,127,109,127,1
4055,4055,20200212,1,1,45,0,0,0,0,0
4056,4056,20200915,4,1,45,559,0,636,0,1
4057,4057,20200920,1,11,45,114,0,197,0,1
4058,4058,20220428,4,14,45,727,0,645,0,1
4059,4059,20210917,1,1,45,201,4,91,4,1
4060,4060,20220816,3,16,45,0,0,0,0,0
4061,4061,20201106,1,1,45,33,0,33,0,1
4062,4062,20211008,1,1,45,315,0,315,0,1
4063,4063,20230824,1,1,45,458,51,204,51,1
4064,4064,20211117,1,1,45,3419,561,1491,467,1
4065,4065,20230824,1,15,45,672,14,390,27,1
4066,4066,20230905,1,14,45,3703,775,1875,979,1
4067,4067,20230907,1,1,45,1297,270,1707,270,1
4068,4068,20220120,3,1,45,1922,1374,438,521,1
4069,4069,20200214,4,1,45,1113,257,588,375,1
4070,4070,20220302,3,2,45,0,0,0,0,0
4071,4071,20211026,4,2,45,326,0,422,0,1
4072,4072,20201103,1,14,30,573,0,141,0,1
4073,4073,20220729,1,2,45,640,0,982,0,1
4074,4074,20210106,1,1,45,137,0,137,0,1
4075,4075,20211210,1,5,45,113,0,113,0,1
4076,4076,20210316,1,5,45,0,0,0,0,0
4077,4077,20210630,2,1,45,2,0,2,0,1
4078,4078,20220118,2,1,45,0,0,0,0,0
4079,4079,20221215,1,3,59,0,0,0,0,0
4080,4080,20211007,1,2,45,0,0,0,0,0
4081,4081,20221025,4,16,45,8504,512,2261,312,1
4082,4082,20200918,1,1,45,2273,292,873,98,1
4083,4083,20200721,1,12,30,4295,241,375,247,1
4084,4084,20230725,1,1,45,2606,601,1417,425,1
4085,4085,20220811,3,1,45,1228,307,843,359,1
4086,4086,20241107,1,2,45,1037,67,654,131,1
4087,4087,20250717,4,16,45,495,0,301,0,1
4088,4088,20250414,1,1,45,1320,1008,674,1044,1
4089,4089,20220622,1,1,45,0,0,0,0,0
4090,4090,20220616,1,1,45,44,0,59,0,1
4091,4091,20240121,4,5,45,3055,0,703,0,1
4092,4092,20221031,1,2,45,2682,244,1518,427,1
4093,4093,20230210,1,11,45,0,0,0,0,0
4094,4094,20230201,1,2,45,0,0,0,0,0
4095,4095,20210528,1,5,45,154,0,154,0,1
4096,4096,20220905,1,1,45,997,0,764,0,1
4097,4097,20210727,1,1,30,3663,418,806,298,1
4098,4098,20210401,3,1,30,746,200,308,301,1
4099,4099,20221207,1,11,45,1358,1000,923,1959,1
4100,4100,20230914,1,1,45,1675,87,932,155,1
4101,4101,20211109,1,16,45,1050,129,320,231,1
4102,4102,20240815,1,2,45,578,0,452,0,1
4103,4103,20220719,3,2,45,373,106,307,149,1
4104,4104,20221110,1,16,45,3289,312,566,400,1
4105,4105,20210413,1,1,45,77,0,77,0,1
4106,4106,20200527,3,19,45,16,0,23,0,1
4107,4107,20200220,3,5,45,146,1,17,1,1
4108,4108,20201014,1,11,45,620,377,289,377,1
4109,4109,20210130,1,11,45,0,0,0,0,0
4110,4110,20201014,1,2,45,0,0,0,0,0
4111,4111,20210204,1,16,45,39,8,14,8,1
4112,4112,20240912,2,5,45,1766,0,3144,0,1
4113,4113,20210409,1,1,45,59,0,53,0,1
4114,4114,20210823,1,2,45,63,0,73,0,1
4115,4115,20220715,1,2,45,0,0,0,0,0
4116,4116,20210721,1,11,45,92,0,101,0,1
4117,4117,20210709,1,2,45,66,0,75,0,1
4118,4118,20211022,1,2,45,104,0,104,0,1
4119,4119,20210907,3,5,45,13,0,13,0,1
4120,4120,20211129,1,5,45,50,15,74,15,1
4121,4121,20220204,1,2,45,214370,0,214370,0,1
4122,4122,20220301,1,1,45,0,0,0,0,0
4123,4123,20220629,4,5,45,60,0,63,0,1
4124,4124,20220913,1,2,45,51,0,51,0,1
4125,4125,20220805,1,5,45,0,0,0,0,0
4126,4126,20230124,1,11,45,0,0,0,0,0
4127,4127,20221015,2,2,45,0,0,0,0,0
4128,4128,20221124,1,1,45,0,0,0,0,0
4129,4129,20230428,1,5,45,0,0,0,0,0
4130,4130,20211121,3,16,45,12911,2573,2823,3219,1
4131,4131,20220720,1,1,45,1213,0,1267,0,1
4132,4132,20200908,1,1,45,636,0,509,0,1
4133,4133,20200416,4,1,45,13,0,13,0,1
4134,4134,20200516,3,16,45,409,0,409,0,1
4135,4135,20220201,1,1,45,29,0,29,0,1
4136,4136,20210128,1,1,45,415,25,225,25,1
4137,4137,20220616,1,1,45,342,0,355,0,1
4138,4138,20200117,3,2,45,0,0,0,0,0
4139,4139,20210610,1,1,45,893,0,893,0,1
4140,4140,20200102,1,1,45,46,0,63,0,1
4141,4141,20210618,1,1,45,0,0,0,0,0
4142,4142,20200305,1,5,45,0,0,0,0,0
4143,4143,20210506,3,1,45,0,0,0,0,0
4144,4144,20200327,1,2,45,0,0,0,0,0
4145,4145,20210119,4,1,45,0,0,0,0,0
4146,4146,20210225,1,1,45,106,0,142,0,1
4147,4147,20210720,1,1,30,160,33,176,33,1
4148,4148,20210916,2,5,45,5,0,5,0,1
4149,4149,20220602,1,1,45,591,0,312,0,1
4150,4150,20210908,4,2,45,0,0,0,0,0
4151,4151,20210421,1,2,45,89,0,158,0,1
4152,4152,20210303,3,5,45,0,0,0,0,0
4153,4153,20231024,2,11,45,578,0,909,0,1
4154,4154,20221016,1,1,30,63,0,67,0,1
4155,4155,20211210,1,1,45,0,0,0,0,0
4156,4156,20221110,1,1,45,296,239,351,239,1
4157,4157,20220505,1,2,45,0,0,0,0,0
4158,4158,20220321,1,1,45,63,0,112,0,1
4159,4159,20220430,1,1,45,0,0,0,0,0
4160,4160,20221027,1,5,45,0,0,0,0,0
4161,4161,20230113,1,2,45,145,0,145,0,1
4162,4162,20221107,1,11,45,0,0,0,0,0
4163,4163,20221007,1,2,45,1328,0,765,0,1
4164,4164,20230330,1,2,45,4718,0,4718,0,1
4165,4165,20221201,1,5,45,0,0,0,0,0
4166,4166,20200831,1,1,45,94,0,100,0,1
4167,4167,20200506,1,2,45,647,0,647,0,1
4168,4168,20220527,1,2,45,76,0,142,0,1
4169,4169,20201013,1,2,45,81,0,118,0,1
4170,4170,20200302,3,2,45,617,0,608,0,1
4171,4171,20211119,1,1,30,2861,89,956,81,1
4172,4172,20241113,1,11,45,1245,0,888,0,1
4173,4173,20230712,3,2,45,413,0,574,0,1
4174,4174,20230310,3,2,45,1768,311,970,549,1
4175,4175,20200917,3,1,45,2000,303,1068,176,1
4176,4176,20240115,1,2,45,1073,0,975,0,1
4177,4177,20241105,1,11,45,139,0,102,0,1
4178,4178,20201204,1,1,45,0,0,0,0,0
4179,4179,20200715,3,2,45,59,0,82,0,1
4180,4180,20200618,1,16,45,0,0,0,0,0
4181,4181,20200925,1,1,45,136,0,158,0,1
4182,4182,20210927,1,11,45,203,0,203,0,1
4183,4183,20201030,1,2,45,0,0,0,0,0
4184,4184,20210122,1,1,45,10,0,20,0,1
4185,4185,20210226,1,2,45,2035,0,2035,0,1
4186,4186,20210826,1,5,45,0,0,0,0,0
4187,4187,20230111,1,2,45,286,0,377,0,1
4188,4188,20221205,1,1,45,53,0,53,0,1
4189,4189,20220530,3,16,45,0,0,0,0,0
4190,4190,20221213,1,2,45,132,0,132,0,1
4191,4191,20220331,3,5,45,69,0,79,0,1
4192,4192,20220707,2,5,45,72,43,65,43,1
4193,4193,20220618,3,11,45,0,0,0,0,0
4194,4194,20230125,1,14,45,1972,0,2252,0,1
4195,4195,20221230,1,2,45,0,0,0,0,0
4196,4196,20211028,1,1,30,380,0,458,0,1
4197,4197,20230224,1,14,45,2359,1846,1456,1912,1
4198,4198,20220928,1,1,30,5049,543,663,664,1
4199,4199,20241008,1,1,45,1643,290,732,292,1
4200,4200,20200811,1,1,45,3593,365,1178,136,1
4201,4201,20230818,1,1,30,3195,206,462,206,1
4202,4202,20240926,1,1,45,927,80,525,107,1
4203,4203,20230718,1,2,45,247,0,225,0,1
4204,4204,20230323,1,1,45,2368,412,1478,248,1
4205,4205,20200904,3,2,45,0,0,0,0,0
4206,4206,20211118,1,1,45,348,0,556,0,1
4207,4207,20220328,1,1,45,1890,0,1773,0,1
4208,4208,20200331,1,1,45,0,0,0,0,0
4209,4209,20200220,4,2,45,203,0,152,0,1
4210,4210,20200724,1,2,45,144,96,227,96,1
4211,4211,20200306,1,1,45,0,0,0,0,0
4212,4212,20220314,1,1,45,85,0,85,0,1
4213,4213,20210311,1,15,45,1185,0,1231,0,1
4214,4214,20200831,3,2,45,0,0,0,0,0
4215,4215,20200827,4,1,45,0,0,0,0,0
4216,4216,20221022,1,2,45,71,0,142,0,1
4217,4217,20210609,1,11,45,472,0,717,0,1
4218,4218,20210106,1,2,45,1540,0,1540,0,1
4219,4219,20210218,1,2,45,669,0,738,0,1
4220,4220,20210421,1,14,45,537,0,595,0,1
4221,4221,20220114,1,2,45,746,0,901,0,1
4222,4222,20210219,1,2,45,0,0,0,0,0
4223,4223,20220801,1,1,45,17,0,17,0,1
4224,4224,20210824,1,2,45,0,0,0,0,0
4225,4225,20220224,1,14,45,2299,371,2664,557,1
4226,4226,20210617,1,5,45,0,0,0,0,0
4227,4227,20220519,1,2,45,108,0,108,0,1
4228,4228,20211015,1,2,45,0,0,0,0,0
4229,4229,20220628,1,14,45,1318,0,1911,0,1
4230,4230,20220525,3,5,45,51,0,54,0,1
4231,4231,20221130,1,1,45,0,0,0,0,0
4232,4232,20220428,2,5,45,128,0,127,0,1
4233,4233,20230325,2,2,45,0,0,0,0,0
4234,4234,20221126,1,2,45,14,0,14,0,1
4235,4235,20231102,3,2,45,631,0,607,0,1
4236,4236,20200825,1,19,45,0,0,0,0,0
4237,4237,20210223,1,5,45,278,0,278,0,1
4238,4238,20201030,2,1,45,0,0,0,0,0
4239,4239,20241211,2,1,45,0,0,0,0,0
4240,4240,20200207,1,1,45,0,0,0,0,0
4241,4241,20200615,1,1,45,9,0,11,0,1
4242,4242,20221014,1,1,45,43,0,43,0,1
4243,4243,20200221,1,15,45,9,0,9,0,1
4244,4244,20210817,1,2,45,1251,1,257,1,1
4245,4245,20210323,1,1,45,1104,27,225,27,1
4246,4246,20211115,1,1,45,0,0,0,0,0
4247,4247,20210713,1,1,45,0,0,0,0,0
4248,4248,20200827,2,5,45,242,3,168,3,1
4249,4249,20210114,1,2,45,39,0,57,0,1
4250,4250,20201126,3,5,45,197,0,197,0,1
4251,4251,20221130,1,1,45,0,0,0,0,0
4252,4252,20231103,1,11,45,0,0,0,0,0
4253,4253,20240426,1,1,45,567,0,567,0,1
4254,4254,20230523,1,1,45,149,0,149,0,1
4255,4255,20221014,4,1,45,149,0,215,0,1
4256,4256,20211105,2,1,45,0,0,0,0,0
4257,4257,20220720,1,1,45,46,0,54,0,1
4258,4258,20211026,1,1,45,0,0,0,0,0
4259,4259,20211111,1,2,45,0,0,0,0,0
4260,4260,20220830,1,1,45,129,0,230,0,1
4261,4261,20211018,3,5,45,50,0,50,0,1
4262,4262,20211125,1,20,47,3720,224,761,123,1
4263,4263,20211231,4,5,45,0,0,0,0,0
4264,4264,20241230,1,1,45,733,7,770,7,1
4265,4265,20230123,1,1,45,1456,171,624,133,1
4266,4266,20220125,1,2,45,133,0,154,0,1
4267,4267,20220202,1,1,45,20,0,20,0,1
4268,4268,20221012,1,2,45,0,0,0,0,0
4269,4269,20220819,1,5,45,0,0,0,0,0
4270,4270,20230304,1,2,45,0,0,0,0,0
4271,4271,20220909,1,5,45,0,0,0,0,0
4272,4272,20220816,2,11,45,0,0,0,0,0
4273,4273,20230104,1,2,45,0,0,0,0,0
4274,4274,20230103,3,5,45,0,0,0,0,0
4275,4275,20201112,1,1,45,170,0,236,0,1
4276,4276,20230817,4,11,45,1786,0,239,0,1
4277,4277,20230914,1,19,45,1451,33,474,33,1
4278,4278,20200618,1,2,45,227,0,192,0,1
4279,4279,20211102,1,1,45,206,0,359,0,1
4280,4280,20200311,1,2,45,17,0,17,0,1
4281,4281,20220715,1,11,45,0,0,0,0,0
4282,4282,20200128,1,16,45,0,0,0,0,0
4283,4283,20200717,1,1,45,0,0,0,0,0
4284,4284,20210813,1,1,45,29,0,29,0,1
4285,4285,20210605,4,1,45,219,0,219,0,1
4286,4286,20220928,4,2,45,0,0,0,0,0
4287,4287,20251022,1,11,45,463,25,300,25,1
4288,4288,20210319,3,5,45,156,0,132,0,1
4289,4289,20201012,1,14,45,62,0,59,0,1
4290,4290,20201127,1,2,45,0,0,0,0,0
4291,4291,20201021,1,2,45,1,0,1,0,1
4292,4292,20201221,2,11,45,0,0,0,0,0
4293,4293,20230118,1,1,45,36,0,36,0,1
4294,4294,20210310,1,2,45,304,0,304,0,1
4295,4295,20220614,1,1,45,0,0,0,0,0
4296,4296,20220907,1,16,45,0,0,0,0,0
4297,4297,20230125,1,11,45,0,0,0,0,0
4298,4298,20200325,3,1,45,7720,1421,187,2574,1
4299,4299,20221021,1,2,45,380,0,158,0,1
4300,4300,20211019,4,2,45,578,55,350,76,1
4301,4301,20230111,1,14,45,0,0,0,0,0
4302,4302,20211020,1,11,45,171,0,130,0,1
4303,4303,20230728,1,1,45,212,0,212,0,1
4304,4304,20220113,4,1,45,94,0,94,0,1
4305,4305,20220327,1,5,45,950,0,1875,0,1
4306,4306,20220308,1,11,45,0,0,0,0,0
4307,4307,20220522,1,5,45,722,245,836,245,1
4308,4308,20220610,1,2,45,12,0,12,0,1
4309,4309,20220811,1,2,45,0,0,0,0,0
4310,4310,20220530,1,5,45,16,0,16,0,1
4311,4311,20220812,1,2,45,403,0,796,0,1
4312,4312,20220826,1,2,45,0,0,0,0,0
4313,4313,20230208,1,1,45,1027,0,1027,0,1
4314,4314,20221017,1,1,45,73,0,79,0,1
4315,4315,20210428,1,1,30,2493,588,149,135,1
4316,4316,20210917,1,1,45,734,101,409,101,1
4317,4317,20241011,3,1,45,568,370,327,473,1
4318,4318,20230714,1,1,45,1321,0,1259,0,1
4319,4319,20230511,1,1,45,1579,248,768,322,1
4320,4320,20210611,1,1,45,4781,817,1237,814,1
4321,4321,20230908,1,1,45,1019,341,854,341,1
4322,4322,20230728,1,1,45,345,0,296,0,1
4323,4323,20230404,1,1,45,1116,0,1636,0,1
4324,4324,20210305,4,2,45,0,0,0,0,0
4325,4325,20200810,1,1,45,0,0,0,0,0
4326,4326,20201015,3,2,45,154,0,214,0,1
4327,4327,20201221,1,1,45,65,0,107,0,1
4328,4328,20201215,1,1,45,70,0,99,0,1
4329,4329,20200507,3,2,45,182,0,182,0,1
4330,4330,20200827,1,5,45,1605,0,1981,0,1
4331,4331,20231105,1,14,45,0,0,0,0,0
4332,4332,20210609,1,1,45,278,217,430,217,1
4333,4333,20230824,1,1,45,2322,1034,1141,224,1
4334,4334,20230825,1,1,45,323,0,505,0,1
4335,4335,20210902,3,1,45,4164,1028,802,1450,1
4336,4336,20221221,1,1,45,0,0,0,0,0
4337,4337,20210121,3,11,45,0,0,0,0,0
4338,4338,20210701,1,11,45,591,0,884,0,1
4339,4339,20220913,1,2,45,77,0,100,0,1
4340,4340,20210730,3,5,45,109,95,59,102,1
4341,4341,20210319,3,2,45,0,0,0,0,0
4342,4342,20240112,1,1,45,76,0,99,0,1
4343,4343,20210527,1,1,45,0,0,0,0,0
4344,4344,20210609,3,5,45,104,0,104,0,1
4345,4345,20220624,1,1,45,894,682,468,820,1
4346,4346,20220225,1,1,45,0,0,0,0,0
4347,4347,20211109,1,1,45,131,7,40,7,1
4348,4348,20220103,1,5,45,0,0,0,0,0
4349,4349,20220922,1,11,45,0,0,0,0,0
4350,4350,20221021,1,16,45,0,0,0,0,0
4351,4351,20221124,1,1,45,0,0,0,0,0
4352,4352,20200922,4,1,45,11,0,13,0,1
4353,4353,20240219,4,1,45,253,0,307,0,1
4354,4354,20220811,2,1,45,145,0,268,0,1
4355,4355,20220611,1,2,45,3132,0,2752,0,1
4356,4356,20211020,1,1,45,0,0,0,0,0
4357,4357,20200820,1,1,45,72,0,72,0,1
4358,4358,20201001,3,5,45,0,0,0,0,0
4359,4359,20200617,1,1,45,39,0,74,0,1
4360,4360,20200728,4,1,45,49,0,49,0,1
4361,4361,20210520,1,5,45,33,0,33,0,1
4362,4362,20200731,4,6,54,118,0,118,0,1
4363,4363,20200813,3,2,45,188,0,274,0,1
4364,4364,20210802,3,2,45,1149,1,626,1,1
4365,4365,20200828,1,1,30,0,0,0,0,0
4366,4366,20201123,1,16,45,0,0,0,0,0
4367,4367,20210108,1,11,45,0,0,0,0,0
4368,4368,20210624,1,2,45,0,0,0,0,0
4369,4369,20210831,2,16,45,0,0,0,0,0
4370,4370,20210730,1,1,45,0,0,0,0,0
4371,4371,20220525,1,1,45,1656,0,1656,0,1
4372,4372,20211108,1,1,45,58,0,58,0,1
4373,4373,20220616,4,1,45,118,249,170,249,1
4374,4374,20221011,1,1,45,22,0,22,0,1
4375,4375,20221018,2,2,45,0,0,0,0,0
4376,4376,20221010,1,5,45,25,0,25,0,1
4377,4377,20220926,1,2,45,0,0,0,0,0
4378,4378,20220930,1,2,45,0,0,0,0,0
4379,4379,20220831,1,2,45,780,0,357,0,1
4380,4380,20230223,1,1,45,3536,640,1311,976,1
4381,4381,20220617,1,1,45,1560,524,1073,163,1
4382,4382,20240523,1,1,45,1771,254,687,253,1
4383,4383,20230720,1,2,45,1027,0,790,0,1
4384,4384,20220609,1,2,45,631,0,529,0,1
4385,4385,20220425,1,1,45,760,0,766,0,1
4386,4386,20210928,1,1,45,157,0,157,0,1
4387,4387,20210302,1,2,45,326,0,344,0,1
4388,4388,20201015,1,1,45,265,0,265,0,1
4389,4389,20201203,1,2,45,119,0,161,0,1
4390,4390,20201119,1,1,45,559,0,154,0,1
4391,4391,20210825,1,2,45,333,0,334,0,1
4392,4392,20200325,1,1,45,1051,23,62,23,1
4393,4393,20221216,2,1,45,2046,0,349,0,1
4394,4394,20210420,1,15,45,124,0,38,0,1
4395,4395,20221221,4,1,45,159,0,188,0,1
4396,4396,20230110,1,2,45,0,0,0,0,0
4397,4397,20210629,1,1,45,8,0,8,0,1
4398,4398,20200317,1,2,45,0,0,0,0,0
4399,4399,20200213,1,1,45,361,0,201,0,1
4400,4400,20200220,1,2,45,1265,0,761,0,1
4401,4401,20220406,1,1,45,1,0,1,0,1
4402,4402,20220721,4,1,45,42,0,53,0,1
4403,4403,20251021,2,8,54,0,0,0,0,0
4404,4404,20210303,2,1,45,231,0,231,0,1
4405,4405,20220425,1,1,45,37,0,37,0,1
4406,4406,20201106,1,2,45,836,0,836,0,1
4407,4407,20201016,3,2,45,187,0,187,0,1
4408,4408,20201026,3,5,45,125,0,182,0,1
4409,4409,20211105,1,15,45,75,0,75,0,1
4410,4410,20210911,3,1,45,0,0,0,0,0
4411,4411,20210426,1,5,45,49,0,49,0,1
4412,4412,20210318,1,1,45,30,0,30,0,1
4413,4413,20220213,4,2,45,0,0,0,0,0
4414,4414,20230126,1,1,45,1115,32,325,32,1
4415,4415,20210513,3,2,45,1951,389,1257,486,1
4416,4416,20260305,1,16,45,787,29,533,29,1
4417,4417,20201209,3,14,45,4908,473,3166,137,1
4418,4418,20230622,1,1,45,434,103,240,103,1
4419,4419,20220804,4,11,45,0,0,0,0,0
4420,4420,20220826,1,11,45,8377,0,8377,0,1
4421,4421,20220422,1,2,45,0,0,0,0,0
4422,4422,20220929,1,5,45,0,0,0,0,0
4423,4423,20220901,1,1,45,0,0,0,0,0
4424,4424,20221027,3,5,45,0,0,0,0,0
4425,4425,20230124,1,2,45,0,0,0,0,0
4426,4426,20221215,1,1,45,0,0,0,0,0
4427,4427,20220803,1,1,45,686,33,725,33,1
4428,4428,20221013,1,1,45,461,0,219,0,1
4429,4429,20220908,1,1,45,0,0,0,0,0
4430,4430,20211216,1,1,45,153,0,153,0,1
4431,4431,20221012,1,2,45,0,0,0,0,0
4432,4432,20231112,1,1,45,0,0,0,0,0
4433,4433,20230228,4,2,45,0,0,0,0,0
4434,4434,20200604,1,1,45,344,0,344,0,1
4435,4435,20211028,4,2,45,6,0,6,0,1
4436,4436,20210301,3,11,45,1154,105,662,105,1
4437,4437,20221015,1,1,45,0,0,0,0,0
4438,4438,20201207,3,2,30,0,0,0,0,0
4439,4439,20210416,1,5,45,0,0,0,0,0
4440,4440,20210322,1,11,45,0,0,0,0,0
4441,4441,20230117,1,2,45,0,0,0,0,0
4442,4442,20220810,1,1,45,0,0,0,0,0
4443,4443,20220522,1,5,45,1274,0,2334,0,1
4444,4444,20220810,1,5,45,0,0,0,0,0
4445,4445,20230114,1,1,45,0,0,0,0,0
4446,4446,20251023,1,11,45,1958,514,731,713,1
4447,4447,20230621,1,1,45,372,0,201,0,1
4448,4448,20200805,1,1,30,5910,662,282,1135,1
4449,4449,20230713,4,1,45,225,26,205,26,1
4450,4450,20230726,1,5,45,1151,270,585,431,1
4451,4451,20220816,1,2,45,2412,19,347,22,1
4452,4452,20210930,1,1,45,119,0,151,0,1
4453,4453,20210617,1,11,45,183,0,183,0,1
4454,4454,20200925,1,16,45,780,0,895,0,1
4455,4455,20200519,3,5,45,164,0,120,0,1
4456,4456,20210831,1,1,45,0,0,0,0,0
4457,4457,20200204,3,14,45,0,0,0,0,0
4458,4458,20200910,1,1,45,150,0,87,0,1
4459,4459,20230131,1,11,45,0,0,0,0,0
4460,4460,20200618,1,5,45,1418,156,626,156,1
4461,4461,20210302,1,15,45,1419,884,2037,884,1
4462,4462,20200807,4,2,45,132,0,132,0,1
4463,4463,20200806,3,11,45,335,0,335,0,1
4464,4464,20220810,3,2,45,218,52,251,52,1
4465,4465,20210729,1,5,45,155,0,109,0,1
4466,4466,20201224,1,11,45,0,0,0,0,0
4467,4467,20230817,1,1,45,0,0,0,0,0
4468,4468,20231208,1,16,45,2415,303,549,172,1
4469,4469,20220331,4,14,45,1049,257,552,268,1
4470,4470,20230816,1,1,45,179,159,173,159,1
4471,4471,20230718,1,1,45,482,0,526,0,1
4472,4472,20211014,1,1,45,100,0,174,0,1
4473,4473,20210531,4,5,45,3195,0,3466,0,1
4474,4474,20210730,2,1,45,107,0,117,0,1
4475,4475,20210820,1,1,45,507,0,253,0,1
4476,4476,20220127,1,1,45,0,0,0,0,0
4477,4477,20230201,1,16,45,386,0,422,0,1
4478,4478,20220622,1,16,45,20,0,20,0,1
4479,4479,20230111,1,1,45,0,0,0,0,0
4480,4480,20220511,1,1,45,391,0,181,0,1
4481,4481,20230211,1,15,45,0,0,0,0,0
4482,4482,20220621,1,1,45,31,14,37,14,1
4483,4483,20230214,4,1,45,12,0,12,0,1
4484,4484,20230215,1,1,45,510,1008,510,1008,1
4485,4485,20221007,2,2,45,0,0,0,0,0
4486,4486,20230101,1,5,45,43,0,52,0,1
4487,4487,20230726,1,1,45,1041,70,927,95,1
4488,4488,20230320,1,1,30,946,0,424,0,1
4489,4489,20250923,1,1,45,1012,878,522,1072,1
4490,4490,20200513,1,1,45,3112,241,723,121,1
4491,4491,20201104,1,1,30,10972,624,899,297,1
4492,4492,20230127,1,1,45,767,240,468,275,1
4493,4493,20200625,1,1,45,4111,0,1641,0,1
4494,4494,20241125,1,1,45,1030,0,748,0,1
4495,4495,20220114,1,1,45,1665,602,1310,429,1
4496,4496,20210928,1,1,45,1072,0,1548,0,1
4497,4497,20220714,1,11,45,52,0,81,0,1
4498,4498,20200716,4,2,45,40,0,40,0,1
4499,4499,20200324,1,16,45,2203,333,1285,333,1
4500,4500,20210217,2,11,45,263,0,196,0,1
4501,4501,20200309,4,1,45,54,0,58,0,1
4502,4502,20221021,1,1,45,0,0,0,0,0
4503,4503,20220615,1,1,45,223,0,281,0,1
4504,4504,20230202,4,1,45,665,0,1104,0,1
4505,4505,20210525,1,2,45,1,0,1,0,1
4506,4506,20230728,2,1,45,0,0,0,0,0
4507,4507,20210527,1,1,45,541,0,412,0,1
4508,4508,20210317,1,5,45,320,0,320,0,1
4509,4509,20250115,1,2,45,0,0,0,0,0
4510,4510,20210503,1,1,45,280,0,378,0,1
4511,4511,20210921,1,1,45,12,0,12,0,1
4512,4512,20211105,1,1,45,0,0,0,0,0
4513,4513,20240929,2,1,45,296,0,475,0,1
4514,4514,20211112,3,1,45,0,0,0,0,0
4515,4515,20220620,3,5,45,0,0,0,0,0
4516,4516,20240215,1,1,45,1085,126,544,126,1
4517,4517,20200903,1,1,45,1686,252,434,142,1
4518,4518,20220224,1,1,45,8060,575,5619,173,1
4519,4519,20230412,1,2,45,3468,1258,1680,2516,1
4520,4520,20230905,1,2,45,521,197,542,197,1
4521,4521,20200519,4,5,45,684,88,331,79,1
4522,4522,20210325,1,1,30,1154,258,850,218,1
4523,4523,20211214,1,16,45,111,0,111,0,1
4524,4524,20220509,1,2,45,0,0,0,0,0
4525,4525,20220522,1,5,45,346,56,472,56,1
4526,4526,20221010,1,5,45,437,0,457,0,1
4527,4527,20240417,1,1,45,66,0,111,0,1
4528,4528,20230203,1,1,45,0,0,0,0,0
4529,4529,20220921,1,1,45,114,0,114,0,1
4530,4530,20230107,1,11,45,0,0,0,0,0
4531,4531,20220923,1,2,45,0,0,0,0,0
4532,4532,20230209,1,5,45,0,0,0,0,0
4533,4533,20211030,1,11,45,0,0,0,0,0
4534,4534,20211013,1,11,45,416,0,339,0,1
4535,4535,20200827,1,11,45,34,0,34,0,1
4536,4536,20201217,1,1,45,148,0,177,0,1
4537,4537,20220222,1,1,45,2046,0,2737,0,1
4538,4538,20211018,4,2,45,545,0,545,0,1
4539,4539,20210909,1,1,45,196,50,210,50,1
4540,4540,20211007,1,1,30,2870,1389,103,56,1
4541,4541,20200323,1,1,45,737,116,346,61,1
4542,4542,20210611,1,1,45,3811,423,873,465,1
4543,4543,20210126,1,16,45,372,0,169,0,1
4544,4544,20210624,1,1,45,0,0,0,0,0
4545,4545,20200225,1,19,45,8469,1,16934,1,1
4546,4546,20240202,3,5,30,2579,0,5048,0,1
4547,4547,20200123,4,2,45,264,0,376,0,1
4548,4548,20210125,1,5,45,219,0,425,0,1
4549,4549,20201102,1,1,30,655,0,912,0,1
4550,4550,20200401,1,1,45,0,0,0,0,0
4551,4551,20240404,3,11,45,0,0,0,0,0
4552,4552,20210218,1,2,45,377,0,273,0,1
4553,4553,20200618,1,1,45,50,0,52,0,1
4554,4554,20210429,1,2,45,0,0,0,0,0
4555,4555,20220923,1,11,45,0,0,0,0,0
4556,4556,20220311,1,1,30,273,0,362,0,1
4557,4557,20211029,1,1,45,0,0,0,0,0
4558,4558,20211022,1,2,45,89,0,119,0,1
4559,4559,20210114,1,2,45,19,0,13,0,1
4560,4560,20210917,1,5,45,0,0,0,0,0
4561,4561,20210604,1,1,45,628,0,735,0,1
4562,4562,20210914,1,11,45,85,0,100,0,1
4563,4563,20211030,1,5,45,0,0,0,0,0
4564,4564,20221013,4,1,45,24,0,24,0,1
4565,4565,20221012,1,18,45,0,0,0,0,0
4566,4566,20220621,1,2,45,96,0,109,0,1
4567,4567,20221029,1,1,45,13,0,13,0,1
4568,4568,20220105,1,1,45,0,0,0,0,0
4569,4569,20220314,4,2,45,0,0,0,0,0
4570,4570,20220314,1,2,45,0,0,0,0,0
4571,4571,20220629,3,11,48,0,0,0,0,0
4572,4572,20220614,3,5,45,2626,0,2626,0,1
4573,4573,20221130,1,1,45,0,0,0,0,0
4574,4574,20221211,1,1,45,336,0,378,0,1
4575,4575,20221101,1,1,45,0,0,0,0,0
4576,4576,20210309,1,16,45,1232,414,322,414,1
4577,4577,20200216,1,2,45,0,0,0,0,0
4578,4578,20200924,1,1,45,212,55,88,55,1
4579,4579,20210105,4,1,30,538,0,310,0,1
4580,4580,20220125,1,1,30,20487,0,9121,0,1
4581,4581,20201014,1,16,45,0,0,0,0,0
4582,4582,20220111,2,1,45,0,0,0,0,0
4583,4583,20210511,1,1,45,0,0,0,0,0
4584,4584,20201015,4,2,45,0,0,0,0,0
4585,4585,20200723,1,16,45,0,0,0,0,0
4586,4586,20200812,1,1,45,85,0,85,0,1
4587,4587,20220624,1,2,45,0,0,0,0,0
4588,4588,20201120,1,5,45,1,0,1,0,1
4589,4589,20220405,1,1,45,0,0,0,0,0
4590,4590,20210514,1,2,45,311,0,424,0,1
4591,4591,20211202,1,1,45,2,0,2,0,1
4592,4592,20210401,1,5,45,0,0,0,0,0
4593,4593,20220928,1,1,45,91,0,91,0,1
4594,4594,20211202,1,2,45,208,134,231,134,1
4595,4595,20230112,1,1,45,898,0,528,0,1
4596,4596,20230714,1,1,45,1843,367,877,367,1
4597,4597,20241111,1,1,45,199,0,199,0,1
4598,4598,20220524,1,2,45,92,0,92,0,1
4599,4599,20230429,1,1,45,0,0,0,0,0
4600,4600,20220328,1,14,45,0,0,0,0,0
4601,4601,20230216,1,2,45,0,0,0,0,0
4602,4602,20221201,1,1,45,0,0,0,0,0
4603,4603,20230213,1,1,45,74,0,85,0,1
4604,4604,20220818,1,2,45,0,0,0,0,0
4605,4605,20221104,1,2,45,298,0,371,0,1
4606,4606,20221123,1,2,45,0,0,0,0,0
4607,4607,20200723,4,2,45,1113,0,1113,0,1
4608,4608,20220126,1,1,45,0,0,0,0,0
4609,4609,20210226,1,1,45,314,0,118,0,1
4610,4610,20221201,1,1,45,216,0,208,0,1
4611,4611,20240307,2,5,45,0,0,0,0,0
4612,4612,20200326,1,2,45,190,0,215,0,1
4613,4613,20200123,1,2,45,3844,0,3365,0,1
4614,4614,20200522,1,1,45,0,0,0,0,0
4615,4615,20250506,1,11,45,893,0,893,0,1
4616,4616,20200429,1,2,45,428,0,428,0,1
4617,4617,20200507,4,11,45,230,0,230,0,1
4618,4618,20210415,1,14,45,3028,0,3768,0,1
4619,4619,20200624,1,16,45,0,0,0,0,0
4620,4620,20220428,1,11,45,0,0,0,0,0
4621,4621,20210107,1,5,45,9,0,9,0,1
4622,4622,20210111,2,5,45,102,0,102,0,1
4623,4623,20220303,1,1,45,0,0,0,0,0
4624,4624,20210322,1,14,45,290,0,290,0,1
4625,4625,20230803,3,2,45,8053,701,4839,257,1
4626,4626,20241105,1,11,45,1170,0,530,0,1
4627,4627,20220902,1,1,45,20533,0,20338,0,1
4628,4628,20230308,1,1,45,1712,348,654,661,1
4629,4629,20220421,1,5,45,93,0,94,0,1
4630,4630,20220916,1,1,45,0,0,0,0,0
4631,4631,20230520,3,11,45,184,0,301,0,1
4632,4632,20260211,3,2,45,0,0,0,0,0
4633,4633,20220725,1,1,45,112,0,132,0,1
4634,4634,20240221,1,1,45,0,0,0,0,0
4635,4635,20211117,3,5,45,0,0,0,0,0
4636,4636,20220318,1,5,45,0,0,0,0,0
4637,4637,20221025,1,1,45,0,0,0,0,0
4638,4638,20220915,1,5,45,0,0,0,0,0
4639,4639,20230108,4,2,45,548,0,469,0,1
4640,4640,20260402,1,14,45,923,1,1456,1,1
4641,4641,20220918,1,1,45,0,0,0,0,0
4642,4642,20230323,3,2,45,239,306,215,306,1
4643,4643,20211004,1,1,45,342,0,342,0,1
4644,4644,20200116,3,1,45,5812,0,3096,0,1
4645,4645,20201202,2,5,45,790,0,790,0,1
4646,4646,20200414,1,2,45,395,0,174,0,1
4647,4647,20201215,1,1,45,295,0,482,0,1
4648,4648,20200821,3,2,45,214,0,252,0,1
4649,4649,20210729,1,14,45,820,0,305,0,1
4650,4650,20200828,1,2,45,223,0,264,0,1
4651,4651,20200613,1,1,45,0,0,0,0,0
4652,4652,20221013,1,1,45,190,0,249,0,1
4653,4653,20210901,1,1,45,529,0,316,0,1
4654,4654,20201126,1,2,45,227,0,95,0,1
4655,4655,20220617,1,1,45,114,0,116,0,1
4656,4656,20220810,4,1,45,410,0,562,0,1
4657,4657,20240922,1,1,45,0,0,0,0,0
4658,4658,20211014,1,1,45,297,0,313,0,1
4659,4659,20210322,4,5,45,0,0,0,0,0
4660,4660,20251120,4,11,45,0,0,0,0,0
4661,4661,20220707,3,1,45,0,0,0,0,0
4662,4662,20211105,1,2,45,0,0,0,0,0
4663,4663,20220210,1,2,45,0,0,0,0,0
4664,4664,20220721,4,2,45,513,0,590,0,1
4665,4665,20221021,1,5,45,145,0,168,0,1
4666,4666,20221101,1,1,45,0,0,0,0,0
4667,4667,20250101,1,1,45,0,0,0,0,0
4668,4668,20230122,3,1,30,0,0,0,0,0
4669,4669,20200605,1,16,45,306,0,306,0,1
4670,4670,20250718,1,1,45,164,0,219,0,1
4671,4671,20210617,1,1,45,0,0,0,0,0
4672,4672,20200610,1,11,45,0,0,0,0,0
4673,4673,20201130,1,1,45,0,0,0,0,0
4674,4674,20230825,1,11,45,127,0,160,0,1
4675,4675,20201225,3,2,45,1295,184,970,184,1
4676,4676,20200310,1,1,45,457,0,457,0,1
4677,4677,20230323,1,1,45,413,0,572,0,1
4678,4678,20250127,4,11,45,176,0,269,0,1
4679,4679,20210423,1,2,45,364,0,364,0,1
4680,4680,20200210,1,2,45,180,0,228,0,1
4681,4681,20201014,1,1,45,315,0,122,0,1
4682,4682,20200508,1,1,45,0,0,0,0,0
4683,4683,20220331,1,5,45,193,0,274,0,1
4684,4684,20210428,1,1,45,0,0,0,0,0
4685,4685,20220121,1,1,45,3,0,3,0,1
4686,4686,20210227,1,2,45,0,0,0,0,0
4687,4687,20210323,4,5,45,0,0,0,0,0
4688,4688,20210518,1,5,45,0,0,0,0,0
4689,4689,20221124,3,1,45,331,0,331,0,1
4690,4690,20220407,1,1,45,64,0,64,0,1
4691,4691,20220519,1,1,45,0,0,0,0,0
4692,4692,20211001,4,1,45,763,0,1132,0,1
4693,4693,20220825,4,5,45,0,0,0,0,0
4694,4694,20220207,1,16,45,154,0,248,0,1
4695,4695,20220914,1,5,45,0,0,0,0,0
4696,4696,20221229,4,5,45,0,0,0,0,0
4697,4697,20221013,1,1,45,0,0,0,0,0
4698,4698,20221129,1,1,45,19,0,19,0,1
4699,4699,20230427,1,1,45,1748,379,1476,249,1
4700,4700,20220307,1,5,45,48,0,48,0,1
4701,4701,20221130,1,1,45,0,0,0,0,0
4702,4702,20220614,1,1,45,0,0,0,0,0
4703,4703,20221223,4,2,45,171,0,225,0,1
4704,4704,20230123,1,1,45,0,0,0,0,0
4705,4705,20230821,1,11,45,505,0,680,0,1
4706,4706,20200415,1,5,45,2316,519,116,572,1
4707,4707,20210517,1,1,45,1885,155,1274,96,1
4708,4708,20230817,1,14,45,768,435,420,663,1
4709,4709,20200918,3,5,45,1314,0,1221,0,1
4710,4710,20210520,1,2,45,229,78,148,101,1
4711,4711,20221027,1,2,45,88,0,88,0,1
4712,4712,20210806,1,1,45,6,0,6,0,1
4713,4713,20200325,1,1,45,211,0,133,0,1
4714,4714,20200605,1,1,45,53,0,53,0,1
4715,4715,20231205,1,1,45,131,0,184,0,1
4716,4716,20200528,1,2,45,147,0,219,0,1
4717,4717,20200326,1,2,45,92,0,107,0,1
4718,4718,20200504,1,1,45,0,0,0,0,0
4719,4719,20200211,1,5,45,729,0,951,0,1
4720,4720,20240630,1,1,45,59,0,75,0,1
4721,4721,20200818,1,1,45,0,0,0,0,0
4722,4722,20200707,1,5,45,76,0,111,0,1
4723,4723,20200819,1,1,45,20,0,20,0,1
4724,4724,20200618,1,1,45,757,196,352,170,1
4725,4725,20220714,1,5,45,2299,364,1157,399,1
4726,4726,20221019,1,2,45,1006,350,932,443,1
4727,4727,20201023,1,2,45,43,0,43,0,1
4728,4728,20210729,1,1,45,5,0,5,0,1
4729,4729,20210305,1,1,45,0,0,0,0,0
4730,4730,20210809,4,5,45,257,0,511,0,1
4731,4731,20201217,1,5,45,57,0,69,0,1
4732,4732,20201229,1,11,45,0,0,0,0,0
4733,4733,20220302,2,11,45,0,0,0,0,0
4734,4734,20211224,1,1,45,482,0,482,0,1
4735,4735,20211207,1,5,45,0,0,0,0,0
4736,4736,20220620,1,2,45,1600,387,906,196,1
4737,4737,20200319,1,1,45,1182,218,554,291,1
4738,4738,20210804,2,11,45,35,0,35,0,1
4739,4739,20230207,4,5,45,0,0,0,0,0
4740,4740,20220107,1,11,45,0,0,0,0,0
4741,4741,20220712,1,2,30,0,0,0,0,0
4742,4742,20220325,1,5,45,0,0,0,0,0
4743,4743,20240514,1,14,45,3908,0,3619,0,1
4744,4744,20230706,3,11,45,0,0,0,0,0
4745,4745,20220603,1,5,45,0,0,0,0,0
4746,4746,20221130,1,11,45,139,0,186,0,1
4747,4747,20221024,4,11,45,202,0,293,0,1
4748,4748,20220222,1,1,45,465,40,301,40,1
4749,4749,20211207,1,1,45,229,0,168,0,1
4750,4750,20220818,1,1,30,781,0,75,0,1
4751,4751,20230828,1,2,45,1135,82,853,86,1
4752,4752,20230125,1,1,45,625,355,424,511,1
4753,4753,20220901,1,1,45,655,62,324,92,1
4754,4754,20220525,1,1,45,1637,230,714,330,1
4755,4755,20201022,3,2,45,247,0,269,0,1
4756,4756,20200908,1,2,45,897,0,1505,0,1
4757,4757,20231103,1,16,45,851,144,354,118,1
4758,4758,20210823,1,2,45,1138,1487,1805,1487,1
4759,4759,20201126,1,1,45,47,0,47,0,1
4760,4760,20210909,1,11,45,526,0,450,0,1
4761,4761,20200821,1,1,45,579,454,331,454,1
4762,4762,20221206,1,11,45,235,0,243,0,1
4763,4763,20210902,1,1,45,238,0,312,0,1
4764,4764,20210205,4,11,45,115,0,218,0,1
4765,4765,20210228,4,2,45,0,0,0,0,0
4766,4766,20210720,1,1,45,117,0,117,0,1
4767,4767,20220519,1,1,45,441,0,417,0,1
4768,4768,20250203,1,2,45,2513,0,2513,0,1
4769,4769,20221011,1,1,45,278,258,331,258,1
4770,4770,20220121,2,5,45,138,0,171,0,1
4771,4771,20230228,1,1,45,0,0,0,0,0
4772,4772,20220531,1,5,45,0,0,0,0,0
4773,4773,20220501,4,2,45,0,0,0,0,0
4774,4774,20230117,1,5,45,21,0,27,0,1
4775,4775,20221013,3,1,45,0,0,0,0,0
4776,4776,20220928,1,1,45,40,0,40,0,1
4777,4777,20221101,2,11,45,0,0,0,0,0
4778,4778,20221214,1,1,45,233,0,233,0,1
4779,4779,20230529,1,16,45,0,0,0,0,0
4780,4780,20230901,1,2,45,1155,721,798,721,1
4781,4781,20210811,1,15,45,2094,694,799,864,1
4782,4782,20230615,1,1,30,1717,101,676,73,1
4783,4783,20230131,1,1,45,472,0,558,0,1
4784,4784,20220507,1,1,45,232,0,141,0,1
4785,4785,20230308,1,1,45,474,348,359,265,1
4786,4786,20220623,1,1,45,1151,213,539,267,1
4787,4787,20230829,1,2,45,422,0,422,0,1
4788,4788,20231205,1,1,45,6713,938,3445,1395,1
4789,4789,20230825,1,1,45,1094,336,589,656,1
4790,4790,20220927,4,1,45,840,153,306,260,1
4791,4791,20230828,1,2,45,162,1,291,1,1
4792,4792,20221020,3,1,45,2076,238,1174,104,1
4793,4793,20220927,1,1,45,2222,234,908,181,1
4794,4794,20240508,1,1,45,3017,943,1378,830,1
4795,4795,20230811,1,1,45,152,0,263,0,1
4796,4796,20210401,3,11,45,1126,104,284,55,1
4797,4797,20221201,1,14,45,2025,905,995,905,1
4798,4798,20200616,1,1,45,0,0,0,0,0
4799,4799,20210830,4,5,45,130,0,201,0,1
4800,4800,20220929,4,5,45,1641,0,1641,0,1
4801,4801,20200611,3,2,45,141,0,178,0,1
4802,4802,20220728,1,2,45,0,0,0,0,0
4803,4803,20200424,1,1,45,0,0,0,0,0
4804,4804,20200922,1,2,45,0,0,0,0,0
4805,4805,20231113,1,11,45,1086,0,1086,0,1
4806,4806,20210721,1,1,45,373,0,373,0,1
4807,4807,20201113,1,16,45,538,0,538,0,1
4808,4808,20221103,1,1,45,0,0,0,0,0
4809,4809,20220524,1,11,45,72,0,72,0,1
4810,4810,20201021,1,2,45,200,0,229,0,1
4811,4811,20210204,1,2,45,117,0,132,0,1
4812,4812,20210313,1,5,45,421,0,421,0,1
4813,4813,20221103,1,1,45,259,0,246,0,1
4814,4814,20210324,1,11,45,0,0,0,0,0
4815,4815,20221025,1,2,45,0,0,0,0,0
4816,4816,20210917,1,2,45,178,0,178,0,1
4817,4817,20231116,1,11,45,606,0,425,0,1
4818,4818,20210610,3,1,45,0,0,0,0,0
4819,4819,20211008,1,2,45,0,0,0,0,0
4820,4820,20220620,1,11,45,8,0,8,0,1
4821,4821,20220610,1,1,45,0,0,0,0,0
4822,4822,20220804,1,1,45,1376,272,474,450,1
4823,4823,20231114,1,2,45,3515,491,1696,952,1
4824,4824,20230717,3,5,45,381,1,251,1,1
4825,4825,20221025,1,1,45,9542,896,4618,492,1
4826,4826,20210610,1,1,45,752,0,294,0,1
4827,4827,20230530,1,1,45,702,15,297,15,1
4828,4828,20230809,1,1,45,326,106,167,106,1
4829,4829,20230824,1,1,45,1240,150,799,231,1
4830,4830,20231213,1,1,45,1497,275,760,157,1
4831,4831,20230401,1,1,45,1739,262,718,207,1
4832,4832,20241021,1,1,45,1260,305,576,564,1
4833,4833,20240305,1,1,45,1198,241,465,150,1
4834,4834,20241004,1,1,45,480,0,359,0,1
4835,4835,20230925,1,1,45,625,322,287,346,1
4836,4836,20230816,1,2,45,356,0,395,0,1
4837,4837,20230815,1,1,45,456,0,498,0,1
4838,4838,20211014,4,1,45,0,0,0,0,0
4839,4839,20200718,1,11,45,316,0,625,0,1
4840,4840,20221215,1,2,45,462,0,679,0,1
4841,4841,20200529,1,1,45,206,0,83,0,1
4842,4842,20201029,1,2,45,296,0,429,0,1
4843,4843,20201211,1,1,45,8,0,8,0,1
4844,4844,20200214,3,2,45,996,1,34,1,1
4845,4845,20200417,4,2,45,607,0,664,0,1
4846,4846,20230216,1,1,45,48,0,48,0,1
4847,4847,20220504,1,11,45,201,0,257,0,1
4848,4848,20201023,1,2,45,567,0,793,0,1
4849,4849,20201112,1,1,45,537,0,174,0,1
4850,4850,20220910,1,1,45,0,0,0,0,0
4851,4851,20210502,1,5,45,38,0,38,0,1
4852,4852,20210131,1,4,59,0,0,0,0,0
4853,4853,20210224,1,1,45,813,33,70,33,1
4854,4854,20220414,4,1,45,0,0,0,0,0
4855,4855,20210827,1,1,45,0,0,0,0,0
4856,4856,20210729,1,1,45,389,0,565,0,1
4857,4857,20221215,1,2,45,0,0,0,0,0
4858,4858,20220824,1,1,45,299,0,433,0,1
4859,4859,20250919,1,1,45,3,0,3,0,1
4860,4860,20210910,1,1,45,0,0,0,0,0
4861,4861,20221130,1,16,45,88,0,88,0,1
4862,4862,20211008,1,2,45,121,0,163,0,1
4863,4863,20220120,1,2,45,0,0,0,0,0
4864,4864,20220127,1,2,45,605,0,635,0,1
4865,4865,20220519,4,5,45,90,0,138,0,1
4866,4866,20230111,1,1,45,0,0,0,0,0
4867,4867,20220930,1,1,45,0,0,0,0,0
4868,4868,20200128,1,2,45,45,0,45,0,1
4869,4869,20220510,1,1,45,0,0,0,0,0
4870,4870,20220715,1,5,45,30,0,30,0,1
4871,4871,20210802,3,1,45,557,0,170,0,1
4872,4872,20200821,1,1,30,0,0,0,0,0
4873,4873,20200828,1,5,45,0,0,0,0,0
4874,4874,20210612,3,2,45,79,0,83,0,1
4875,4875,20241213,1,5,45,3180,174,1765,185,1
4876,4876,20211014,4,5,45,0,0,0,0,0
4877,4877,20220527,1,2,45,153,0,106,0,1
4878,4878,20240603,1,11,45,17,0,17,0,1
4879,4879,20230927,1,11,45,852,0,478,0,1
4880,4880,20221005,4,2,45,15,0,15,0,1
4881,4881,20220515,1,1,45,0,0,0,0,0
4882,4882,20220422,4,11,45,0,0,0,0,0
4883,4883,20221117,3,5,45,0,0,0,0,0
4884,4884,20230107,1,11,45,246,0,462,0,1
4885,4885,20200331,1,1,45,60,0,70,0,1
4886,4886,20201001,3,2,45,140,0,140,0,1
4887,4887,20201009,1,1,45,83,0,83,0,1
4888,4888,20210902,1,1,45,640,0,622,0,1
4889,4889,20200414,4,1,45,589,0,557,0,1
4890,4890,20210318,3,5,45,0,0,0,0,0
4891,4891,20200303,3,1,45,0,0,0,0,0
4892,4892,20210325,1,1,45,34,0,44,0,1
4893,4893,20210909,1,1,45,0,0,0,0,0
4894,4894,20220118,1,1,45,2114,261,1319,355,1
4895,4895,20200729,1,2,45,93,0,93,0,1
4896,4896,20201224,1,2,45,0,0,0,0,0
4897,4897,20220125,1,2,45,0,0,0,0,0
4898,4898,20200805,3,1,45,0,0,0,0,0
4899,4899,20200814,1,1,45,10,0,13,0,1
4900,4900,20201103,1,5,45,0,0,0,0,0
4901,4901,20201120,1,5,45,83,2,32,2,1
4902,4902,20240927,1,2,45,0,0,0,0,0
4903,4903,20230629,3,2,45,2410,0,2440,0,1
4904,4904,20230726,1,5,45,5704,0,7394,0,1
4905,4905,20220915,1,15,45,804,111,1311,111,1
4906,4906,20211116,1,1,45,0,0,0,0,0
4907,4907,20211212,1,2,45,650,0,842,0,1
4908,4908,20220121,1,2,45,0,0,0,0,0
4909,4909,20220208,1,1,45,0,0,0,0,0
4910,4910,20230202,1,2,45,45,0,45,0,1
4911,4911,20221021,1,1,45,0,0,0,0,0
4912,4912,20230201,1,1,45,197,0,197,0,1
4913,4913,20200804,4,2,45,976,0,500,0,1
4914,4914,20211006,1,1,45,0,0,0,0,0
4915,4915,20210423,1,1,45,1474,424,936,630,1
4916,4916,20200402,1,2,45,155,0,158,0,1
4917,4917,20200425,3,11,45,397,0,397,0,1
4918,4918,20200603,1,1,30,3646,290,1178,155,1
4919,4919,20230906,3,5,45,2658,1039,816,1975,1
4920,4920,20230831,1,1,45,721,0,888,0,1
4921,4921,20210526,1,1,45,2946,667,1245,667,1
4922,4922,20200309,1,2,45,18,0,35,0,1
4923,4923,20220822,1,2,45,0,0,0,0,0
4924,4924,20200221,1,5,45,0,0,0,0,0
4925,4925,20210907,3,2,45,135,0,172,0,1
4926,4926,20201229,1,16,45,0,0,0,0,0
4927,4927,20210201,1,1,45,0,0,0,0,0
4928,4928,20210616,4,2,45,200,0,201,0,1
4929,4929,20211215,1,1,45,128,0,185,0,1
4930,4930,20210105,1,1,45,0,0,0,0,0
4931,4931,20220811,1,5,45,1,0,1,0,1
4932,4932,20211006,1,5,45,0,0,0,0,0
4933,4933,20211117,4,5,45,52,0,52,0,1
4934,4934,20221008,1,1,45,646,0,397,0,1
4935,4935,20221115,1,1,45,0,0,0,0,0
4936,4936,20220914,1,1,45,35,0,35,0,1
4937,4937,20230130,3,14,45,0,0,0,0,0
4938,4938,20220929,1,11,45,0,0,0,0,0
4939,4939,20200817,1,1,45,6290,1,224,1,1
4940,4940,20211209,1,1,30,920,431,406,597,1
4941,4941,20220203,1,1,45,2667,319,1812,264,1
4942,4942,20211115,1,1,30,1530,342,193,552,1
4943,4943,20201014,1,1,30,83,0,88,0,1
4944,4944,20200331,1,1,45,1281,0,2371,0,1
4945,4945,20200731,1,14,45,1210,0,102,0,1
4946,4946,20200122,1,1,45,614,0,577,0,1
4947,4947,20211001,1,1,45,0,0,0,0,0
4948,4948,20200304,1,1,45,272,0,272,0,1
4949,4949,20200422,4,12,30,0,0,0,0,0
4950,4950,20200219,1,2,45,195,0,246,0,1
4951,4951,20230131,1,1,45,0,0,0,0,0
4952,4952,20200309,1,2,45,84,0,84,0,1
4953,4953,20210929,3,1,45,267,0,267,0,1
4954,4954,20210921,1,11,45,617,9,348,9,1
4955,4955,20201201,1,1,45,177,0,167,0,1
4956,4956,20211118,1,1,45,0,0,0,0,0
4957,4957,20210927,3,2,45,510,0,605,0,1
4958,4958,20220824,1,1,45,274,618,256,618,1
4959,4959,20220401,1,2,45,523,0,523,0,1
4960,4960,20211115,2,16,45,4,0,4,0,1
4961,4961,20220408,1,5,45,266,0,360,0,1
4962,4962,20220228,1,11,45,142,0,233,0,1
4963,4963,20220316,1,1,45,658,0,363,0,1
4964,4964,20220707,4,5,45,216,0,216,0,1
4965,4965,20220707,1,5,45,1463,0,1453,0,1
4966,4966,20220707,4,1,45,0,0,0,0,0
4967,4967,20220708,1,2,45,0,0,0,0,0
4968,4968,20230105,1,1,45,0,0,0,0,0
4969,4969,20230509,1,5,45,623,0,621,0,1
4970,4970,20221107,1,1,45,1077,453,636,469,1
4971,4971,20211108,1,1,45,3985,529,1285,126,1
4972,4972,20201020,1,1,45,203,0,149,0,1
4973,4973,20200714,1,1,45,1362,0,533,0,1
4974,4974,20220321,3,1,45,0,0,0,0,0
4975,4975,20200219,1,1,45,140,0,255,0,1
4976,4976,20240228,1,1,45,26,0,26,0,1
4977,4977,20220325,1,1,45,60,0,60,0,1
4978,4978,20230124,1,2,45,0,0,0,0,0
4979,4979,20220121,1,2,45,373,0,373,0,1
4980,4980,20220402,1,1,45,0,0,0,0,0
4981,4981,20210527,1,1,45,82,0,98,0,1
4982,4982,20201104,1,11,45,59,0,59,0,1
4983,4983,20230622,1,1,45,0,0,0,0,0
4984,4984,20201118,1,5,45,0,0,0,0,0
4985,4985,20201202,1,2,45,91,0,108,0,1
4986,4986,20220111,1,5,45,0,0,0,0,0
4987,4987,20211215,1,1,45,29,0,29,0,1
4988,4988,20210903,1,1,45,567,0,567,0,1
4989,4989,20220330,1,2,45,0,0,0,0,0
4990,4990,20221201,1,14,45,5718,0,11402,0,1
4991,4991,20220907,4,11,45,53,0,53,0,1
4992,4992,20220425,1,2,45,0,0,0,0,0
4993,4993,20230420,4,5,45,73,0,73,0,1
4994,4994,20220708,1,5,45,73,0,79,0,1
4995,4995,20221215,1,5,45,0,0,0,0,0
4996,4996,20230127,1,1,45,0,0,0,0,0
4997,4997,20230503,1,11,45,65,0,104,0,1
4998,4998,20201103,1,1,30,331,0,159,0,1
4999,4999,20210611,2,1,45,0,0,0,0,0
5000,5000,20200331,1,2,45,0,0,0,0,0
5001,5001,20200326,1,11,45,1280,0,2502,0,1
5002,5002,20200804,4,11,45,0,0,0,0,0
5003,5003,20220311,1,1,45,134,0,50,0,1
5004,5004,20230105,2,1,45,223,0,243,0,1
5005,5005,20200828,1,2,45,253,0,253,0,1
5006,5006,20211111,1,2,45,122,0,183,0,1
5007,5007,20201026,4,2,45,0,0,0,0,0
5008,5008,20200731,1,5,45,3246,0,407,0,1
5009,5009,20210509,2,11,30,0,0,0,0,0
5010,5010,20210129,1,2,45,0,0,0,0,0
5011,5011,20220601,3,1,45,0,0,0,0,0
5012,5012,20210604,1,11,45,0,0,0,0,0
5013,5013,20211208,3,2,45,0,0,0,0,0
5014,5014,20230112,1,1,45,547,0,470,0,1
5015,5015,20230228,4,1,45,499,0,444,0,1
5016,5016,20220617,1,2,45,1364,1,1866,1,1
5017,5017,20221013,4,2,45,0,0,0,0,0
5018,5018,20220304,1,19,45,437,0,437,0,1
5019,5019,20220211,1,2,45,293,0,293,0,1
5020,5020,20220226,4,2,45,0,0,0,0,0
5021,5021,20221129,1,2,45,0,0,0,0,0
5022,5022,20221111,1,5,45,0,0,0,0,0
5023,5023,20210831,1,5,45,0,0,0,0,0
5024,5024,20221223,4,1,45,0,0,0,0,0
5025,5025,20230818,1,1,45,763,453,432,545,1
5026,5026,20220427,4,2,45,307,503,211,976,1
5027,5027,20221110,1,1,45,24,0,24,0,1
5028,5028,20230713,1,1,30,1332,0,908,0,1
5029,5029,20230821,1,1,45,379,0,193,0,1
5030,5030,20240215,1,1,30,90,0,42,0,1
5031,5031,20200612,3,11,45,1,0,1,0,1
5032,5032,20220519,1,2,45,215,0,365,0,1
5033,5033,20241212,1,1,45,2746,16,385,16,1
5034,5034,20221109,1,2,45,0,0,0,0,0
5035,5035,20210330,3,2,45,278,0,142,0,1
5036,5036,20220213,1,2,45,290,0,292,0,1
5037,5037,20210909,3,2,45,0,0,0,0,0
5038,5038,20200520,3,2,45,204,0,199,0,1
5039,5039,20210609,1,1,45,0,0,0,0,0
5040,5040,20200130,4,2,45,229,0,317,0,1
5041,5041,20211106,1,2,45,84,0,130,0,1
5042,5042,20210607,1,11,45,0,0,0,0,0
5043,5043,20200925,1,1,45,105,88,46,88,1
5044,5044,20201117,1,5,45,13,0,17,0,1
5045,5045,20210820,1,5,45,0,0,0,0,0
5046,5046,20221117,1,12,30,55431,0,80602,0,1
5047,5047,20201215,1,2,45,80,0,80,0,1
5048,5048,20210913,2,1,45,15,0,15,0,1
5049,5049,20260109,3,1,45,229,0,197,0,1
5050,5050,20210826,1,1,45,232,0,248,0,1
5051,5051,20210826,1,2,45,0,0,0,0,0
5052,5052,20211119,1,1,45,21,0,21,0,1
5053,5053,20220110,1,5,45,429,0,469,0,1
5054,5054,20210917,1,5,45,0,0,0,0,0
5055,5055,20220212,1,2,45,0,0,0,0,0
5056,5056,20230925,4,11,45,7,0,7,0,1
5057,5057,20220608,1,11,45,0,0,0,0,0
5058,5058,20221011,1,2,45,166,0,166,0,1
5059,5059,20230206,4,1,45,2,0,2,0,1
5060,5060,20230929,3,1,45,849,0,650,0,1
5061,5061,20230305,1,1,45,0,0,0,0,0
5062,5062,20200114,4,1,30,23,0,40,0,1
5063,5063,20220427,1,19,45,0,0,0,0,0
5064,5064,20200917,4,2,45,273,0,273,0,1
5065,5065,20210811,3,2,45,610,0,953,0,1
5066,5066,20200716,4,1,45,15,0,19,0,1
5067,5067,20210727,4,1,45,0,0,0,0,0
5068,5068,20200924,4,1,45,0,0,0,0,0
5069,5069,20220114,1,11,45,264,0,264,0,1
5070,5070,20210223,1,2,45,48,0,81,0,1
5071,5071,20230111,3,1,45,889,0,1671,0,1
5072,5072,20220421,1,16,45,397,0,766,0,1
5073,5073,20210727,1,1,45,564,486,363,486,1
5074,5074,20230829,1,1,45,273,0,273,0,1
5075,5075,20220301,1,1,45,180,0,180,0,1
5076,5076,20211210,1,1,45,0,0,0,0,0
5077,5077,20210415,1,1,45,0,0,0,0,0
5078,5078,20220404,2,1,45,0,0,0,0,0
5079,5079,20220926,1,1,45,55,0,55,0,1
5080,5080,20220317,1,15,45,1120,0,1120,0,1
5081,5081,20220926,3,2,45,151,0,160,0,1
5082,5082,20220414,1,2,45,31,0,47,0,1
5083,5083,20220812,3,2,45,369,1,641,1,1
5084,5084,20220926,1,5,30,158,0,209,0,1
5085,5085,20220930,1,1,45,0,0,0,0,0
5086,5086,20220830,4,2,45,74,0,74,0,1
5087,5087,20230111,1,2,45,236,0,236,0,1
5088,5088,20221104,1,2,45,0,0,0,0,0
5089,5089,20240122,4,1,45,1,0,1,0,1
5090,5090,20210507,1,2,45,142,0,168,0,1
5091,5091,20201208,1,1,45,0,0,0,0,0
5092,5092,20200326,1,1,30,5270,1068,1610,1068,1
5093,5093,20200128,1,1,45,201,0,228,0,1
5094,5094,20240725,2,5,45,11,0,11,0,1
5095,5095,20200604,1,1,45,118,0,119,0,1
5096,5096,20200205,1,1,45,0,0,0,0,0
5097,5097,20230922,1,2,45,1072,0,1609,0,1
5098,5098,20230926,1,1,45,282,0,282,0,1
5099,5099,20220908,1,1,45,479,5,217,5,1
5100,5100,20200908,3,5,45,346,0,438,0,1
5101,5101,20211104,1,1,45,0,0,0,0,0
5102,5102,20210915,1,11,45,296,0,338,0,1
5103,5103,20240201,1,11,30,0,0,0,0,0
5104,5104,20220908,1,5,45,203,0,244,0,1
5105,5105,20210316,1,11,45,56,0,56,0,1
5106,5106,20230111,1,2,45,0,0,0,0,0
5107,5107,20230817,1,2,45,527,0,693,0,1
5108,5108,20230815,1,1,45,179,57,168,57,1
5109,5109,20230926,2,2,45,683,46,210,46,1
5110,5110,20230914,1,1,45,304,227,403,227,1
5111,5111,20211221,1,1,45,0,0,0,0,0
5112,5112,20210930,1,5,45,0,0,0,0,0
5113,5113,20220513,1,2,45,208,0,208,0,1
5114,5114,20211117,1,11,45,0,0,0,0,0
5115,5115,20220327,1,5,45,445,0,812,0,1
5116,5116,20221214,1,2,45,0,0,0,0,0
5117,5117,20221117,1,1,45,434,0,493,0,1
5118,5118,20221208,3,1,45,0,0,0,0,0
5119,5119,20220914,1,1,45,520,0,520,0,1
5120,5120,20230117,1,11,45,169,0,169,0,1
5121,5121,20221202,1,14,45,0,0,0,0,0
5122,5122,20230121,3,11,45,0,0,0,0,0
5123,5123,20220618,1,2,45,386,0,80,0,1
5124,5124,20210818,1,1,45,0,0,0,0,0
5125,5125,20230921,1,5,45,448,0,262,0,1
5126,5126,20230925,1,1,45,130,0,130,0,1
5127,5127,20201014,3,1,45,404,0,233,0,1
5128,5128,20200804,1,1,45,0,0,0,0,0
5129,5129,20220324,1,19,45,20,0,32,0,1
5130,5130,20211014,1,1,45,165,0,176,0,1
5131,5131,20210325,1,1,45,214,0,216,0,1
5132,5132,20210818,3,11,45,241,0,301,0,1
5133,5133,20201106,1,1,45,0,0,0,0,0
5134,5134,20251101,4,11,30,393,0,393,0,1
5135,5135,20210416,1,2,45,63,0,63,0,1
5136,5136,20200217,1,11,45,0,0,0,0,0
5137,5137,20211115,1,2,45,160,0,150,0,1
5138,5138,20200128,1,5,45,0,0,0,0,0
5139,5139,20220902,1,1,45,112,56,69,56,1
5140,5140,20200910,4,11,45,282,0,234,0,1
5141,5141,20220927,2,2,45,175,0,175,0,1
5142,5142,20200803,1,1,45,0,0,0,0,0
5143,5143,20211104,1,1,45,0,0,0,0,0
5144,5144,20211008,1,2,45,0,0,0,0,0
5145,5145,20210923,1,2,45,158,0,187,0,1
5146,5146,20201021,3,1,45,0,0,0,0,0
5147,5147,20230126,1,2,45,0,0,0,0,0
5148,5148,20220118,2,11,45,0,0,0,0,0
5149,5149,20210102,1,1,45,0,0,0,0,0
5150,5150,20211231,1,1,45,204,0,38,0,1
5151,5151,20210810,3,1,45,0,0,0,0,0
5152,5152,20220528,1,5,45,0,0,0,0,0
5153,5153,20211210,4,1,45,251,0,273,0,1
5154,5154,20220513,1,2,45,0,0,0,0,0
5155,5155,20220715,1,1,45,0,0,0,0,0
5156,5156,20220703,1,1,45,0,0,0,0,0
5157,5157,20230928,1,2,45,526,0,330,0,1
5158,5158,20200929,1,1,45,281,0,123,0,1
5159,5159,20221013,3,1,45,284,0,491,0,1
5160,5160,20221212,1,5,45,164,0,137,0,1
5161,5161,20250425,1,1,45,1932,89,417,89,1
5162,5162,20200621,1,11,45,299,0,343,0,1
5163,5163,20200619,1,1,45,0,0,0,0,0
5164,5164,20200511,1,5,45,0,0,0,0,0
5165,5165,20200604,1,1,45,118,0,200,0,1
5166,5166,20220708,1,1,45,7,0,7,0,1
5167,5167,20220128,1,11,45,0,0,0,0,0
5168,5168,20200806,1,1,45,134,0,74,0,1
5169,5169,20210729,4,2,45,0,0,0,0,0
5170,5170,20210513,4,1,45,328,3,211,3,1
5171,5171,20200813,3,5,45,0,0,0,0,0
5172,5172,20210720,1,2,45,0,0,0,0,0
5173,5173,20210218,1,2,45,53613,0,107184,0,1
5174,5174,20210120,1,11,45,5877,1169,1230,859,1
5175,5175,20230926,1,11,45,445,0,279,0,1
5176,5176,20230925,1,2,45,1004,0,729,0,1
5177,5177,20230811,4,2,45,166,0,240,0,1
5178,5178,20230911,1,1,45,80,0,93,0,1
5179,5179,20230925,1,2,45,278,0,342,0,1
5180,5180,20210305,1,1,45,137,0,161,0,1
5181,5181,20211026,1,1,45,182,0,182,0,1
5182,5182,20210129,1,5,45,82,0,82,0,1
5183,5183,20251205,1,18,30,3201,644,420,644,1
5184,5184,20210908,1,2,45,0,0,0,0,0
5185,5185,20221213,1,5,45,0,0,0,0,0
5186,5186,20220711,1,14,45,0,0,0,0,0
5187,5187,20210920,3,5,45,0,0,0,0,0
5188,5188,20220315,1,1,45,0,0,0,0,0
5189,5189,20211209,1,1,45,0,0,0,0,0
5190,5190,20220224,1,2,45,0,0,0,0,0
5191,5191,20230130,1,1,45,1186,0,1155,0,1
5192,5192,20220311,1,2,45,0,0,0,0,0
5193,5193,20220411,1,2,45,260,670,318,670,1
5194,5194,20221013,1,2,45,611,0,1071,0,1
5195,5195,20230219,1,2,30,0,0,0,0,0
5196,5196,20221215,1,2,45,225,0,336,0,1
5197,5197,20221125,1,5,45,0,0,0,0,0
5198,5198,20200213,1,1,45,2252,0,1212,0,1
5199,5199,20220412,1,1,45,329,0,466,0,1
5200,5200,20200522,4,1,45,146,0,31,0,1
5201,5201,20200319,1,2,45,0,0,0,0,0
5202,5202,20210201,1,5,45,829,0,1618,0,1
5203,5203,20201020,4,1,45,52,0,52,0,1
5204,5204,20200728,1,1,45,205,0,191,0,1
5205,5205,20230920,4,2,45,682,1,211,1,1
5206,5206,20230922,1,2,45,405,0,473,0,1
5207,5207,20230913,1,1,45,123,0,140,0,1
5208,5208,20210114,1,1,45,0,0,0,0,0
5209,5209,20230202,1,1,45,260,0,349,0,1
5210,5210,20200128,4,1,45,355,0,355,0,1
5211,5211,20210218,1,2,45,0,0,0,0,0
5212,5212,20200520,1,1,45,251,0,251,0,1
5213,5213,20230914,1,2,45,153,0,220,0,1
5214,5214,20200729,4,11,45,946,724,723,754,1
5215,5215,20220204,1,1,45,21,0,21,0,1
5216,5216,20210726,1,1,45,148,0,77,0,1
5217,5217,20210408,1,1,45,12,0,12,0,1
5218,5218,20220517,1,1,45,0,0,0,0,0
5219,5219,20211007,1,2,45,0,0,0,0,0
5220,5220,20221219,1,1,45,0,0,0,0,0
5221,5221,20220520,1,1,45,0,0,0,0,0
5222,5222,20211208,1,2,45,0,0,0,0,0
5223,5223,20230202,4,2,45,138,0,138,0,1
5224,5224,20220527,2,11,45,0,0,0,0,0
5225,5225,20220716,1,5,45,54,0,66,0,1
5226,5226,20220408,3,5,45,553,94,371,110,1
5227,5227,20210730,4,2,45,29,0,55,0,1
5228,5228,20210818,3,2,45,490,0,490,0,1
5229,5229,20220728,4,2,45,0,0,0,0,0
5230,5230,20210820,4,1,45,14,0,14,0,1
5231,5231,20200109,1,11,45,0,0,0,0,0
5232,5232,20230731,2,1,45,180,0,174,0,1
5233,5233,20200309,1,2,45,3031,0,3838,0,1
5234,5234,20210225,4,19,45,12,0,12,0,1
5235,5235,20231004,1,1,45,751,1,418,1,1
5236,5236,20200403,1,1,45,683,0,724,0,1
5237,5237,20200531,1,1,45,0,0,0,0,0
5238,5238,20210408,1,1,45,21,0,24,0,1
5239,5239,20220825,1,16,45,753,0,1058,0,1
5240,5240,20201204,1,2,45,63,0,68,0,1
5241,5241,20210316,1,14,45,0,0,0,0,0
5242,5242,20200914,3,2,45,0,0,0,0,0
5243,5243,20210303,2,2,45,1,0,1,0,1
5244,5244,20220225,1,11,45,530,0,538,0,1
5245,5245,20201106,1,2,45,82,0,81,0,1
5246,5246,20220413,1,5,45,576,0,400,0,1
5247,5247,20231005,1,1,45,820,95,366,95,1
5248,5248,20231003,1,5,45,175,0,49,0,1
5249,5249,20251030,1,1,45,2138,0,809,0,1
5250,5250,20231013,1,2,45,835,0,247,0,1
5251,5251,20231013,1,1,45,1485,751,574,858,1
5252,5252,20231013,3,16,45,253,0,172,0,1
5253,5253,20231013,1,2,45,486,0,665,0,1
5254,5254,20231005,1,1,45,1116,0,1420,0,1
5255,5255,20231012,3,2,45,674,13,849,13,1
5256,5256,20231005,1,19,45,834,0,1665,0,1
5257,5257,20231004,4,11,45,852,0,1071,0,1
5258,5258,20231006,1,1,45,297,0,343,0,1
5259,5259,20210113,4,5,45,418,0,418,0,1
5260,5260,20211101,1,5,45,107,0,95,0,1
5261,5261,20210727,1,1,45,162,0,243,0,1
5262,5262,20210818,1,14,45,1007,0,573,0,1
5263,5263,20221021,1,1,45,260,0,260,0,1
5264,5264,20220304,1,2,45,234,0,234,0,1
5265,5265,20211012,3,11,45,51,0,61,0,1
5266,5266,20211115,1,5,45,0,0,0,0,0
5267,5267,20241030,1,1,45,1444,58,574,58,1
5268,5268,20211108,1,5,45,0,0,0,0,0
5269,5269,20220912,1,2,45,58,0,58,0,1
5270,5270,20221213,1,5,45,284,17,323,17,1
5271,5271,20230110,1,1,45,0,0,0,0,0
5272,5272,20200211,1,1,45,29,0,39,0,1
5273,5273,20200410,1,2,45,111,0,183,0,1
5274,5274,20220120,1,11,45,78,0,77,0,1
5275,5275,20200612,3,11,45,0,0,0,0,0
5276,5276,20210218,1,1,45,15,0,19,0,1
5277,5277,20210216,1,20,59,280,0,338,0,1
5278,5278,20200117,3,1,45,0,0,0,0,0
5279,5279,20220216,4,2,45,3032,16,2073,16,1
5280,5280,20200329,1,5,45,80,0,79,0,1
5281,5281,20211112,3,2,45,30,0,30,0,1
5282,5282,20200828,1,1,45,207,3,101,3,1
5283,5283,20211202,1,1,45,1207,35,337,58,1
5284,5284,20201112,3,16,45,474,0,474,0,1
5285,5285,20211216,1,2,45,0,0,0,0,0
5286,5286,20210203,1,11,45,281,267,206,267,1
5287,5287,20220909,1,1,45,131,0,131,0,1
5288,5288,20210825,4,1,45,175,0,202,0,1
5289,5289,20201030,3,2,45,82,0,82,0,1
5290,5290,20220125,3,1,45,0,0,0,0,0
5291,5291,20211021,1,1,45,0,0,0,0,0
5292,5292,20211214,1,2,45,0,0,0,0,0
5293,5293,20210729,1,2,45,598,0,620,0,1
5294,5294,20210827,1,5,45,0,0,0,0,0
5295,5295,20230124,1,1,45,0,0,0,0,0
5296,5296,20211124,1,1,45,99,0,103,0,1
5297,5297,20220211,4,19,45,108,0,108,0,1
5298,5298,20221026,1,1,30,372,0,432,0,1
5299,5299,20221006,1,14,45,0,0,0,0,0
5300,5300,20240407,1,2,45,1580,0,1011,0,1
5301,5301,20220630,3,2,45,0,0,0,0,0
5302,5302,20221223,1,11,45,0,0,0,0,0
5303,5303,20220329,1,1,45,0,0,0,0,0
5304,5304,20220826,1,1,45,0,0,0,0,0
5305,5305,20210331,2,5,45,75,0,75,0,1
5306,5306,20200215,1,5,45,0,0,0,0,0
5307,5307,20220507,1,1,45,373,0,548,0,1
5308,5308,20201025,1,5,45,42,0,42,0,1
5309,5309,20200409,3,1,45,0,0,0,0,0
5310,5310,20200221,4,2,45,211,0,166,0,1
5311,5311,20200410,1,2,45,0,0,0,0,0
5312,5312,20200827,3,2,45,48,0,48,0,1
5313,5313,20211202,3,1,45,375,0,375,0,1
5314,5314,20200722,1,1,45,104,201,107,201,1
5315,5315,20200827,1,11,45,68,0,68,0,1
5316,5316,20210812,1,1,45,0,0,0,0,0
5317,5317,20220512,1,1,30,160,0,228,0,1
5318,5318,20220812,1,2,45,0,0,0,0,0
5319,5319,20210225,1,11,45,0,0,0,0,0
5320,5320,20210812,1,2,45,0,0,0,0,0
5321,5321,20231109,1,5,45,4,0,4,0,1
5322,5322,20220121,1,5,45,0,0,0,0,0
5323,5323,20230810,1,11,45,618,0,748,0,1
5324,5324,20211109,1,5,45,120,0,112,0,1
5325,5325,20220428,1,19,45,309,0,309,0,1
5326,5326,20230202,1,1,45,0,0,0,0,0
5327,5327,20211119,3,5,45,0,0,0,0,0
5328,5328,20220325,1,2,45,1727,359,1688,359,1
5329,5329,20220121,1,2,45,0,0,0,0,0
5330,5330,20230919,1,1,45,1846,344,809,444,1
5331,5331,20230926,3,2,45,28,0,28,0,1
5332,5332,20230908,1,2,45,148,0,148,0,1
5333,5333,20230928,1,1,45,86,0,75,0,1
5334,5334,20240523,1,1,45,1596,2540,1727,2540,1
5335,5335,20220603,1,5,45,57,0,68,0,1
5336,5336,20220821,3,5,45,50,0,77,0,1
5337,5337,20221216,1,1,45,0,0,0,0,0
5338,5338,20221019,3,5,45,613,222,446,360,1
5339,5339,20230207,1,2,45,0,0,0,0,0
5340,5340,20220818,1,5,45,0,0,0,0,0
5341,5341,20221116,1,1,45,34,0,34,0,1
5342,5342,20230112,1,2,45,164,0,164,0,1
5343,5343,20230414,1,1,45,99,0,99,0,1
5344,5344,20230102,1,1,45,0,0,0,0,0
5345,5345,20200706,3,1,45,0,0,0,0,0
5346,5346,20211029,2,1,45,25,0,25,0,1
5347,5347,20210415,4,11,45,1461,0,852,0,1
5348,5348,20211012,1,1,45,0,0,0,0,0
5349,5349,20200924,1,1,45,13,0,19,0,1
5350,5350,20210415,4,11,45,0,0,0,0,0
5351,5351,20220803,1,11,45,0,0,0,0,0
5352,5352,20210520,1,2,45,0,0,0,0,0
5353,5353,20220110,1,11,45,0,0,0,0,0
5354,5354,20200409,3,11,30,245,0,245,0,1
5355,5355,20200601,4,5,45,378,0,422,0,1
5356,5356,20220721,1,5,45,0,0,0,0,0
5357,5357,20201106,4,2,45,61,0,61,0,1
5358,5358,20211012,1,1,45,0,0,0,0,0
5359,5359,20210803,1,5,45,36,0,25,0,1
5360,5360,20211210,1,1,45,0,0,0,0,0
5361,5361,20230818,1,1,45,359,0,248,0,1
5362,5362,20231003,1,1,45,1763,0,2558,0,1
5363,5363,20231005,1,2,45,1340,0,1682,0,1
5364,5364,20231012,1,2,45,262,0,348,0,1
5365,5365,20231011,3,1,45,1251,0,331,0,1
5366,5366,20231010,1,2,45,0,0,0,0,0
5367,5367,20231005,3,1,45,436,0,338,0,1
5368,5368,20210528,1,2,45,110,0,127,0,1
5369,5369,20220615,4,2,45,0,0,0,0,0
5370,5370,20210702,1,11,45,73,0,73,0,1
5371,5371,20231209,1,1,45,0,0,0,0,0
5372,5372,20211025,3,2,45,0,0,0,0,0
5373,5373,20230112,1,16,45,634,0,928,0,1
5374,5374,20230928,1,5,45,12,0,12,0,1
5375,5375,20221009,1,2,45,312,0,526,0,1
5376,5376,20220429,1,2,45,130,0,130,0,1
5377,5377,20220422,1,5,45,0,0,0,0,0
5378,5378,20220823,3,2,45,0,0,0,0,0
5379,5379,20221103,1,1,45,0,0,0,0,0
5380,5380,20231003,1,18,45,335,30,202,30,1
5381,5381,20231009,1,15,45,3859,65,1897,108,1
5382,5382,20230608,3,1,45,744,73,521,135,1
5383,5383,20220903,1,1,45,0,0,0,0,0
5384,5384,20231018,1,1,45,320,0,246,0,1
5385,5385,20231016,1,1,45,206,0,313,0,1
5386,5386,20231018,1,1,45,105,0,148,0,1
5387,5387,20231017,1,1,45,298,0,129,0,1
5388,5388,20231013,1,2,45,323,0,438,0,1
5389,5389,20231016,1,1,45,803,0,846,0,1
5390,5390,20231017,1,1,45,6902,851,3267,438,1
5391,5391,20231015,1,1,45,1114,383,743,384,1
5392,5392,20231017,4,2,45,370,3,309,3,1
5393,5393,20231018,1,1,45,0,0,0,0,0
5394,5394,20250602,4,1,45,476,0,479,0,1
5395,5395,20200519,3,1,45,1355,106,543,142,1
5396,5396,20231016,1,2,45,682,0,651,0,1
5397,5397,20211214,1,2,45,173,0,162,0,1
5398,5398,20201021,4,1,45,268,0,187,0,1
5399,5399,20201020,4,5,45,154,42,75,42,1
5400,5400,20210812,2,2,45,0,0,0,0,0
5401,5401,20201215,1,2,45,104,0,207,0,1
5402,5402,20211028,4,1,45,514,0,431,0,1
5403,5403,20200323,1,1,45,0,0,0,0,0
5404,5404,20220301,1,1,45,0,0,0,0,0
5405,5405,20200228,4,5,45,241,0,241,0,1
5406,5406,20210325,1,2,45,0,0,0,0,0
5407,5407,20210225,1,1,45,7,0,7,0,1
5408,5408,20210929,1,1,45,121,0,144,0,1
5409,5409,20220604,1,2,45,21,0,41,0,1
5410,5410,20231114,4,1,45,708,268,333,268,1
5411,5411,20220210,1,5,45,312,0,542,0,1
5412,5412,20210218,1,5,45,384,0,344,0,1
5413,5413,20210520,4,1,45,0,0,0,0,0
5414,5414,20211013,3,2,45,80,0,80,0,1
5415,5415,20211203,1,15,45,0,0,0,0,0
5416,5416,20210119,3,5,45,134,0,222,0,1
5417,5417,20210226,1,2,45,164,0,220,0,1
5418,5418,20220512,2,5,45,0,0,0,0,0
5419,5419,20220330,1,5,45,318,0,473,0,1
5420,5420,20221114,1,2,45,139,1,171,1,1
5421,5421,20210903,1,2,45,0,0,0,0,0
5422,5422,20210906,1,3,47,896,0,1645,0,1
5423,5423,20211226,1,2,45,0,0,0,0,0
5424,5424,20220530,1,5,45,463,0,657,0,1
5425,5425,20220510,1,19,45,543,0,741,0,1
5426,5426,20230215,1,2,45,459,0,542,0,1
5427,5427,20220506,1,2,45,0,0,0,0,0
5428,5428,20200618,1,20,59,260,0,260,0,1
5429,5429,20231019,3,11,45,576,0,236,0,1
5430,5430,20231019,1,11,45,717,0,395,0,1
5431,5431,20231019,1,1,45,526,0,680,0,1
5432,5432,20231019,1,1,45,231,0,322,0,1
5433,5433,20231020,1,1,30,200,0,229,0,1
5434,5434,20231020,1,16,45,403,0,470,0,1
5435,5435,20231019,1,5,45,469,0,327,0,1
5436,5436,20231023,4,2,45,362,52,286,54,1
5437,5437,20230105,3,1,45,0,0,0,0,0
5438,5438,20231019,1,1,45,368,100,159,181,1
5439,5439,20231019,1,1,45,385,15,314,15,1
5440,5440,20231020,1,2,45,141,0,145,0,1
5441,5441,20231018,4,5,45,317,1,248,1,1
5442,5442,20231020,3,11,45,105,0,165,0,1
5443,5443,20211207,1,2,45,1090,0,1577,0,1
5444,5444,20220929,1,1,45,0,0,0,0,0
5445,5445,20210217,1,2,45,1,0,1,0,1
5446,5446,20200227,1,1,45,0,0,0,0,0
5447,5447,20211005,1,2,45,3,0,3,0,1
5448,5448,20230113,2,1,45,0,0,0,0,0
5449,5449,20210910,4,2,45,188,0,233,0,1
5450,5450,20210930,4,2,45,227,0,235,0,1
5451,5451,20201127,2,1,45,0,0,0,0,0
5452,5452,20220930,1,2,45,209,0,209,0,1
5453,5453,20210420,4,2,45,151,0,151,0,1
5454,5454,20220315,1,2,45,21,0,21,0,1
5455,5455,20231001,1,1,45,185,0,263,0,1
5456,5456,20201209,3,5,45,461,187,129,187,1
5457,5457,20220304,1,1,45,0,0,0,0,0
5458,5458,20221117,3,11,45,0,0,0,0,0
5459,5459,20211102,1,2,45,621,0,621,0,1
5460,5460,20211104,1,14,45,0,0,0,0,0
5461,5461,20260429,1,5,45,150,0,150,0,1
5462,5462,20211005,1,1,45,0,0,0,0,0
5463,5463,20211129,3,1,45,339,0,357,0,1
5464,5464,20220311,1,2,45,378,0,378,0,1
5465,5465,20230126,1,1,45,13,0,17,0,1
5466,5466,20221212,1,1,45,79,0,72,0,1
5467,5467,20221012,1,19,45,301,0,411,0,1
5468,5468,20220602,1,1,45,346,0,346,0,1
5469,5469,20221031,1,2,45,0,0,0,0,0
5470,5470,20221209,1,2,45,281,64,210,111,1
5471,5471,20231023,1,1,45,1429,149,670,88,1
5472,5472,20231024,1,1,45,307,35,125,35,1
5473,5473,20230912,1,5,45,1351,482,1583,482,1
5474,5474,20231024,1,14,45,727,0,1080,0,1
5475,5475,20231024,1,2,45,422,2,415,2,1
5476,5476,20231024,1,2,45,34,0,34,0,1
5477,5477,20231024,3,5,45,227,0,227,0,1
5478,5478,20231024,1,16,45,4738,535,2028,356,1
5479,5479,20200422,4,5,45,3763,158,758,158,1
5480,5480,20210831,1,1,45,109,589,43,589,1
5481,5481,20200929,1,1,45,208,0,291,0,1
5482,5482,20200304,1,2,45,162,0,162,0,1
5483,5483,20220310,1,11,59,22,0,25,0,1
5484,5484,20210901,1,11,45,187,0,211,0,1
5485,5485,20201119,3,5,45,0,0,0,0,0
5486,5486,20210624,1,2,45,0,0,0,0,0
5487,5487,20200806,1,5,45,0,0,0,0,0
5488,5488,20200923,3,2,45,0,0,0,0,0
5489,5489,20220901,1,1,45,64,0,66,0,1
5490,5490,20220314,4,5,45,0,0,0,0,0
5491,5491,20211014,4,5,45,219,0,259,0,1
5492,5492,20220224,1,2,45,0,0,0,0,0
5493,5493,20210629,1,2,45,1,0,1,0,1
5494,5494,20210725,1,5,45,0,0,0,0,0
5495,5495,20210715,1,5,45,776,205,196,205,1
5496,5496,20220314,1,11,45,245,0,245,0,1
5497,5497,20221216,1,5,45,0,0,0,0,0
5498,5498,20221228,1,1,45,0,0,0,0,0
5499,5499,20201211,3,11,45,0,0,0,0,0
5500,5500,20210313,1,1,45,0,0,0,0,0
5501,5501,20221021,3,16,45,1773,0,2637,0,1
5502,5502,20200609,4,2,45,14,0,14,0,1
5503,5503,20211013,4,1,45,172,0,210,0,1
5504,5504,20210930,1,1,45,175,0,172,0,1
5505,5505,20200312,1,2,45,0,0,0,0,0
5506,5506,20200214,4,5,45,0,0,0,0,0
5507,5507,20200604,4,2,45,0,0,0,0,0
5508,5508,20200915,1,1,45,460,222,203,222,1
5509,5509,20210420,1,2,45,15,0,15,0,1
5510,5510,20250505,1,1,45,0,0,0,0,0
5511,5511,20221101,4,2,45,100,0,153,0,1
5512,5512,20230628,3,2,45,2965,0,4820,0,1
5513,5513,20210414,1,5,45,0,0,0,0,0
5514,5514,20231207,1,1,45,0,0,0,0,0
5515,5515,20210511,3,16,45,588,0,758,0,1
5516,5516,20210414,1,14,45,554,0,606,0,1
5517,5517,20210729,3,5,45,0,0,0,0,0
5518,5518,20210622,1,2,45,73,0,73,0,1
5519,5519,20211022,1,2,45,166,0,262,0,1
5520,5520,20210716,1,2,45,312,0,312,0,1
5521,5521,20220823,1,11,45,1361,0,1662,0,1
5522,5522,20220119,1,1,45,2918,0,2918,0,1
5523,5523,20220325,4,1,45,0,0,0,0,0
5524,5524,20221130,3,16,45,0,0,0,0,0
5525,5525,20220331,1,2,45,55,0,55,0,1
5526,5526,20220902,1,5,45,0,0,0,0,0
5527,5527,20221216,3,5,45,2,5,3,5,1
5528,5528,20220823,1,1,45,0,0,0,0,0
5529,5529,20220701,1,2,45,0,0,0,0,0
5530,5530,20221027,3,1,45,5,0,5,0,1
5531,5531,20211202,4,11,45,328,0,438,0,1
5532,5532,20200813,3,1,45,179,0,179,0,1
5533,5533,20201016,2,1,45,170,0,171,0,1
5534,5534,20210325,1,5,45,229,0,248,0,1
5535,5535,20210603,4,1,45,744,0,705,0,1
5536,5536,20201107,1,1,45,172,0,184,0,1
5537,5537,20201023,1,5,45,144,0,204,0,1
5538,5538,20220111,1,1,45,97,0,148,0,1
5539,5539,20220527,1,2,45,667,0,667,0,1
5540,5540,20241212,1,1,30,291,0,396,0,1
5541,5541,20230215,1,1,45,0,0,0,0,0
5542,5542,20200514,4,2,45,1335,0,1366,0,1
5543,5543,20210218,1,1,45,9,0,13,0,1
5544,5544,20210920,2,1,45,158,0,158,0,1
5545,5545,20220628,1,5,45,0,0,0,0,0
5546,5546,20210604,1,1,45,0,0,0,0,0
5547,5547,20220726,1,1,45,0,0,0,0,0
5548,5548,20201211,1,2,45,308,0,294,0,1
5549,5549,20210129,4,1,45,0,0,0,0,0
5550,5550,20210831,3,2,45,479,0,596,0,1
5551,5551,20210303,1,2,45,28,0,28,0,1
5552,5552,20210528,1,1,45,90,0,90,0,1
5553,5553,20220914,1,1,45,0,0,0,0,0
5554,5554,20220724,1,2,45,0,0,0,0,0
5555,5555,20220302,4,5,45,0,0,0,0,0
5556,5556,20210917,1,2,45,0,0,0,0,0
5557,5557,20230504,1,1,45,219,0,231,0,1
5558,5558,20220708,4,2,45,0,0,0,0,0
5559,5559,20211120,1,5,45,0,0,0,0,0
5560,5560,20220404,1,2,45,0,0,0,0,0
5561,5561,20220916,1,1,45,0,0,0,0,0
5562,5562,20221209,1,1,45,0,0,0,0,0
5563,5563,20220330,1,2,45,202,0,202,0,1
5564,5564,20221004,1,2,45,0,0,0,0,0
5565,5565,20221017,1,2,45,0,0,0,0,0
5566,5566,20221225,1,1,45,0,0,0,0,0
5567,5567,20201112,3,1,30,2032,0,757,0,1
5568,5568,20220922,1,5,45,0,0,0,0,0
5569,5569,20220826,3,1,45,530,9,550,9,1
5570,5570,20200115,1,2,45,178,0,133,0,1
5571,5571,20231010,1,14,45,69,0,76,0,1
5572,5572,20201210,1,11,45,166,0,177,0,1
5573,5573,20200630,1,5,45,23,0,43,0,1
5574,5574,20211203,1,11,45,225,0,243,0,1
5575,5575,20210729,1,1,45,406,0,406,0,1
5576,5576,20210128,1,1,45,189,227,267,227,1
5577,5577,20210319,2,1,45,140,0,175,0,1
5578,5578,20241008,3,5,45,268,1,264,1,1
5579,5579,20220327,4,1,45,0,0,0,0,0
5580,5580,20201111,1,5,45,6,0,6,0,1
5581,5581,20210419,2,16,45,62,0,78,0,1
5582,5582,20210503,4,5,45,70,0,70,0,1
5583,5583,20210404,4,14,45,43579,9995,2188,19977,1
5584,5584,20241219,1,1,45,51,0,51,0,1
5585,5585,20210902,3,5,45,0,0,0,0,0
5586,5586,20221027,1,1,45,15,0,15,0,1
5587,5587,20211203,3,11,45,0,0,0,0,0
5588,5588,20220327,1,5,45,156,0,267,0,1
5589,5589,20220505,1,1,45,0,0,0,0,0
5590,5590,20221201,1,11,45,117,0,117,0,1
5591,5591,20260305,4,2,45,181,0,181,0,1
5592,5592,20230131,1,1,30,0,0,0,0,0
5593,5593,20221119,1,14,45,0,0,0,0,0
5594,5594,20200507,4,1,45,73,0,73,0,1
5595,5595,20221114,1,2,45,0,0,0,0,0
5596,5596,20210427,3,1,45,0,0,0,0,0
5597,5597,20200501,1,5,45,106,0,137,0,1
5598,5598,20200205,1,2,45,563,0,922,0,1
5599,5599,20200922,1,1,45,44,0,40,0,1
5600,5600,20200902,1,1,45,36,0,36,0,1
5601,5601,20210708,1,1,45,40,0,40,0,1
5602,5602,20250619,4,1,45,17,0,23,0,1
5603,5603,20200605,4,1,45,0,0,0,0,0
5604,5604,20200924,1,1,45,373,0,421,0,1
5605,5605,20200812,1,11,45,44,0,57,0,1
5606,5606,20220224,1,2,45,194,0,194,0,1
5607,5607,20211117,1,1,45,0,0,0,0,0
5608,5608,20240826,1,11,45,0,0,0,0,0
5609,5609,20200429,1,2,45,2527,0,2527,0,1
5610,5610,20241017,1,1,45,0,0,0,0,0
5611,5611,20200831,1,18,45,0,0,0,0,0
5612,5612,20201014,1,2,45,109,0,119,0,1
5613,5613,20221006,1,1,45,0,0,0,0,0
5614,5614,20221122,1,1,45,0,0,0,0,0
5615,5615,20210618,1,11,54,2505,950,526,950,1
5616,5616,20210730,1,5,45,0,0,0,0,0
5617,5617,20211217,1,2,45,0,0,0,0,0
5618,5618,20211017,1,1,45,0,0,0,0,0
5619,5619,20220105,1,14,45,12141,0,12141,0,1
5620,5620,20230106,1,5,45,1595,0,1595,0,1
5621,5621,20220809,3,5,45,1059,107,416,107,1
5622,5622,20220414,1,1,45,0,0,0,0,0
5623,5623,20230203,1,2,45,0,0,0,0,0
5624,5624,20240115,1,1,45,761,0,761,0,1
5625,5625,20230624,1,5,45,0,0,0,0,0
5626,5626,20231124,4,11,45,62,0,79,0,1
5627,5627,20260326,1,16,45,1009,141,379,175,1
5628,5628,20200730,4,1,45,668,0,216,0,1
5629,5629,20201015,3,11,45,177,0,195,0,1
5630,5630,20220420,2,1,45,0,0,0,0,0
5631,5631,20200506,1,1,30,396,0,322,0,1
5632,5632,20201112,1,11,45,492,0,492,0,1
5633,5633,20210401,3,1,45,108,0,84,0,1
5634,5634,20220726,4,2,45,0,0,0,0,0
5635,5635,20201001,1,1,45,0,0,0,0,0
5636,5636,20210113,4,1,45,0,0,0,0,0
5637,5637,20200625,3,2,45,138,0,186,0,1
5638,5638,20200313,1,1,45,948,0,1594,0,1
5639,5639,20200227,3,2,45,0,0,0,0,0
5640,5640,20201016,1,1,45,0,0,0,0,0
5641,5641,20210519,1,1,45,0,0,0,0,0
5642,5642,20200723,1,1,45,65,0,65,0,1
5643,5643,20221121,1,2,45,258,0,265,0,1
5644,5644,20220505,1,11,45,303,0,527,0,1
5645,5645,20230810,1,1,45,0,0,0,0,0
5646,5646,20220516,1,16,45,736,0,874,0,1
5647,5647,20220112,1,14,45,2714,0,2715,0,1
5648,5648,20210929,1,1,45,14,0,14,0,1
5649,5649,20210726,2,16,45,4,0,4,0,1
5650,5650,20210916,3,2,45,803,0,803,0,1
5651,5651,20220801,3,14,45,7407,650,14806,650,1
5652,5652,20221028,3,5,45,0,0,0,0,0
5653,5653,20220825,1,1,30,0,0,0,0,0
5654,5654,20220518,1,1,45,0,0,0,0,0
5655,5655,20230117,1,16,45,125,0,125,0,1
5656,5656,20220930,1,1,45,0,0,0,0,0
5657,5657,20220711,4,16,45,133,0,260,0,1
5658,5658,20220911,1,1,45,35,0,35,0,1
5659,5659,20221021,1,2,45,184,0,184,0,1
5660,5660,20220718,1,1,45,0,0,0,0,0
5661,5661,20221114,1,11,45,60582,0,60591,0,1
5662,5662,20221214,1,1,45,0,0,0,0,0
5663,5663,20200716,4,2,45,0,0,0,0,0
5664,5664,20210806,1,2,45,258,0,258,0,1
5665,5665,20200813,1,1,45,335,27,259,27,1
5666,5666,20200206,1,1,45,304,0,307,0,1
5667,5667,20200618,1,1,45,265,0,138,0,1
5668,5668,20220420,1,2,45,0,0,0,0,0
5669,5669,20200507,1,1,45,0,0,0,0,0
5670,5670,20200709,1,1,45,691,0,694,0,1
5671,5671,20200611,1,1,45,1851,1510,1119,1510,1
5672,5672,20210817,1,1,45,404,0,381,0,1
5673,5673,20220511,1,1,45,252,0,47,0,1
5674,5674,20210121,1,1,45,146,0,198,0,1
5675,5675,20201002,1,5,45,11,0,11,0,1
5676,5676,20221124,1,1,45,0,0,0,0,0
5677,5677,20201119,1,5,45,0,0,0,0,0
5678,5678,20210319,1,1,45,136,0,132,0,1
5679,5679,20221116,1,11,45,0,0,0,0,0
5680,5680,20210915,1,19,45,0,0,0,0,0
5681,5681,20230908,1,11,45,0,0,0,0,0
5682,5682,20220513,1,5,45,0,0,0,0,0
5683,5683,20221216,1,1,45,0,0,0,0,0
5684,5684,20220331,1,2,45,489,0,525,0,1
5685,5685,20221207,1,2,45,53,0,53,0,1
5686,5686,20221101,3,5,45,0,0,0,0,0
5687,5687,20230119,1,2,45,58,0,58,0,1
5688,5688,20220603,1,1,45,341,0,368,0,1
5689,5689,20200305,1,1,30,1247,83,363,106,1
5690,5690,20210401,1,1,45,228,0,279,0,1
5691,5691,20210827,3,2,45,110,0,110,0,1
5692,5692,20210722,1,5,45,0,0,0,0,0
5693,5693,20210112,1,1,45,2054,0,1024,0,1
5694,5694,20200712,4,11,45,1484,0,1484,0,1
5695,5695,20200605,1,1,45,819,0,1023,0,1
5696,5696,20220818,1,1,45,254,0,293,0,1
5697,5697,20200717,1,2,45,95,0,165,0,1
5698,5698,20200702,1,1,45,391,0,392,0,1
5699,5699,20220824,1,1,45,1021,0,1249,0,1
5700,5700,20210715,1,2,45,7,0,7,0,1
5701,5701,20200827,1,2,45,1262,0,1262,0,1
5702,5702,20201211,1,1,45,30,0,30,0,1
5703,5703,20230210,1,2,45,5212,1624,2557,1624,1
5704,5704,20220220,1,16,45,0,0,0,0,0
5705,5705,20220310,1,11,45,498,0,498,0,1
5706,5706,20220623,1,1,45,299,34,107,34,1
5707,5707,20211107,1,2,45,67,0,90,0,1
5708,5708,20220307,1,2,45,0,0,0,0,0
5709,5709,20220413,4,5,45,531,0,650,0,1
5710,5710,20220703,1,5,45,233,0,339,0,1
5711,5711,20220417,1,2,45,0,0,0,0,0
5712,5712,20221222,1,2,45,289,1,289,1,1
5713,5713,20230203,1,5,45,0,0,0,0,0
5714,5714,20200417,4,11,45,278,0,185,0,1
5715,5715,20200827,1,1,45,190,0,294,0,1
5716,5716,20240201,1,19,45,496,5,170,5,1
5717,5717,20200813,1,1,45,319,0,24,0,1
5718,5718,20220120,4,16,45,136,0,136,0,1
5719,5719,20230117,4,11,45,315,0,628,0,1
5720,5720,20210502,3,2,45,0,0,0,0,0
5721,5721,20210826,1,1,45,239,55,137,55,1
5722,5722,20201119,1,19,45,0,0,0,0,0
5723,5723,20201228,1,1,45,0,0,0,0,0
5724,5724,20210330,1,2,45,101,0,106,0,1
5725,5725,20210216,4,2,45,0,0,0,0,0
5726,5726,20221103,1,1,45,361,0,504,0,1
5727,5727,20210928,1,1,45,63,0,63,0,1
5728,5728,20210501,4,16,45,0,0,0,0,0
5729,5729,20211220,1,11,45,299,0,299,0,1
5730,5730,20220323,2,5,45,0,0,0,0,0
5731,5731,20221205,1,2,45,0,0,0,0,0
5732,5732,20211202,1,11,45,0,0,0,0,0
5733,5733,20220908,3,11,45,0,0,0,0,0
5734,5734,20250731,4,2,45,0,0,0,0,0
5735,5735,20220915,1,1,45,0,0,0,0,0
5736,5736,20220915,1,1,45,0,0,0,0,0
5737,5737,20221027,1,11,45,197,0,197,0,1
5738,5738,20201208,1,2,45,259,0,344,0,1
5739,5739,20200124,1,19,45,298,0,534,0,1
5740,5740,20220912,4,11,45,0,0,0,0,0
5741,5741,20200521,1,5,45,22,0,22,0,1
5742,5742,20210312,1,2,45,157,0,192,0,1
5743,5743,20210429,1,2,45,156,0,159,0,1
5744,5744,20221215,1,1,45,227,0,437,0,1
5745,5745,20210224,3,2,45,1404,0,1404,0,1
5746,5746,20211203,1,1,45,719,0,967,0,1
5747,5747,20230308,1,1,45,292,0,292,0,1
5748,5748,20230112,1,1,45,14,0,14,0,1
5749,5749,20201229,4,5,45,0,0,0,0,0
5750,5750,20201228,1,2,45,0,0,0,0,0
5751,5751,20210317,1,11,45,1439,0,1439,0,1
5752,5752,20220126,1,1,45,0,0,0,0,0
5753,5753,20220407,1,5,45,286,0,286,0,1
5754,5754,20240201,1,2,45,0,0,0,0,0
5755,5755,20220611,1,5,45,118,0,153,0,1
5756,5756,20210416,1,1,45,207,0,207,0,1
5757,5757,20220505,1,2,45,13,0,13,0,1
5758,5758,20221013,1,1,45,0,0,0,0,0
5759,5759,20211004,1,2,45,0,0,0,0,0
5760,5760,20240212,1,1,45,218,0,218,0,1
5761,5761,20211121,1,1,30,31,0,31,0,1
5762,5762,20220228,1,2,45,0,0,0,0,0
5763,5763,20210929,1,2,45,0,0,0,0,0
5764,5764,20250724,1,2,45,587,17,252,28,1
5765,5765,20220914,1,11,45,0,0,0,0,0
5766,5766,20230214,1,2,45,4,0,4,0,1
5767,5767,20201008,4,1,45,132,0,132,0,1
5768,5768,20210507,3,2,45,102,0,111,0,1
5769,5769,20210626,1,11,45,1227,0,1227,0,1
5770,5770,20210620,1,1,45,661,0,928,0,1
5771,5771,20231102,3,20,5,4815,0,4815,0,1
5772,5772,20210315,3,1,45,0,0,0,0,0
5773,5773,20200623,1,1,45,360,14,176,14,1
5774,5774,20210323,1,2,45,266,0,266,0,1
5775,5775,20201105,3,2,45,282,0,210,0,1
5776,5776,20230203,2,1,45,291,0,291,0,1
5777,5777,20220321,1,1,45,1191,106,2194,106,1
5778,5778,20200419,1,1,45,0,0,0,0,0
5779,5779,20240616,1,1,45,59,0,62,0,1
5780,5780,20201126,1,5,30,1982,0,1982,0,1
5781,5781,20200612,1,14,45,0,0,0,0,0
5782,5782,20201029,4,2,45,0,0,0,0,0
5783,5783,20211215,1,1,45,0,0,0,0,0
5784,5784,20221014,4,5,45,307,0,323,0,1
5785,5785,20200930,3,2,45,4231,3,352,3,1
5786,5786,20220424,1,1,45,128,0,143,0,1
5787,5787,20201127,1,2,45,385,0,398,0,1
5788,5788,20230622,1,14,45,4143,0,4143,0,1
5789,5789,20210123,1,2,45,0,0,0,0,0
5790,5790,20210127,1,2,45,8,0,8,0,1
5791,5791,20210415,4,11,30,0,0,0,0,0
5792,5792,20210331,2,5,45,0,0,0,0,0
5793,5793,20210326,1,5,45,0,0,0,0,0
5794,5794,20210929,1,1,45,118,0,118,0,1
5795,5795,20210513,3,5,45,188,0,202,0,1
5796,5796,20210415,1,2,45,100,0,121,0,1
5797,5797,20260221,1,1,45,4,0,4,0,1
5798,5798,20210722,1,5,45,0,0,0,0,0
5799,5799,20230803,1,14,45,166,0,118,0,1
5800,5800,20220616,1,2,45,0,0,0,0,0
5801,5801,20210806,1,1,30,153,60,85,60,1
5802,5802,20220118,1,5,45,0,0,0,0,0
5803,5803,20220808,3,5,45,0,0,0,0,0
5804,5804,20210916,1,2,45,90,0,115,0,1
5805,5805,20220602,1,2,45,177,0,236,0,1
5806,5806,20220125,1,1,45,417,43,294,43,1
5807,5807,20221005,4,2,45,45,0,85,0,1
5808,5808,20220127,1,11,45,0,0,0,0,0
5809,5809,20220503,1,1,45,0,0,0,0,0
5810,5810,20220329,1,2,45,0,0,0,0,0
5811,5811,20220714,1,1,45,150,0,195,0,1
5812,5812,20220729,1,1,45,1655,0,1329,0,1
5813,5813,20220913,1,1,45,2140,0,3244,0,1
5814,5814,20200619,1,1,45,623,460,878,460,1
5815,5815,20200804,1,1,45,131,0,187,0,1
5816,5816,20200422,1,1,45,196,0,279,0,1
5817,5817,20210402,1,11,45,676,0,354,0,1
5818,5818,20211208,1,2,45,103,0,116,0,1
5819,5819,20200514,3,2,45,131,125,131,125,1
5820,5820,20201204,3,5,45,443,0,343,0,1
5821,5821,20200819,1,5,45,11,0,22,0,1
5822,5822,20200202,1,11,45,431,0,501,0,1
5823,5823,20200825,3,9,30,166,16,70,16,1
5824,5824,20210210,1,1,45,107,0,107,0,1
5825,5825,20210129,1,1,45,264,0,264,0,1
5826,5826,20210126,1,5,45,1351,0,459,0,1
5827,5827,20201218,1,1,45,328,0,358,0,1
5828,5828,20200427,1,2,45,39,0,39,0,1
5829,5829,20201018,1,2,45,0,0,0,0,0
5830,5830,20200616,1,11,45,355,0,377,0,1
5831,5831,20210211,1,2,45,306,112,302,112,1
5832,5832,20200827,1,11,45,15,0,24,0,1
5833,5833,20211216,1,2,45,289,0,289,0,1
5834,5834,20210709,4,1,45,0,0,0,0,0
5835,5835,20201216,1,1,45,113,0,113,0,1
5836,5836,20211214,1,11,45,72,0,72,0,1
5837,5837,20220204,1,2,45,0,0,0,0,0
5838,5838,20211210,1,11,45,1100,0,1100,0,1
5839,5839,20250221,1,1,30,1720,0,863,0,1
5840,5840,20210614,1,2,45,0,0,0,0,0
5841,5841,20211022,1,5,45,0,0,0,0,0
5842,5842,20220915,4,11,45,0,0,0,0,0
5843,5843,20230719,1,1,45,0,0,0,0,0
5844,5844,20230126,1,1,45,46,0,46,0,1
5845,5845,20221210,1,1,30,721,59,228,59,1
5846,5846,20200224,1,1,45,0,0,0,0,0
5847,5847,20230520,1,1,45,0,0,0,0,0
5848,5848,20211213,1,1,45,67,0,67,0,1
5849,5849,20211222,3,2,45,550,0,550,0,1
5850,5850,20201016,1,2,45,776,0,349,0,1
5851,5851,20220209,3,1,45,198,0,198,0,1
5852,5852,20211117,1,1,45,38,0,38,0,1
5853,5853,20200827,1,2,45,245,0,92,0,1
5854,5854,20210317,1,1,45,16,0,16,0,1
5855,5855,20200226,4,1,45,0,0,0,0,0
5856,5856,20200714,1,1,45,916,7,112,7,1
5857,5857,20200601,4,16,45,123,0,171,0,1
5858,5858,20201203,4,2,45,0,0,0,0,0
5859,5859,20250414,2,1,45,99,0,148,0,1
5860,5860,20210519,3,11,45,0,0,0,0,0
5861,5861,20210730,1,2,45,180,0,284,0,1
5862,5862,20211103,1,1,45,0,0,0,0,0
5863,5863,20211027,1,1,45,0,0,0,0,0
5864,5864,20210714,1,2,45,107,0,117,0,1
5865,5865,20221031,1,5,45,0,0,0,0,0
5866,5866,20220623,1,2,45,20,0,39,0,1
5867,5867,20220421,1,1,45,0,0,0,0,0
5868,5868,20221006,1,1,45,0,0,0,0,0
5869,5869,20220107,1,2,45,22,0,33,0,1
5870,5870,20220325,1,1,45,11,0,15,0,1
5871,5871,20221117,1,11,45,119,0,119,0,1
5872,5872,20220525,1,5,45,0,0,0,0,0
5873,5873,20221124,1,11,45,136,0,138,0,1
5874,5874,20230106,1,1,45,0,0,0,0,0
5875,5875,20230315,1,16,45,0,0,0,0,0
5876,5876,20200416,4,11,45,440,0,309,0,1
5877,5877,20241121,1,1,45,469,0,650,0,1
5878,5878,20200114,1,14,45,3428,0,4034,0,1
5879,5879,20200528,3,16,45,24,0,24,0,1
5880,5880,20220913,1,1,45,0,0,0,0,0
5881,5881,20210809,3,2,45,21,0,21,0,1
5882,5882,20210721,1,2,45,0,0,0,0,0
5883,5883,20240417,1,1,45,0,0,0,0,0
5884,5884,20220316,3,1,45,452,0,347,0,1
5885,5885,20201023,3,2,45,477,0,713,0,1
5886,5886,20220114,1,11,45,85,0,85,0,1
5887,5887,20230330,1,11,45,1420,0,1145,0,1
5888,5888,20210825,1,14,45,2771,0,3484,0,1
5889,5889,20211001,1,5,45,296,0,315,0,1
5890,5890,20220204,1,2,45,442,0,442,0,1
5891,5891,20211217,2,1,45,934,45,1403,45,1
5892,5892,20220717,1,1,45,0,0,0,0,0
5893,5893,20211013,4,5,30,294,18,201,34,1
5894,5894,20220713,1,2,45,293,0,293,0,1
5895,5895,20220601,4,2,45,427,0,427,0,1
5896,5896,20220731,1,2,45,359,0,359,0,1
5897,5897,20220205,1,1,45,0,0,0,0,0
5898,5898,20220809,1,1,45,0,0,0,0,0
5899,5899,20221102,1,1,45,0,0,0,0,0
5900,5900,20230120,1,1,45,0,0,0,0,0
5901,5901,20221118,1,16,45,54,3,89,3,1
5902,5902,20210325,1,11,45,354,0,354,0,1
5903,5903,20200820,1,1,45,653,0,653,0,1
5904,5904,20200130,4,1,45,0,0,0,0,0
5905,5905,20210706,1,5,45,0,0,0,0,0
5906,5906,20210924,1,1,30,0,0,0,0,0
5907,5907,20200214,1,16,45,42,0,35,0,1
5908,5908,20210126,4,2,45,373,0,82,0,1
5909,5909,20210408,4,2,45,0,0,0,0,0
5910,5910,20220526,1,2,45,116,0,141,0,1
5911,5911,20211111,1,1,45,351,1,142,1,1
5912,5912,20200413,3,16,45,181,0,56,0,1
5913,5913,20210722,1,1,45,0,0,0,0,0
5914,5914,20200327,1,1,45,294,0,577,0,1
5915,5915,20200323,4,11,45,155,57,127,103,1
5916,5916,20200615,1,1,45,0,0,0,0,0
5917,5917,20201123,1,1,45,283,0,354,0,1
5918,5918,20201216,1,1,45,92,0,92,0,1
5919,5919,20220503,1,1,45,0,0,0,0,0
5920,5920,20230313,1,11,45,1223,0,1931,0,1
5921,5921,20260414,4,11,45,219,0,242,0,1
5922,5922,20210107,1,2,45,72,0,82,0,1
5923,5923,20210203,1,5,45,0,0,0,0,0
5924,5924,20211130,1,1,45,0,0,0,0,0
5925,5925,20210926,1,5,45,102,0,115,0,1
5926,5926,20211112,1,1,45,0,0,0,0,0
5927,5927,20220416,2,1,45,68,0,68,0,1
5928,5928,20210901,1,5,45,0,0,0,0,0
5929,5929,20200213,4,2,45,183,0,230,0,1
5930,5930,20211214,1,1,45,1056,0,603,0,1
5931,5931,20230105,1,5,45,683,0,683,0,1
5932,5932,20220728,1,5,45,0,0,0,0,0
5933,5933,20220727,1,5,45,0,0,0,0,0
5934,5934,20220804,1,2,45,14,0,14,0,1
5935,5935,20240229,4,5,45,1285,305,1010,305,1
5936,5936,20200514,4,1,45,340,0,117,0,1
5937,5937,20230131,1,5,45,0,0,0,0,0
5938,5938,20230131,1,2,45,155,0,219,0,1
5939,5939,20210527,3,2,45,0,0,0,0,0
5940,5940,20210826,1,1,45,90,0,93,0,1
5941,5941,20221115,1,1,45,22,0,23,0,1
5942,5942,20200426,3,2,45,781,0,781,0,1
5943,5943,20200112,3,2,45,1,0,1,0,1
5944,5944,20200915,1,5,45,0,0,0,0,0
5945,5945,20210608,1,1,45,221,0,221,0,1
5946,5946,20210715,1,1,45,328,5,312,5,1
5947,5947,20210923,1,16,45,812,0,1199,0,1
5948,5948,20210525,4,2,45,225,0,260,0,1
5949,5949,20201010,1,1,45,41,0,41,0,1
5950,5950,20200805,1,11,45,275,0,422,0,1
5951,5951,20201027,1,1,45,0,0,0,0,0
5952,5952,20210609,1,1,45,436,0,413,0,1
5953,5953,20210915,1,1,45,753,0,724,0,1
5954,5954,20220707,1,1,45,0,0,0,0,0
5955,5955,20221020,1,1,45,0,0,0,0,0
5956,5956,20230213,1,1,45,14,0,23,0,1
5957,5957,20220907,1,1,45,581,0,340,0,1
5958,5958,20221118,1,2,45,73,0,73,0,1
5959,5959,20211011,1,5,45,0,0,0,0,0
5960,5960,20211202,1,5,45,0,0,0,0,0
5961,5961,20220710,4,1,45,0,0,0,0,0
5962,5962,20230428,1,1,45,0,0,0,0,0
5963,5963,20220512,1,1,45,0,0,0,0,0
5964,5964,20220428,1,1,45,565,0,565,0,1
5965,5965,20220325,1,1,45,0,0,0,0,0
5966,5966,20220408,1,5,45,0,0,0,0,0
5967,5967,20220505,1,1,45,0,0,0,0,0
5968,5968,20220913,1,1,45,171,0,236,0,1
5969,5969,20220826,1,1,45,0,0,0,0,0
5970,5970,20221111,1,14,45,80,0,77,0,1
5971,5971,20220727,2,5,45,71,0,71,0,1
5972,5972,20221216,1,2,45,0,0,0,0,0
5973,5973,20200924,1,1,45,2082,0,1372,0,1
5974,5974,20220621,1,11,45,488,45,282,45,1
5975,5975,20200225,4,19,45,528,0,815,0,1
5976,5976,20200312,3,2,45,0,0,0,0,0
5977,5977,20220126,4,5,45,98,0,105,0,1
5978,5978,20200619,4,5,45,704,0,704,0,1
5979,5979,20210909,3,2,45,232,0,290,0,1
5980,5980,20220714,1,1,45,22,0,22,0,1
5981,5981,20200228,1,2,45,301,57,283,57,1
5982,5982,20200806,1,11,45,354,0,415,0,1
5983,5983,20200710,3,2,45,260,0,260,0,1
5984,5984,20201001,1,1,45,107,0,81,0,1
5985,5985,20200619,1,2,45,0,0,0,0,0
5986,5986,20200901,1,11,45,510,0,510,0,1
5987,5987,20200930,1,5,45,180,0,35,0,1
5988,5988,20210210,1,5,45,61,0,61,0,1
5989,5989,20230718,1,1,45,410,0,410,0,1
5990,5990,20210325,1,2,45,0,0,0,0,0
5991,5991,20211201,1,2,45,322,0,399,0,1
5992,5992,20210504,1,11,45,12,0,12,0,1
5993,5993,20230407,1,1,45,316,0,386,0,1
5994,5994,20210730,3,11,45,48,0,48,0,1
5995,5995,20220502,1,1,45,0,0,0,0,0
5996,5996,20221208,1,1,45,117,0,195,0,1
5997,5997,20220120,1,5,45,0,0,0,0,0
5998,5998,20220331,3,2,45,1139,0,1139,0,1
5999,5999,20200318,1,1,45,16,0,16,0,1
6000,6000,20201118,1,1,45,54,0,57,0,1
6001,6001,20200827,3,5,45,509,0,309,0,1
6002,6002,20221118,1,1,45,0,0,0,0,0
6003,6003,20220622,1,2,45,0,0,0,0,0
6004,6004,20230110,1,2,45,224,0,230,0,1
6005,6005,20210820,1,1,45,59,0,106,0,1
6006,6006,20200921,3,5,45,396,0,516,0,1
6007,6007,20211011,4,1,45,1101,0,467,0,1
6008,6008,20210830,1,1,45,245,13,187,13,1
6009,6009,20200611,1,1,45,1071,0,179,0,1
6010,6010,20210412,4,5,45,295,23,363,23,1
6011,6011,20230824,4,11,45,608,0,842,0,1
6012,6012,20200814,1,1,45,38,0,38,0,1
6013,6013,20220429,1,2,45,0,0,0,0,0
6014,6014,20200921,1,5,45,0,0,0,0,0
6015,6015,20200409,1,1,45,0,0,0,0,0
6016,6016,20200925,1,1,45,38,0,40,0,1
6017,6017,20211006,1,1,45,150,0,181,0,1
6018,6018,20201124,4,2,45,0,0,0,0,0
6019,6019,20210303,1,2,45,107,0,107,0,1
6020,6020,20210129,1,1,45,329,0,480,0,1
6021,6021,20210224,1,1,45,0,0,0,0,0
6022,6022,20211111,4,11,45,24,0,47,0,1
6023,6023,20220923,1,2,45,0,0,0,0,0
6024,6024,20250127,1,2,45,82,0,113,0,1
6025,6025,20220221,1,1,45,0,0,0,0,0
6026,6026,20211028,4,1,45,0,0,0,0,0
6027,6027,20220127,1,1,45,142,0,122,0,1
6028,6028,20220427,3,2,45,331,0,342,0,1
6029,6029,20210818,1,11,45,189,0,239,0,1
6030,6030,20220301,4,5,45,0,0,0,0,0
6031,6031,20220114,4,1,45,0,0,0,0,0
6032,6032,20220714,3,11,45,659,0,547,0,1
6033,6033,20221115,1,19,45,591,0,591,0,1
6034,6034,20221216,1,11,45,0,0,0,0,0
6035,6035,20220408,1,1,45,254,0,254,0,1
6036,6036,20200116,1,2,45,879,0,1052,0,1
6037,6037,20211003,1,16,45,25,0,25,0,1
6038,6038,20200727,1,11,45,439,0,183,0,1
6039,6039,20201027,1,1,45,146,0,90,0,1
6040,6040,20200731,4,5,45,495,0,495,0,1
6041,6041,20210716,1,1,45,0,0,0,0,0
6042,6042,20230123,1,11,45,0,0,0,0,0
6043,6043,20210416,3,11,45,1176,0,1176,0,1
6044,6044,20211123,1,1,45,612,0,248,0,1
6045,6045,20200315,4,2,45,4,0,4,0,1
6046,6046,20200519,1,11,45,2210,0,639,0,1
6047,6047,20200904,3,1,45,0,0,0,0,0
6048,6048,20220422,1,5,45,88,0,116,0,1
6049,6049,20231005,1,1,45,165,0,120,0,1
6050,6050,20200723,2,2,45,0,0,0,0,0
6051,6051,20221122,1,11,45,0,0,0,0,0
6052,6052,20210721,4,2,45,423,0,398,0,1
6053,6053,20210223,1,1,45,0,0,0,0,0
6054,6054,20210412,1,5,45,0,0,0,0,0
6055,6055,20221014,1,1,45,0,0,0,0,0
6056,6056,20210924,1,5,45,143,0,186,0,1
6057,6057,20221215,1,1,45,150,0,150,0,1
6058,6058,20221202,1,5,45,0,0,0,0,0
6059,6059,20210728,1,1,45,0,0,0,0,0
6060,6060,20220729,1,1,45,11,0,11,0,1
6061,6061,20211110,1,5,45,0,0,0,0,0
6062,6062,20220621,1,1,45,0,0,0,0,0
6063,6063,20220623,1,5,45,0,0,0,0,0
6064,6064,20220728,3,1,45,0,0,0,0,0
6065,6065,20230115,1,1,45,0,0,0,0,0
6066,6066,20221202,4,5,45,0,0,0,0,0
6067,6067,20201022,1,1,45,33,0,50,0,1
6068,6068,20201029,4,1,45,161,0,203,0,1
6069,6069,20220328,1,14,45,195,0,380,0,1
6070,6070,20200819,4,11,45,151,0,151,0,1
6071,6071,20201216,1,15,45,235,0,345,0,1
6072,6072,20200422,1,2,45,0,0,0,0,0
6073,6073,20210105,1,1,45,116,0,31,0,1
6074,6074,20200714,1,5,45,0,0,0,0,0
6075,6075,20201006,4,5,45,345,0,425,0,1
6076,6076,20240513,1,2,45,120,0,120,0,1
6077,6077,20210117,1,1,45,0,0,0,0,0
6078,6078,20210128,3,14,45,2,0,2,0,1
6079,6079,20210903,2,1,45,0,0,0,0,0
6080,6080,20221215,4,5,45,86,0,110,0,1
6081,6081,20210505,1,1,45,0,0,0,0,0
6082,6082,20210610,4,11,45,118,0,118,0,1
6083,6083,20211214,1,1,45,27,0,36,0,1
6084,6084,20211130,1,15,45,398,0,505,0,1
6085,6085,20210827,1,2,45,317,0,361,0,1
6086,6086,20211004,1,1,45,0,0,0,0,0
6087,6087,20220902,1,1,45,141,191,125,191,1
6088,6088,20211022,1,2,45,0,0,0,0,0
6089,6089,20240305,1,5,30,0,0,0,0,0
6090,6090,20211212,1,1,45,0,0,0,0,0
6091,6091,20230406,1,5,45,8052,0,4791,0,1
6092,6092,20220901,1,2,45,0,0,0,0,0
6093,6093,20221215,1,1,45,38,0,38,0,1
6094,6094,20201016,1,1,45,193,0,378,0,1
6095,6095,20200228,1,2,45,128,0,128,0,1
6096,6096,20220224,1,2,45,239,0,295,0,1
6097,6097,20200115,1,14,45,334,0,335,0,1
6098,6098,20221220,3,1,45,0,0,0,0,0
6099,6099,20200420,4,5,45,0,0,0,0,0
6100,6100,20211117,1,5,45,208,0,85,0,1
6101,6101,20220919,1,1,45,157,20,122,20,1
6102,6102,20220307,1,1,45,142,0,142,0,1
6103,6103,20200423,1,1,45,10,0,10,0,1
6104,6104,20201014,1,2,45,0,0,0,0,0
6105,6105,20200506,1,5,45,0,0,0,0,0
6106,6106,20201129,1,2,45,860,0,1130,0,1
6107,6107,20210720,1,1,45,306,0,315,0,1
6108,6108,20200430,4,2,45,239,0,298,0,1
6109,6109,20210512,4,11,45,135,0,135,0,1
6110,6110,20221028,1,1,45,0,0,0,0,0
6111,6111,20210219,1,11,45,913,0,937,0,1
6112,6112,20200708,1,1,45,749,0,131,0,1
6113,6113,20211117,1,3,22,490,0,51,0,1
6114,6114,20201013,1,1,45,4,0,4,0,1
6115,6115,20210406,1,2,45,602,158,596,158,1
6116,6116,20251126,1,2,45,254,0,254,0,1
6117,6117,20210407,1,2,45,8,0,8,0,1
6118,6118,20210723,1,2,45,351,0,351,0,1
6119,6119,20230116,1,1,45,225,0,254,0,1
6120,6120,20240514,1,1,45,323,0,126,0,1
6121,6121,20210519,1,5,45,0,0,0,0,0
6122,6122,20220118,1,2,45,39,0,39,0,1
6123,6123,20221007,4,5,30,21,0,21,0,1
6124,6124,20230419,1,1,45,546,0,586,0,1
6125,6125,20211217,1,2,45,82,0,119,0,1
6126,6126,20211009,1,1,45,76,0,76,0,1
6127,6127,20220915,4,5,45,0,0,0,0,0
6128,6128,20220929,1,1,45,0,0,0,0,0
6129,6129,20220818,4,11,45,0,0,0,0,0
6130,6130,20220425,1,5,45,147,0,196,0,1
6131,6131,20220525,1,5,45,0,0,0,0,0
6132,6132,20220906,4,5,45,65,1,71,1,1
6133,6133,20200429,2,1,45,476,0,490,0,1
6134,6134,20240825,1,11,45,0,0,0,0,0
6135,6135,20220328,1,11,45,129,0,129,0,1
6136,6136,20220727,3,1,45,482,0,392,0,1
6137,6137,20211013,1,11,45,175,0,175,0,1
6138,6138,20200730,1,1,45,57,0,74,0,1
6139,6139,20200331,4,2,45,158,0,266,0,1
6140,6140,20200722,3,2,45,268,0,221,0,1
6141,6141,20230111,1,2,45,249,693,191,693,1
6142,6142,20211111,1,2,45,665,0,605,0,1
6143,6143,20240808,3,2,45,988,55,617,55,1
6144,6144,20200820,1,1,45,326,0,147,0,1
6145,6145,20200228,1,1,45,0,0,0,0,0
6146,6146,20200508,4,5,45,0,0,0,0,0
6147,6147,20200807,1,2,45,0,0,0,0,0
6148,6148,20200730,1,1,45,0,0,0,0,0
6149,6149,20200918,3,2,45,0,0,0,0,0
6150,6150,20241023,1,11,45,2211,0,3076,0,1
6151,6151,20201002,1,1,45,0,0,0,0,0
6152,6152,20251122,3,5,30,356,85,187,93,1
6153,6153,20201215,3,5,45,0,0,0,0,0
6154,6154,20221101,1,11,45,0,0,0,0,0
6155,6155,20210607,2,16,45,0,0,0,0,0
6156,6156,20210818,1,2,45,294,0,429,0,1
6157,6157,20230131,1,1,45,139,0,139,0,1
6158,6158,20220211,1,1,45,0,0,0,0,0
6159,6159,20220330,1,1,45,0,0,0,0,0
6160,6160,20211116,3,1,45,0,0,0,0,0
6161,6161,20220213,1,2,45,0,0,0,0,0
6162,6162,20221103,1,1,45,0,0,0,0,0
6163,6163,20220519,1,1,45,75,0,111,0,1
6164,6164,20221216,1,11,45,0,0,0,0,0
6165,6165,20220923,1,2,45,0,0,0,0,0
6166,6166,20230105,1,1,45,153,0,102,0,1
6167,6167,20230113,4,1,45,0,0,0,0,0
6168,6168,20210602,1,2,45,85,0,41,0,1
6169,6169,20200220,1,2,45,0,0,0,0,0
6170,6170,20200721,2,1,45,152,0,134,0,1
6171,6171,20211129,1,2,45,653,0,754,0,1
6172,6172,20201021,4,1,45,148,0,185,0,1
6173,6173,20240222,4,5,45,982,27,207,27,1
6174,6174,20210127,1,1,45,337,0,122,0,1
6175,6175,20210830,4,1,45,0,0,0,0,0
6176,6176,20210622,1,1,45,67,0,100,0,1
6177,6177,20200319,1,11,45,133,0,133,0,1
6178,6178,20221121,1,1,45,56,0,56,0,1
6179,6179,20200416,1,2,45,542,0,542,0,1
6180,6180,20210727,1,1,45,147,0,118,0,1
6181,6181,20220721,3,11,45,0,0,0,0,0
6182,6182,20200906,1,1,45,16,0,19,0,1
6183,6183,20200722,1,2,45,0,0,0,0,0
6184,6184,20210531,1,1,45,506,0,219,0,1
6185,6185,20231223,1,1,45,64,0,66,0,1
6186,6186,20210329,1,1,45,141,0,145,0,1
6187,6187,20220929,1,1,45,0,0,0,0,0
6188,6188,20210121,4,1,45,0,0,0,0,0
6189,6189,20220203,1,1,45,21,0,21,0,1
6190,6190,20210908,1,1,45,1,0,1,0,1
6191,6191,20210430,1,2,45,220,0,220,0,1
6192,6192,20211117,1,1,45,178,0,258,0,1
6193,6193,20210824,4,5,45,0,0,0,0,0
6194,6194,20210902,1,5,45,0,0,0,0,0
6195,6195,20230825,1,14,45,0,0,0,0,0
6196,6196,20220331,1,2,45,29,0,29,0,1
6197,6197,20230117,1,1,45,0,0,0,0,0
6198,6198,20220519,1,5,45,104,0,97,0,1
6199,6199,20220928,1,1,45,176,0,176,0,1
6200,6200,20220828,1,1,45,0,0,0,0,0
6201,6201,20221220,1,11,45,418,0,213,0,1
6202,6202,20210722,1,5,45,0,0,0,0,0
6203,6203,20240722,2,15,45,19,0,19,0,1
6204,6204,20220721,1,1,45,313,0,304,0,1
6205,6205,20250728,1,1,45,0,0,0,0,0
6206,6206,20200528,1,1,45,55,0,66,0,1
6207,6207,20200428,1,1,45,204,0,229,0,1
6208,6208,20200115,3,2,45,71,0,71,0,1
6209,6209,20200421,2,2,45,269,0,287,0,1
6210,6210,20220728,1,11,45,26,0,26,0,1
6211,6211,20200604,1,1,45,11210,199,225,326,1
6212,6212,20200806,3,5,45,0,0,0,0,0
6213,6213,20200515,1,2,45,0,0,0,0,0
6214,6214,20210210,1,2,45,188,0,206,0,1
6215,6215,20220909,1,1,45,76,0,40,0,1
6216,6216,20210421,1,1,45,0,0,0,0,0
6217,6217,20210618,1,2,45,0,0,0,0,0
6218,6218,20210603,4,5,45,69,0,88,0,1
6219,6219,20220127,1,1,45,13,0,13,0,1
6220,6220,20211216,1,1,45,0,0,0,0,0
6221,6221,20220302,1,2,45,0,0,0,0,0
6222,6222,20220819,1,11,45,31,0,42,0,1
6223,6223,20220819,1,2,45,0,0,0,0,0
6224,6224,20220711,1,2,45,0,0,0,0,0
6225,6225,20240429,4,5,45,0,0,0,0,0
6226,6226,20220628,1,1,45,0,0,0,0,0
6227,6227,20210916,4,11,45,523,0,905,0,1
6228,6228,20220316,2,11,45,158,0,158,0,1
6229,6229,20220914,1,1,45,12185,104,513,104,1
6230,6230,20200117,1,2,45,109,0,115,0,1
6231,6231,20200331,2,11,45,0,0,0,0,0
6232,6232,20210727,1,2,45,0,0,0,0,0
6233,6233,20200428,1,1,45,260,0,146,0,1
6234,6234,20230608,1,1,45,2152,0,4139,0,1
6235,6235,20200110,1,2,45,0,0,0,0,0
6236,6236,20210730,1,11,45,0,0,0,0,0
6237,6237,20211217,1,2,45,253,0,80,0,1
6238,6238,20200917,1,1,45,0,0,0,0,0
6239,6239,20200723,1,5,45,0,0,0,0,0
6240,6240,20210827,1,11,45,64,0,64,0,1
6241,6241,20200620,1,2,45,77,0,138,0,1
6242,6242,20200803,4,5,45,0,0,0,0,0
6243,6243,20200810,3,5,45,0,0,0,0,0
6244,6244,20210205,1,1,45,0,0,0,0,0
6245,6245,20220912,1,1,45,62,0,62,0,1
6246,6246,20210127,3,5,45,22,0,22,0,1
6247,6247,20210611,1,5,45,25,0,47,0,1
6248,6248,20210924,3,5,45,811,0,811,0,1
6249,6249,20230202,1,1,45,0,0,0,0,0
6250,6250,20221220,1,5,45,0,0,0,0,0
6251,6251,20220811,1,1,45,0,0,0,0,0
6252,6252,20220329,1,14,45,35,0,35,0,1
6253,6253,20230214,1,5,45,0,0,0,0,0
6254,6254,20230215,2,1,45,0,0,0,0,0
6255,6255,20220110,1,1,45,522,0,945,0,1
6256,6256,20210728,4,2,45,230,0,264,0,1
6257,6257,20210921,1,11,45,73,0,81,0,1
6258,6258,20211018,1,2,45,403,0,403,0,1
6259,6259,20200811,1,2,45,279,0,279,0,1
6260,6260,20200414,2,20,59,37732,2708,5378,1965,1
6261,6261,20210131,3,19,45,7,0,7,0,1
6262,6262,20220904,1,1,30,0,0,0,0,0
6263,6263,20220914,1,5,45,247,0,143,0,1
6264,6264,20201022,3,1,45,220,0,108,0,1
6265,6265,20220714,1,5,45,1146,0,2245,0,1
6266,6266,20210907,3,5,45,0,0,0,0,0
6267,6267,20220324,1,1,45,568,78,439,78,1
6268,6268,20230524,1,2,45,0,0,0,0,0
6269,6269,20210824,3,1,45,118,0,124,0,1
6270,6270,20201222,3,5,45,0,0,0,0,0
6271,6271,20230519,1,1,45,176,0,176,0,1
6272,6272,20220906,1,11,45,527,0,1002,0,1
6273,6273,20210730,1,1,45,0,0,0,0,0
6274,6274,20221027,1,2,45,0,0,0,0,0
6275,6275,20210914,1,1,30,0,0,0,0,0
6276,6276,20211119,3,2,45,0,0,0,0,0
6277,6277,20211124,1,1,45,91,0,142,0,1
6278,6278,20220221,1,2,45,316,0,316,0,1
6279,6279,20230516,4,1,45,265,0,384,0,1
6280,6280,20240823,1,1,45,0,0,0,0,0
6281,6281,20230417,1,2,45,1242,0,1485,0,1
6282,6282,20221028,1,1,45,221,0,306,0,1
6283,6283,20230109,1,1,45,0,0,0,0,0
6284,6284,20230118,1,2,45,0,0,0,0,0
6285,6285,20230209,1,2,45,184,0,184,0,1
6286,6286,20200923,4,1,45,749,63,392,63,1
6287,6287,20210224,1,1,45,757,0,751,0,1
6288,6288,20200206,1,1,45,0,0,0,0,0
6289,6289,20200421,1,1,45,94,0,157,0,1
6290,6290,20230126,3,11,45,763,0,147,0,1
6291,6291,20210429,4,19,45,1636,282,649,236,1
6292,6292,20210112,1,1,45,121,0,118,0,1
6293,6293,20200709,1,1,45,2274,0,765,0,1
6294,6294,20220113,1,5,45,32,0,33,0,1
6295,6295,20221110,1,1,30,524,0,38,0,1
6296,6296,20210525,1,1,45,271,0,404,0,1
6297,6297,20211103,1,1,45,108,200,148,200,1
6298,6298,20201020,1,1,45,224,0,224,0,1
6299,6299,20201112,1,14,45,1269,41,626,41,1
6300,6300,20201104,4,1,45,203,0,372,0,1
6301,6301,20210226,2,5,45,187,0,269,0,1
6302,6302,20210609,1,1,45,721,271,438,271,1
6303,6303,20211028,1,2,45,129,0,164,0,1
6304,6304,20220328,1,5,45,0,0,0,0,0
6305,6305,20221025,1,1,45,0,0,0,0,0
6306,6306,20221014,1,1,45,866,0,1016,0,1
6307,6307,20221127,1,5,45,15,0,30,0,1
6308,6308,20230120,1,16,45,245,0,245,0,1
6309,6309,20210316,1,1,30,139,0,130,0,1
6310,6310,20200124,1,1,45,0,0,0,0,0
6311,6311,20220607,1,1,45,0,0,0,0,0
6312,6312,20200929,1,1,45,0,0,0,0,0
6313,6313,20200225,2,1,45,0,0,0,0,0
6314,6314,20210718,1,1,45,0,0,0,0,0
6315,6315,20200527,1,5,45,0,0,0,0,0
6316,6316,20200123,4,11,45,0,0,0,0,0
6317,6317,20200131,1,1,45,0,0,0,0,0
6318,6318,20200218,1,3,48,0,0,0,0,0
6319,6319,20210916,1,2,45,0,0,0,0,0
6320,6320,20241123,1,11,45,508,0,626,0,1
6321,6321,20200611,1,1,45,412,0,412,0,1
6322,6322,20220613,1,2,45,0,0,0,0,0
6323,6323,20260121,1,1,45,0,0,0,0,0
6324,6324,20220521,1,1,30,0,0,0,0,0
6325,6325,20200429,1,1,45,0,0,0,0,0
6326,6326,20200924,1,1,45,0,0,0,0,0
6327,6327,20210713,1,1,45,5,0,5,0,1
6328,6328,20240124,1,1,45,0,0,0,0,0
6329,6329,20200825,1,1,45,0,0,0,0,0
6330,6330,20200907,1,5,45,0,0,0,0,0
6331,6331,20210223,1,1,45,0,0,0,0,0
6332,6332,20201215,1,5,30,92,0,92,0,1
6333,6333,20201223,1,2,45,0,0,0,0,0
6334,6334,20210522,1,1,45,0,0,0,0,0
6335,6335,20210330,2,2,45,0,0,0,0,0
6336,6336,20210618,1,11,45,0,0,0,0,0
6337,6337,20210213,1,1,45,0,0,0,0,0
6338,6338,20211028,1,1,45,0,0,0,0,0
6339,6339,20201119,1,2,45,0,0,0,0,0
6340,6340,20201014,3,5,45,0,0,0,0,0
6341,6341,20201120,4,1,45,0,0,0,0,0
6342,6342,20201111,1,2,45,0,0,0,0,0
6343,6343,20201115,1,1,45,0,0,0,0,0
6344,6344,20201126,2,2,45,0,0,0,0,0
6345,6345,20220629,1,1,45,0,0,0,0,0
6346,6346,20210326,3,11,45,0,0,0,0,0
6347,6347,20211119,4,5,45,0,0,0,0,0
6348,6348,20211130,1,5,45,0,0,0,0,0
6349,6349,20220531,1,1,45,0,0,0,0,0
6350,6350,20220831,1,14,45,0,0,0,0,0
6351,6351,20220120,1,2,45,811,0,811,0,1
6352,6352,20220329,1,1,45,0,0,0,0,0
6353,6353,20211115,1,2,45,0,0,0,0,0
6354,6354,20210330,1,1,45,0,0,0,0,0
6355,6355,20210910,1,1,45,0,0,0,0,0
6356,6356,20211021,1,5,45,0,0,0,0,0
6357,6357,20230130,1,14,45,0,0,0,0,0
6358,6358,20211216,1,1,45,0,0,0,0,0
6359,6359,20220623,1,1,45,0,0,0,0,0
6360,6360,20220121,1,1,45,0,0,0,0,0
6361,6361,20220524,1,2,45,0,0,0,0,0
6362,6362,20220711,1,2,45,0,0,0,0,0
6363,6363,20220530,4,5,45,0,0,0,0,0
6364,6364,20220617,3,11,45,0,0,0,0,0
6365,6365,20200205,4,1,30,14,0,14,0,1
6366,6366,20200507,3,5,30,0,0,0,0,0
6367,6367,20210927,1,1,45,0,0,0,0,0
6368,6368,20200122,1,2,45,0,0,0,0,0
6369,6369,20200217,1,1,30,0,0,0,0,0
6370,6370,20200515,1,1,45,0,0,0,0,0
6371,6371,20200625,3,2,45,0,0,0,0,0
6372,6372,20201120,4,11,45,0,0,0,0,0
6373,6373,20200604,1,2,45,0,0,0,0,0
6374,6374,20200806,1,5,45,0,0,0,0,0
6375,6375,20220308,1,1,45,0,0,0,0,0
6376,6376,20230119,1,2,45,0,0,0,0,0
6377,6377,20201101,1,1,45,0,0,0,0,0
6378,6378,20200918,1,1,45,0,0,0,0,0
6379,6379,20210128,1,5,45,0,0,0,0,0
6380,6380,20201103,1,1,45,0,0,0,0,0
6381,6381,20201106,1,5,45,0,0,0,0,0
6382,6382,20210408,1,1,45,0,0,0,0,0
6383,6383,20210119,1,18,45,0,0,0,0,0
6384,6384,20210413,1,1,45,0,0,0,0,0
6385,6385,20210430,1,11,45,0,0,0,0,0
6386,6386,20220106,1,2,45,0,0,0,0,0
6387,6387,20220314,1,5,45,0,0,0,0,0
6388,6388,20220224,4,2,45,0,0,0,0,0
6389,6389,20220525,1,1,45,0,0,0,0,0
6390,6390,20220708,3,11,45,0,0,0,0,0
6391,6391,20220304,4,1,45,0,0,0,0,0
6392,6392,20221021,1,2,45,0,0,0,0,0
6393,6393,20220617,1,5,45,0,0,0,0,0
6394,6394,20200719,1,2,45,0,0,0,0,0
6395,6395,20210304,1,5,45,2411,0,2411,0,1
6396,6396,20201020,1,1,45,0,0,0,0,0
6397,6397,20200820,3,1,45,0,0,0,0,0
6398,6398,20210122,1,1,45,0,0,0,0,0
6399,6399,20200217,2,2,45,627,0,627,0,1
6400,6400,20201009,1,1,30,0,0,0,0,0
6401,6401,20210413,1,2,45,0,0,0,0,0
6402,6402,20200224,4,1,45,0,0,0,0,0
6403,6403,20200114,1,1,45,77,0,76,0,1
6404,6404,20200122,1,5,45,0,0,0,0,0
6405,6405,20220119,2,11,45,0,0,0,0,0
6406,6406,20200812,1,1,45,0,0,0,0,0
6407,6407,20200921,1,11,45,0,0,0,0,0
6408,6408,20210330,3,8,59,0,0,0,0,0
6409,6409,20200910,1,1,45,0,0,0,0,0
6410,6410,20210804,1,1,30,0,0,0,0,0
6411,6411,20201019,4,1,45,0,0,0,0,0
6412,6412,20201211,1,5,45,0,0,0,0,0
6413,6413,20201231,1,5,45,0,0,0,0,0
6414,6414,20210205,1,1,45,0,0,0,0,0
6415,6415,20210617,1,5,45,0,0,0,0,0
6416,6416,20211001,1,2,45,0,0,0,0,0
6417,6417,20240611,4,5,30,0,0,0,0,0
6418,6418,20211104,3,1,45,0,0,0,0,0
6419,6419,20211104,1,1,45,0,0,0,0,0
6420,6420,20211216,1,5,45,0,0,0,0,0
6421,6421,20220103,1,2,45,0,0,0,0,0
6422,6422,20220211,4,1,45,0,0,0,0,0
6423,6423,20220302,1,1,45,0,0,0,0,0
6424,6424,20210204,1,1,45,0,0,0,0,0
6425,6425,20201111,1,11,45,0,0,0,0,0
6426,6426,20200228,1,1,45,0,0,0,0,0
6427,6427,20220120,1,1,45,39,0,39,0,1
6428,6428,20201114,1,1,45,0,0,0,0,0
6429,6429,20200324,1,1,30,178,0,203,0,1
6430,6430,20201001,1,1,45,0,0,0,0,0
6431,6431,20200409,4,2,45,616,0,616,0,1
6432,6432,20200327,3,1,45,0,0,0,0,0
6433,6433,20210315,3,1,45,0,0,0,0,0
6434,6434,20200713,4,5,45,0,0,0,0,0
6435,6435,20201014,3,2,45,87,0,87,0,1
6436,6436,20200703,1,1,30,71,0,101,0,1
6437,6437,20200721,1,1,45,0,0,0,0,0
6438,6438,20210826,1,2,45,0,0,0,0,0
6439,6439,20211014,1,11,45,0,0,0,0,0
6440,6440,20200823,3,9,45,128,0,128,0,1
6441,6441,20210701,1,5,45,0,0,0,0,0
6442,6442,20201222,4,2,45,0,0,0,0,0
6443,6443,20210227,1,1,45,0,0,0,0,0
6444,6444,20210210,1,5,45,0,0,0,0,0
6445,6445,20210219,4,1,45,0,0,0,0,0
6446,6446,20210622,1,11,45,0,0,0,0,0
6447,6447,20210204,1,2,45,0,0,0,0,0
6448,6448,20210321,1,1,30,0,0,0,0,0
6449,6449,20210405,1,2,45,0,0,0,0,0
6450,6450,20211022,1,1,45,0,0,0,0,0
6451,6451,20211215,1,5,45,0,0,0,0,0
6452,6452,20211216,1,5,45,11955,0,11955,0,1
6453,6453,20220224,1,5,45,0,0,0,0,0
6454,6454,20220210,1,1,45,0,0,0,0,0
6455,6455,20220505,1,1,45,0,0,0,0,0
6456,6456,20230813,1,1,45,656,0,656,0,1
6457,6457,20200114,4,1,45,0,0,0,0,0
6458,6458,20200408,1,2,45,0,0,0,0,0
6459,6459,20200715,1,1,45,0,0,0,0,0
6460,6460,20220215,1,1,45,0,0,0,0,0
6461,6461,20200529,3,9,45,0,0,0,0,0
6462,6462,20200428,1,2,45,176,0,176,0,1
6463,6463,20201030,1,1,45,0,0,0,0,0
6464,6464,20210716,1,11,45,0,0,0,0,0
6465,6465,20200220,1,2,45,0,0,0,0,0
6466,6466,20201207,2,2,45,0,0,0,0,0
6467,6467,20201203,1,1,45,0,0,0,0,0
6468,6468,20200321,1,1,45,0,0,0,0,0
6469,6469,20200728,1,1,45,0,0,0,0,0
6470,6470,20200421,1,1,45,0,0,0,0,0
6471,6471,20200604,1,1,45,0,0,0,0,0
6472,6472,20210119,1,1,45,0,0,0,0,0
6473,6473,20200713,4,2,45,0,0,0,0,0
6474,6474,20200826,1,2,45,0,0,0,0,0
6475,6475,20200316,1,1,45,0,0,0,0,0
6476,6476,20200227,1,5,45,0,0,0,0,0
6477,6477,20200103,1,5,45,0,0,0,0,0
6478,6478,20200212,1,11,45,0,0,0,0,0
6479,6479,20211109,2,1,45,0,0,0,0,0
6480,6480,20220201,1,1,45,372,350,374,444,1
6481,6481,20210528,1,2,45,0,0,0,0,0
6482,6482,20200601,1,9,45,0,0,0,0,0
6483,6483,20200617,1,11,45,0,0,0,0,0
6484,6484,20201207,1,2,45,0,0,0,0,0
6485,6485,20201113,1,1,45,0,0,0,0,0
6486,6486,20220526,1,5,45,0,0,0,0,0
6487,6487,20210722,1,1,45,0,0,0,0,0
6488,6488,20201010,1,1,45,0,0,0,0,0
6489,6489,20201122,1,9,45,0,0,0,0,0
6490,6490,20220413,2,1,45,0,0,0,0,0
6491,6491,20210111,1,5,45,0,0,0,0,0
6492,6492,20210302,1,5,45,0,0,0,0,0
6493,6493,20210730,3,11,45,0,0,0,0,0
6494,6494,20220217,1,11,45,0,0,0,0,0
6495,6495,20220210,4,2,45,0,0,0,0,0
6496,6496,20211129,1,11,45,0,0,0,0,0
6497,6497,20201113,1,5,30,0,0,0,0,0
6498,6498,20210326,1,2,45,0,0,0,0,0
6499,6499,20210226,1,2,45,0,0,0,0,0
6500,6500,20210312,1,1,45,0,0,0,0,0
6501,6501,20210218,1,5,45,0,0,0,0,0
6502,6502,20210223,1,5,45,0,0,0,0,0
6503,6503,20210423,3,5,45,0,0,0,0,0
6504,6504,20200704,1,1,45,0,0,0,0,0
6505,6505,20221017,4,2,45,0,0,0,0,0
6506,6506,20210716,1,1,45,0,0,0,0,0
6507,6507,20210720,1,11,45,0,0,0,0,0
6508,6508,20230215,1,1,45,0,0,0,0,0
6509,6509,20211008,1,2,45,0,0,0,0,0
6510,6510,20220220,1,5,45,0,0,0,0,0
6511,6511,20211129,1,11,45,0,0,0,0,0
6512,6512,20211215,1,5,45,0,0,0,0,0
6513,6513,20220303,1,1,45,0,0,0,0,0
6514,6514,20220616,1,5,45,0,0,0,0,0
6515,6515,20220609,1,5,45,0,0,0,0,0
6516,6516,20220705,1,2,45,0,0,0,0,0
6517,6517,20210405,1,1,45,249,0,258,0,1
6518,6518,20200220,2,11,45,0,0,0,0,0
6519,6519,20201005,3,19,45,0,0,0,0,0
6520,6520,20210305,1,1,45,0,0,0,0,0
6521,6521,20200117,3,11,45,0,0,0,0,0
6522,6522,20200611,1,2,45,0,0,0,0,0
6523,6523,20200527,1,1,45,1,0,1,0,1
6524,6524,20200427,1,1,30,1703,0,227,0,1
6525,6525,20221217,1,2,45,0,0,0,0,0
6526,6526,20200204,1,11,30,0,0,0,0,0
6527,6527,20200224,1,1,30,0,0,0,0,0
6528,6528,20200925,1,1,45,0,0,0,0,0
6529,6529,20200721,1,2,45,0,0,0,0,0
6530,6530,20211006,1,1,45,0,0,0,0,0
6531,6531,20201027,1,1,45,0,0,0,0,0
6532,6532,20220112,1,11,45,0,0,0,0,0
6533,6533,20200401,3,5,45,0,0,0,0,0
6534,6534,20200714,3,5,45,0,0,0,0,0
6535,6535,20200723,1,1,30,0,0,0,0,0
6536,6536,20200618,1,5,45,0,0,0,0,0
6537,6537,20210105,1,5,45,0,0,0,0,0
6538,6538,20210114,1,1,45,42,0,49,0,1
6539,6539,20201125,1,2,45,0,0,0,0,0
6540,6540,20210114,3,2,45,35,0,36,0,1
6541,6541,20210630,1,5,45,5276,0,5276,0,1
6542,6542,20210208,4,5,45,0,0,0,0,0
6543,6543,20210302,1,2,45,0,0,0,0,0
6544,6544,20200310,2,2,45,0,0,0,0,0
6545,6545,20200220,1,1,45,9,0,9,0,1
6546,6546,20200306,1,16,45,42,0,42,0,1
6547,6547,20210131,1,1,45,0,0,0,0,0
6548,6548,20201029,1,2,45,0,0,0,0,0
6549,6549,20210112,1,2,45,0,0,0,0,0
6550,6550,20200716,4,5,45,23,0,23,0,1
6551,6551,20200508,1,1,45,0,0,0,0,0
6552,6552,20200722,2,1,45,0,0,0,0,0
6553,6553,20200625,1,14,45,0,0,0,0,0
6554,6554,20200729,1,1,45,0,0,0,0,0
6555,6555,20200817,1,1,45,0,0,0,0,0
6556,6556,20210213,3,11,45,0,0,0,0,0
6557,6557,20201027,1,5,45,340,0,340,0,1
6558,6558,20201205,1,5,45,0,0,0,0,0
6559,6559,20200903,1,11,45,4,0,4,0,1
6560,6560,20201204,3,1,45,0,0,0,0,0
6561,6561,20221129,1,2,45,0,0,0,0,0
6562,6562,20200109,1,11,45,0,0,0,0,0
6563,6563,20210110,3,5,45,1197,0,896,0,1
6564,6564,20220104,1,1,30,0,0,0,0,0
6565,6565,20200506,1,1,45,0,0,0,0,0
6566,6566,20201008,1,2,45,322,137,212,137,1
6567,6567,20200428,1,1,45,0,0,0,0,0
6568,6568,20200605,1,1,45,0,0,0,0,0
6569,6569,20200607,1,1,45,0,0,0,0,0
6570,6570,20200617,1,5,45,0,0,0,0,0
6571,6571,20200705,4,2,45,0,0,0,0,0
6572,6572,20210201,1,16,45,0,0,0,0,0
6573,6573,20200817,1,5,45,0,0,0,0,0
6574,6574,20210330,1,2,45,475,0,475,0,1
6575,6575,20200930,1,2,45,0,0,0,0,0
6576,6576,20200421,1,5,30,181,0,25,0,1
6577,6577,20200130,1,14,45,0,0,0,0,0
6578,6578,20210112,1,1,45,0,0,0,0,0
6579,6579,20210306,1,1,45,0,0,0,0,0
6580,6580,20210304,1,11,45,0,0,0,0,0
6581,6581,20200826,3,1,45,0,0,0,0,0
6582,6582,20210625,1,1,30,0,0,0,0,0
6583,6583,20210430,1,5,45,0,0,0,0,0
6584,6584,20210729,1,1,45,0,0,0,0,0
6585,6585,20210604,1,1,45,0,0,0,0,0
6586,6586,20210618,1,5,45,0,0,0,0,0
6587,6587,20220203,1,1,45,0,0,0,0,0
6588,6588,20220221,1,2,45,0,0,0,0,0
6589,6589,20220801,2,1,45,0,0,0,0,0
6590,6590,20220701,1,2,45,0,0,0,0,0
6591,6591,20200117,3,11,30,0,0,0,0,0
6592,6592,20200508,1,1,45,0,0,0,0,0
6593,6593,20200217,1,16,30,139,0,249,0,1
6594,6594,20210517,1,1,45,0,0,0,0,0
6595,6595,20220428,1,1,45,0,0,0,0,0
6596,6596,20200527,1,1,45,0,0,0,0,0
6597,6597,20200516,1,2,45,0,0,0,0,0
6598,6598,20210415,1,19,45,0,0,0,0,0
6599,6599,20210205,1,20,59,0,0,0,0,0
6600,6600,20210610,1,2,45,0,0,0,0,0
6601,6601,20201023,1,1,45,0,0,0,0,0
6602,6602,20201218,1,5,45,0,0,0,0,0
6603,6603,20220209,1,1,45,0,0,0,0,0
6604,6604,20200124,3,5,45,0,0,0,0,0
6605,6605,20200103,1,1,45,0,0,0,0,0
6606,6606,20200130,1,1,45,0,0,0,0,0
6607,6607,20200417,1,1,45,0,0,0,0,0
6608,6608,20200525,4,11,45,0,0,0,0,0
6609,6609,20200617,1,1,45,0,0,0,0,0
6610,6610,20210204,1,2,45,0,0,0,0,0
6611,6611,20210421,1,5,45,0,0,0,0,0
6612,6612,20201104,3,2,45,0,0,0,0,0
6613,6613,20201119,1,11,45,0,0,0,0,0
6614,6614,20210826,1,5,45,0,0,0,0,0
6615,6615,20201117,1,1,45,0,0,0,0,0
6616,6616,20210108,1,1,45,0,0,0,0,0
6617,6617,20210217,1,1,45,0,0,0,0,0
6618,6618,20210629,3,11,45,0,0,0,0,0
6619,6619,20210511,3,2,45,0,0,0,0,0
6620,6620,20220215,1,1,30,0,0,0,0,0
6621,6621,20211216,1,2,45,0,0,0,0,0
6622,6622,20211115,1,1,45,0,0,0,0,0
6623,6623,20211213,1,1,45,0,0,0,0,0
6624,6624,20201120,3,1,45,0,0,0,0,0
6625,6625,20210121,1,1,45,197,0,208,0,1
6626,6626,20200625,1,2,45,0,0,0,0,0
6627,6627,20201105,1,1,45,0,0,0,0,0
6628,6628,20210106,1,2,45,0,0,0,0,0
6629,6629,20200525,1,11,45,0,0,0,0,0
6630,6630,20200609,3,1,45,0,0,0,0,0
6631,6631,20210618,1,5,45,0,0,0,0,0
6632,6632,20200816,1,2,45,0,0,0,0,0
6633,6633,20200921,1,1,45,0,0,0,0,0
6634,6634,20210216,1,1,45,127,0,79,0,1
6635,6635,20201010,1,5,45,0,0,0,0,0
6636,6636,20201109,1,2,45,0,0,0,0,0
6637,6637,20210712,1,2,45,0,0,0,0,0
6638,6638,20210124,1,1,45,0,0,0,0,0
6639,6639,20201217,1,2,45,0,0,0,0,0
6640,6640,20211029,1,1,45,0,0,0,0,0
6641,6641,20210113,1,2,45,0,0,0,0,0
6642,6642,20210115,1,2,45,0,0,0,0,0
6643,6643,20210712,1,2,45,0,0,0,0,0
6644,6644,20210422,1,12,30,0,0,0,0,0
6645,6645,20210510,1,5,45,0,0,0,0,0
6646,6646,20210412,1,5,45,0,0,0,0,0
6647,6647,20210402,1,2,45,0,0,0,0,0
6648,6648,20220311,1,1,45,23,0,23,0,1
6649,6649,20211224,1,1,45,0,0,0,0,0
6650,6650,20220318,1,5,45,0,0,0,0,0
6651,6651,20220113,1,5,45,0,0,0,0,0
6652,6652,20221025,1,1,45,0,0,0,0,0
6653,6653,20220801,1,2,45,0,0,0,0,0
6654,6654,20220809,1,5,45,0,0,0,0,0
6655,6655,20220825,1,5,45,0,0,0,0,0
6656,6656,20220912,1,11,45,0,0,0,0,0
6657,6657,20220912,1,1,45,0,0,0,0,0
6658,6658,20230120,1,1,45,0,0,0,0,0
6659,6659,20210423,2,1,45,0,0,0,0,0
6660,6660,20201101,1,1,45,0,0,0,0,0
6661,6661,20201125,2,5,45,0,0,0,0,0
6662,6662,20201211,1,2,45,151,0,222,0,1
6663,6663,20210105,1,11,45,0,0,0,0,0
6664,6664,20220415,3,5,45,0,0,0,0,0
6665,6665,20210303,1,1,45,0,0,0,0,0
6666,6666,20210208,1,5,45,0,0,0,0,0
6667,6667,20220111,1,1,45,0,0,0,0,0
6668,6668,20211109,1,1,45,0,0,0,0,0
6669,6669,20210318,3,1,45,0,0,0,0,0
6670,6670,20211202,1,16,45,0,0,0,0,0
6671,6671,20210505,4,1,45,0,0,0,0,0
6672,6672,20210222,1,11,45,0,0,0,0,0
6673,6673,20201001,1,1,45,0,0,0,0,0
6674,6674,20201109,1,5,45,0,0,0,0,0
6675,6675,20201007,1,1,45,0,0,0,0,0
6676,6676,20210222,1,1,45,141,0,195,0,1
6677,6677,20210330,1,16,45,0,0,0,0,0
6678,6678,20210312,1,16,45,0,0,0,0,0
6679,6679,20210403,1,1,45,0,0,0,0,0
6680,6680,20210313,1,2,45,0,0,0,0,0
6681,6681,20211215,1,1,45,0,0,0,0,0
6682,6682,20210729,1,16,45,0,0,0,0,0
6683,6683,20211011,1,1,45,0,0,0,0,0
6684,6684,20220401,1,1,45,0,0,0,0,0
6685,6685,20200826,3,2,45,0,0,0,0,0
6686,6686,20200924,1,1,30,0,0,0,0,0
6687,6687,20211202,1,1,45,0,0,0,0,0
6688,6688,20221003,1,1,45,0,0,0,0,0
6689,6689,20210206,1,1,45,0,0,0,0,0
6690,6690,20210730,3,1,45,0,0,0,0,0
6691,6691,20210112,1,2,45,284,0,291,0,1
6692,6692,20210303,1,5,45,0,0,0,0,0
6693,6693,20211119,1,1,45,0,0,0,0,0
6694,6694,20220725,1,11,45,0,0,0,0,0
6695,6695,20221005,1,2,45,0,0,0,0,0
6696,6696,20211130,1,1,45,0,0,0,0,0
6697,6697,20210623,1,1,45,0,0,0,0,0
6698,6698,20210803,1,1,45,255,0,255,0,1
6699,6699,20210610,1,11,45,0,0,0,0,0
6700,6700,20210506,1,5,45,0,0,0,0,0
6701,6701,20210905,1,19,45,0,0,0,0,0
6702,6702,20211014,1,1,45,68,0,74,0,1
6703,6703,20211130,1,1,45,0,0,0,0,0
6704,6704,20220506,1,1,45,0,0,0,0,0
6705,6705,20220107,1,2,45,0,0,0,0,0
6706,6706,20211109,1,1,45,0,0,0,0,0
6707,6707,20220325,1,1,45,0,0,0,0,0
6708,6708,20220325,1,1,45,0,0,0,0,0
6709,6709,20220621,4,1,45,0,0,0,0,0
6710,6710,20230519,3,2,45,438,0,339,0,1
6711,6711,20210325,1,2,45,0,0,0,0,0
6712,6712,20210618,1,1,45,0,0,0,0,0
6713,6713,20211117,1,5,45,0,0,0,0,0
6714,6714,20210825,1,5,45,0,0,0,0,0
6715,6715,20220926,1,2,45,0,0,0,0,0
6716,6716,20211215,3,2,45,228,0,276,0,1
6717,6717,20210910,1,5,30,0,0,0,0,0
6718,6718,20211007,1,11,45,0,0,0,0,0
6719,6719,20211216,1,1,45,0,0,0,0,0
6720,6720,20211215,1,5,45,0,0,0,0,0
6721,6721,20220402,1,5,45,0,0,0,0,0
6722,6722,20230126,1,1,45,0,0,0,0,0
6723,6723,20220131,1,2,45,0,0,0,0,0
6724,6724,20220711,1,1,45,0,0,0,0,0
6725,6725,20220811,1,11,45,0,0,0,0,0
6726,6726,20230105,1,5,45,0,0,0,0,0
6727,6727,20230221,1,5,45,0,0,0,0,0
6728,6728,20220131,1,2,45,0,0,0,0,0
6729,6729,20220124,1,1,45,0,0,0,0,0
6730,6730,20221105,1,2,45,0,0,0,0,0
6731,6731,20210917,1,5,45,0,0,0,0,0
6732,6732,20221114,1,1,45,0,0,0,0,0
6733,6733,20210908,1,1,45,0,0,0,0,0
6734,6734,20220330,1,1,45,0,0,0,0,0
6735,6735,20220120,1,5,45,0,0,0,0,0
6736,6736,20220225,1,2,45,0,0,0,0,0
6737,6737,20230722,1,11,45,0,0,0,0,0
6738,6738,20200318,1,11,45,0,0,0,0,0
6739,6739,20210823,1,2,45,0,0,0,0,0
6740,6740,20211008,2,5,45,0,0,0,0,0
6741,6741,20220927,1,1,30,0,0,0,0,0
6742,6742,20211012,1,2,45,0,0,0,0,0
6743,6743,20211109,1,11,45,0,0,0,0,0
6744,6744,20220206,1,2,45,0,0,0,0,0
6745,6745,20220207,4,1,45,0,0,0,0,0
6746,6746,20220509,1,5,45,615,0,711,0,1
6747,6747,20220524,1,1,45,0,0,0,0,0
6748,6748,20220728,1,5,45,0,0,0,0,0
6749,6749,20230217,3,16,45,0,0,0,0,0
6750,6750,20210218,1,1,45,0,0,0,0,0
6751,6751,20230214,1,1,45,0,0,0,0,0
6752,6752,20230210,1,1,45,0,0,0,0,0
6753,6753,20220617,4,1,45,0,0,0,0,0
6754,6754,20210917,1,2,45,0,0,0,0,0
6755,6755,20211007,1,11,45,0,0,0,0,0
6756,6756,20220107,1,1,45,0,0,0,0,0
6757,6757,20220313,1,1,45,0,0,0,0,0
6758,6758,20220406,1,1,45,0,0,0,0,0
6759,6759,20220611,1,5,45,0,0,0,0,0
6760,6760,20200130,4,2,45,0,0,0,0,0
6761,6761,20210803,1,1,45,0,0,0,0,0
6762,6762,20200327,1,1,45,0,0,0,0,0
6763,6763,20200414,3,1,45,0,0,0,0,0
6764,6764,20200421,1,9,45,0,0,0,0,0
6765,6765,20200711,1,1,45,51,0,46,0,1
6766,6766,20200716,1,11,45,48,31,41,31,1
6767,6767,20200525,1,2,45,0,0,0,0,0
6768,6768,20200806,1,1,45,45,0,38,0,1
6769,6769,20201109,1,1,45,0,0,0,0,0
6770,6770,20200909,1,1,45,0,0,0,0,0
6771,6771,20210923,1,1,45,61,0,61,0,1
6772,6772,20201110,1,2,45,0,0,0,0,0
6773,6773,20210603,1,5,45,13951,0,19396,0,1
6774,6774,20210714,1,1,45,0,0,0,0,0
6775,6775,20210326,1,1,45,0,0,0,0,0
6776,6776,20220826,4,1,45,0,0,0,0,0
6777,6777,20210930,4,1,45,0,0,0,0,0
6778,6778,20210909,1,5,45,0,0,0,0,0
6779,6779,20210714,1,2,45,0,0,0,0,0
6780,6780,20211221,1,5,45,0,0,0,0,0
6781,6781,20211008,1,2,45,0,0,0,0,0
6782,6782,20211224,1,1,45,0,0,0,0,0
6783,6783,20220221,1,5,45,0,0,0,0,0
6784,6784,20221010,3,1,45,0,0,0,0,0
6785,6785,20200625,1,1,45,0,0,0,0,0
6786,6786,20200707,1,1,30,116,0,116,0,1
6787,6787,20210609,1,2,45,124,0,124,0,1
6788,6788,20200320,1,1,30,189,0,189,0,1
6789,6789,20200111,3,1,45,0,0,0,0,0
6790,6790,20200807,3,1,45,56,0,56,0,1
6791,6791,20210618,1,1,45,0,0,0,0,0
6792,6792,20200513,1,2,45,0,0,0,0,0
6793,6793,20200427,1,1,45,0,0,0,0,0
6794,6794,20200623,4,1,45,0,0,0,0,0
6795,6795,20210810,1,1,45,430,0,430,0,1
6796,6796,20220208,1,2,45,0,0,0,0,0
6797,6797,20201003,1,2,45,0,0,0,0,0
6798,6798,20201020,3,9,45,0,0,0,0,0
6799,6799,20220805,1,5,45,0,0,0,0,0
6800,6800,20201105,1,5,45,1625,0,1625,0,1
6801,6801,20210715,1,1,45,0,0,0,0,0
6802,6802,20210328,1,2,45,0,0,0,0,0
6803,6803,20210716,1,1,45,0,0,0,0,0
6804,6804,20220304,1,1,45,0,0,0,0,0
6805,6805,20211112,1,2,45,0,0,0,0,0
6806,6806,20220302,1,11,45,0,0,0,0,0
6807,6807,20220317,1,11,45,0,0,0,0,0
6808,6808,20220329,1,5,45,0,0,0,0,0
6809,6809,20220415,1,2,45,0,0,0,0,0
6810,6810,20220513,3,5,45,0,0,0,0,0
6811,6811,20220523,1,1,45,0,0,0,0,0
6812,6812,20220901,1,1,45,0,0,0,0,0
6813,6813,20220802,1,5,45,0,0,0,0,0
6814,6814,20200825,2,1,45,0,0,0,0,0
6815,6815,20260110,1,1,45,0,0,0,0,0
6816,6816,20210820,1,11,45,0,0,0,0,0
6817,6817,20210422,3,1,45,739,0,353,0,1
6818,6818,20210526,1,11,45,0,0,0,0,0
6819,6819,20200821,1,1,45,0,0,0,0,0
6820,6820,20210219,1,11,45,0,0,0,0,0
6821,6821,20200724,1,1,45,0,0,0,0,0
6822,6822,20200527,1,16,45,0,0,0,0,0
6823,6823,20200117,1,1,45,134,0,64,0,1
6824,6824,20200127,3,1,45,0,0,0,0,0
6825,6825,20200514,1,11,45,0,0,0,0,0
6826,6826,20200513,1,1,45,54,0,54,0,1
6827,6827,20200424,1,11,45,33,0,33,0,1
6828,6828,20210812,1,1,45,0,0,0,0,0
6829,6829,20201110,1,5,45,0,0,0,0,0
6830,6830,20200901,1,1,45,0,0,0,0,0
6831,6831,20220930,4,1,45,0,0,0,0,0
6832,6832,20201106,1,1,45,0,0,0,0,0
6833,6833,20201122,1,2,45,0,0,0,0,0
6834,6834,20201209,1,5,45,0,0,0,0,0
6835,6835,20210315,1,2,45,0,0,0,0,0
6836,6836,20210301,3,5,45,0,0,0,0,0
6837,6837,20210308,1,2,45,0,0,0,0,0
6838,6838,20210528,1,11,45,0,0,0,0,0
6839,6839,20211109,1,5,45,0,0,0,0,0
6840,6840,20211230,1,11,45,0,0,0,0,0
6841,6841,20220227,1,5,45,0,0,0,0,0
6842,6842,20220329,4,5,45,181,0,204,0,1
6843,6843,20220902,1,1,45,11,0,11,0,1
6844,6844,20221015,1,1,45,0,0,0,0,0
6845,6845,20200803,2,1,45,0,0,0,0,0
6846,6846,20210127,1,1,45,0,0,0,0,0
6847,6847,20200403,1,1,45,0,0,0,0,0
6848,6848,20200501,4,2,45,0,0,0,0,0
6849,6849,20200218,1,12,30,0,0,0,0,0
6850,6850,20200409,4,2,45,0,0,0,0,0
6851,6851,20201008,1,2,45,0,0,0,0,0
6852,6852,20200508,1,5,45,0,0,0,0,0
6853,6853,20200730,1,2,45,0,0,0,0,0
6854,6854,20200819,1,1,45,0,0,0,0,0
6855,6855,20200901,1,2,45,0,0,0,0,0
6856,6856,20210402,1,11,45,0,0,0,0,0
6857,6857,20201106,1,1,45,0,0,0,0,0
6858,6858,20201005,1,1,45,6331,0,6340,0,1
6859,6859,20201125,1,5,45,0,0,0,0,0
6860,6860,20201204,1,1,45,0,0,0,0,0
6861,6861,20210121,3,11,45,0,0,0,0,0
6862,6862,20210108,1,1,45,0,0,0,0,0
6863,6863,20210122,1,11,45,0,0,0,0,0
6864,6864,20210402,1,1,45,0,0,0,0,0
6865,6865,20210331,1,5,45,0,0,0,0,0
6866,6866,20210525,1,1,45,0,0,0,0,0
6867,6867,20210801,1,18,45,0,0,0,0,0
6868,6868,20200902,3,1,45,0,0,0,0,0
6869,6869,20200303,1,11,45,0,0,0,0,0
6870,6870,20210318,4,1,45,0,0,0,0,0
6871,6871,20210118,4,1,45,0,0,0,0,0
6872,6872,20210409,1,2,45,0,0,0,0,0
6873,6873,20201002,4,2,45,0,0,0,0,0
6874,6874,20210928,1,1,45,0,0,0,0,0
6875,6875,20210330,1,1,45,0,0,0,0,0
6876,6876,20200713,1,5,45,0,0,0,0,0
6877,6877,20200618,1,1,45,0,0,0,0,0
6878,6878,20201122,4,1,45,0,0,0,0,0
6879,6879,20200617,2,1,45,0,0,0,0,0
6880,6880,20200705,1,18,45,0,0,0,0,0
6881,6881,20200724,3,2,45,0,0,0,0,0
6882,6882,20200724,1,2,45,0,0,0,0,0
6883,6883,20210304,1,1,45,0,0,0,0,0
6884,6884,20201019,1,5,45,0,0,0,0,0
6885,6885,20201127,1,1,45,0,0,0,0,0
6886,6886,20210224,4,11,45,0,0,0,0,0
6887,6887,20210210,1,1,30,0,0,0,0,0
6888,6888,20211021,4,19,45,0,0,0,0,0
6889,6889,20210622,3,1,45,0,0,0,0,0
6890,6890,20210615,1,2,45,0,0,0,0,0
6891,6891,20210720,1,5,45,0,0,0,0,0
6892,6892,20220701,1,2,45,0,0,0,0,0
6893,6893,20220819,1,2,45,0,0,0,0,0
6894,6894,20220531,1,2,45,0,0,0,0,0
6895,6895,20220623,1,5,45,0,0,0,0,0
6896,6896,20220718,1,1,45,0,0,0,0,0
6897,6897,20220721,1,1,45,0,0,0,0,0
6898,6898,20200724,1,2,45,0,0,0,0,0
6899,6899,20201129,1,11,45,0,0,0,0,0
6900,6900,20200117,1,1,45,0,0,0,0,0
6901,6901,20200922,3,2,45,31,0,31,0,1
6902,6902,20200910,4,1,45,0,0,0,0,0
6903,6903,20200503,1,5,45,0,0,0,0,0
6904,6904,20210318,1,11,45,0,0,0,0,0
6905,6905,20200619,1,2,30,0,0,0,0,0
6906,6906,20211112,1,1,45,0,0,0,0,0
6907,6907,20200626,1,2,45,131,0,131,0,1
6908,6908,20210618,1,5,45,0,0,0,0,0
6909,6909,20210709,1,1,45,0,0,0,0,0
6910,6910,20200916,1,11,45,0,0,0,0,0
6911,6911,20201011,1,5,45,0,0,0,0,0
6912,6912,20201204,1,1,45,0,0,0,0,0
6913,6913,20201221,1,1,45,0,0,0,0,0
6914,6914,20210129,1,1,30,0,0,0,0,0
6915,6915,20201224,1,5,45,0,0,0,0,0
6916,6916,20210226,1,1,45,109,0,109,0,1
6917,6917,20210319,1,5,45,0,0,0,0,0
6918,6918,20210713,3,2,45,0,0,0,0,0
6919,6919,20210507,1,1,45,0,0,0,0,0
6920,6920,20210610,3,5,45,0,0,0,0,0
6921,6921,20220104,1,1,45,0,0,0,0,0
6922,6922,20211203,1,1,45,0,0,0,0,0
6923,6923,20211220,1,1,45,0,0,0,0,0
6924,6924,20211231,1,5,45,108,0,45,0,1
6925,6925,20220118,1,5,45,0,0,0,0,0
6926,6926,20220201,1,5,45,0,0,0,0,0
6927,6927,20220317,1,2,45,0,0,0,0,0
6928,6928,20220830,1,5,45,0,0,0,0,0
6929,6929,20220901,1,1,45,0,0,0,0,0
6930,6930,20221020,1,5,45,0,0,0,0,0
6931,6931,20221229,1,1,45,0,0,0,0,0
6932,6932,20221103,1,1,45,0,0,0,0,0
6933,6933,20200409,1,2,45,0,0,0,0,0
6934,6934,20220221,1,2,45,0,0,0,0,0
6935,6935,20201015,3,1,45,0,0,0,0,0
6936,6936,20211217,1,2,45,96,0,165,0,1
6937,6937,20200306,4,2,45,0,0,0,0,0
6938,6938,20200508,1,11,45,0,0,0,0,0
6939,6939,20200427,1,5,45,0,0,0,0,0
6940,6940,20200527,1,1,45,0,0,0,0,0
6941,6941,20200806,1,2,45,319,0,319,0,1
6942,6942,20220317,1,1,45,0,0,0,0,0
6943,6943,20200718,1,1,45,0,0,0,0,0
6944,6944,20200610,3,1,45,0,0,0,0,0
6945,6945,20200831,1,1,45,0,0,0,0,0
6946,6946,20220728,1,1,45,0,0,0,0,0
6947,6947,20201016,1,1,45,0,0,0,0,0
6948,6948,20210113,2,1,45,0,0,0,0,0
6949,6949,20210225,1,5,45,0,0,0,0,0
6950,6950,20210314,1,11,45,0,0,0,0,0
6951,6951,20210407,1,1,45,0,0,0,0,0
6952,6952,20210622,1,1,45,0,0,0,0,0
6953,6953,20210501,1,11,45,0,0,0,0,0
6954,6954,20210605,1,5,45,0,0,0,0,0
6955,6955,20210908,1,16,45,0,0,0,0,0
6956,6956,20210720,1,5,45,0,0,0,0,0
6957,6957,20230321,4,1,45,0,0,0,0,0
6958,6958,20220112,1,1,45,0,0,0,0,0
6959,6959,20220419,1,2,45,0,0,0,0,0
6960,6960,20220528,1,2,45,0,0,0,0,0
6961,6961,20220930,1,1,45,0,0,0,0,0
6962,6962,20221110,1,5,45,0,0,0,0,0
6963,6963,20221213,1,1,45,0,0,0,0,0
6964,6964,20230130,1,2,45,0,0,0,0,0
6965,6965,20200624,1,11,45,0,0,0,0,0
6966,6966,20200504,1,1,45,0,0,0,0,0
6967,6967,20201016,1,2,45,0,0,0,0,0
6968,6968,20200319,1,1,45,0,0,0,0,0
6969,6969,20201125,1,1,45,0,0,0,0,0
6970,6970,20200526,1,11,45,0,0,0,0,0
6971,6971,20200220,1,16,45,0,0,0,0,0
6972,6972,20200331,1,11,45,0,0,0,0,0
6973,6973,20211029,2,1,45,0,0,0,0,0
6974,6974,20200724,1,2,45,0,0,0,0,0
6975,6975,20200625,1,5,45,0,0,0,0,0
6976,6976,20220131,1,7,45,0,0,0,0,0
6977,6977,20201104,1,16,45,0,0,0,0,0
6978,6978,20210831,4,1,45,0,0,0,0,0
6979,6979,20210121,1,2,45,0,0,0,0,0
6980,6980,20211204,3,2,45,0,0,0,0,0
6981,6981,20201026,1,1,45,0,0,0,0,0
6982,6982,20200922,1,2,45,0,0,0,0,0
6983,6983,20201119,1,1,45,0,0,0,0,0
6984,6984,20210225,3,5,45,0,0,0,0,0
6985,6985,20210109,1,9,45,0,0,0,0,0
6986,6986,20201223,1,1,17,0,0,0,0,0
6987,6987,20210312,1,1,45,0,0,0,0,0
6988,6988,20210525,1,1,45,0,0,0,0,0
6989,6989,20210507,2,5,45,0,0,0,0,0
6990,6990,20220204,1,2,45,0,0,0,0,0
6991,6991,20210806,1,5,45,0,0,0,0,0
6992,6992,20210720,1,5,45,0,0,0,0,0
6993,6993,20220108,4,2,45,0,0,0,0,0
6994,6994,20220511,1,1,45,0,0,0,0,0
6995,6995,20211029,3,2,45,0,0,0,0,0
6996,6996,20220124,1,5,45,0,0,0,0,0
6997,6997,20220708,1,11,45,0,0,0,0,0
6998,6998,20220122,1,1,45,0,0,0,0,0
6999,6999,20220224,1,1,45,0,0,0,0,0
7000,7000,20220315,1,2,45,0,0,0,0,0
7001,7001,20220519,1,1,45,0,0,0,0,0
7002,7002,20221025,1,1,30,0,0,0,0,0
7003,7003,20220818,4,1,45,0,0,0,0,0
7004,7004,20211112,1,1,45,0,0,0,0,0
7005,7005,20200220,1,11,45,0,0,0,0,0
7006,7006,20210413,1,2,45,0,0,0,0,0
7007,7007,20200305,3,2,45,272,0,515,0,1
7008,7008,20200114,1,5,45,0,0,0,0,0
7009,7009,20200116,1,2,45,0,0,0,0,0
7010,7010,20200724,1,2,45,0,0,0,0,0
7011,7011,20200721,1,1,45,122,0,122,0,1
7012,7012,20210423,4,1,45,0,0,0,0,0
7013,7013,20200804,1,2,45,0,0,0,0,0
7014,7014,20201013,4,1,45,0,0,0,0,0
7015,7015,20211101,4,1,45,0,0,0,0,0
7016,7016,20210701,1,1,45,0,0,0,0,0
7017,7017,20210511,1,1,45,0,0,0,0,0
7018,7018,20250721,1,5,45,133,0,192,0,1
7019,7019,20210625,1,11,45,0,0,0,0,0
7020,7020,20220729,4,1,45,0,0,0,0,0
7021,7021,20221113,1,1,45,0,0,0,0,0
7022,7022,20211209,1,1,45,0,0,0,0,0
7023,7023,20220209,1,11,45,0,0,0,0,0
7024,7024,20220328,1,5,45,0,0,0,0,0
7025,7025,20220518,4,1,45,0,0,0,0,0
7026,7026,20230110,1,5,45,0,0,0,0,0
7027,7027,20230130,4,1,45,0,0,0,0,0
7028,7028,20200902,1,1,45,0,0,0,0,0
7029,7029,20200301,1,1,45,24,0,24,0,1
7030,7030,20200103,1,1,45,0,0,0,0,0
7031,7031,20200511,4,1,45,0,0,0,0,0
7032,7032,20200825,1,2,45,0,0,0,0,0
7033,7033,20210225,1,1,45,0,0,0,0,0
7034,7034,20220106,1,1,45,0,0,0,0,0
7035,7035,20210312,1,5,45,0,0,0,0,0
7036,7036,20210225,1,2,45,0,0,0,0,0
7037,7037,20211018,3,11,45,0,0,0,0,0
7038,7038,20210330,1,2,45,0,0,0,0,0
7039,7039,20210410,1,1,45,0,0,0,0,0
7040,7040,20210512,1,5,45,0,0,0,0,0
7041,7041,20220913,1,5,45,0,0,0,0,0
7042,7042,20210822,1,2,45,0,0,0,0,0
7043,7043,20210525,1,1,45,0,0,0,0,0
7044,7044,20210721,2,5,45,0,0,0,0,0
7045,7045,20210914,1,1,45,0,0,0,0,0
7046,7046,20210905,1,2,45,0,0,0,0,0
7047,7047,20210902,1,1,45,0,0,0,0,0
7048,7048,20211118,1,2,45,0,0,0,0,0
7049,7049,20220601,2,1,45,0,0,0,0,0
7050,7050,20211216,1,11,45,0,0,0,0,0
7051,7051,20220215,1,5,45,0,0,0,0,0
7052,7052,20220805,1,1,45,0,0,0,0,0
7053,7053,20230112,1,1,45,0,0,0,0,0
7054,7054,20220615,1,1,45,0,0,0,0,0
7055,7055,20220909,1,5,45,0,0,0,0,0
7056,7056,20220708,1,1,45,0,0,0,0,0
7057,7057,20221104,1,1,45,96,0,127,0,1
7058,7058,20221226,1,11,45,0,0,0,0,0
7059,7059,20230216,1,5,45,0,0,0,0,0
7060,7060,20200331,1,2,45,0,0,0,0,0
7061,7061,20210811,1,1,45,32,0,32,0,1
7062,7062,20200728,3,1,45,0,0,0,0,0
7063,7063,20200508,3,5,45,0,0,0,0,0
7064,7064,20210625,1,5,45,0,0,0,0,0
7065,7065,20210127,4,2,45,0,0,0,0,0
7066,7066,20211126,1,2,45,0,0,0,0,0
7067,7067,20200603,1,2,45,0,0,0,0,0
7068,7068,20210409,1,5,45,0,0,0,0,0
7069,7069,20200828,3,5,45,0,0,0,0,0
7070,7070,20200901,1,1,45,0,0,0,0,0
7071,7071,20210214,3,11,45,0,0,0,0,0
7072,7072,20230228,2,2,45,0,0,0,0,0
7073,7073,20200915,1,2,45,0,0,0,0,0
7074,7074,20210121,1,1,45,0,0,0,0,0
7075,7075,20210415,3,11,45,0,0,0,0,0
7076,7076,20210824,1,1,45,0,0,0,0,0
7077,7077,20210618,1,2,45,0,0,0,0,0
7078,7078,20210503,1,1,30,0,0,0,0,0
7079,7079,20230225,2,5,45,0,0,0,0,0
7080,7080,20210726,1,1,45,0,0,0,0,0
7081,7081,20211006,1,5,45,0,0,0,0,0
7082,7082,20211205,1,2,45,0,0,0,0,0
7083,7083,20211207,1,2,45,0,0,0,0,0
7084,7084,20220304,1,5,45,0,0,0,0,0
7085,7085,20220407,1,5,45,0,0,0,0,0
7086,7086,20220708,1,1,45,0,0,0,0,0
7087,7087,20220815,1,1,45,0,0,0,0,0
7088,7088,20221021,1,16,45,0,0,0,0,0
7089,7089,20230217,1,1,45,0,0,0,0,0
7090,7090,20230127,1,11,45,0,0,0,0,0
7091,7091,20201029,1,1,45,0,0,0,0,0
7092,7092,20200819,1,1,30,0,0,0,0,0
7093,7093,20200820,1,1,45,0,0,0,0,0
7094,7094,20200609,1,14,45,0,0,0,0,0
7095,7095,20201129,1,1,45,33,0,33,0,1
7096,7096,20200211,4,5,45,0,0,0,0,0
7097,7097,20200406,1,5,45,0,0,0,0,0
7098,7098,20200414,1,1,45,0,0,0,0,0
7099,7099,20200508,1,1,45,0,0,0,0,0
7100,7100,20210910,1,1,45,16,0,16,0,1
7101,7101,20200608,1,5,45,0,0,0,0,0
7102,7102,20200605,1,1,45,0,0,0,0,0
7103,7103,20210713,1,2,45,0,0,0,0,0
7104,7104,20200801,1,1,45,0,0,0,0,0
7105,7105,20210309,1,1,45,0,0,0,0,0
7106,7106,20210423,1,2,45,0,0,0,0,0
7107,7107,20211014,1,1,45,0,0,0,0,0
7108,7108,20210614,1,5,45,0,0,0,0,0
7109,7109,20210707,1,11,45,0,0,0,0,0
7110,7110,20211129,1,1,45,0,0,0,0,0
7111,7111,20220225,1,1,45,0,0,0,0,0
7112,7112,20220422,4,1,45,0,0,0,0,0
7113,7113,20220908,1,1,45,0,0,0,0,0
7114,7114,20220817,1,1,45,0,0,0,0,0
7115,7115,20220730,1,1,45,0,0,0,0,0
7116,7116,20221115,1,2,45,0,0,0,0,0
7117,7117,20230221,1,1,45,1379,0,1379,0,1
7118,7118,20221121,1,5,45,0,0,0,0,0
7119,7119,20220630,1,2,45,0,0,0,0,0
7120,7120,20200115,1,1,45,0,0,0,0,0
7121,7121,20200228,2,2,45,0,0,0,0,0
7122,7122,20200716,1,1,30,0,0,0,0,0
7123,7123,20201001,1,1,45,0,0,0,0,0
7124,7124,20200117,3,1,45,0,0,0,0,0
7125,7125,20200409,1,5,45,0,0,0,0,0
7126,7126,20220317,1,1,45,0,0,0,0,0
7127,7127,20200729,1,2,45,0,0,0,0,0
7128,7128,20200717,1,16,45,0,0,0,0,0
7129,7129,20200820,4,1,45,0,0,0,0,0
7130,7130,20201026,1,2,45,35,0,35,0,1
7131,7131,20210511,1,2,45,247,0,247,0,1
7132,7132,20200925,4,1,45,0,0,0,0,0
7133,7133,20210505,1,5,45,0,0,0,0,0
7134,7134,20210616,1,2,45,0,0,0,0,0
7135,7135,20210830,1,2,45,0,0,0,0,0
7136,7136,20201119,4,2,45,0,0,0,0,0
7137,7137,20210513,1,11,45,0,0,0,0,0
7138,7138,20210327,1,1,45,0,0,0,0,0
7139,7139,20210813,1,1,45,0,0,0,0,0
7140,7140,20210601,1,2,45,0,0,0,0,0
7141,7141,20210731,1,2,45,0,0,0,0,0
7142,7142,20211102,1,2,45,0,0,0,0,0
7143,7143,20220209,1,1,45,0,0,0,0,0
7144,7144,20211215,1,5,45,0,0,0,0,0
7145,7145,20220127,1,2,45,0,0,0,0,0
7146,7146,20220131,1,2,45,0,0,0,0,0
7147,7147,20220818,1,1,45,0,0,0,0,0
7148,7148,20220108,1,2,45,0,0,0,0,0
7149,7149,20210201,1,1,45,0,0,0,0,0
7150,7150,20200216,1,1,45,0,0,0,0,0
7151,7151,20200121,1,1,30,0,0,0,0,0
7152,7152,20200316,1,5,45,0,0,0,0,0
7153,7153,20200106,1,1,45,0,0,0,0,0
7154,7154,20201218,1,2,45,0,0,0,0,0
7155,7155,20201119,2,2,45,0,0,0,0,0
7156,7156,20210203,1,5,45,0,0,0,0,0
7157,7157,20210131,1,1,45,0,0,0,0,0
7158,7158,20210211,1,1,45,25,0,25,0,1
7159,7159,20220113,1,1,45,0,0,0,0,0
7160,7160,20210317,3,1,45,40,0,40,0,1
7161,7161,20210526,1,5,30,0,0,0,0,0
7162,7162,20210615,1,1,45,0,0,0,0,0
7163,7163,20210527,1,1,45,0,0,0,0,0
7164,7164,20220120,1,1,45,0,0,0,0,0
7165,7165,20220421,2,16,45,0,0,0,0,0
7166,7166,20210729,1,5,45,0,0,0,0,0
7167,7167,20210811,1,5,45,0,0,0,0,0
7168,7168,20210713,1,1,45,0,0,0,0,0
7169,7169,20210902,1,2,45,0,0,0,0,0
7170,7170,20211012,4,5,45,0,0,0,0,0
7171,7171,20220404,1,1,45,0,0,0,0,0
7172,7172,20220625,1,11,45,0,0,0,0,0
7173,7173,20251223,1,1,45,0,0,0,0,0
7174,7174,20230414,1,1,45,0,0,0,0,0
7175,7175,20201015,2,5,45,609,0,801,0,1
7176,7176,20200227,1,5,45,0,0,0,0,0
7177,7177,20200415,1,2,45,0,0,0,0,0
7178,7178,20200526,1,1,45,0,0,0,0,0
7179,7179,20200515,1,1,45,0,0,0,0,0
7180,7180,20200528,1,1,45,0,0,0,0,0
7181,7181,20210312,4,9,45,0,0,0,0,0
7182,7182,20200807,1,1,30,0,0,0,0,0
7183,7183,20200828,1,11,45,0,0,0,0,0
7184,7184,20210407,1,19,45,0,0,0,0,0
7185,7185,20201008,1,5,45,0,0,0,0,0
7186,7186,20200117,1,5,45,0,0,0,0,0
7187,7187,20211007,1,11,45,0,0,0,0,0
7188,7188,20200503,3,1,45,0,0,0,0,0
7189,7189,20200618,1,1,30,0,0,0,0,0
7190,7190,20200525,1,1,45,0,0,0,0,0
7191,7191,20200722,4,1,30,0,0,0,0,0
7192,7192,20200522,1,1,45,0,0,0,0,0
7193,7193,20200520,1,1,45,0,0,0,0,0
7194,7194,20211217,4,1,30,0,0,0,0,0
7195,7195,20201001,4,2,45,0,0,0,0,0
7196,7196,20201201,1,5,45,0,0,0,0,0
7197,7197,20200917,1,2,45,0,0,0,0,0
7198,7198,20201119,1,1,45,0,0,0,0,0
7199,7199,20201217,1,11,45,0,0,0,0,0
7200,7200,20210915,2,11,45,4,0,4,0,1
7201,7201,20201215,1,2,45,0,0,0,0,0
7202,7202,20210205,1,11,45,0,0,0,0,0
7203,7203,20210207,1,5,45,0,0,0,0,0
7204,7204,20220929,1,1,45,0,0,0,0,0
7205,7205,20210514,1,5,45,938,0,1078,0,1
7206,7206,20210208,4,1,45,0,0,0,0,0
7207,7207,20210222,1,2,45,0,0,0,0,0
7208,7208,20210604,1,1,45,0,0,0,0,0
7209,7209,20211105,4,5,45,0,0,0,0,0
7210,7210,20210411,1,1,45,0,0,0,0,0
7211,7211,20210721,1,5,45,0,0,0,0,0
7212,7212,20220513,1,2,45,0,0,0,0,0
7213,7213,20210914,1,2,45,0,0,0,0,0
7214,7214,20210910,1,15,45,0,0,0,0,0
7215,7215,20230107,1,1,45,0,0,0,0,0
7216,7216,20220916,1,2,45,0,0,0,0,0
7217,7217,20211008,1,1,45,0,0,0,0,0
7218,7218,20230308,1,1,45,0,0,0,0,0
7219,7219,20220110,1,1,45,0,0,0,0,0
7220,7220,20220120,1,5,45,0,0,0,0,0
7221,7221,20220516,1,2,45,0,0,0,0,0
7222,7222,20220519,1,5,45,0,0,0,0,0
7223,7223,20221116,1,5,45,0,0,0,0,0
7224,7224,20250410,1,1,45,16693,0,16693,0,1
7225,7225,20201125,1,1,45,71,0,71,0,1
7226,7226,20210425,1,1,45,0,0,0,0,0
7227,7227,20210413,1,15,45,0,0,0,0,0
7228,7228,20211027,1,5,45,0,0,0,0,0
7229,7229,20211117,1,5,45,0,0,0,0,0
7230,7230,20211105,1,1,45,0,0,0,0,0
7231,7231,20220103,1,11,45,0,0,0,0,0
7232,7232,20220728,4,1,45,0,0,0,0,0
7233,7233,20220930,1,1,45,0,0,0,0,0
7234,7234,20220803,1,1,45,0,0,0,0,0
7235,7235,20201227,3,2,45,0,0,0,0,0
7236,7236,20210307,1,1,45,0,0,0,0,0
7237,7237,20210315,1,19,45,0,0,0,0,0
7238,7238,20210401,1,1,45,0,0,0,0,0
7239,7239,20210423,1,5,45,0,0,0,0,0
7240,7240,20210426,1,2,45,0,0,0,0,0
7241,7241,20210507,1,1,45,0,0,0,0,0
7242,7242,20210913,1,1,45,0,0,0,0,0
7243,7243,20210830,1,1,45,0,0,0,0,0
7244,7244,20220117,1,1,45,0,0,0,0,0
7245,7245,20210909,1,2,45,0,0,0,0,0
7246,7246,20210806,1,5,45,0,0,0,0,0
7247,7247,20200125,1,1,45,0,0,0,0,0
7248,7248,20220427,1,1,45,26,0,26,0,1
7249,7249,20200226,1,1,45,148,0,150,0,1
7250,7250,20200529,1,1,45,0,0,0,0,0
7251,7251,20200518,2,5,45,0,0,0,0,0
7252,7252,20200519,1,1,45,105,0,105,0,1
7253,7253,20200716,1,1,45,0,0,0,0,0
7254,7254,20200220,4,2,45,0,0,0,0,0
7255,7255,20200226,1,2,45,0,0,0,0,0
7256,7256,20200731,1,2,45,0,0,0,0,0
7257,7257,20201008,1,1,45,0,0,0,0,0
7258,7258,20210909,4,5,45,0,0,0,0,0
7259,7259,20210219,1,1,45,0,0,0,0,0
7260,7260,20211115,3,1,45,0,0,0,0,0
7261,7261,20220304,1,5,45,0,0,0,0,0
7262,7262,20220212,1,1,45,0,0,0,0,0
7263,7263,20220427,1,2,45,0,0,0,0,0
7264,7264,20210913,3,5,45,0,0,0,0,0
7265,7265,20210813,1,5,45,0,0,0,0,0
7266,7266,20220114,1,1,45,0,0,0,0,0
7267,7267,20220506,1,1,45,0,0,0,0,0
7268,7268,20211114,3,5,45,0,0,0,0,0
7269,7269,20211119,1,5,45,0,0,0,0,0
7270,7270,20220825,4,11,45,260,0,260,0,1
7271,7271,20221117,1,1,45,0,0,0,0,0
7272,7272,20211008,1,14,45,0,0,0,0,0
7273,7273,20211021,4,5,45,0,0,0,0,0
7274,7274,20211210,1,5,30,0,0,0,0,0
7275,7275,20220205,1,1,45,0,0,0,0,0
7276,7276,20220308,1,5,45,0,0,0,0,0
7277,7277,20220823,1,1,45,0,0,0,0,0
7278,7278,20220519,4,1,45,0,0,0,0,0
7279,7279,20230212,1,2,30,0,0,0,0,0
7280,7280,20221120,1,5,45,0,0,0,0,0
7281,7281,20230216,2,1,45,0,0,0,0,0
7282,7282,20220630,4,11,45,0,0,0,0,0
7283,7283,20200611,1,1,45,48,0,48,0,1
7284,7284,20200728,1,1,45,0,0,0,0,0
7285,7285,20201024,1,5,45,0,0,0,0,0
7286,7286,20201008,1,5,45,0,0,0,0,0
7287,7287,20220506,4,11,45,0,0,0,0,0
7288,7288,20200907,3,5,45,9432,0,9432,0,1
7289,7289,20200211,1,1,45,0,0,0,0,0
7290,7290,20200320,2,1,45,0,0,0,0,0
7291,7291,20200531,1,1,45,0,0,0,0,0
7292,7292,20200910,1,11,45,0,0,0,0,0
7293,7293,20200619,1,5,45,0,0,0,0,0
7294,7294,20201103,3,2,45,0,0,0,0,0
7295,7295,20200801,1,12,30,0,0,0,0,0
7296,7296,20210428,1,1,45,0,0,0,0,0
7297,7297,20201106,1,1,45,0,0,0,0,0
7298,7298,20210709,1,5,45,191,0,205,0,1
7299,7299,20200428,2,1,45,316,0,316,0,1
7300,7300,20200525,1,1,45,0,0,0,0,0
7301,7301,20200415,1,1,30,0,0,0,0,0
7302,7302,20200529,1,1,45,0,0,0,0,0
7303,7303,20210323,1,1,45,0,0,0,0,0
7304,7304,20200529,2,2,45,0,0,0,0,0
7305,7305,20200429,4,1,45,0,0,0,0,0
7306,7306,20200227,1,1,45,0,0,0,0,0
7307,7307,20200524,1,1,45,0,0,0,0,0
7308,7308,20200607,1,2,45,0,0,0,0,0
7309,7309,20201120,1,1,45,166,5,209,5,1
7310,7310,20201222,1,1,45,0,0,0,0,0
7311,7311,20201030,1,5,45,0,0,0,0,0
7312,7312,20210211,1,2,45,0,0,0,0,0
7313,7313,20210426,1,5,45,0,0,0,0,0
7314,7314,20210819,1,2,45,0,0,0,0,0
7315,7315,20220103,1,2,45,0,0,0,0,0
7316,7316,20220926,1,1,45,0,0,0,0,0
7317,7317,20220612,4,1,45,0,0,0,0,0
7318,7318,20220726,4,1,45,0,0,0,0,0
7319,7319,20230210,4,1,45,0,0,0,0,0
7320,7320,20220730,1,5,45,0,0,0,0,0
7321,7321,20210108,1,2,45,11,0,11,0,1
7322,7322,20211205,4,1,45,0,0,0,0,0
7323,7323,20211103,1,19,45,0,0,0,0,0
7324,7324,20200410,1,11,45,0,0,0,0,0
7325,7325,20210107,1,1,45,0,0,0,0,0
7326,7326,20220424,1,1,45,0,0,0,0,0
7327,7327,20200417,1,1,45,0,0,0,0,0
7328,7328,20210106,1,1,45,0,0,0,0,0
7329,7329,20210823,1,1,45,0,0,0,0,0
7330,7330,20220204,1,1,45,0,0,0,0,0
7331,7331,20201211,1,1,45,0,0,0,0,0
7332,7332,20210325,1,2,45,0,0,0,0,0
7333,7333,20210325,1,2,45,0,0,0,0,0
7334,7334,20210905,1,1,45,0,0,0,0,0
7335,7335,20211013,1,1,45,0,0,0,0,0
7336,7336,20230130,1,1,45,0,0,0,0,0
7337,7337,20220130,1,1,45,0,0,0,0,0
7338,7338,20220110,1,2,45,0,0,0,0,0
7339,7339,20220421,1,5,45,0,0,0,0,0
7340,7340,20220725,1,1,45,0,0,0,0,0
7341,7341,20220830,1,1,45,0,0,0,0,0
7342,7342,20221011,1,2,45,0,0,0,0,0
7343,7343,20220603,1,5,45,0,0,0,0,0
7344,7344,20200829,1,5,45,0,0,0,0,0
7345,7345,20200326,1,2,45,0,0,0,0,0
7346,7346,20200930,1,2,45,0,0,0,0,0
7347,7347,20210414,1,1,45,0,0,0,0,0
7348,7348,20200124,1,1,45,0,0,0,0,0
7349,7349,20200916,1,19,45,0,0,0,0,0
7350,7350,20200809,1,16,45,0,0,0,0,0
7351,7351,20211123,1,5,45,0,0,0,0,0
7352,7352,20200528,3,11,45,0,0,0,0,0
7353,7353,20200724,1,5,45,0,0,0,0,0
7354,7354,20201225,1,2,45,47,0,47,0,1
7355,7355,20200908,1,1,45,0,0,0,0,0
7356,7356,20200717,1,1,45,57,20,50,20,1
7357,7357,20200924,3,11,45,0,0,0,0,0
7358,7358,20201008,1,11,45,0,0,0,0,0
7359,7359,20201024,1,1,30,0,0,0,0,0
7360,7360,20220119,4,5,45,0,0,0,0,0
7361,7361,20210203,1,2,45,0,0,0,0,0
7362,7362,20210209,1,1,45,0,0,0,0,0
7363,7363,20210319,3,5,45,0,0,0,0,0
7364,7364,20210721,1,1,45,184,0,240,0,1
7365,7365,20210402,1,5,45,0,0,0,0,0
7366,7366,20210930,1,5,45,0,0,0,0,0
7367,7367,20210630,1,11,45,0,0,0,0,0
7368,7368,20210723,1,2,45,0,0,0,0,0
7369,7369,20210720,1,2,45,0,0,0,0,0
7370,7370,20210825,1,2,45,0,0,0,0,0
7371,7371,20211207,1,1,45,0,0,0,0,0
7372,7372,20220131,1,2,45,0,0,0,0,0
7373,7373,20220601,1,1,30,7,0,7,0,1
7374,7374,20220609,2,1,45,0,0,0,0,0
7375,7375,20220826,1,5,45,0,0,0,0,0
7376,7376,20220715,1,1,45,35,0,35,0,1
7377,7377,20200408,1,5,45,0,0,0,0,0
7378,7378,20201119,1,1,45,0,0,0,0,0
7379,7379,20220504,1,1,45,0,0,0,0,0
7380,7380,20200622,1,11,45,0,0,0,0,0
7381,7381,20201021,1,2,45,0,0,0,0,0
7382,7382,20200807,1,2,45,0,0,0,0,0
7383,7383,20210624,1,5,45,0,0,0,0,0
7384,7384,20200924,1,11,45,0,0,0,0,0
7385,7385,20201108,1,2,45,0,0,0,0,0
7386,7386,20210112,1,1,45,0,0,0,0,0
7387,7387,20201215,2,5,45,0,0,0,0,0
7388,7388,20210108,1,2,45,0,0,0,0,0
7389,7389,20210430,1,1,45,0,0,0,0,0
7390,7390,20210312,2,1,30,0,0,0,0,0
7391,7391,20210408,1,2,45,0,0,0,0,0
7392,7392,20211024,1,5,45,0,0,0,0,0
7393,7393,20210908,2,2,45,0,0,0,0,0
7394,7394,20221105,1,1,45,0,0,0,0,0
7395,7395,20211119,1,1,45,0,0,0,0,0
7396,7396,20230304,1,1,45,0,0,0,0,0
7397,7397,20211028,1,1,45,0,0,0,0,0
7398,7398,20220711,1,5,45,0,0,0,0,0
7399,7399,20230215,1,1,45,30,0,29,0,1
7400,7400,20230220,1,1,45,0,0,0,0,0
7401,7401,20200120,1,1,45,0,0,0,0,0
7402,7402,20201119,1,5,45,0,0,0,0,0
7403,7403,20200115,1,2,45,0,0,0,0,0
7404,7404,20210205,1,1,45,0,0,0,0,0
7405,7405,20200430,1,2,45,0,0,0,0,0
7406,7406,20200118,1,5,45,0,0,0,0,0
7407,7407,20200410,1,1,45,0,0,0,0,0
7408,7408,20200303,3,9,45,0,0,0,0,0
7409,7409,20200317,1,9,30,0,0,0,0,0
7410,7410,20200624,1,1,45,0,0,0,0,0
7411,7411,20200821,4,5,45,0,0,0,0,0
7412,7412,20200805,1,11,45,0,0,0,0,0
7413,7413,20200820,3,14,45,144,0,144,0,1
7414,7414,20200917,1,11,45,0,0,0,0,0
7415,7415,20201201,1,2,45,0,0,0,0,0
7416,7416,20230605,1,1,45,0,0,0,0,0
7417,7417,20211109,4,2,45,0,0,0,0,0
7418,7418,20211009,1,1,45,3,0,3,0,1
7419,7419,20210505,3,2,45,0,0,0,0,0
7420,7420,20211020,1,2,45,0,0,0,0,0
7421,7421,20221002,1,11,45,0,0,0,0,0
7422,7422,20211018,1,1,45,0,0,0,0,0
7423,7423,20220127,2,1,45,0,0,0,0,0
7424,7424,20211007,1,5,45,0,0,0,0,0
7425,7425,20220909,1,1,45,0,0,0,0,0
7426,7426,20220524,1,5,45,0,0,0,0,0
7427,7427,20220615,1,2,45,0,0,0,0,0
7428,7428,20200525,1,9,45,0,0,0,0,0
7429,7429,20200814,1,1,45,0,0,0,0,0
7430,7430,20210207,1,9,45,0,0,0,0,0
7431,7431,20200326,1,11,45,0,0,0,0,0
7432,7432,20200310,1,1,45,0,0,0,0,0
7433,7433,20200601,1,6,47,0,0,0,0,0
7434,7434,20200117,3,11,45,0,0,0,0,0
7435,7435,20200330,3,1,45,0,0,0,0,0
7436,7436,20200216,1,11,45,0,0,0,0,0
7437,7437,20200124,1,16,45,0,0,0,0,0
7438,7438,20200429,3,1,45,0,0,0,0,0
7439,7439,20200731,1,16,45,0,0,0,0,0
7440,7440,20200426,4,1,45,0,0,0,0,0
7441,7441,20200615,3,2,45,0,0,0,0,0
7442,7442,20200702,1,1,45,0,0,0,0,0
7443,7443,20200604,1,5,45,0,0,0,0,0
7444,7444,20200803,1,1,45,0,0,0,0,0
7445,7445,20200525,1,5,45,0,0,0,0,0
7446,7446,20200807,3,11,45,0,0,0,0,0
7447,7447,20210618,1,11,45,0,0,0,0,0
7448,7448,20201216,3,16,45,3943,0,3943,0,1
7449,7449,20201104,1,2,45,0,0,0,0,0
7450,7450,20220603,1,5,45,0,0,0,0,0
7451,7451,20201004,4,1,45,0,0,0,0,0
7452,7452,20210209,1,5,45,0,0,0,0,0
7453,7453,20201202,1,1,45,0,0,0,0,0
7454,7454,20210305,1,2,45,0,0,0,0,0
7455,7455,20201020,1,2,45,0,0,0,0,0
7456,7456,20201221,1,1,45,0,0,0,0,0
7457,7457,20210226,1,2,45,0,0,0,0,0
7458,7458,20210625,1,2,45,0,0,0,0,0
7459,7459,20210806,1,1,30,0,0,0,0,0
7460,7460,20211104,1,5,45,0,0,0,0,0
7461,7461,20211215,1,1,45,0,0,0,0,0
7462,7462,20220421,4,2,45,0,0,0,0,0
7463,7463,20230220,4,5,45,219,0,219,0,1
7464,7464,20200429,1,1,45,66,0,66,0,1
7465,7465,20200504,4,1,45,0,0,0,0,0
7466,7466,20200109,3,1,45,0,0,0,0,0
7467,7467,20200104,1,11,45,0,0,0,0,0
7468,7468,20200520,1,1,45,0,0,0,0,0
7469,7469,20200825,1,18,45,26,0,26,0,1
7470,7470,20200416,1,1,45,0,0,0,0,0
7471,7471,20200422,1,3,54,0,0,0,0,0
7472,7472,20200512,1,2,45,0,0,0,0,0
7473,7473,20200810,3,1,45,0,0,0,0,0
7474,7474,20201116,1,2,45,0,0,0,0,0
7475,7475,20200629,1,1,45,0,0,0,0,0
7476,7476,20201116,1,11,45,0,0,0,0,0
7477,7477,20200922,3,2,45,0,0,0,0,0
7478,7478,20201009,1,9,45,0,0,0,0,0
7479,7479,20210415,1,2,45,0,0,0,0,0
7480,7480,20211222,1,1,45,0,0,0,0,0
7481,7481,20210326,1,5,30,14,0,14,0,1
7482,7482,20210226,2,1,45,0,0,0,0,0
7483,7483,20220224,1,2,45,0,0,0,0,0
7484,7484,20210618,1,5,45,0,0,0,0,0
7485,7485,20210828,1,11,45,0,0,0,0,0
7486,7486,20210923,1,2,45,0,0,0,0,0
7487,7487,20220413,3,1,45,0,0,0,0,0
7488,7488,20220114,1,1,45,0,0,0,0,0
7489,7489,20220303,1,11,45,0,0,0,0,0
7490,7490,20220517,1,11,45,0,0,0,0,0
7491,7491,20220517,1,1,45,0,0,0,0,0
7492,7492,20221024,2,1,45,0,0,0,0,0
7493,7493,20221117,1,5,45,0,0,0,0,0
7494,7494,20220728,1,1,45,0,0,0,0,0
7495,7495,20200522,1,1,30,0,0,0,0,0
7496,7496,20210729,1,1,45,0,0,0,0,0
7497,7497,20200110,1,1,45,0,0,0,0,0
7498,7498,20200220,1,1,45,0,0,0,0,0
7499,7499,20201124,1,11,45,0,0,0,0,0
7500,7500,20201022,2,1,45,0,0,0,0,0
7501,7501,20200106,1,1,45,0,0,0,0,0
7502,7502,20210331,4,5,45,0,0,0,0,0
7503,7503,20200313,1,2,45,0,0,0,0,0
7504,7504,20200505,1,2,45,19,0,19,0,1
7505,7505,20200507,1,5,45,0,0,0,0,0
7506,7506,20211123,1,1,45,0,0,0,0,0
7507,7507,20210820,1,2,45,0,0,0,0,0
7508,7508,20200923,1,1,45,0,0,0,0,0
7509,7509,20210422,1,1,45,0,0,0,0,0
7510,7510,20210328,1,2,45,0,0,0,0,0
7511,7511,20210216,1,2,45,0,0,0,0,0
7512,7512,20210602,1,2,45,0,0,0,0,0
7513,7513,20210224,1,1,45,0,0,0,0,0
7514,7514,20210331,1,2,45,0,0,0,0,0
7515,7515,20210323,1,1,17,0,0,0,0,0
7516,7516,20210324,1,5,45,0,0,0,0,0
7517,7517,20210729,1,5,45,0,0,0,0,0
7518,7518,20220404,1,5,45,0,0,0,0,0
7519,7519,20220420,1,2,45,0,0,0,0,0
7520,7520,20220519,1,1,45,0,0,0,0,0
7521,7521,20220929,1,1,45,0,0,0,0,0
7522,7522,20220801,4,1,45,0,0,0,0,0
7523,7523,20221028,1,1,45,0,0,0,0,0
7524,7524,20221119,1,5,45,0,0,0,0,0
7525,7525,20230922,3,2,45,0,0,0,0,0
7526,7526,20200201,1,2,45,0,0,0,0,0
7527,7527,20230223,1,18,45,2461,204,1586,218,1
7528,7528,20200129,1,1,45,0,0,0,0,0
7529,7529,20200613,1,1,45,0,0,0,0,0
7530,7530,20201120,2,5,45,0,0,0,0,0
7531,7531,20200316,1,1,45,105,0,76,0,1
7532,7532,20200417,1,16,45,0,0,0,0,0
7533,7533,20200618,1,16,45,121942,0,121942,0,1
7534,7534,20201221,1,1,45,0,0,0,0,0
7535,7535,20230126,4,1,45,123,0,123,0,1
7536,7536,20201203,1,1,45,0,0,0,0,0
7537,7537,20201211,1,1,45,0,0,0,0,0
7538,7538,20211029,1,1,45,0,0,0,0,0
7539,7539,20210122,4,5,45,0,0,0,0,0
7540,7540,20210127,1,1,45,0,0,0,0,0
7541,7541,20210331,1,1,45,0,0,0,0,0
7542,7542,20210430,1,5,45,0,0,0,0,0
7543,7543,20210720,1,5,45,0,0,0,0,0
7544,7544,20210723,1,2,45,0,0,0,0,0
7545,7545,20210728,1,1,45,0,0,0,0,0
7546,7546,20211025,1,2,45,0,0,0,0,0
7547,7547,20221003,1,2,45,0,0,0,0,0
7548,7548,20211209,1,1,45,0,0,0,0,0
7549,7549,20211215,1,1,45,0,0,0,0,0
7550,7550,20220108,1,1,45,0,0,0,0,0
7551,7551,20220125,1,1,45,0,0,0,0,0
7552,7552,20220128,1,1,45,0,0,0,0,0
7553,7553,20220722,4,11,45,0,0,0,0,0
7554,7554,20220722,1,5,45,0,0,0,0,0
7555,7555,20220802,1,1,45,0,0,0,0,0
7556,7556,20210320,1,1,45,0,0,0,0,0
7557,7557,20221020,4,5,45,0,0,0,0,0
7558,7558,20200522,2,11,45,0,0,0,0,0
7559,7559,20200225,1,1,45,113,0,226,0,1
7560,7560,20220322,4,5,45,0,0,0,0,0
7561,7561,20200313,4,5,45,0,0,0,0,0
7562,7562,20200324,4,1,45,0,0,0,0,0
7563,7563,20200522,1,1,30,0,0,0,0,0
7564,7564,20200430,2,1,45,225,0,278,0,1
7565,7565,20210908,3,2,45,0,0,0,0,0
7566,7566,20200214,1,2,45,0,0,0,0,0
7567,7567,20200729,1,11,45,0,0,0,0,0
7568,7568,20201014,1,1,45,0,0,0,0,0
7569,7569,20210408,1,5,45,0,0,0,0,0
7570,7570,20200518,1,1,45,0,0,0,0,0
7571,7571,20200719,1,1,45,0,0,0,0,0
7572,7572,20211125,4,2,45,0,0,0,0,0
7573,7573,20201023,2,1,45,0,0,0,0,0
7574,7574,20200924,1,1,30,0,0,0,0,0
7575,7575,20210520,1,1,45,0,0,0,0,0
7576,7576,20210305,1,2,45,0,0,0,0,0
7577,7577,20210423,1,1,45,0,0,0,0,0
7578,7578,20210315,1,1,45,0,0,0,0,0
7579,7579,20210725,1,18,45,0,0,0,0,0
7580,7580,20210621,1,2,45,0,0,0,0,0
7581,7581,20211215,1,1,45,0,0,0,0,0
7582,7582,20210730,1,5,45,0,0,0,0,0
7583,7583,20210816,1,2,45,0,0,0,0,0
7584,7584,20230911,1,5,45,0,0,0,0,0
7585,7585,20220202,1,2,45,0,0,0,0,0
7586,7586,20220922,1,1,45,0,0,0,0,0
7587,7587,20220819,1,1,45,0,0,0,0,0
7588,7588,20220529,1,2,45,0,0,0,0,0
7589,7589,20220910,1,5,45,0,0,0,0,0
7590,7590,20201112,1,1,30,82,0,124,0,1
7591,7591,20200130,4,2,45,0,0,0,0,0
7592,7592,20210715,1,2,45,0,0,0,0,0
7593,7593,20200723,1,1,45,0,0,0,0,0
7594,7594,20230329,1,11,45,0,0,0,0,0
7595,7595,20210118,4,1,45,0,0,0,0,0
7596,7596,20210405,2,2,45,0,0,0,0,0
7597,7597,20210610,1,5,45,0,0,0,0,0
7598,7598,20210617,1,1,45,0,0,0,0,0
7599,7599,20220105,1,1,45,0,0,0,0,0
7600,7600,20241101,1,11,45,0,0,0,0,0
7601,7601,20220627,1,2,45,0,0,0,0,0
7602,7602,20200105,1,1,45,0,0,0,0,0
7603,7603,20200719,1,1,45,0,0,0,0,0
7604,7604,20200410,1,1,45,0,0,0,0,0
7605,7605,20200227,4,2,45,15,0,15,0,1
7606,7606,20200826,1,2,45,0,0,0,0,0
7607,7607,20201204,1,1,30,108,0,178,0,1
7608,7608,20200611,1,1,30,0,0,0,0,0
7609,7609,20200827,1,2,45,49,0,49,0,1
7610,7610,20201009,1,1,45,0,0,0,0,0
7611,7611,20200221,3,2,45,0,0,0,0,0
7612,7612,20210531,4,1,45,0,0,0,0,0
7613,7613,20220807,2,2,45,0,0,0,0,0
7614,7614,20210112,1,1,45,0,0,0,0,0
7615,7615,20200820,3,9,45,0,0,0,0,0
7616,7616,20200924,1,5,45,0,0,0,0,0
7617,7617,20201001,1,1,45,0,0,0,0,0
7618,7618,20210303,1,9,30,0,0,0,0,0
7619,7619,20201219,1,5,45,93,0,90,0,1
7620,7620,20210201,1,1,30,0,0,0,0,0
7621,7621,20201111,1,2,45,2811,0,2811,0,1
7622,7622,20201221,3,11,45,0,0,0,0,0
7623,7623,20201012,1,2,45,467,0,867,0,1
7624,7624,20201206,1,1,45,0,0,0,0,0
7625,7625,20210204,1,1,45,0,0,0,0,0
7626,7626,20210407,3,1,45,0,0,0,0,0
7627,7627,20210518,1,1,45,0,0,0,0,0
7628,7628,20210809,3,2,45,0,0,0,0,0
7629,7629,20210927,1,1,45,0,0,0,0,0
7630,7630,20200109,1,1,45,0,0,0,0,0
7631,7631,20221128,4,2,45,0,0,0,0,0
7632,7632,20210809,1,1,45,13,0,13,0,1
7633,7633,20200729,1,1,45,0,0,0,0,0
7634,7634,20210610,4,5,45,0,0,0,0,0
7635,7635,20200411,1,5,45,0,0,0,0,0
7636,7636,20200131,4,2,45,0,0,0,0,0
7637,7637,20200121,1,1,45,233,0,277,0,1
7638,7638,20200109,1,11,45,0,0,0,0,0
7639,7639,20200120,1,2,45,0,0,0,0,0
7640,7640,20200628,1,2,45,0,0,0,0,0
7641,7641,20200117,1,1,30,0,0,0,0,0
7642,7642,20200205,2,1,45,0,0,0,0,0
7643,7643,20200127,3,1,45,23,0,23,0,1
7644,7644,20200228,1,1,45,0,0,0,0,0
7645,7645,20210302,1,2,45,0,0,0,0,0
7646,7646,20200515,1,5,30,0,0,0,0,0
7647,7647,20200521,1,2,45,0,0,0,0,0
7648,7648,20200316,4,1,45,0,0,0,0,0
7649,7649,20200320,1,1,45,0,0,0,0,0
7650,7650,20210419,1,5,45,0,0,0,0,0
7651,7651,20200504,1,1,45,0,0,0,0,0
7652,7652,20200619,1,1,45,0,0,0,0,0
7653,7653,20250203,4,5,45,0,0,0,0,0
7654,7654,20200609,1,1,45,0,0,0,0,0
7655,7655,20200925,1,5,45,0,0,0,0,0
7656,7656,20201001,1,11,45,0,0,0,0,0
7657,7657,20201102,1,1,45,0,0,0,0,0
7658,7658,20201225,1,1,45,0,0,0,0,0
7659,7659,20210105,1,3,59,0,0,0,0,0
7660,7660,20210402,1,5,45,0,0,0,0,0
7661,7661,20210203,1,5,45,0,0,0,0,0
7662,7662,20211007,2,1,45,0,0,0,0,0
7663,7663,20210331,1,5,45,0,0,0,0,0
7664,7664,20210430,1,2,45,0,0,0,0,0
7665,7665,20220623,1,2,45,0,0,0,0,0
7666,7666,20220610,1,5,45,0,0,0,0,0
7667,7667,20220314,1,2,45,0,0,0,0,0
7668,7668,20220518,1,5,45,0,0,0,0,0
7669,7669,20220708,1,2,45,0,0,0,0,0
7670,7670,20200821,1,1,45,0,0,0,0,0
7671,7671,20220810,1,1,45,0,0,0,0,0
7672,7672,20200826,1,2,45,0,0,0,0,0
7673,7673,20201203,1,1,45,0,0,0,0,0
7674,7674,20220916,1,1,45,0,0,0,0,0
7675,7675,20221013,1,1,45,0,0,0,0,0
7676,7676,20221117,1,2,45,0,0,0,0,0
7677,7677,20230221,1,11,45,0,0,0,0,0
7678,7678,20220124,2,2,45,0,0,0,0,0
7679,7679,20220912,1,1,45,0,0,0,0,0
7680,7680,20221103,1,2,45,0,0,0,0,0
7681,7681,20200506,1,1,45,0,0,0,0,0
7682,7682,20200210,1,2,45,0,0,0,0,0
7683,7683,20210429,1,1,45,0,0,0,0,0
7684,7684,20200529,1,9,45,0,0,0,0,0
7685,7685,20200710,1,1,45,0,0,0,0,0
7686,7686,20201009,1,1,45,0,0,0,0,0
7687,7687,20211005,1,11,45,0,0,0,0,0
7688,7688,20200930,4,2,45,0,0,0,0,0
7689,7689,20201019,1,1,45,0,0,0,0,0
7690,7690,20201028,1,5,45,0,0,0,0,0
7691,7691,20201211,1,5,45,0,0,0,0,0
7692,7692,20211210,1,2,45,0,0,0,0,0
7693,7693,20201205,1,2,45,0,0,0,0,0
7694,7694,20210319,1,1,45,0,0,0,0,0
7695,7695,20210423,2,16,45,0,0,0,0,0
7696,7696,20211013,1,1,45,0,0,0,0,0
7697,7697,20200806,1,1,45,0,0,0,0,0
7698,7698,20200901,1,2,45,0,0,0,0,0
7699,7699,20201021,1,1,45,0,0,0,0,0
7700,7700,20230120,1,1,45,0,0,0,0,0
7701,7701,20201009,1,2,45,0,0,0,0,0
7702,7702,20210122,4,2,45,0,0,0,0,0
7703,7703,20210115,1,1,45,0,0,0,0,0
7704,7704,20210113,1,11,45,0,0,0,0,0
7705,7705,20210402,1,2,45,0,0,0,0,0
7706,7706,20210419,1,2,45,0,0,0,0,0
7707,7707,20210519,1,5,45,0,0,0,0,0
7708,7708,20210513,1,5,45,0,0,0,0,0
7709,7709,20210603,3,5,45,0,0,0,0,0
7710,7710,20210422,3,1,45,0,0,0,0,0
7711,7711,20210618,1,2,45,0,0,0,0,0
7712,7712,20210601,1,5,45,0,0,0,0,0
7713,7713,20210622,1,1,45,0,0,0,0,0
7714,7714,20210823,1,2,45,0,0,0,0,0
7715,7715,20220505,1,1,45,0,0,0,0,0
7716,7716,20220302,1,11,45,0,0,0,0,0
7717,7717,20220508,1,11,45,0,0,0,0,0
7718,7718,20220523,1,1,45,0,0,0,0,0
7719,7719,20211203,1,2,45,0,0,0,0,0
7720,7720,20220604,1,11,45,0,0,0,0,0
7721,7721,20200220,1,1,45,412,0,412,0,1
7722,7722,20220502,4,1,45,0,0,0,0,0
7723,7723,20220422,4,11,45,0,0,0,0,0
7724,7724,20221226,1,1,45,0,0,0,0,0
7725,7725,20221218,3,5,45,0,0,0,0,0
7726,7726,20200804,1,5,30,0,0,0,0,0
7727,7727,20200211,4,1,45,0,0,0,0,0
7728,7728,20200401,4,5,45,0,0,0,0,0
7729,7729,20210222,1,2,45,0,0,0,0,0
7730,7730,20200609,4,5,45,0,0,0,0,0
7731,7731,20200909,3,11,45,0,0,0,0,0
7732,7732,20230217,4,2,45,125,0,92,0,1
7733,7733,20201209,1,5,45,363,0,403,0,1
7734,7734,20210122,1,5,45,0,0,0,0,0
7735,7735,20201221,1,2,45,0,0,0,0,0
7736,7736,20210303,1,1,45,0,0,0,0,0
7737,7737,20220922,1,1,45,0,0,0,0,0
7738,7738,20210122,1,2,45,0,0,0,0,0
7739,7739,20210521,1,1,45,0,0,0,0,0
7740,7740,20210805,1,9,45,0,0,0,0,0
7741,7741,20210708,1,1,45,0,0,0,0,0
7742,7742,20220228,4,1,45,0,0,0,0,0
7743,7743,20211015,3,5,45,0,0,0,0,0
7744,7744,20211108,1,2,45,0,0,0,0,0
7745,7745,20220126,1,5,45,203,0,203,0,1
7746,7746,20220518,4,5,45,0,0,0,0,0
7747,7747,20220313,1,1,45,0,0,0,0,0
7748,7748,20220509,1,5,45,0,0,0,0,0
7749,7749,20220812,1,5,45,0,0,0,0,0
7750,7750,20220810,1,5,45,0,0,0,0,0
7751,7751,20221013,1,1,45,0,0,0,0,0
7752,7752,20221014,1,5,45,0,0,0,0,0
7753,7753,20230127,1,1,45,0,0,0,0,0
7754,7754,20220719,1,5,45,0,0,0,0,0
7755,7755,20221216,4,5,45,0,0,0,0,0
7756,7756,20200623,3,2,45,346,0,578,0,1
7757,7757,20200216,1,5,45,0,0,0,0,0
7758,7758,20200311,1,5,30,0,0,0,0,0
7759,7759,20200723,1,1,45,0,0,0,0,0
7760,7760,20200428,1,1,45,0,0,0,0,0
7761,7761,20201204,3,1,45,0,0,0,0,0
7762,7762,20200116,1,2,45,0,0,0,0,0
7763,7763,20210908,2,1,30,0,0,0,0,0
7764,7764,20220801,1,1,45,0,0,0,0,0
7765,7765,20200522,1,5,45,0,0,0,0,0
7766,7766,20200117,3,11,45,0,0,0,0,0
7767,7767,20200312,1,1,45,206,0,252,0,1
7768,7768,20200521,1,5,45,0,0,0,0,0
7769,7769,20200531,1,11,45,0,0,0,0,0
7770,7770,20200929,1,11,45,0,0,0,0,0
7771,7771,20200428,1,1,45,0,0,0,0,0
7772,7772,20210223,1,1,45,0,0,0,0,0
7773,7773,20200605,1,2,45,0,0,0,0,0
7774,7774,20201103,3,11,45,0,0,0,0,0
7775,7775,20200711,1,5,30,0,0,0,0,0
7776,7776,20200727,1,1,45,0,0,0,0,0
7777,7777,20210305,1,2,45,0,0,0,0,0
7778,7778,20200810,1,5,45,0,0,0,0,0
7779,7779,20200903,1,1,45,0,0,0,0,0
7780,7780,20201001,1,11,45,0,0,0,0,0
7781,7781,20201007,3,5,45,0,0,0,0,0
7782,7782,20200918,1,14,45,0,0,0,0,0
7783,7783,20201228,1,11,45,0,0,0,0,0
7784,7784,20210121,1,1,45,159,0,96,0,1
7785,7785,20200421,1,1,45,0,0,0,0,0
7786,7786,20210125,1,1,45,0,0,0,0,0
7787,7787,20210328,1,11,45,0,0,0,0,0
7788,7788,20210416,1,2,45,0,0,0,0,0
7789,7789,20200527,1,11,45,0,0,0,0,0
7790,7790,20210623,1,5,45,0,0,0,0,0
7791,7791,20230310,1,1,45,0,0,0,0,0
7792,7792,20211203,1,1,45,0,0,0,0,0
7793,7793,20220225,1,11,45,0,0,0,0,0
7794,7794,20220311,1,1,45,0,0,0,0,0
7795,7795,20220315,1,1,45,0,0,0,0,0
7796,7796,20220404,1,11,45,0,0,0,0,0
7797,7797,20221130,1,5,45,0,0,0,0,0
7798,7798,20220624,1,1,45,0,0,0,0,0
7799,7799,20220628,1,1,45,0,0,0,0,0
7800,7800,20200504,1,1,45,0,0,0,0,0
7801,7801,20201023,1,1,45,0,0,0,0,0
7802,7802,20200101,1,1,45,0,0,0,0,0
7803,7803,20200819,4,5,45,0,0,0,0,0
7804,7804,20200427,2,2,45,0,0,0,0,0
7805,7805,20201002,4,2,45,0,0,0,0,0
7806,7806,20200414,1,1,45,0,0,0,0,0
7807,7807,20200516,1,5,45,0,0,0,0,0
7808,7808,20200517,1,2,45,0,0,0,0,0
7809,7809,20200630,1,1,45,0,0,0,0,0
7810,7810,20210419,4,5,45,0,0,0,0,0
7811,7811,20241129,1,2,45,0,0,0,0,0
7812,7812,20201127,4,1,45,0,0,0,0,0
7813,7813,20201210,4,2,45,0,0,0,0,0
7814,7814,20221026,1,5,45,0,0,0,0,0
7815,7815,20200709,3,1,45,0,0,0,0,0
7816,7816,20200717,1,2,45,0,0,0,0,0
7817,7817,20210327,1,1,45,0,0,0,0,0
7818,7818,20220711,1,1,45,0,0,0,0,0
7819,7819,20200720,1,19,45,0,0,0,0,0
7820,7820,20200817,1,1,45,0,0,0,0,0
7821,7821,20211222,4,5,45,2918,0,2918,0,1
7822,7822,20210131,1,16,45,0,0,0,0,0
7823,7823,20220512,1,2,45,0,0,0,0,0
7824,7824,20210723,1,1,45,78,0,102,0,1
7825,7825,20210311,1,1,45,0,0,0,0,0
7826,7826,20210411,1,2,45,0,0,0,0,0
7827,7827,20200514,1,5,45,197,0,246,0,1
7828,7828,20200128,1,1,45,0,0,0,0,0
7829,7829,20200319,1,1,45,0,0,0,0,0
7830,7830,20260624,1,1,45,0,0,0,0,0
7831,7831,20200222,1,1,45,0,0,0,0,0
7832,7832,20200213,1,1,45,0,0,0,0,0
7833,7833,20200802,1,2,45,0,0,0,0,0
7834,7834,20200729,4,2,45,0,0,0,0,0
7835,7835,20201002,1,1,45,0,0,0,0,0
7836,7836,20200618,1,2,45,0,0,0,0,0
7837,7837,20200702,1,1,45,0,0,0,0,0
7838,7838,20200707,2,5,45,0,0,0,0,0
7839,7839,20210226,4,2,45,0,0,0,0,0
7840,7840,20210326,1,1,45,0,0,0,0,0
7841,7841,20210604,1,1,45,0,0,0,0,0
7842,7842,20220330,1,1,45,0,0,0,0,0
7843,7843,20211216,1,1,45,0,0,0,0,0
7844,7844,20220819,1,1,45,0,0,0,0,0
7845,7845,20220923,1,2,45,0,0,0,0,0
7846,7846,20221030,1,2,45,0,0,0,0,0
7847,7847,20210521,1,2,45,0,0,0,0,0
7848,7848,20210527,4,1,45,0,0,0,0,0
7849,7849,20200702,1,1,45,0,0,0,0,0
7850,7850,20200825,1,5,45,0,0,0,0,0
7851,7851,20201022,1,1,45,0,0,0,0,0
7852,7852,20220110,1,9,45,0,0,0,0,0
7853,7853,20201030,1,5,45,0,0,0,0,0
7854,7854,20220418,4,1,45,0,0,0,0,0
7855,7855,20201113,1,9,45,0,0,0,0,0
7856,7856,20201201,1,2,45,103,0,109,0,1
7857,7857,20210115,1,2,45,0,0,0,0,0
7858,7858,20210212,1,5,30,0,0,0,0,0
7859,7859,20230227,1,5,45,268,0,315,0,1
7860,7860,20210506,1,11,45,0,0,0,0,0
7861,7861,20210401,1,5,45,0,0,0,0,0
7862,7862,20210908,1,1,45,0,0,0,0,0
7863,7863,20210910,1,5,45,0,0,0,0,0
7864,7864,20211118,1,5,45,0,0,0,0,0
7865,7865,20220614,1,2,45,0,0,0,0,0
7866,7866,20220728,1,5,45,0,0,0,0,0
7867,7867,20221216,1,11,45,0,0,0,0,0
7868,7868,20210817,1,2,45,0,0,0,0,0
7869,7869,20210907,1,1,45,0,0,0,0,0
7870,7870,20220520,1,1,45,0,0,0,0,0
7871,7871,20201104,1,1,45,0,0,0,0,0
7872,7872,20210630,1,5,45,0,0,0,0,0
7873,7873,20201113,1,1,45,0,0,0,0,0
7874,7874,20210510,1,1,45,0,0,0,0,0
7875,7875,20200320,4,2,45,0,0,0,0,0
7876,7876,20211125,1,5,45,0,0,0,0,0
7877,7877,20200221,4,11,45,0,0,0,0,0
7878,7878,20200319,1,1,45,0,0,0,0,0
7879,7879,20200117,3,5,45,0,0,0,0,0
7880,7880,20200401,3,1,45,0,0,0,0,0
7881,7881,20200414,1,2,45,0,0,0,0,0
7882,7882,20200826,1,2,45,0,0,0,0,0
7883,7883,20201007,1,19,45,0,0,0,0,0
7884,7884,20210102,1,5,45,0,0,0,0,0
7885,7885,20200918,1,5,45,0,0,0,0,0
7886,7886,20220909,4,1,45,0,0,0,0,0
7887,7887,20201014,1,5,45,0,0,0,0,0
7888,7888,20210225,1,11,45,0,0,0,0,0
7889,7889,20201118,1,1,45,0,0,0,0,0
7890,7890,20210405,1,1,45,0,0,0,0,0
7891,7891,20210917,1,2,45,0,0,0,0,0
7892,7892,20201211,1,5,45,0,0,0,0,0
7893,7893,20210411,1,1,45,0,0,0,0,0
7894,7894,20220323,1,2,45,0,0,0,0,0
7895,7895,20211001,1,1,45,0,0,0,0,0
7896,7896,20211105,1,5,45,0,0,0,0,0
7897,7897,20220129,1,1,45,0,0,0,0,0
7898,7898,20220314,1,1,45,0,0,0,0,0
7899,7899,20220408,4,1,45,0,0,0,0,0
7900,7900,20220512,1,11,45,0,0,0,0,0
7901,7901,20220731,1,1,45,0,0,0,0,0
7902,7902,20220706,3,1,45,0,0,0,0,0
7903,7903,20200511,1,2,45,0,0,0,0,0
7904,7904,20200114,1,2,45,0,0,0,0,0
7905,7905,20220617,1,14,45,0,0,0,0,0
7906,7906,20200527,1,5,45,0,0,0,0,0
7907,7907,20201123,4,1,45,0,0,0,0,0
7908,7908,20200724,1,2,45,0,0,0,0,0
7909,7909,20200819,1,1,45,0,0,0,0,0
7910,7910,20220624,2,1,45,0,0,0,0,0
7911,7911,20211027,1,1,45,0,0,0,0,0
7912,7912,20200917,3,2,45,0,0,0,0,0
7913,7913,20201002,1,1,45,0,0,0,0,0
7914,7914,20210121,1,1,30,66,0,114,0,1
7915,7915,20201110,1,5,45,0,0,0,0,0
7916,7916,20201221,3,5,30,0,0,0,0,0
7917,7917,20240627,3,2,30,0,0,0,0,0
7918,7918,20210224,1,2,45,0,0,0,0,0
7919,7919,20210324,3,1,45,0,0,0,0,0
7920,7920,20210126,1,2,45,0,0,0,0,0
7921,7921,20210708,1,1,45,2077,0,3584,0,1
7922,7922,20210225,1,5,45,0,0,0,0,0
7923,7923,20210324,2,2,45,0,0,0,0,0
7924,7924,20210416,1,1,45,0,0,0,0,0
7925,7925,20220526,1,1,45,0,0,0,0,0
7926,7926,20211105,1,11,45,0,0,0,0,0
7927,7927,20220117,1,9,22,0,0,0,0,0
7928,7928,20220526,1,14,45,0,0,0,0,0
7929,7929,20221111,1,5,45,0,0,0,0,0
7930,7930,20221214,1,2,45,0,0,0,0,0
7931,7931,20220513,1,1,45,0,0,0,0,0
7932,7932,20210304,3,1,45,0,0,0,0,0
7933,7933,20200423,3,1,45,706,0,706,0,1
7934,7934,20220924,1,1,45,0,0,0,0,0
7935,7935,20201014,1,2,45,0,0,0,0,0
7936,7936,20200129,1,5,30,0,0,0,0,0
7937,7937,20201013,1,1,45,150,0,24,0,1
7938,7938,20210129,1,5,45,0,0,0,0,0
7939,7939,20210228,1,1,45,0,0,0,0,0
7940,7940,20200901,1,1,30,0,0,0,0,0
7941,7941,20200413,1,2,30,0,0,0,0,0
7942,7942,20201002,1,2,45,0,0,0,0,0
7943,7943,20201030,1,1,45,0,0,0,0,0
7944,7944,20210621,1,1,45,0,0,0,0,0
7945,7945,20201109,1,5,45,0,0,0,0,0
7946,7946,20210331,1,1,45,0,0,0,0,0
7947,7947,20210212,1,2,45,0,0,0,0,0
7948,7948,20210207,1,5,45,0,0,0,0,0
7949,7949,20210415,1,2,45,0,0,0,0,0
7950,7950,20210715,1,1,45,0,0,0,0,0
7951,7951,20211029,1,1,45,0,0,0,0,0
7952,7952,20260315,1,2,45,0,0,0,0,0
7953,7953,20220602,1,1,45,0,0,0,0,0
7954,7954,20220203,1,5,45,37,0,37,0,1
7955,7955,20220210,2,1,45,0,0,0,0,0
7956,7956,20220802,4,11,45,0,0,0,0,0
7957,7957,20220819,4,1,45,0,0,0,0,0
7958,7958,20220502,1,1,45,0,0,0,0,0
7959,7959,20220519,4,2,45,0,0,0,0,0
7960,7960,20220812,1,1,45,0,0,0,0,0
7961,7961,20220704,1,5,45,0,0,0,0,0
7962,7962,20220901,1,1,45,0,0,0,0,0
7963,7963,20220810,1,5,45,0,0,0,0,0
7964,7964,20200722,1,14,45,0,0,0,0,0
7965,7965,20210919,1,1,45,0,0,0,0,0
7966,7966,20230414,1,5,45,0,0,0,0,0
7967,7967,20210819,4,2,45,0,0,0,0,0
7968,7968,20200329,4,5,45,0,0,0,0,0
7969,7969,20200306,1,16,45,68,0,68,0,1
7970,7970,20220113,1,2,45,0,0,0,0,0
7971,7971,20200730,1,1,45,0,0,0,0,0
7972,7972,20200117,3,2,45,0,0,0,0,0
7973,7973,20210410,2,11,45,0,0,0,0,0
7974,7974,20200417,1,1,45,0,0,0,0,0
7975,7975,20201019,1,2,45,0,0,0,0,0
7976,7976,20200619,4,2,45,0,0,0,0,0
7977,7977,20221209,1,2,45,0,0,0,0,0
7978,7978,20200522,4,5,45,0,0,0,0,0
7979,7979,20210325,1,1,45,0,0,0,0,0
7980,7980,20200915,1,1,45,0,0,0,0,0
7981,7981,20201030,1,1,45,0,0,0,0,0
7982,7982,20210113,3,2,45,0,0,0,0,0
7983,7983,20200917,1,1,45,0,0,0,0,0
7984,7984,20201007,1,1,45,0,0,0,0,0
7985,7985,20221006,3,9,30,0,0,0,0,0
7986,7986,20230224,1,1,45,0,0,0,0,0
7987,7987,20210720,2,1,45,0,0,0,0,0
7988,7988,20201211,1,1,45,0,0,0,0,0
7989,7989,20220319,1,1,45,0,0,0,0,0
7990,7990,20210621,1,1,45,0,0,0,0,0
7991,7991,20210401,1,5,45,0,0,0,0,0
7992,7992,20211103,1,1,45,0,0,0,0,0
7993,7993,20220520,3,1,45,0,0,0,0,0
7994,7994,20211111,3,1,30,0,0,0,0,0
7995,7995,20211028,1,2,45,0,0,0,0,0
7996,7996,20200811,3,1,45,0,0,0,0,0
7997,7997,20220203,1,1,45,0,0,0,0,0
7998,7998,20210923,3,2,45,0,0,0,0,0
7999,7999,20220214,1,1,45,0,0,0,0,0
8000,8000,20220125,1,5,30,0,0,0,0,0
8001,8001,20220209,1,2,45,0,0,0,0,0
8002,8002,20220506,1,2,45,0,0,0,0,0
8003,8003,20220316,1,1,45,0,0,0,0,0
8004,8004,20220728,1,11,45,0,0,0,0,0
8005,8005,20220804,1,1,45,0,0,0,0,0
8006,8006,20230127,1,1,45,0,0,0,0,0
8007,8007,20230120,1,1,45,0,0,0,0,0
8008,8008,20210715,1,1,45,0,0,0,0,0
8009,8009,20201009,1,1,45,0,0,0,0,0
8010,8010,20200221,1,5,45,0,0,0,0,0
8011,8011,20200520,1,2,45,0,0,0,0,0
8012,8012,20200323,1,1,45,0,0,0,0,0
8013,8013,20200704,1,1,45,0,0,0,0,0
8014,8014,20200813,1,2,45,0,0,0,0,0
8015,8015,20200214,1,11,45,81,0,96,0,1
8016,8016,20200117,1,2,45,0,0,0,0,0
8017,8017,20200521,1,11,45,0,0,0,0,0
8018,8018,20200802,3,11,45,0,0,0,0,0
8019,8019,20210214,4,2,45,0,0,0,0,0
8020,8020,20200707,1,2,45,0,0,0,0,0
8021,8021,20200819,1,1,45,0,0,0,0,0
8022,8022,20210130,1,1,45,0,0,0,0,0
8023,8023,20200731,2,1,45,0,0,0,0,0
8024,8024,20201204,1,1,45,0,0,0,0,0
8025,8025,20201103,1,1,45,73,0,58,0,1
8026,8026,20210303,3,5,45,0,0,0,0,0
8027,8027,20201125,3,2,45,0,0,0,0,0
8028,8028,20210207,1,5,45,0,0,0,0,0
8029,8029,20211001,1,1,45,0,0,0,0,0
8030,8030,20210529,1,1,45,0,0,0,0,0
8031,8031,20210322,1,5,45,0,0,0,0,0
8032,8032,20210518,1,16,45,0,0,0,0,0
8033,8033,20210924,1,19,45,0,0,0,0,0
8034,8034,20210915,1,2,45,0,0,0,0,0
8035,8035,20220215,1,14,45,0,0,0,0,0
8036,8036,20211028,3,1,45,0,0,0,0,0
8037,8037,20220203,1,1,45,0,0,0,0,0
8038,8038,20220828,1,16,45,0,0,0,0,0
8039,8039,20220615,3,15,45,0,0,0,0,0
8040,8040,20220712,3,11,45,0,0,0,0,0
8041,8041,20201020,1,1,30,0,0,0,0,0
8042,8042,20200327,1,11,45,49,0,49,0,1
8043,8043,20200716,1,2,45,0,0,0,0,0
8044,8044,20210719,1,5,45,0,0,0,0,0
8045,8045,20210626,3,1,45,0,0,0,0,0
8046,8046,20200811,1,2,45,0,0,0,0,0
8047,8047,20200309,4,1,45,0,0,0,0,0
8048,8048,20200710,4,5,30,0,0,0,0,0
8049,8049,20200121,1,1,45,0,0,0,0,0
8050,8050,20200528,1,1,45,23,0,23,0,1
8051,8051,20200227,1,1,45,0,0,0,0,0
8052,8052,20200518,1,1,45,0,0,0,0,0
8053,8053,20200609,1,1,30,0,0,0,0,0
8054,8054,20200518,1,5,45,0,0,0,0,0
8055,8055,20210922,1,1,30,0,0,0,0,0
8056,8056,20210616,1,1,45,0,0,0,0,0
8057,8057,20201206,1,1,45,0,0,0,0,0
8058,8058,20200712,1,1,45,0,0,0,0,0
8059,8059,20210128,1,5,45,0,0,0,0,0
8060,8060,20201027,1,5,45,0,0,0,0,0
8061,8061,20210412,1,2,45,0,0,0,0,0
8062,8062,20210106,1,1,45,0,0,0,0,0
8063,8063,20210623,4,5,45,0,0,0,0,0
8064,8064,20220206,1,1,45,0,0,0,0,0
8065,8065,20211108,4,11,45,0,0,0,0,0
8066,8066,20220503,1,14,45,0,0,0,0,0
8067,8067,20200811,3,1,45,0,0,0,0,0
8068,8068,20230228,4,11,45,13,0,13,0,1
8069,8069,20220124,1,2,45,0,0,0,0,0
8070,8070,20220318,1,1,45,0,0,0,0,0
8071,8071,20220308,1,5,45,0,0,0,0,0
8072,8072,20220608,1,11,45,0,0,0,0,0
8073,8073,20220808,1,1,45,0,0,0,0,0
8074,8074,20220830,1,2,45,0,0,0,0,0
8075,8075,20221128,1,1,45,0,0,0,0,0
8076,8076,20200717,1,2,45,258,0,258,0,1
8077,8077,20210420,1,2,45,0,0,0,0,0
8078,8078,20200124,1,11,45,0,0,0,0,0
8079,8079,20200204,1,1,45,0,0,0,0,0
8080,8080,20200208,1,2,45,0,0,0,0,0
8081,8081,20200323,1,2,45,0,0,0,0,0
8082,8082,20200519,3,1,45,0,0,0,0,0
8083,8083,20210617,1,1,45,0,0,0,0,0
8084,8084,20201012,2,1,45,0,0,0,0,0
8085,8085,20200901,4,1,30,0,0,0,0,0
8086,8086,20201119,1,2,45,0,0,0,0,0
8087,8087,20210506,1,1,45,0,0,0,0,0
8088,8088,20221010,1,1,45,316,0,342,0,1
8089,8089,20210107,3,5,45,4,0,4,0,1
8090,8090,20210330,1,1,45,0,0,0,0,0
8091,8091,20210813,1,11,45,0,0,0,0,0
8092,8092,20210825,1,1,45,0,0,0,0,0
8093,8093,20230123,3,2,45,0,0,0,0,0
8094,8094,20220303,1,2,45,0,0,0,0,0
8095,8095,20210917,1,1,45,0,0,0,0,0
8096,8096,20220516,2,1,45,0,0,0,0,0
8097,8097,20220125,1,1,45,0,0,0,0,0
8098,8098,20220117,1,2,45,0,0,0,0,0
8099,8099,20250802,1,1,45,0,0,0,0,0
8100,8100,20220303,4,5,45,0,0,0,0,0
8101,8101,20220315,1,2,45,0,0,0,0,0
8102,8102,20220827,1,11,45,0,0,0,0,0
8103,8103,20220615,1,2,45,0,0,0,0,0
8104,8104,20221124,1,11,45,0,0,0,0,0
8105,8105,20221117,1,1,45,0,0,0,0,0
8106,8106,20201009,1,1,45,0,0,0,0,0
8107,8107,20200107,1,1,45,0,0,0,0,0
8108,8108,20201228,1,1,45,0,0,0,0,0
8109,8109,20210208,1,1,45,18,0,19,0,1
8110,8110,20210819,1,2,45,0,0,0,0,0
8111,8111,20200930,3,1,45,0,0,0,0,0
8112,8112,20210117,1,2,45,0,0,0,0,0
8113,8113,20200514,1,5,45,0,0,0,0,0
8114,8114,20201017,3,5,30,0,0,0,0,0
8115,8115,20200130,1,1,45,0,0,0,0,0
8116,8116,20200102,1,2,45,0,0,0,0,0
8117,8117,20200207,1,11,45,0,0,0,0,0
8118,8118,20200421,1,5,45,91,0,72,0,1
8119,8119,20200520,1,5,45,0,0,0,0,0
8120,8120,20200529,3,9,45,0,0,0,0,0
8121,8121,20200705,1,1,45,0,0,0,0,0
8122,8122,20200817,1,1,45,0,0,0,0,0
8123,8123,20201028,4,2,45,0,0,0,0,0
8124,8124,20201113,4,1,45,0,0,0,0,0
8125,8125,20200922,4,1,45,0,0,0,0,0
8126,8126,20210130,1,2,45,0,0,0,0,0
8127,8127,20201207,4,1,45,0,0,0,0,0
8128,8128,20201122,1,1,45,0,0,0,0,0
8129,8129,20201224,1,1,45,0,0,0,0,0
8130,8130,20220222,1,1,30,0,0,0,0,0
8131,8131,20211111,1,2,45,0,0,0,0,0
8132,8132,20210203,1,5,45,0,0,0,0,0
8133,8133,20210317,1,2,45,0,0,0,0,0
8134,8134,20210430,1,2,45,0,0,0,0,0
8135,8135,20210602,2,11,45,0,0,0,0,0
8136,8136,20220218,1,1,45,0,0,0,0,0
8137,8137,20210617,1,2,45,0,0,0,0,0
8138,8138,20210802,1,1,45,0,0,0,0,0
8139,8139,20220524,1,5,45,0,0,0,0,0
8140,8140,20211210,1,1,45,0,0,0,0,0
8141,8141,20220106,1,2,45,51,10,43,10,1
8142,8142,20211214,1,1,45,75,0,87,0,1
8143,8143,20220211,1,1,45,0,0,0,0,0
8144,8144,20220301,1,5,45,0,0,0,0,0
8145,8145,20200329,1,1,45,36,0,36,0,1
8146,8146,20200903,1,12,30,0,0,0,0,0
8147,8147,20220701,1,1,45,0,0,0,0,0
8148,8148,20200205,1,2,45,0,0,0,0,0
8149,8149,20200102,1,5,45,0,0,0,0,0
8150,8150,20200224,1,2,45,0,0,0,0,0
8151,8151,20200227,1,2,45,0,0,0,0,0
8152,8152,20200514,3,2,45,0,0,0,0,0
8153,8153,20200623,1,2,45,148,0,120,0,1
8154,8154,20200908,2,5,45,0,0,0,0,0
8155,8155,20220311,1,2,45,0,0,0,0,0
8156,8156,20220322,1,5,45,0,0,0,0,0
8157,8157,20220317,1,5,45,0,0,0,0,0
8158,8158,20221201,4,1,45,0,0,0,0,0
8159,8159,20221121,1,9,30,0,0,0,0,0
8160,8160,20221121,1,14,45,0,0,0,0,0
8161,8161,20210304,1,1,45,0,0,0,0,0
8162,8162,20210520,1,1,45,53,0,45,0,1
8163,8163,20210103,1,1,45,0,0,0,0,0
8164,8164,20201215,3,5,45,0,0,0,0,0
8165,8165,20210408,4,5,45,0,0,0,0,0
8166,8166,20210120,2,1,45,0,0,0,0,0
8167,8167,20210204,2,5,45,0,0,0,0,0
8168,8168,20210401,1,5,45,0,0,0,0,0
8169,8169,20200626,1,11,45,0,0,0,0,0
8170,8170,20201106,1,11,45,0,0,0,0,0
8171,8171,20201101,1,1,30,0,0,0,0,0
8172,8172,20220522,1,5,45,0,0,0,0,0
8173,8173,20210122,1,11,45,0,0,0,0,0
8174,8174,20210511,1,5,30,0,0,0,0,0
8175,8175,20210528,1,1,45,0,0,0,0,0
8176,8176,20211025,4,2,45,0,0,0,0,0
8177,8177,20211104,1,1,45,0,0,0,0,0
8178,8178,20220122,1,5,45,0,0,0,0,0
8179,8179,20221201,1,5,45,111,0,111,0,1
8180,8180,20220520,1,5,45,0,0,0,0,0
8181,8181,20220617,1,5,45,0,0,0,0,0
8182,8182,20220923,1,1,45,0,0,0,0,0
8183,8183,20220225,2,5,45,0,0,0,0,0
8184,8184,20220714,1,2,45,0,0,0,0,0
8185,8185,20220326,1,2,45,0,0,0,0,0
8186,8186,20220330,1,5,45,0,0,0,0,0
8187,8187,20220801,1,5,45,0,0,0,0,0
8188,8188,20230119,1,1,45,0,0,0,0,0
8189,8189,20210120,3,5,45,0,0,0,0,0
8190,8190,20200213,1,16,45,0,0,0,0,0
8191,8191,20200929,1,1,45,0,0,0,0,0
8192,8192,20200214,1,11,45,0,0,0,0,0
8193,8193,20200213,1,1,45,0,0,0,0,0
8194,8194,20211006,1,5,45,442,0,442,0,1
8195,8195,20200616,1,1,45,0,0,0,0,0
8196,8196,20210217,1,11,45,0,0,0,0,0
8197,8197,20201222,1,14,45,0,0,0,0,0
8198,8198,20201124,3,5,45,0,0,0,0,0
8199,8199,20210319,3,2,45,0,0,0,0,0
8200,8200,20201215,1,1,45,0,0,0,0,0
8201,8201,20210222,1,2,45,0,0,0,0,0
8202,8202,20210120,1,5,45,0,0,0,0,0
8203,8203,20210226,1,1,45,0,0,0,0,0
8204,8204,20230119,1,1,45,673,2798,346,5582,1
8205,8205,20220427,1,1,45,0,0,0,0,0
8206,8206,20210831,1,2,45,0,0,0,0,0
8207,8207,20211007,1,1,45,54,0,51,0,1
8208,8208,20221114,3,2,45,32,0,32,0,1
8209,8209,20211113,1,11,45,0,0,0,0,0
8210,8210,20230424,2,1,45,0,0,0,0,0
8211,8211,20210827,1,1,45,0,0,0,0,0
8212,8212,20211005,1,5,45,0,0,0,0,0
8213,8213,20220815,1,1,45,0,0,0,0,0
8214,8214,20211115,1,14,45,0,0,0,0,0
8215,8215,20220902,1,2,45,0,0,0,0,0
8216,8216,20221221,3,1,45,0,0,0,0,0
8217,8217,20230216,1,5,45,0,0,0,0,0
8218,8218,20220817,4,1,45,0,0,0,0,0
8219,8219,20221129,1,5,45,0,0,0,0,0
8220,8220,20221122,1,1,45,0,0,0,0,0
8221,8221,20200430,1,1,30,0,0,0,0,0
8222,8222,20210325,1,5,45,26,0,26,0,1
8223,8223,20200221,1,2,45,0,0,0,0,0
8224,8224,20200329,1,1,45,0,0,0,0,0
8225,8225,20200117,4,5,45,0,0,0,0,0
8226,8226,20200302,1,2,45,0,0,0,0,0
8227,8227,20211203,1,11,45,0,0,0,0,0
8228,8228,20200504,1,2,45,0,0,0,0,0
8229,8229,20210331,1,2,45,13,0,13,0,1
8230,8230,20200616,1,5,45,0,0,0,0,0
8231,8231,20200612,1,1,45,0,0,0,0,0
8232,8232,20200608,1,11,45,0,0,0,0,0
8233,8233,20200609,1,1,45,0,0,0,0,0
8234,8234,20201109,1,1,45,0,0,0,0,0
8235,8235,20210908,1,1,45,0,0,0,0,0
8236,8236,20200908,3,11,45,0,0,0,0,0
8237,8237,20200904,1,5,45,0,0,0,0,0
8238,8238,20201028,2,1,45,0,0,0,0,0
8239,8239,20200917,1,1,45,0,0,0,0,0
8240,8240,20200731,1,1,45,0,0,0,0,0
8241,8241,20210107,1,11,45,0,0,0,0,0
8242,8242,20200103,1,5,45,0,0,0,0,0
8243,8243,20211206,1,1,45,0,0,0,0,0
8244,8244,20200924,3,15,45,0,0,0,0,0
8245,8245,20200224,1,1,45,39,0,39,0,1
8246,8246,20200103,1,1,45,0,0,0,0,0
8247,8247,20200214,1,11,45,0,0,0,0,0
8248,8248,20210204,1,1,45,0,0,0,0,0
8249,8249,20200715,1,5,45,0,0,0,0,0
8250,8250,20200625,1,1,45,0,0,0,0,0
8251,8251,20220115,1,1,45,0,0,0,0,0
8252,8252,20210110,1,1,45,0,0,0,0,0
8253,8253,20210210,1,1,45,0,0,0,0,0
8254,8254,20210201,1,2,45,0,0,0,0,0
8255,8255,20220505,1,2,45,0,0,0,0,0
8256,8256,20210603,1,1,45,0,0,0,0,0
8257,8257,20210407,1,1,45,0,0,0,0,0
8258,8258,20211020,4,11,45,44,0,83,0,1
8259,8259,20210625,1,1,30,0,0,0,0,0
8260,8260,20210610,1,11,45,0,0,0,0,0
8261,8261,20210823,1,5,45,0,0,0,0,0
8262,8262,20220101,1,2,45,0,0,0,0,0
8263,8263,20220615,1,1,45,0,0,0,0,0
8264,8264,20211029,1,1,45,0,0,0,0,0
8265,8265,20220218,1,1,45,0,0,0,0,0
8266,8266,20220808,1,2,45,958,0,1115,0,1
8267,8267,20221229,1,1,45,0,0,0,0,0
8268,8268,20230216,1,14,45,1222,0,1222,0,1
8269,8269,20200724,1,11,45,0,0,0,0,0
8270,8270,20210226,1,5,45,0,0,0,0,0
8271,8271,20200130,3,2,45,52,0,52,0,1
8272,8272,20200226,4,1,30,0,0,0,0,0
8273,8273,20200117,1,1,45,0,0,0,0,0
8274,8274,20200616,1,1,45,0,0,0,0,0
8275,8275,20200117,1,2,45,0,0,0,0,0
8276,8276,20200712,4,2,45,0,0,0,0,0
8277,8277,20200811,1,1,45,0,0,0,0,0
8278,8278,20200605,1,9,45,0,0,0,0,0
8279,8279,20200806,1,1,45,0,0,0,0,0
8280,8280,20210619,4,9,45,0,0,0,0,0
8281,8281,20200703,1,2,45,0,0,0,0,0
8282,8282,20200722,1,2,45,0,0,0,0,0
8283,8283,20200921,1,11,45,0,0,0,0,0
8284,8284,20230817,1,2,45,0,0,0,0,0
8285,8285,20210929,1,5,45,0,0,0,0,0
8286,8286,20211001,1,1,45,0,0,0,0,0
8287,8287,20220204,1,1,30,0,0,0,0,0
8288,8288,20210729,1,5,45,0,0,0,0,0
8289,8289,20211006,1,1,45,0,0,0,0,0
8290,8290,20220720,1,5,45,0,0,0,0,0
8291,8291,20220511,4,11,45,0,0,0,0,0
8292,8292,20220512,1,11,45,0,0,0,0,0
8293,8293,20220729,3,5,30,0,0,0,0,0
8294,8294,20230216,4,1,45,0,0,0,0,0
8295,8295,20220509,1,5,45,214,0,247,0,1
8296,8296,20210204,1,1,45,0,0,0,0,0
8297,8297,20200806,2,5,45,0,0,0,0,0
8298,8298,20200514,3,1,45,4,0,4,0,1
8299,8299,20200220,1,1,45,0,0,0,0,0
8300,8300,20200225,3,11,45,0,0,0,0,0
8301,8301,20200506,1,1,45,0,0,0,0,0
8302,8302,20200325,1,11,45,0,0,0,0,0
8303,8303,20210723,3,1,45,0,0,0,0,0
8304,8304,20200618,2,5,45,0,0,0,0,0
8305,8305,20210128,3,9,45,0,0,0,0,0
8306,8306,20200702,1,1,45,0,0,0,0,0
8307,8307,20200823,1,11,45,0,0,0,0,0
8308,8308,20210526,1,2,45,0,0,0,0,0
8309,8309,20210712,1,2,45,0,0,0,0,0
8310,8310,20201022,1,1,45,0,0,0,0,0
8311,8311,20201215,1,11,45,0,0,0,0,0
8312,8312,20210201,1,5,45,0,0,0,0,0
8313,8313,20210909,1,11,45,0,0,0,0,0
8314,8314,20210706,1,5,45,0,0,0,0,0
8315,8315,20210430,1,5,45,0,0,0,0,0
8316,8316,20210608,1,11,45,0,0,0,0,0
8317,8317,20210621,1,5,45,0,0,0,0,0
8318,8318,20210925,1,5,45,0,0,0,0,0
8319,8319,20220118,1,1,45,0,0,0,0,0
8320,8320,20220226,1,1,45,0,0,0,0,0
8321,8321,20201023,1,1,45,0,0,0,0,0
8322,8322,20220711,1,5,45,0,0,0,0,0
8323,8323,20220620,1,5,45,0,0,0,0,0
8324,8324,20220613,1,5,45,0,0,0,0,0
8325,8325,20220728,1,5,45,0,0,0,0,0
8326,8326,20221129,1,1,45,0,0,0,0,0
8327,8327,20201106,4,1,45,0,0,0,0,0
8328,8328,20200121,3,1,45,0,0,0,0,0
8329,8329,20211026,1,1,45,181,0,261,0,1
8330,8330,20200326,2,1,45,0,0,0,0,0
8331,8331,20200117,1,5,45,0,0,0,0,0
8332,8332,20200409,1,1,45,0,0,0,0,0
8333,8333,20200702,1,1,45,0,0,0,0,0
8334,8334,20200805,1,1,45,97,0,64,0,1
8335,8335,20200515,1,1,45,0,0,0,0,0
8336,8336,20210107,3,2,45,4485,0,8685,0,1
8337,8337,20210110,1,2,45,0,0,0,0,0
8338,8338,20200622,1,1,45,0,0,0,0,0
8339,8339,20230522,1,1,45,287,0,287,0,1
8340,8340,20201120,1,2,45,0,0,0,0,0
8341,8341,20210618,1,5,45,0,0,0,0,0
8342,8342,20200808,1,1,45,0,0,0,0,0
8343,8343,20201020,2,1,45,0,0,0,0,0
8344,8344,20210318,2,2,45,0,0,0,0,0
8345,8345,20210212,1,5,45,0,0,0,0,0
8346,8346,20220119,3,1,45,0,0,0,0,0
8347,8347,20210628,1,11,45,0,0,0,0,0
8348,8348,20210916,1,5,45,0,0,0,0,0
8349,8349,20220324,1,2,45,0,0,0,0,0
8350,8350,20220123,1,5,45,0,0,0,0,0
8351,8351,20220613,1,5,45,0,0,0,0,0
8352,8352,20220725,1,5,45,0,0,0,0,0
8353,8353,20220723,4,1,45,0,0,0,0,0
8354,8354,20221031,4,1,45,0,0,0,0,0
8355,8355,20210813,1,1,45,27,0,27,0,1
8356,8356,20210219,4,11,45,0,0,0,0,0
8357,8357,20200702,1,1,45,0,0,0,0,0
8358,8358,20200107,1,1,30,0,0,0,0,0
8359,8359,20201103,1,11,45,0,0,0,0,0
8360,8360,20220714,4,12,30,0,0,0,0,0
8361,8361,20200404,1,1,30,0,0,0,0,0
8362,8362,20200219,1,11,45,0,0,0,0,0
8363,8363,20210729,1,2,45,0,0,0,0,0
8364,8364,20200701,4,2,45,0,0,0,0,0
8365,8365,20200906,1,1,45,0,0,0,0,0
8366,8366,20200718,1,5,45,0,0,0,0,0
8367,8367,20201229,1,2,45,114,0,136,0,1
8368,8368,20200916,1,2,45,0,0,0,0,0
8369,8369,20221027,1,1,45,0,0,0,0,0
8370,8370,20201109,1,1,45,0,0,0,0,0
8371,8371,20201118,1,5,45,0,0,0,0,0
8372,8372,20201208,1,1,45,69,0,69,0,1
8373,8373,20220407,1,5,30,0,0,0,0,0
8374,8374,20210226,1,5,45,0,0,0,0,0
8375,8375,20210405,1,2,45,0,0,0,0,0
8376,8376,20210322,1,1,45,0,0,0,0,0
8377,8377,20220824,4,2,45,0,0,0,0,0
8378,8378,20211001,1,2,45,0,0,0,0,0
8379,8379,20220707,1,2,45,0,0,0,0,0
8380,8380,20220116,1,2,45,0,0,0,0,0
8381,8381,20220421,4,1,45,0,0,0,0,0
8382,8382,20221112,1,16,45,0,0,0,0,0
8383,8383,20221121,1,11,45,0,0,0,0,0
8384,8384,20210719,1,20,47,0,0,0,0,0
8385,8385,20200416,1,1,45,0,0,0,0,0
8386,8386,20230619,4,11,45,0,0,0,0,0
8387,8387,20200507,1,1,45,0,0,0,0,0
8388,8388,20200217,1,1,45,0,0,0,0,0
8389,8389,20200103,1,5,45,0,0,0,0,0
8390,8390,20201015,1,5,45,0,0,0,0,0
8391,8391,20220920,1,5,45,0,0,0,0,0
8392,8392,20200820,1,1,45,0,0,0,0,0
8393,8393,20210518,3,1,45,0,0,0,0,0
8394,8394,20200323,4,2,45,0,0,0,0,0
8395,8395,20200417,1,2,45,0,0,0,0,0
8396,8396,20200605,1,5,45,1656,0,1656,0,1
8397,8397,20200615,1,1,45,0,0,0,0,0
8398,8398,20200520,1,1,30,0,0,0,0,0
8399,8399,20221216,1,1,45,0,0,0,0,0
8400,8400,20200820,1,11,45,0,0,0,0,0
8401,8401,20220727,1,2,45,0,0,0,0,0
8402,8402,20200717,1,5,45,0,0,0,0,0
8403,8403,20200813,1,5,45,0,0,0,0,0
8404,8404,20201104,1,1,30,0,0,0,0,0
8405,8405,20201015,1,11,45,0,0,0,0,0
8406,8406,20201015,3,11,45,0,0,0,0,0
8407,8407,20201113,1,1,45,0,0,0,0,0
8408,8408,20210120,4,1,45,0,0,0,0,0
8409,8409,20210324,1,1,45,0,0,0,0,0
8410,8410,20210224,1,9,45,0,0,0,0,0
8411,8411,20210315,1,5,45,0,0,0,0,0
8412,8412,20210826,4,1,45,0,0,0,0,0
8413,8413,20210717,1,2,45,0,0,0,0,0
8414,8414,20220222,1,1,45,0,0,0,0,0
8415,8415,20211217,1,1,45,0,0,0,0,0
8416,8416,20240113,1,1,45,0,0,0,0,0
8417,8417,20220218,1,2,45,0,0,0,0,0
8418,8418,20220722,3,1,45,0,0,0,0,0
8419,8419,20220420,1,1,45,0,0,0,0,0
8420,8420,20220803,1,1,45,0,0,0,0,0
8421,8421,20220708,3,2,45,0,0,0,0,0
8422,8422,20251024,1,1,30,0,0,0,0,0
8423,8423,20220729,1,5,45,0,0,0,0,0
8424,8424,20220928,1,2,45,0,0,0,0,0
8425,8425,20230106,1,11,45,38,0,49,0,1
8426,8426,20230214,1,1,45,0,0,0,0,0
8427,8427,20200813,1,1,45,0,0,0,0,0
8428,8428,20200818,2,1,45,0,0,0,0,0
8429,8429,20200519,1,5,45,23,0,23,0,1
8430,8430,20200227,1,5,45,0,0,0,0,0
8431,8431,20201110,1,1,45,253,148,269,148,1
8432,8432,20220708,4,1,45,0,0,0,0,0
8433,8433,20211014,1,1,45,12,0,12,0,1
8434,8434,20200112,1,5,45,0,0,0,0,0
8435,8435,20200103,1,11,45,0,0,0,0,0
8436,8436,20200205,1,1,45,0,0,0,0,0
8437,8437,20200214,3,11,45,0,0,0,0,0
8438,8438,20200404,1,2,30,0,0,0,0,0
8439,8439,20200402,4,2,45,0,0,0,0,0
8440,8440,20200326,2,2,45,0,0,0,0,0
8441,8441,20200501,3,1,45,0,0,0,0,0
8442,8442,20200504,1,2,45,0,0,0,0,0
8443,8443,20201126,1,5,45,0,0,0,0,0
8444,8444,20200707,1,1,45,0,0,0,0,0
8445,8445,20200712,1,5,45,0,0,0,0,0
8446,8446,20200728,1,1,45,0,0,0,0,0
8447,8447,20201028,1,1,45,0,0,0,0,0
8448,8448,20201026,1,2,45,0,0,0,0,0
8449,8449,20201217,3,1,45,240,0,272,0,1
8450,8450,20210101,1,1,45,0,0,0,0,0
8451,8451,20210624,1,5,45,0,0,0,0,0
8452,8452,20210302,1,5,45,0,0,0,0,0
8453,8453,20210320,3,5,45,0,0,0,0,0
8454,8454,20210317,1,19,45,0,0,0,0,0
8455,8455,20210713,1,16,45,0,0,0,0,0
8456,8456,20211015,4,1,45,0,0,0,0,0
8457,8457,20220218,1,1,45,0,0,0,0,0
8458,8458,20211216,1,5,45,0,0,0,0,0
8459,8459,20220511,1,2,45,0,0,0,0,0
8460,8460,20220314,1,5,45,0,0,0,0,0
8461,8461,20220607,1,2,45,0,0,0,0,0
8462,8462,20220316,1,9,45,0,0,0,0,0
8463,8463,20220722,1,5,45,0,0,0,0,0
8464,8464,20220620,1,2,45,0,0,0,0,0
8465,8465,20200220,4,11,45,57,0,75,0,1
8466,8466,20200212,1,14,45,0,0,0,0,0
8467,8467,20200109,1,9,45,0,0,0,0,0
8468,8468,20200729,1,19,45,0,0,0,0,0
8469,8469,20210624,1,2,45,0,0,0,0,0
8470,8470,20200725,1,1,45,0,0,0,0,0
8471,8471,20200924,1,11,45,0,0,0,0,0
8472,8472,20201015,1,2,45,0,0,0,0,0
8473,8473,20211209,1,1,30,0,0,0,0,0
8474,8474,20201023,1,11,45,0,0,0,0,0
8475,8475,20210219,1,2,45,0,0,0,0,0
8476,8476,20220109,1,1,45,0,0,0,0,0
8477,8477,20210521,1,2,45,0,0,0,0,0
8478,8478,20210519,1,2,45,0,0,0,0,0
8479,8479,20210723,1,1,45,0,0,0,0,0
8480,8480,20210929,1,5,45,0,0,0,0,0
8481,8481,20211112,1,1,45,0,0,0,0,0
8482,8482,20211119,1,5,45,0,0,0,0,0
8483,8483,20221102,1,1,30,352,0,358,0,1
8484,8484,20211219,1,1,45,0,0,0,0,0
8485,8485,20220830,1,11,45,0,0,0,0,0
8486,8486,20220303,1,2,45,0,0,0,0,0
8487,8487,20220318,1,2,45,0,0,0,0,0
8488,8488,20220419,1,11,45,0,0,0,0,0
8489,8489,20220804,4,1,45,0,0,0,0,0
8490,8490,20221102,2,1,45,0,0,0,0,0
8491,8491,20241217,4,1,45,0,0,0,0,0
8492,8492,20200218,3,1,45,624,0,233,0,1
8493,8493,20200728,1,5,45,0,0,0,0,0
8494,8494,20200717,1,1,45,0,0,0,0,0
8495,8495,20201117,1,1,45,0,0,0,0,0
8496,8496,20200419,1,5,45,0,0,0,0,0
8497,8497,20200610,1,11,45,0,0,0,0,0
8498,8498,20200505,1,2,45,0,0,0,0,0
8499,8499,20200519,1,5,45,0,0,0,0,0
8500,8500,20200703,1,2,45,0,0,0,0,0
8501,8501,20220606,1,1,45,0,0,0,0,0
8502,8502,20200925,3,9,45,0,0,0,0,0
8503,8503,20210531,1,1,45,0,0,0,0,0
8504,8504,20210701,1,5,45,0,0,0,0,0
8505,8505,20210107,1,1,45,0,0,0,0,0
8506,8506,20210303,1,1,45,0,0,0,0,0
8507,8507,20210215,1,2,45,0,0,0,0,0
8508,8508,20231027,2,11,45,191,0,191,0,1
8509,8509,20210423,1,11,45,0,0,0,0,0
8510,8510,20210628,3,5,45,0,0,0,0,0
8511,8511,20211006,1,5,45,0,0,0,0,0
8512,8512,20220218,1,11,45,0,0,0,0,0
8513,8513,20220621,3,11,45,0,0,0,0,0
8514,8514,20220216,1,1,45,0,0,0,0,0
8515,8515,20220130,1,2,45,0,0,0,0,0
8516,8516,20220213,1,11,45,0,0,0,0,0
8517,8517,20220321,1,5,45,0,0,0,0,0
8518,8518,20221027,1,1,45,0,0,0,0,0
8519,8519,20200331,1,2,45,0,0,0,0,0
8520,8520,20200612,1,5,45,0,0,0,0,0
8521,8521,20200128,3,2,45,0,0,0,0,0
8522,8522,20200716,4,1,45,0,0,0,0,0
8523,8523,20220906,1,1,45,0,0,0,0,0
8524,8524,20200507,4,19,45,0,0,0,0,0
8525,8525,20200128,1,1,45,0,0,0,0,0
8526,8526,20200217,2,2,45,0,0,0,0,0
8527,8527,20210106,1,1,45,0,0,0,0,0
8528,8528,20200716,3,1,45,0,0,0,0,0
8529,8529,20210720,1,1,45,0,0,0,0,0
8530,8530,20220413,1,1,45,0,0,0,0,0
8531,8531,20210129,1,1,45,0,0,0,0,0
8532,8532,20210118,1,2,45,0,0,0,0,0
8533,8533,20220713,1,1,45,0,0,0,0,0
8534,8534,20210802,1,11,45,0,0,0,0,0
8535,8535,20210730,1,2,45,0,0,0,0,0
8536,8536,20210712,1,1,45,0,0,0,0,0
8537,8537,20220506,1,2,30,84,0,84,0,1
8538,8538,20210917,1,5,45,0,0,0,0,0
8539,8539,20220309,1,5,45,0,0,0,0,0
8540,8540,20201112,1,1,45,301,0,328,0,1
8541,8541,20210618,1,1,45,0,0,0,0,0
8542,8542,20200909,2,2,45,0,0,0,0,0
8543,8543,20200226,1,11,45,508,0,508,0,1
8544,8544,20200528,1,1,45,0,0,0,0,0
8545,8545,20211227,1,11,45,0,0,0,0,0
8546,8546,20200214,1,5,45,0,0,0,0,0
8547,8547,20200428,1,1,30,0,0,0,0,0
8548,8548,20200601,1,2,45,0,0,0,0,0
8549,8549,20210511,2,2,45,0,0,0,0,0
8550,8550,20240413,1,1,45,0,0,0,0,0
8551,8551,20210129,4,11,45,0,0,0,0,0
8552,8552,20230601,1,1,45,0,0,0,0,0
8553,8553,20220131,1,1,45,0,0,0,0,0
8554,8554,20201031,1,1,45,0,0,0,0,0
8555,8555,20220108,1,1,45,0,0,0,0,0
8556,8556,20240206,3,2,45,0,0,0,0,0
8557,8557,20210518,4,11,45,0,0,0,0,0
8558,8558,20201204,1,1,45,0,0,0,0,0
8559,8559,20220128,1,2,45,0,0,0,0,0
8560,8560,20201230,4,15,45,0,0,0,0,0
8561,8561,20210315,1,5,45,0,0,0,0,0
8562,8562,20210708,1,1,45,0,0,0,0,0
8563,8563,20210625,4,1,45,0,0,0,0,0
8564,8564,20220817,1,2,45,0,0,0,0,0
8565,8565,20220523,3,5,45,0,0,0,0,0
8566,8566,20210530,1,1,45,0,0,0,0,0
8567,8567,20210616,1,2,45,0,0,0,0,0
8568,8568,20210917,1,1,45,0,0,0,0,0
8569,8569,20210720,1,16,45,0,0,0,0,0
8570,8570,20210817,1,1,45,0,0,0,0,0
8571,8571,20210909,1,1,45,0,0,0,0,0
8572,8572,20211109,1,1,45,0,0,0,0,0
8573,8573,20211118,1,1,45,0,0,0,0,0
8574,8574,20211123,1,2,45,0,0,0,0,0
8575,8575,20220301,1,5,45,0,0,0,0,0
8576,8576,20220416,1,11,45,0,0,0,0,0
8577,8577,20230203,1,1,45,0,0,0,0,0
8578,8578,20221021,4,5,45,0,0,0,0,0
8579,8579,20200223,3,1,45,0,0,0,0,0
8580,8580,20200416,4,11,30,6064,0,6064,0,1
8581,8581,20210226,4,19,45,0,0,0,0,0
8582,8582,20220720,1,1,45,0,0,0,0,0
8583,8583,20200515,1,2,45,0,0,0,0,0
8584,8584,20200902,1,1,45,0,0,0,0,0
8585,8585,20201202,1,1,45,8,0,8,0,1
8586,8586,20200925,1,1,45,0,0,0,0,0
8587,8587,20200814,1,5,45,0,0,0,0,0
8588,8588,20201022,3,1,45,0,0,0,0,0
8589,8589,20200903,1,5,45,0,0,0,0,0
8590,8590,20201118,1,1,45,0,0,0,0,0
8591,8591,20210221,1,1,45,0,0,0,0,0
8592,8592,20210218,1,2,45,0,0,0,0,0
8593,8593,20210715,2,5,45,0,0,0,0,0
8594,8594,20210816,1,2,45,0,0,0,0,0
8595,8595,20210813,1,1,45,0,0,0,0,0
8596,8596,20211028,1,11,45,0,0,0,0,0
8597,8597,20220120,1,5,45,0,0,0,0,0
8598,8598,20220118,1,1,45,0,0,0,0,0
8599,8599,20230103,3,5,45,0,0,0,0,0
8600,8600,20220727,1,5,45,0,0,0,0,0
8601,8601,20221216,1,2,45,0,0,0,0,0
8602,8602,20220925,1,1,45,0,0,0,0,0
8603,8603,20220311,1,1,45,127,0,127,0,1
8604,8604,20220118,1,1,45,0,0,0,0,0
8605,8605,20210419,1,1,45,0,0,0,0,0
8606,8606,20200528,1,1,45,0,0,0,0,0
8607,8607,20211020,1,18,45,0,0,0,0,0
8608,8608,20200820,1,2,45,0,0,0,0,0
8609,8609,20200616,1,5,45,0,0,0,0,0
8610,8610,20200102,1,5,45,0,0,0,0,0
8611,8611,20200605,1,1,45,0,0,0,0,0
8612,8612,20240702,1,1,45,0,0,0,0,0
8613,8613,20200522,1,2,45,0,0,0,0,0
8614,8614,20200608,1,1,45,85,0,80,0,1
8615,8615,20200505,1,1,45,0,0,0,0,0
8616,8616,20210714,1,1,45,0,0,0,0,0
8617,8617,20210121,3,2,45,8,0,8,0,1
8618,8618,20200702,1,1,45,0,0,0,0,0
8619,8619,20200704,1,5,45,0,0,0,0,0
8620,8620,20201123,3,5,45,12,0,12,0,1
8621,8621,20201024,1,1,45,0,0,0,0,0
8622,8622,20201126,1,1,45,0,0,0,0,0
8623,8623,20201220,1,1,45,0,0,0,0,0
8624,8624,20210126,1,1,45,0,0,0,0,0
8625,8625,20211128,1,2,45,0,0,0,0,0
8626,8626,20210330,1,2,45,0,0,0,0,0
8627,8627,20210327,1,1,45,0,0,0,0,0
8628,8628,20210709,1,1,45,0,0,0,0,0
8629,8629,20210406,1,2,45,0,0,0,0,0
8630,8630,20210408,1,5,45,0,0,0,0,0
8631,8631,20210806,4,1,45,0,0,0,0,0
8632,8632,20210725,1,5,45,0,0,0,0,0
8633,8633,20220503,1,5,45,0,0,0,0,0
8634,8634,20211215,1,11,45,0,0,0,0,0
8635,8635,20220209,1,5,45,0,0,0,0,0
8636,8636,20220724,1,2,45,0,0,0,0,0
8637,8637,20220411,1,1,45,0,0,0,0,0
8638,8638,20220428,1,2,45,0,0,0,0,0
8639,8639,20220525,1,1,45,0,0,0,0,0
8640,8640,20220518,1,5,45,0,0,0,0,0
8641,8641,20220526,1,11,45,0,0,0,0,0
8642,8642,20220901,1,11,45,0,0,0,0,0
8643,8643,20220808,1,2,45,0,0,0,0,0
8644,8644,20221020,1,5,45,0,0,0,0,0
8645,8645,20221217,1,1,45,0,0,0,0,0
8646,8646,20221119,1,1,45,0,0,0,0,0
8647,8647,20210729,1,1,30,4842,0,6479,0,1
8648,8648,20200529,3,5,45,0,0,0,0,0
8649,8649,20200131,1,1,45,0,0,0,0,0
8650,8650,20200110,1,11,45,0,0,0,0,0
8651,8651,20201020,1,2,45,0,0,0,0,0
8652,8652,20200228,1,1,45,0,0,0,0,0
8653,8653,20200309,1,14,45,0,0,0,0,0
8654,8654,20220405,1,1,45,0,0,0,0,0
8655,8655,20201104,1,2,45,0,0,0,0,0
8656,8656,20201118,1,2,45,0,0,0,0,0
8657,8657,20210723,1,2,45,0,0,0,0,0
8658,8658,20210430,1,5,45,255,7,20,7,1
8659,8659,20210128,1,5,45,0,0,0,0,0
8660,8660,20210204,1,2,45,0,0,0,0,0
8661,8661,20210806,1,1,45,0,0,0,0,0
8662,8662,20210505,4,1,45,0,0,0,0,0
8663,8663,20210515,1,1,45,0,0,0,0,0
8664,8664,20210809,1,5,45,0,0,0,0,0
8665,8665,20220828,1,1,45,0,0,0,0,0
8666,8666,20210805,1,5,45,0,0,0,0,0
8667,8667,20211202,1,1,45,0,0,0,0,0
8668,8668,20211204,1,5,45,0,0,0,0,0
8669,8669,20220213,1,1,45,37,0,37,0,1
8670,8670,20220730,1,1,45,0,0,0,0,0
8671,8671,20220224,1,2,45,0,0,0,0,0
8672,8672,20220323,1,5,45,0,0,0,0,0
8673,8673,20220509,2,5,45,0,0,0,0,0
8674,8674,20210309,1,20,59,0,0,0,0,0
8675,8675,20220617,1,1,45,0,0,0,0,0
8676,8676,20220120,3,1,45,16,0,16,0,1
8677,8677,20200523,1,1,30,0,0,0,0,0
8678,8678,20210614,1,1,45,406,0,448,0,1
8679,8679,20220106,1,1,45,0,0,0,0,0
8680,8680,20210424,1,11,45,1282,0,2438,0,1
8681,8681,20210331,1,11,45,0,0,0,0,0
8682,8682,20210514,3,11,45,0,0,0,0,0
8683,8683,20200514,1,11,45,0,0,0,0,0
8684,8684,20200710,1,1,45,0,0,0,0,0
8685,8685,20200106,1,14,45,0,0,0,0,0
8686,8686,20201123,1,1,45,0,0,0,0,0
8687,8687,20210402,1,2,45,0,0,0,0,0
8688,8688,20210128,4,1,45,0,0,0,0,0
8689,8689,20210325,3,11,45,0,0,0,0,0
8690,8690,20210519,1,5,45,0,0,0,0,0
8691,8691,20210504,1,5,45,0,0,0,0,0
8692,8692,20210716,1,1,30,0,0,0,0,0
8693,8693,20211118,1,2,45,0,0,0,0,0
8694,8694,20211001,1,14,45,78,0,78,0,1
8695,8695,20210702,1,2,45,0,0,0,0,0
8696,8696,20211214,3,1,45,0,0,0,0,0
8697,8697,20210823,1,5,45,0,0,0,0,0
8698,8698,20220430,1,2,45,0,0,0,0,0
8699,8699,20200429,3,1,30,0,0,0,0,0
8700,8700,20201125,1,11,45,0,0,0,0,0
8701,8701,20220816,1,1,45,0,0,0,0,0
8702,8702,20211202,1,5,45,0,0,0,0,0
8703,8703,20211227,1,5,45,0,0,0,0,0
8704,8704,20220327,1,1,45,0,0,0,0,0
8705,8705,20220816,1,5,45,0,0,0,0,0
8706,8706,20220614,1,19,45,0,0,0,0,0
8707,8707,20230507,1,1,45,0,0,0,0,0
8708,8708,20221119,1,5,45,0,0,0,0,0
8709,8709,20200424,1,1,45,0,0,0,0,0
8710,8710,20201220,1,1,45,0,0,0,0,0
8711,8711,20221103,1,1,30,0,0,0,0,0
8712,8712,20200616,1,5,45,0,0,0,0,0
8713,8713,20210326,1,11,45,0,0,0,0,0
8714,8714,20230204,1,2,45,0,0,0,0,0
8715,8715,20200417,4,1,45,0,0,0,0,0
8716,8716,20230116,2,1,45,0,0,0,0,0
8717,8717,20200420,1,5,45,0,0,0,0,0
8718,8718,20200429,1,5,45,0,0,0,0,0
8719,8719,20200526,1,2,45,0,0,0,0,0
8720,8720,20200711,1,1,45,0,0,0,0,0
8721,8721,20210118,1,5,45,0,0,0,0,0
8722,8722,20200902,2,5,45,0,0,0,0,0
8723,8723,20210830,4,5,45,0,0,0,0,0
8724,8724,20201210,1,5,45,0,0,0,0,0
8725,8725,20201221,1,1,45,0,0,0,0,0
8726,8726,20220308,1,1,45,0,0,0,0,0
8727,8727,20210326,1,5,45,0,0,0,0,0
8728,8728,20210524,3,2,45,0,0,0,0,0
8729,8729,20210813,1,5,30,0,0,0,0,0
8730,8730,20220930,3,2,45,0,0,0,0,0
8731,8731,20221022,1,2,45,0,0,0,0,0
8732,8732,20211109,1,1,30,0,0,0,0,0
8733,8733,20230223,3,1,45,0,0,0,0,0
8734,8734,20200225,1,1,45,6,0,6,0,1
8735,8735,20201030,1,1,45,0,0,0,0,0
8736,8736,20220830,1,2,45,0,0,0,0,0
8737,8737,20220811,1,5,45,0,0,0,0,0
8738,8738,20200207,1,1,30,0,0,0,0,0
8739,8739,20201022,1,1,45,0,0,0,0,0
8740,8740,20200224,1,2,45,0,0,0,0,0
8741,8741,20200112,1,1,45,0,0,0,0,0
8742,8742,20221008,1,1,45,0,0,0,0,0
8743,8743,20200827,1,5,45,118,0,124,0,1
8744,8744,20200801,1,11,45,0,0,0,0,0
8745,8745,20200715,1,11,45,0,0,0,0,0
8746,8746,20200812,1,1,30,0,0,0,0,0
8747,8747,20200909,4,2,45,0,0,0,0,0
8748,8748,20201112,2,5,45,0,0,0,0,0
8749,8749,20200923,3,2,45,0,0,0,0,0
8750,8750,20210204,1,2,45,0,0,0,0,0
8751,8751,20201127,1,1,45,42,0,42,0,1
8752,8752,20210204,1,1,45,0,0,0,0,0
8753,8753,20210108,1,5,54,0,0,0,0,0
8754,8754,20220624,1,5,45,0,0,0,0,0
8755,8755,20211021,1,11,45,0,0,0,0,0
8756,8756,20210827,1,1,45,0,0,0,0,0
8757,8757,20210617,1,5,45,0,0,0,0,0
8758,8758,20210730,1,16,45,0,0,0,0,0
8759,8759,20210824,1,1,45,0,0,0,0,0
8760,8760,20220912,1,1,45,0,0,0,0,0
8761,8761,20220217,2,11,45,0,0,0,0,0
8762,8762,20220309,1,1,45,0,0,0,0,0
8763,8763,20221207,1,19,45,0,0,0,0,0
8764,8764,20220625,1,11,45,0,0,0,0,0
8765,8765,20230220,1,5,45,0,0,0,0,0
8766,8766,20230215,1,5,45,0,0,0,0,0
8767,8767,20200805,2,1,45,0,0,0,0,0
8768,8768,20221006,1,1,45,0,0,0,0,0
8769,8769,20210526,1,5,45,29,0,29,0,1
8770,8770,20200102,2,1,45,0,0,0,0,0
8771,8771,20210727,1,2,45,0,0,0,0,0
8772,8772,20200210,4,1,45,0,0,0,0,0
8773,8773,20200207,1,1,45,0,0,0,0,0
8774,8774,20200407,1,2,45,0,0,0,0,0
8775,8775,20200421,1,1,45,0,0,0,0,0
8776,8776,20200527,1,11,45,0,0,0,0,0
8777,8777,20220930,1,1,45,0,0,0,0,0
8778,8778,20201005,1,2,45,0,0,0,0,0
8779,8779,20200918,1,1,30,0,0,0,0,0
8780,8780,20201015,1,5,45,0,0,0,0,0
8781,8781,20210225,1,1,45,0,0,0,0,0
8782,8782,20220818,1,1,45,0,0,0,0,0
8783,8783,20220607,1,1,45,0,0,0,0,0
8784,8784,20210929,1,1,45,0,0,0,0,0
8785,8785,20210513,1,11,45,0,0,0,0,0
8786,8786,20210720,1,1,45,0,0,0,0,0
8787,8787,20221110,1,2,45,0,0,0,0,0
8788,8788,20210608,1,5,45,0,0,0,0,0
8789,8789,20210910,1,2,45,0,0,0,0,0
8790,8790,20210629,1,11,45,0,0,0,0,0
8791,8791,20210917,1,1,45,0,0,0,0,0
8792,8792,20220110,1,1,45,0,0,0,0,0
8793,8793,20220113,1,2,45,0,0,0,0,0
8794,8794,20211109,1,5,45,0,0,0,0,0
8795,8795,20220225,1,1,45,0,0,0,0,0
8796,8796,20220907,1,14,45,0,0,0,0,0
8797,8797,20221023,1,5,45,0,0,0,0,0
8798,8798,20220530,1,5,45,0,0,0,0,0
8799,8799,20221020,1,1,45,0,0,0,0,0
8800,8800,20221106,1,5,45,0,0,0,0,0
8801,8801,20230217,4,5,45,488,1,255,1,1
8802,8802,20210316,1,1,45,0,0,0,0,0
8803,8803,20200311,1,2,45,245,0,245,0,1
8804,8804,20210219,1,11,45,0,0,0,0,0
8805,8805,20200121,1,1,45,0,0,0,0,0
8806,8806,20200903,1,1,30,0,0,0,0,0
8807,8807,20200828,1,9,45,0,0,0,0,0
8808,8808,20200731,1,1,45,0,0,0,0,0
8809,8809,20200904,1,1,45,0,0,0,0,0
8810,8810,20201006,1,2,45,0,0,0,0,0
8811,8811,20201020,1,5,30,0,0,0,0,0
8812,8812,20210312,3,2,45,0,0,0,0,0
8813,8813,20220105,1,1,45,0,0,0,0,0
8814,8814,20201119,1,2,45,0,0,0,0,0
8815,8815,20210312,1,1,45,0,0,0,0,0
8816,8816,20210617,3,1,45,0,0,0,0,0
8817,8817,20220620,1,1,45,0,0,0,0,0
8818,8818,20211224,1,5,45,0,0,0,0,0
8819,8819,20211217,1,1,45,0,0,0,0,0
8820,8820,20220309,4,1,45,0,0,0,0,0
8821,8821,20221009,1,19,45,0,0,0,0,0
8822,8822,20221104,1,2,45,57,0,110,0,1
8823,8823,20200621,4,1,45,0,0,0,0,0
8824,8824,20210212,1,1,45,0,0,0,0,0
8825,8825,20201013,1,2,45,357,0,550,0,1
8826,8826,20200117,3,11,45,0,0,0,0,0
8827,8827,20200207,1,1,45,0,0,0,0,0
8828,8828,20210730,1,1,45,0,0,0,0,0
8829,8829,20210408,1,5,45,0,0,0,0,0
8830,8830,20201129,1,11,45,0,0,0,0,0
8831,8831,20200117,3,2,45,17,0,17,0,1
8832,8832,20200319,1,5,45,0,0,0,0,0
8833,8833,20210304,1,2,45,0,0,0,0,0
8834,8834,20210522,1,1,45,0,0,0,0,0
8835,8835,20200828,1,2,45,0,0,0,0,0
8836,8836,20201120,3,5,45,0,0,0,0,0
8837,8837,20201118,1,1,45,0,0,0,0,0
8838,8838,20201106,3,5,45,0,0,0,0,0
8839,8839,20201113,4,5,45,0,0,0,0,0
8840,8840,20210714,1,1,45,0,0,0,0,0
8841,8841,20241207,1,2,45,16,0,16,0,1
8842,8842,20210420,1,1,45,0,0,0,0,0
8843,8843,20211201,1,11,45,0,0,0,0,0
8844,8844,20210923,1,5,45,0,0,0,0,0
8845,8845,20251102,1,2,45,0,0,0,0,0
8846,8846,20220331,1,5,45,0,0,0,0,0
8847,8847,20211126,1,1,45,0,0,0,0,0
8848,8848,20220427,1,1,45,0,0,0,0,0
8849,8849,20220121,1,11,30,0,0,0,0,0
8850,8850,20220302,1,1,45,0,0,0,0,0
8851,8851,20220303,1,5,45,0,0,0,0,0
8852,8852,20220624,1,5,45,0,0,0,0,0
8853,8853,20220712,1,2,45,0,0,0,0,0
8854,8854,20221022,1,5,45,0,0,0,0,0
8855,8855,20221104,1,5,45,0,0,0,0,0
8856,8856,20221205,1,5,45,0,0,0,0,0
8857,8857,20201019,1,1,45,0,0,0,0,0
8858,8858,20200213,1,1,45,0,0,0,0,0
8859,8859,20200212,3,5,45,163,0,163,0,1
8860,8860,20200304,3,2,45,0,0,0,0,0
8861,8861,20200124,1,11,45,0,0,0,0,0
8862,8862,20220528,1,1,45,0,0,0,0,0
8863,8863,20200508,3,9,45,0,0,0,0,0
8864,8864,20200401,1,5,45,0,0,0,0,0
8865,8865,20200713,1,5,45,0,0,0,0,0
8866,8866,20201209,1,1,45,0,0,0,0,0
8867,8867,20210322,1,1,45,13,0,13,0,1
8868,8868,20210210,1,11,30,0,0,0,0,0
8869,8869,20210312,1,1,45,0,0,0,0,0
8870,8870,20210323,1,2,45,0,0,0,0,0
8871,8871,20211104,1,1,45,0,0,0,0,0
8872,8872,20210916,1,5,45,0,0,0,0,0
8873,8873,20220214,1,1,45,0,0,0,0,0
8874,8874,20220107,4,5,45,0,0,0,0,0
8875,8875,20211203,3,16,45,0,0,0,0,0
8876,8876,20220525,4,5,45,0,0,0,0,0
8877,8877,20220411,1,5,45,0,0,0,0,0
8878,8878,20220406,4,1,45,0,0,0,0,0
8879,8879,20220502,1,1,45,0,0,0,0,0
8880,8880,20200618,1,2,45,0,0,0,0,0
8881,8881,20200220,1,1,45,20,0,24,0,1
8882,8882,20200224,1,11,45,0,0,0,0,0
8883,8883,20200910,1,1,45,0,0,0,0,0
8884,8884,20200417,1,2,45,0,0,0,0,0
8885,8885,20200330,1,2,45,0,0,0,0,0
8886,8886,20200519,1,1,45,0,0,0,0,0
8887,8887,20210412,4,2,45,0,0,0,0,0
8888,8888,20200722,1,1,45,0,0,0,0,0
8889,8889,20201120,1,1,45,0,0,0,0,0
8890,8890,20201015,3,1,45,0,0,0,0,0
8891,8891,20201104,1,11,45,0,0,0,0,0
8892,8892,20210204,1,1,45,0,0,0,0,0
8893,8893,20210215,1,1,45,0,0,0,0,0
8894,8894,20210120,3,2,45,0,0,0,0,0
8895,8895,20211112,1,11,45,0,0,0,0,0
8896,8896,20210115,1,1,45,0,0,0,0,0
8897,8897,20220610,1,1,45,0,0,0,0,0
8898,8898,20210130,1,2,45,0,0,0,0,0
8899,8899,20210324,1,1,45,0,0,0,0,0
8900,8900,20220214,4,5,45,0,0,0,0,0
8901,8901,20210625,1,1,45,0,0,0,0,0
8902,8902,20210722,1,11,45,0,0,0,0,0
8903,8903,20211015,1,1,45,0,0,0,0,0
8904,8904,20220708,1,1,45,0,0,0,0,0
8905,8905,20220826,1,11,45,0,0,0,0,0
8906,8906,20211026,1,2,45,0,0,0,0,0
8907,8907,20220610,1,1,45,0,0,0,0,0
8908,8908,20221108,1,2,45,0,0,0,0,0
8909,8909,20230208,2,11,45,0,0,0,0,0
8910,8910,20200127,1,2,45,0,0,0,0,0
8911,8911,20210212,1,11,45,0,0,0,0,0
8912,8912,20200530,1,2,45,0,0,0,0,0
8913,8913,20200117,3,1,45,0,0,0,0,0
8914,8914,20201130,1,1,45,0,0,0,0,0
8915,8915,20200219,1,5,45,0,0,0,0,0
8916,8916,20200814,3,2,45,0,0,0,0,0
8917,8917,20201105,1,1,45,0,0,0,0,0
8918,8918,20200529,1,11,45,435,0,435,0,1
8919,8919,20200725,1,1,45,0,0,0,0,0
8920,8920,20210915,1,5,45,0,0,0,0,0
8921,8921,20210301,1,2,45,0,0,0,0,0
8922,8922,20210329,1,2,45,0,0,0,0,0
8923,8923,20201130,1,5,45,0,0,0,0,0
8924,8924,20220602,3,2,45,0,0,0,0,0
8925,8925,20201231,1,1,45,0,0,0,0,0
8926,8926,20210707,1,11,45,0,0,0,0,0
8927,8927,20210218,2,11,45,0,0,0,0,0
8928,8928,20210312,1,11,45,0,0,0,0,0
8929,8929,20210519,1,1,45,0,0,0,0,0
8930,8930,20210409,1,2,45,0,0,0,0,0
8931,8931,20230217,1,1,45,0,0,0,0,0
8932,8932,20211004,4,2,45,0,0,0,0,0
8933,8933,20210727,1,1,45,0,0,0,0,0
8934,8934,20210720,1,5,45,0,0,0,0,0
8935,8935,20211112,1,1,45,0,0,0,0,0
8936,8936,20211129,1,2,45,0,0,0,0,0
8937,8937,20211223,1,11,45,0,0,0,0,0
8938,8938,20220112,1,1,45,0,0,0,0,0
8939,8939,20220426,1,1,45,0,0,0,0,0
8940,8940,20220718,4,1,45,0,0,0,0,0
8941,8941,20211202,1,11,45,216,0,216,0,1
8942,8942,20201029,1,1,45,0,0,0,0,0
8943,8943,20220903,1,1,45,6,6,6,6,1
8944,8944,20220629,1,16,45,0,0,0,0,0
8945,8945,20221201,1,1,45,0,0,0,0,0
8946,8946,20200228,3,5,45,0,0,0,0,0
8947,8947,20200605,4,1,45,180,0,180,0,1
8948,8948,20200805,1,3,59,41,0,41,0,1
8949,8949,20200601,1,11,45,202,0,196,0,1
8950,8950,20210506,2,11,45,1527,0,225,0,1
8951,8951,20200530,3,11,45,0,0,0,0,0
8952,8952,20210129,1,2,45,0,0,0,0,0
8953,8953,20200813,4,1,45,70,0,70,0,1
8954,8954,20200309,4,5,45,0,0,0,0,0
8955,8955,20200320,4,5,45,0,0,0,0,0
8956,8956,20200603,1,19,45,0,0,0,0,0
8957,8957,20220829,1,1,45,0,0,0,0,0
8958,8958,20201113,1,1,45,0,0,0,0,0
8959,8959,20200527,3,5,45,0,0,0,0,0
8960,8960,20200511,4,1,45,0,0,0,0,0
8961,8961,20200623,1,2,45,0,0,0,0,0
8962,8962,20200918,3,2,45,0,0,0,0,0
8963,8963,20200608,1,1,45,0,0,0,0,0
8964,8964,20210819,2,5,45,0,0,0,0,0
8965,8965,20221003,2,1,45,0,0,0,0,0
8966,8966,20200121,1,1,45,0,0,0,0,0
8967,8967,20201216,1,2,45,0,0,0,0,0
8968,8968,20210118,1,11,45,0,0,0,0,0
8969,8969,20210108,2,1,45,0,0,0,0,0
8970,8970,20210309,1,1,45,0,0,0,0,0
8971,8971,20210414,1,1,45,0,0,0,0,0
8972,8972,20210323,1,1,45,0,0,0,0,0
8973,8973,20210622,1,1,45,0,0,0,0,0
8974,8974,20210531,1,1,45,0,0,0,0,0
8975,8975,20210611,1,1,45,0,0,0,0,0
8976,8976,20210624,1,1,45,0,0,0,0,0
8977,8977,20200318,1,11,45,1495,0,1495,0,1
8978,8978,20200517,1,1,45,0,0,0,0,0
8979,8979,20211020,4,1,45,0,0,0,0,0
8980,8980,20200318,3,2,45,25,16,19,16,1
8981,8981,20201102,1,1,45,277,0,279,0,1
8982,8982,20210113,1,1,30,0,0,0,0,0
8983,8983,20200626,1,2,45,0,0,0,0,0
8984,8984,20231222,2,1,45,0,0,0,0,0
8985,8985,20200610,4,2,45,0,0,0,0,0
8986,8986,20200812,4,1,45,0,0,0,0,0
8987,8987,20200723,1,1,45,0,0,0,0,0
8988,8988,20200823,1,11,45,0,0,0,0,0
8989,8989,20211023,1,1,45,30,0,30,0,1
8990,8990,20201217,1,1,30,786,0,808,0,1
8991,8991,20200915,1,9,45,0,0,0,0,0
8992,8992,20201024,1,2,45,0,0,0,0,0
8993,8993,20201111,1,11,17,0,0,0,0,0
8994,8994,20201116,1,1,30,0,0,0,0,0
8995,8995,20210916,1,5,45,0,0,0,0,0
8996,8996,20210120,1,5,45,0,0,0,0,0
8997,8997,20250422,1,1,45,0,0,0,0,0
8998,8998,20240327,1,19,45,1913,0,1913,0,1
8999,8999,20210323,1,1,45,0,0,0,0,0
9000,9000,20210416,1,1,45,0,0,0,0,0
9001,9001,20210403,1,2,45,0,0,0,0,0
9002,9002,20210409,1,1,45,16,0,18,0,1
9003,9003,20220401,4,2,45,0,0,0,0,0
9004,9004,20211015,4,5,45,0,0,0,0,0
9005,9005,20210902,4,5,45,0,0,0,0,0
9006,9006,20211007,3,1,45,104,0,104,0,1
9007,9007,20220711,1,15,45,0,0,0,0,0
9008,9008,20211130,1,2,45,0,0,0,0,0
9009,9009,20220221,1,2,45,0,0,0,0,0
9010,9010,20220518,1,1,45,0,0,0,0,0
9011,9011,20200914,1,2,45,0,0,0,0,0
9012,9012,20201202,1,2,45,0,0,0,0,0
9013,9013,20210302,1,11,45,0,0,0,0,0
9014,9014,20201008,1,2,45,0,0,0,0,0
9015,9015,20201118,1,5,45,0,0,0,0,0
9016,9016,20201030,4,1,30,13,0,13,0,1
9017,9017,20210429,1,1,45,0,0,0,0,0
9018,9018,20201028,2,1,45,0,0,0,0,0
9019,9019,20201208,1,1,45,0,0,0,0,0
9020,9020,20251122,1,1,45,0,0,0,0,0
9021,9021,20201215,1,5,45,0,0,0,0,0
9022,9022,20211120,1,11,45,280,384,462,384,1
9023,9023,20210312,1,1,45,0,0,0,0,0
9024,9024,20210918,1,2,45,0,0,0,0,0
9025,9025,20211022,1,1,45,0,0,0,0,0
9026,9026,20211119,1,5,45,0,0,0,0,0
9027,9027,20211215,1,5,45,0,0,0,0,0
9028,9028,20220120,3,5,45,0,0,0,0,0
9029,9029,20220326,1,1,45,164,0,164,0,1
9030,9030,20220616,1,1,45,0,0,0,0,0
9031,9031,20220830,2,5,45,0,0,0,0,0
9032,9032,20210224,2,1,45,0,0,0,0,0
9033,9033,20230119,1,1,45,757,913,337,1224,1
9034,9034,20210330,1,2,45,0,0,0,0,0
9035,9035,20211218,1,2,45,0,0,0,0,0
9036,9036,20220328,1,1,45,0,0,0,0,0
9037,9037,20210923,3,1,45,0,0,0,0,0
9038,9038,20210901,1,1,45,0,0,0,0,0
9039,9039,20220603,1,1,45,0,0,0,0,0
9040,9040,20220228,3,11,45,0,0,0,0,0
9041,9041,20220204,1,1,45,0,0,0,0,0
9042,9042,20220710,1,11,30,0,0,0,0,0
9043,9043,20220524,1,5,45,0,0,0,0,0
9044,9044,20220812,2,5,45,0,0,0,0,0
9045,9045,20220727,1,5,45,0,0,0,0,0
9046,9046,20221106,1,2,45,0,0,0,0,0
9047,9047,20221118,1,1,45,0,0,0,0,0
9048,9048,20230127,1,1,45,0,0,0,0,0
9049,9049,20200527,3,2,45,0,0,0,0,0
9050,9050,20200904,1,1,45,0,0,0,0,0
9051,9051,20200220,3,5,45,0,0,0,0,0
9052,9052,20200322,2,2,45,0,0,0,0,0
9053,9053,20210324,1,2,45,0,0,0,0,0
9054,9054,20200116,1,4,59,0,0,0,0,0
9055,9055,20200711,1,2,45,0,0,0,0,0
9056,9056,20200204,1,11,45,0,0,0,0,0
9057,9057,20200124,1,1,45,0,0,0,0,0
9058,9058,20200522,4,1,45,0,0,0,0,0
9059,9059,20210112,1,1,45,0,0,0,0,0
9060,9060,20210911,1,2,45,0,0,0,0,0
9061,9061,20200728,1,2,45,113,0,113,0,1
9062,9062,20200820,1,1,45,0,0,0,0,0
9063,9063,20210423,1,5,45,0,0,0,0,0
9064,9064,20210122,3,1,45,0,0,0,0,0
9065,9065,20210305,1,2,45,0,0,0,0,0
9066,9066,20210324,1,2,45,0,0,0,0,0
9067,9067,20221007,1,16,45,0,0,0,0,0
9068,9068,20210716,1,1,45,0,0,0,0,0
9069,9069,20220630,1,1,30,0,0,0,0,0
9070,9070,20211208,1,5,45,0,0,0,0,0
9071,9071,20220315,1,1,45,0,0,0,0,0
9072,9072,20200330,2,1,45,0,0,0,0,0
9073,9073,20220204,1,5,45,0,0,0,0,0
9074,9074,20230127,1,1,45,0,0,0,0,0
9075,9075,20220809,3,2,45,0,0,0,0,0
9076,9076,20221005,1,2,45,0,0,0,0,0
9077,9077,20221002,1,19,45,0,0,0,0,0
9078,9078,20221116,1,11,45,0,0,0,0,0
9079,9079,20200226,1,5,45,476,0,117,0,1
9080,9080,20200227,1,1,45,0,0,0,0,0
9081,9081,20220621,2,1,45,0,0,0,0,0
9082,9082,20200616,1,1,45,0,0,0,0,0
9083,9083,20200806,1,1,45,0,0,0,0,0
9084,9084,20200106,1,2,45,66,0,105,0,1
9085,9085,20200419,1,1,45,90,0,90,0,1
9086,9086,20210112,2,1,45,0,0,0,0,0
9087,9087,20201021,1,1,45,0,0,0,0,0
9088,9088,20200429,1,1,30,0,0,0,0,0
9089,9089,20210219,1,2,45,0,0,0,0,0
9090,9090,20200213,1,1,45,0,0,0,0,0
9091,9091,20210415,1,1,45,94,0,94,0,1
9092,9092,20200223,1,5,45,0,0,0,0,0
9093,9093,20200429,1,2,45,0,0,0,0,0
9094,9094,20210619,1,2,45,0,0,0,0,0
9095,9095,20240321,1,1,45,0,0,0,0,0
9096,9096,20210430,3,1,45,0,0,0,0,0
9097,9097,20210728,4,1,45,0,0,0,0,0
9098,9098,20220731,1,1,45,0,0,0,0,0
9099,9099,20201124,4,2,45,0,0,0,0,0
9100,9100,20210116,1,11,45,0,0,0,0,0
9101,9101,20201218,1,1,45,0,0,0,0,0
9102,9102,20210624,1,11,45,0,0,0,0,0
9103,9103,20210611,1,1,30,0,0,0,0,0
9104,9104,20210319,1,11,45,0,0,0,0,0
9105,9105,20210424,1,2,45,0,0,0,0,0
9106,9106,20210909,3,2,45,0,0,0,0,0
9107,9107,20210730,1,2,45,0,0,0,0,0
9108,9108,20211124,1,5,45,0,0,0,0,0
9109,9109,20220408,1,1,45,0,0,0,0,0
9110,9110,20211005,1,5,45,0,0,0,0,0
9111,9111,20211112,1,2,45,0,0,0,0,0
9112,9112,20221114,1,1,45,0,0,0,0,0
9113,9113,20231203,1,11,45,0,0,0,0,0
9114,9114,20220605,1,1,45,0,0,0,0,0
9115,9115,20220916,1,5,45,0,0,0,0,0
9116,9116,20230125,1,1,45,0,0,0,0,0
9117,9117,20200303,1,1,45,0,0,0,0,0
9118,9118,20200302,1,1,45,0,0,0,0,0
9119,9119,20200812,3,5,45,0,0,0,0,0
9120,9120,20201207,1,1,45,0,0,0,0,0
9121,9121,20210911,1,1,45,0,0,0,0,0
9122,9122,20201016,4,1,45,0,0,0,0,0
9123,9123,20201204,1,1,45,0,0,0,0,0
9124,9124,20201105,1,11,45,0,0,0,0,0
9125,9125,20210205,1,1,45,0,0,0,0,0
9126,9126,20211007,1,1,45,0,0,0,0,0
9127,9127,20210310,1,1,45,0,0,0,0,0
9128,9128,20210611,1,2,45,0,0,0,0,0
9129,9129,20210806,1,1,45,8,0,8,0,1
9130,9130,20210617,1,5,45,0,0,0,0,0
9131,9131,20210930,1,1,45,0,0,0,0,0
9132,9132,20220211,2,5,45,135,0,193,0,1
9133,9133,20220114,1,19,45,0,0,0,0,0
9134,9134,20220610,1,1,45,0,0,0,0,0
9135,9135,20230116,1,11,45,0,0,0,0,0
9136,9136,20200730,2,1,45,0,0,0,0,0
9137,9137,20201215,1,1,45,0,0,0,0,0
9138,9138,20210213,1,2,45,0,0,0,0,0
9139,9139,20200925,1,2,45,0,0,0,0,0
9140,9140,20200911,1,1,30,52,0,52,0,1
9141,9141,20200221,4,1,45,0,0,0,0,0
9142,9142,20200114,1,1,45,0,0,0,0,0
9143,9143,20200218,1,9,45,0,0,0,0,0
9144,9144,20200805,1,6,24,1,0,1,0,1
9145,9145,20200501,1,11,45,0,0,0,0,0
9146,9146,20200810,3,11,45,0,0,0,0,0
9147,9147,20210817,1,1,45,0,0,0,0,0
9148,9148,20200614,1,1,45,0,0,0,0,0
9149,9149,20200715,1,1,45,0,0,0,0,0
9150,9150,20201030,1,2,45,0,0,0,0,0
9151,9151,20210510,1,5,45,0,0,0,0,0
9152,9152,20200901,1,1,45,0,0,0,0,0
9153,9153,20201028,1,2,45,0,0,0,0,0
9154,9154,20201224,1,1,45,0,0,0,0,0
9155,9155,20210309,1,2,45,0,0,0,0,0
9156,9156,20210603,1,2,45,0,0,0,0,0
9157,9157,20210525,1,1,45,0,0,0,0,0
9158,9158,20211116,1,2,45,0,0,0,0,0
9159,9159,20210720,1,2,45,0,0,0,0,0
9160,9160,20210813,1,1,45,0,0,0,0,0
9161,9161,20210720,1,5,45,0,0,0,0,0
9162,9162,20220415,4,2,45,0,0,0,0,0
9163,9163,20220117,2,2,45,0,0,0,0,0
9164,9164,20220630,1,5,45,0,0,0,0,0
9165,9165,20220222,1,1,45,0,0,0,0,0
9166,9166,20240720,1,11,45,0,0,0,0,0
9167,9167,20221007,1,11,45,124,0,121,0,1
9168,9168,20220802,1,5,45,0,0,0,0,0
9169,9169,20221031,3,1,45,0,0,0,0,0
9170,9170,20210906,4,1,45,124,0,206,0,1
9171,9171,20210122,1,2,45,0,0,0,0,0
9172,9172,20200111,3,1,45,0,0,0,0,0
9173,9173,20200429,1,2,45,0,0,0,0,0
9174,9174,20200212,1,1,47,0,0,0,0,0
9175,9175,20220111,1,2,45,0,0,0,0,0
9176,9176,20210624,1,1,30,0,0,0,0,0
9177,9177,20200617,1,1,45,0,0,0,0,0
9178,9178,20210710,1,2,45,0,0,0,0,0
9179,9179,20200820,2,11,45,0,0,0,0,0
9180,9180,20200925,1,11,45,0,0,0,0,0
9181,9181,20201111,2,1,45,0,0,0,0,0
9182,9182,20220108,1,1,45,1397,0,2781,0,1
9183,9183,20220412,1,2,45,0,0,0,0,0
9184,9184,20220401,2,2,45,0,0,0,0,0
9185,9185,20210208,1,2,45,0,0,0,0,0
9186,9186,20210517,1,5,45,0,0,0,0,0
9187,9187,20210629,1,1,45,0,0,0,0,0
9188,9188,20220713,2,1,45,0,0,0,0,0
9189,9189,20220610,1,5,45,0,0,0,0,0
9190,9190,20220524,1,5,45,0,0,0,0,0
9191,9191,20220526,1,11,45,0,0,0,0,0
9192,9192,20220601,1,2,45,0,0,0,0,0
9193,9193,20220908,1,1,45,0,0,0,0,0
9194,9194,20221005,3,1,45,0,0,0,0,0
9195,9195,20201126,1,2,45,0,0,0,0,0
9196,9196,20201012,4,1,30,0,0,0,0,0
9197,9197,20210812,1,19,45,0,0,0,0,0
9198,9198,20230628,1,6,24,63,0,63,0,1
9199,9199,20200523,1,1,45,0,0,0,0,0
9200,9200,20200424,1,5,45,0,0,0,0,0
9201,9201,20200302,1,2,45,0,0,0,0,0
9202,9202,20200306,1,2,45,953,0,1103,0,1
9203,9203,20200124,1,3,59,0,0,0,0,0
9204,9204,20200318,1,14,45,0,0,0,0,0
9205,9205,20200217,3,2,45,0,0,0,0,0
9206,9206,20200825,4,2,45,188,0,188,0,1
9207,9207,20210501,4,11,45,0,0,0,0,0
9208,9208,20220728,1,5,45,0,0,0,0,0
9209,9209,20200714,1,1,45,0,0,0,0,0
9210,9210,20200604,4,1,45,0,0,0,0,0
9211,9211,20200914,1,1,45,0,0,0,0,0
9212,9212,20200706,1,2,45,0,0,0,0,0
9213,9213,20200718,1,2,45,0,0,0,0,0
9214,9214,20201002,1,1,45,0,0,0,0,0
9215,9215,20201204,1,2,45,0,0,0,0,0
9216,9216,20210226,1,1,45,0,0,0,0,0
9217,9217,20201112,1,1,45,0,0,0,0,0
9218,9218,20201124,1,11,45,0,0,0,0,0
9219,9219,20210711,1,1,45,0,0,0,0,0
9220,9220,20200728,2,1,45,0,0,0,0,0
9221,9221,20210409,1,5,45,0,0,0,0,0
9222,9222,20210830,3,1,45,0,0,0,0,0
9223,9223,20210517,1,5,45,0,0,0,0,0
9224,9224,20210605,1,1,45,0,0,0,0,0
9225,9225,20210624,1,1,45,0,0,0,0,0
9226,9226,20211018,1,1,45,49,0,61,0,1
9227,9227,20211201,1,15,45,0,0,0,0,0
9228,9228,20220104,1,1,45,0,0,0,0,0
9229,9229,20220126,4,1,45,0,0,0,0,0
9230,9230,20230215,1,1,45,0,0,0,0,0
9231,9231,20221027,1,1,45,0,0,0,0,0
9232,9232,20230203,1,11,45,0,0,0,0,0
9233,9233,20220501,1,1,45,0,0,0,0,0
9234,9234,20220603,1,11,45,0,0,0,0,0
9235,9235,20220718,1,5,45,0,0,0,0,0
9236,9236,20220923,1,11,45,0,0,0,0,0
9237,9237,20221117,1,1,45,0,0,0,0,0
9238,9238,20200401,1,2,45,0,0,0,0,0
9239,9239,20200305,1,2,45,0,0,0,0,0
9240,9240,20200716,1,2,45,0,0,0,0,0
9241,9241,20211015,1,5,45,0,0,0,0,0
9242,9242,20200316,1,2,45,0,0,0,0,0
9243,9243,20200217,1,16,45,0,0,0,0,0
9244,9244,20200423,1,2,45,0,0,0,0,0
9245,9245,20200428,1,1,45,0,0,0,0,0
9246,9246,20201012,1,2,45,0,0,0,0,0
9247,9247,20230216,1,2,45,0,0,0,0,0
9248,9248,20200802,4,1,45,0,0,0,0,0
9249,9249,20200607,1,1,45,0,0,0,0,0
9250,9250,20210416,1,1,45,0,0,0,0,0
9251,9251,20201111,1,16,45,0,0,0,0,0
9252,9252,20201030,1,2,45,0,0,0,0,0
9253,9253,20201016,1,2,45,0,0,0,0,0
9254,9254,20231107,1,15,45,0,0,0,0,0
9255,9255,20201218,1,5,45,0,0,0,0,0
9256,9256,20201231,1,1,45,0,0,0,0,0
9257,9257,20210428,1,2,45,0,0,0,0,0
9258,9258,20201218,1,5,45,0,0,0,0,0
9259,9259,20201222,1,2,45,57,0,68,0,1
9260,9260,20210521,1,5,45,0,0,0,0,0
9261,9261,20210707,1,1,45,0,0,0,0,0
9262,9262,20210514,1,2,45,0,0,0,0,0
9263,9263,20211111,1,2,45,0,0,0,0,0
9264,9264,20211030,4,5,45,0,0,0,0,0
9265,9265,20221202,1,2,45,0,0,0,0,0
9266,9266,20220120,1,5,45,0,0,0,0,0
9267,9267,20220414,1,1,45,0,0,0,0,0
9268,9268,20220601,2,5,45,0,0,0,0,0
9269,9269,20220721,1,1,45,0,0,0,0,0
9270,9270,20210617,1,2,45,0,0,0,0,0
9271,9271,20200407,1,1,30,0,0,0,0,0
9272,9272,20201120,1,1,45,21,0,21,0,1
9273,9273,20220513,2,2,45,0,0,0,0,0
9274,9274,20210909,1,1,45,0,0,0,0,0
9275,9275,20220725,4,2,45,0,0,0,0,0
9276,9276,20200729,1,1,45,0,0,0,0,0
9277,9277,20201228,1,5,45,0,0,0,0,0
9278,9278,20201118,3,5,45,34,0,34,0,1
9279,9279,20200325,1,2,45,0,0,0,0,0
9280,9280,20200610,2,5,45,0,0,0,0,0
9281,9281,20200708,1,19,45,0,0,0,0,0
9282,9282,20200623,1,1,45,0,0,0,0,0
9283,9283,20200905,1,2,45,0,0,0,0,0
9284,9284,20221222,4,2,45,0,0,0,0,0
9285,9285,20230222,1,16,45,236,0,269,0,1
9286,9286,20210331,1,1,45,0,0,0,0,0
9287,9287,20210105,1,5,45,0,0,0,0,0
9288,9288,20210125,1,1,45,0,0,0,0,0
9289,9289,20210617,1,5,45,0,0,0,0,0
9290,9290,20210514,2,5,45,0,0,0,0,0
9291,9291,20240119,1,1,45,0,0,0,0,0
9292,9292,20210706,1,2,45,0,0,0,0,0
9293,9293,20210811,1,5,45,0,0,0,0,0
9294,9294,20211012,1,1,45,0,0,0,0,0
9295,9295,20220318,1,5,45,0,0,0,0,0
9296,9296,20231215,1,16,45,0,0,0,0,0
9297,9297,20220218,1,1,45,0,0,0,0,0
9298,9298,20220517,1,11,45,142,0,234,0,1
9299,9299,20220606,1,1,45,0,0,0,0,0
9300,9300,20220625,1,11,45,0,0,0,0,0
9301,9301,20200423,1,1,45,0,0,0,0,0
9302,9302,20200120,1,2,45,0,0,0,0,0
9303,9303,20201014,1,1,45,0,0,0,0,0
9304,9304,20200205,3,1,30,0,0,0,0,0
9305,9305,20200622,1,1,45,0,0,0,0,0
9306,9306,20200130,1,1,45,83,0,83,0,1
9307,9307,20201023,1,5,45,0,0,0,0,0
9308,9308,20200322,1,5,45,0,0,0,0,0
9309,9309,20200901,1,1,45,0,0,0,0,0
9310,9310,20200420,1,1,45,0,0,0,0,0
9311,9311,20200516,1,1,45,0,0,0,0,0
9312,9312,20200827,1,1,45,131,0,70,0,1
9313,9313,20201120,1,1,30,0,0,0,0,0
9314,9314,20201008,1,1,45,0,0,0,0,0
9315,9315,20201217,1,2,45,0,0,0,0,0
9316,9316,20210225,1,1,45,0,0,0,0,0
9317,9317,20201218,1,5,45,0,0,0,0,0
9318,9318,20210126,1,11,45,0,0,0,0,0
9319,9319,20210210,2,1,45,0,0,0,0,0
9320,9320,20211130,1,2,45,0,0,0,0,0
9321,9321,20220901,1,5,45,0,0,0,0,0
9322,9322,20220118,1,2,45,78,0,78,0,1
9323,9323,20210813,1,2,45,0,0,0,0,0
9324,9324,20210503,1,5,45,0,0,0,0,0
9325,9325,20220515,1,5,45,0,0,0,0,0
9326,9326,20220719,1,2,45,0,0,0,0,0
9327,9327,20210827,1,14,45,0,0,0,0,0
9328,9328,20210818,1,1,30,0,0,0,0,0
9329,9329,20210820,1,1,45,0,0,0,0,0
9330,9330,20230119,1,1,45,0,0,0,0,0
9331,9331,20220121,1,5,45,0,0,0,0,0
9332,9332,20230808,1,2,45,21,0,21,0,1
9333,9333,20211114,1,5,45,0,0,0,0,0
9334,9334,20220209,4,1,45,0,0,0,0,0
9335,9335,20220909,1,2,45,0,0,0,0,0
9336,9336,20221003,1,1,45,0,0,0,0,0
9337,9337,20200731,4,1,45,40,0,63,0,1
9338,9338,20200910,1,2,45,469,0,833,0,1
9339,9339,20210419,1,11,45,0,0,0,0,0
9340,9340,20201020,1,1,45,0,0,0,0,0
9341,9341,20200220,1,16,45,0,0,0,0,0
9342,9342,20200416,1,2,45,0,0,0,0,0
9343,9343,20241111,1,1,30,0,0,0,0,0
9344,9344,20200730,4,2,45,0,0,0,0,0
9345,9345,20200703,1,1,45,0,0,0,0,0
9346,9346,20200724,4,1,45,0,0,0,0,0
9347,9347,20200907,1,11,45,0,0,0,0,0
9348,9348,20201207,2,11,45,0,0,0,0,0
9349,9349,20201005,1,1,30,0,0,0,0,0
9350,9350,20201221,1,11,45,0,0,0,0,0
9351,9351,20201117,1,5,45,0,0,0,0,0
9352,9352,20210104,1,5,45,0,0,0,0,0
9353,9353,20210315,1,16,45,0,0,0,0,0
9354,9354,20210304,1,1,45,0,0,0,0,0
9355,9355,20221202,1,14,45,0,0,0,0,0
9356,9356,20211116,2,2,45,0,0,0,0,0
9357,9357,20220126,1,11,45,0,0,0,0,0
9358,9358,20220212,1,2,45,0,0,0,0,0
9359,9359,20211025,1,5,45,0,0,0,0,0
9360,9360,20220617,1,1,45,0,0,0,0,0
9361,9361,20220529,3,5,45,0,0,0,0,0
9362,9362,20231126,1,11,45,0,0,0,0,0
9363,9363,20220705,1,1,45,0,0,0,0,0
9364,9364,20220624,3,5,45,10,0,10,0,1
9365,9365,20220928,1,2,45,0,0,0,0,0
9366,9366,20211014,1,16,45,18,0,19,0,1
9367,9367,20220510,1,1,45,146,0,176,0,1
9368,9368,20200429,3,1,45,0,0,0,0,0
9369,9369,20240621,1,1,45,0,0,0,0,0
9370,9370,20200605,1,1,30,0,0,0,0,0
9371,9371,20201103,1,1,45,0,0,0,0,0
9372,9372,20200901,1,5,30,0,0,0,0,0
9373,9373,20221219,1,3,59,0,0,0,0,0
9374,9374,20201127,3,11,45,0,0,0,0,0
9375,9375,20200321,1,9,45,0,0,0,0,0
9376,9376,20200411,1,1,45,0,0,0,0,0
9377,9377,20200612,1,5,45,0,0,0,0,0
9378,9378,20200401,3,5,45,0,0,0,0,0
9379,9379,20200601,1,5,45,0,0,0,0,0
9380,9380,20210107,1,5,45,0,0,0,0,0
9381,9381,20210825,1,1,45,0,0,0,0,0
9382,9382,20200630,3,1,45,0,0,0,0,0
9383,9383,20201030,1,1,45,0,0,0,0,0
9384,9384,20220427,1,2,30,0,0,0,0,0
9385,9385,20200926,1,1,45,0,0,0,0,0
9386,9386,20201016,4,5,45,0,0,0,0,0
9387,9387,20211214,1,1,45,0,0,0,0,0
9388,9388,20210307,1,5,45,0,0,0,0,0
9389,9389,20210113,1,16,45,0,0,0,0,0
9390,9390,20211020,1,1,45,0,0,0,0,0
9391,9391,20210922,1,1,45,0,0,0,0,0
9392,9392,20210528,1,2,45,0,0,0,0,0
9393,9393,20210909,1,2,45,0,0,0,0,0
9394,9394,20210822,1,11,45,0,0,0,0,0
9395,9395,20211008,1,1,45,0,0,0,0,0
9396,9396,20211005,1,2,45,0,0,0,0,0
9397,9397,20211221,1,1,45,0,0,0,0,0
9398,9398,20220218,1,1,45,0,0,0,0,0
9399,9399,20220808,1,5,45,0,0,0,0,0
9400,9400,20220524,1,11,45,0,0,0,0,0
9401,9401,20220711,1,1,45,0,0,0,0,0
9402,9402,20220920,1,2,45,0,0,0,0,0
9403,9403,20221226,1,1,45,0,0,0,0,0
9404,9404,20200410,1,2,45,237,0,276,0,1
9405,9405,20200307,1,16,45,0,0,0,0,0
9406,9406,20210506,1,2,45,0,0,0,0,0
9407,9407,20220809,1,1,45,0,0,0,0,0
9408,9408,20211202,1,1,45,0,0,0,0,0
9409,9409,20220206,1,2,45,0,0,0,0,0
9410,9410,20220331,1,2,45,0,0,0,0,0
9411,9411,20221003,4,1,45,0,0,0,0,0
9412,9412,20220922,1,2,45,0,0,0,0,0
9413,9413,20240203,1,11,45,0,0,0,0,0
9414,9414,20201224,4,1,45,29,0,35,0,1
9415,9415,20200416,3,1,45,0,0,0,0,0
9416,9416,20201105,3,5,45,0,0,0,0,0
9417,9417,20200722,4,1,45,0,0,0,0,0
9418,9418,20200703,1,1,45,0,0,0,0,0
9419,9419,20200826,1,11,45,0,0,0,0,0
9420,9420,20210927,1,11,45,0,0,0,0,0
9421,9421,20200803,4,5,30,0,0,0,0,0
9422,9422,20200918,1,1,45,0,0,0,0,0
9423,9423,20200204,4,1,45,0,0,0,0,0
9424,9424,20201001,1,2,45,0,0,0,0,0
9425,9425,20220324,1,2,45,351,0,351,0,1
9426,9426,20220324,1,1,45,17,0,17,0,1
9427,9427,20210426,1,1,45,0,0,0,0,0
9428,9428,20200301,1,5,45,0,0,0,0,0
9429,9429,20200131,1,5,30,269,0,106,0,1
9430,9430,20211202,1,1,45,0,0,0,0,0
9431,9431,20200220,1,14,45,0,0,0,0,0
9432,9432,20200508,3,1,45,0,0,0,0,0
9433,9433,20210330,1,1,45,0,0,0,0,0
9434,9434,20200601,1,5,45,0,0,0,0,0
9435,9435,20200821,1,1,45,0,0,0,0,0
9436,9436,20200824,1,11,45,0,0,0,0,0
9437,9437,20201009,1,1,45,488,0,508,0,1
9438,9438,20201124,3,2,45,0,0,0,0,0
9439,9439,20201201,1,2,45,0,0,0,0,0
9440,9440,20210724,1,1,45,0,0,0,0,0
9441,9441,20201227,1,2,45,0,0,0,0,0
9442,9442,20210426,1,2,45,0,0,0,0,0
9443,9443,20201119,3,1,45,0,0,0,0,0
9444,9444,20220812,1,1,45,0,0,0,0,0
9445,9445,20210523,1,2,45,0,0,0,0,0
9446,9446,20210426,1,1,45,36,0,36,0,1
9447,9447,20210807,1,5,45,0,0,0,0,0
9448,9448,20210827,1,1,30,0,0,0,0,0
9449,9449,20220115,1,1,30,0,0,0,0,0
9450,9450,20220317,1,1,45,0,0,0,0,0
9451,9451,20200318,4,15,45,0,0,0,0,0
9452,9452,20211001,2,5,45,0,0,0,0,0
9453,9453,20200605,1,5,45,0,0,0,0,0
9454,9454,20210831,2,1,45,0,0,0,0,0
9455,9455,20200618,1,5,45,0,0,0,0,0
9456,9456,20200929,1,1,45,0,0,0,0,0
9457,9457,20210115,1,1,45,0,0,0,0,0
9458,9458,20200817,1,1,45,0,0,0,0,0
9459,9459,20200925,1,1,45,0,0,0,0,0
9460,9460,20210205,1,1,45,0,0,0,0,0
9461,9461,20260218,1,2,45,8,0,16,0,1
9462,9462,20210125,1,5,45,0,0,0,0,0
9463,9463,20210329,1,1,45,0,0,0,0,0
9464,9464,20210611,1,14,45,0,0,0,0,0
9465,9465,20241202,1,2,45,19,0,19,0,1
9466,9466,20210420,1,2,45,0,0,0,0,0
9467,9467,20210827,3,2,45,0,0,0,0,0
9468,9468,20210501,1,1,30,0,0,0,0,0
9469,9469,20211101,1,1,45,0,0,0,0,0
9470,9470,20220130,1,11,45,0,0,0,0,0
9471,9471,20220721,1,2,45,280,0,280,0,1
9472,9472,20230217,1,5,45,0,0,0,0,0
9473,9473,20210624,1,2,45,0,0,0,0,0
9474,9474,20200106,1,1,45,0,0,0,0,0
9475,9475,20200314,1,1,45,0,0,0,0,0
9476,9476,20250225,1,1,45,0,0,0,0,0
9477,9477,20200128,1,2,45,0,0,0,0,0
9478,9478,20200305,1,1,45,0,0,0,0,0
9479,9479,20220920,1,1,45,0,0,0,0,0
9480,9480,20200324,1,1,45,0,0,0,0,0
9481,9481,20200419,1,5,45,3228,0,5934,0,1
9482,9482,20200615,1,2,45,0,0,0,0,0
9483,9483,20200429,1,1,45,0,0,0,0,0
9484,9484,20200417,1,1,45,0,0,0,0,0
9485,9485,20200513,3,5,45,0,0,0,0,0
9486,9486,20201218,4,5,45,0,0,0,0,0
9487,9487,20201202,1,1,45,0,0,0,0,0
9488,9488,20201209,1,1,45,0,0,0,0,0
9489,9489,20200626,1,2,45,0,0,0,0,0
9490,9490,20200724,1,5,45,0,0,0,0,0
9491,9491,20210525,1,19,45,0,0,0,0,0
9492,9492,20201204,1,1,45,0,0,0,0,0
9493,9493,20210107,1,19,45,0,0,0,0,0
9494,9494,20260804,1,1,45,0,0,0,0,0
9495,9495,20200708,1,15,45,0,0,0,0,0
9496,9496,20201222,4,11,45,0,0,0,0,0
9497,9497,20201019,1,5,45,0,0,0,0,0
9498,9498,20201230,1,2,45,0,0,0,0,0
9499,9499,20210208,4,1,45,0,0,0,0,0
9500,9500,20210212,1,1,45,0,0,0,0,0
9501,9501,20211022,1,5,45,0,0,0,0,0
9502,9502,20221217,1,1,30,0,0,0,0,0
9503,9503,20220925,1,1,45,0,0,0,0,0
9504,9504,20211227,1,2,45,0,0,0,0,0
9505,9505,20220530,1,1,45,0,0,0,0,0
9506,9506,20220504,1,2,45,0,0,0,0,0
9507,9507,20210826,1,14,45,0,0,0,0,0
9508,9508,20220127,1,11,45,0,0,0,0,0
9509,9509,20230111,1,1,45,0,0,0,0,0
9510,9510,20220707,1,2,45,0,0,0,0,0
9511,9511,20220114,4,1,45,0,0,0,0,0
9512,9512,20211012,1,11,45,0,0,0,0,0
9513,9513,20211215,1,2,45,0,0,0,0,0
9514,9514,20211119,1,2,45,21,0,28,0,1
9515,9515,20211104,4,1,45,0,0,0,0,0
9516,9516,20221111,1,2,45,0,0,0,0,0
9517,9517,20210426,1,3,47,0,0,0,0,0
9518,9518,20220526,1,1,45,0,0,0,0,0
9519,9519,20221018,2,1,45,0,0,0,0,0
9520,9520,20221011,1,5,45,0,0,0,0,0
9521,9521,20200101,1,2,45,11,0,12,0,1
9522,9522,20220315,3,1,45,0,0,0,0,0
9523,9523,20220713,1,2,45,0,0,0,0,0
9524,9524,20220826,1,1,45,0,0,0,0,0
9525,9525,20210318,4,1,45,79,0,68,0,1
9526,9526,20220516,1,1,45,0,0,0,0,0
9527,9527,20210524,1,2,45,0,0,0,0,0
9528,9528,20210708,1,1,45,0,0,0,0,0
9529,9529,20210904,1,2,45,0,0,0,0,0
9530,9530,20211116,1,11,45,0,0,0,0,0
9531,9531,20211201,1,2,45,0,0,0,0,0
9532,9532,20211228,1,1,45,0,0,0,0,0
9533,9533,20220512,1,1,45,146,0,146,0,1
9534,9534,20220308,4,1,45,0,0,0,0,0
9535,9535,20220415,1,1,45,0,0,0,0,0
9536,9536,20200910,1,1,45,0,0,0,0,0
9537,9537,20220317,1,1,45,0,0,0,0,0
9538,9538,20210312,1,5,45,0,0,0,0,0
9539,9539,20201028,4,1,45,0,0,0,0,0
9540,9540,20200214,1,1,45,0,0,0,0,0
9541,9541,20200129,2,5,45,0,0,0,0,0
9542,9542,20200224,1,9,45,0,0,0,0,0
9543,9543,20200413,3,2,45,0,0,0,0,0
9544,9544,20200721,1,1,45,0,0,0,0,0
9545,9545,20200511,1,1,45,0,0,0,0,0
9546,9546,20200807,1,2,45,0,0,0,0,0
9547,9547,20200821,1,2,45,76,0,107,0,1
9548,9548,20200828,1,2,30,231,48,217,48,1
9549,9549,20200831,3,9,45,0,0,0,0,0
9550,9550,20210728,3,5,45,0,0,0,0,0
9551,9551,20200924,1,1,45,0,0,0,0,0
9552,9552,20201003,1,2,45,0,0,0,0,0
9553,9553,20201114,1,1,45,0,0,0,0,0
9554,9554,20201112,1,1,45,78,0,83,0,1
9555,9555,20220822,1,1,30,0,0,0,0,0
9556,9556,20210205,4,16,45,0,0,0,0,0
9557,9557,20210124,1,1,45,0,0,0,0,0
9558,9558,20210219,1,1,45,0,0,0,0,0
9559,9559,20210226,1,5,45,0,0,0,0,0
9560,9560,20210519,1,2,45,0,0,0,0,0
9561,9561,20210616,1,1,45,0,0,0,0,0
9562,9562,20210527,3,2,45,0,0,0,0,0
9563,9563,20210906,1,1,45,0,0,0,0,0
9564,9564,20220603,1,2,45,21,0,21,0,1
9565,9565,20220124,1,1,45,0,0,0,0,0
9566,9566,20220407,2,5,45,0,0,0,0,0
9567,9567,20220518,1,2,45,0,0,0,0,0
9568,9568,20220909,4,1,45,0,0,0,0,0
9569,9569,20210618,1,1,45,0,0,0,0,0
9570,9570,20200914,1,1,45,0,0,0,0,0
9571,9571,20210325,1,14,45,155,0,211,0,1
9572,9572,20200214,1,2,45,0,0,0,0,0
9573,9573,20200205,1,2,45,0,0,0,0,0
9574,9574,20200618,1,5,45,0,0,0,0,0
9575,9575,20200623,1,1,45,0,0,0,0,0
9576,9576,20211119,1,1,45,0,0,0,0,0
9577,9577,20200910,1,5,45,12,0,13,0,1
9578,9578,20200910,3,5,45,0,0,0,0,0
9579,9579,20200823,3,5,45,0,0,0,0,0
9580,9580,20200829,1,1,45,0,0,0,0,0
9581,9581,20201106,4,2,45,0,0,0,0,0
9582,9582,20201111,1,1,45,0,0,0,0,0
9583,9583,20201027,1,11,45,0,0,0,0,0
9584,9584,20210408,1,5,45,0,0,0,0,0
9585,9585,20211207,1,11,45,0,0,0,0,0
9586,9586,20200506,1,1,45,0,0,0,0,0
9587,9587,20210617,1,1,45,0,0,0,0,0
9588,9588,20200710,1,1,45,0,0,0,0,0
9589,9589,20201007,1,1,45,287,0,287,0,1
9590,9590,20200527,1,1,45,0,0,0,0,0
9591,9591,20210318,1,5,45,0,0,0,0,0
9592,9592,20200529,1,2,45,45,0,46,0,1
9593,9593,20200824,1,2,45,0,0,0,0,0
9594,9594,20210218,1,1,45,0,0,0,0,0
9595,9595,20201118,3,1,45,0,0,0,0,0
9596,9596,20201023,1,5,30,0,0,0,0,0
9597,9597,20210917,1,1,45,0,0,0,0,0
9598,9598,20201222,1,1,45,0,0,0,0,0
9599,9599,20210302,1,5,45,0,0,0,0,0
9600,9600,20211111,1,1,45,0,0,0,0,0
9601,9601,20210401,3,11,45,0,0,0,0,0
9602,9602,20210414,4,1,45,0,0,0,0,0
9603,9603,20210701,2,2,45,0,0,0,0,0
9604,9604,20210811,3,2,45,121,0,121,0,1
9605,9605,20210702,1,11,45,0,0,0,0,0
9606,9606,20210823,1,5,45,0,0,0,0,0
9607,9607,20210819,1,1,45,0,0,0,0,0
9608,9608,20210823,1,19,45,0,0,0,0,0
9609,9609,20211002,1,5,45,0,0,0,0,0
9610,9610,20211115,1,5,45,0,0,0,0,0
9611,9611,20211125,1,5,45,0,0,0,0,0
9612,9612,20210913,1,5,45,0,0,0,0,0
9613,9613,20210201,1,2,45,0,0,0,0,0
9614,9614,20220124,1,5,45,0,0,0,0,0
9615,9615,20210423,1,1,45,0,0,0,0,0
9616,9616,20210319,1,1,45,0,0,0,0,0
9617,9617,20210608,1,11,45,0,0,0,0,0
9618,9618,20210831,1,1,45,0,0,0,0,0
9619,9619,20210930,1,1,45,0,0,0,0,0
9620,9620,20210827,1,1,45,0,0,0,0,0
9621,9621,20211216,1,19,45,0,0,0,0,0
9622,9622,20211210,1,1,45,0,0,0,0,0
9623,9623,20211201,1,2,45,0,0,0,0,0
9624,9624,20220603,1,1,45,0,0,0,0,0
9625,9625,20220429,1,1,30,0,0,0,0,0
9626,9626,20220623,1,1,45,0,0,0,0,0
9627,9627,20211207,1,1,45,0,0,0,0,0
9628,9628,20220408,1,11,45,0,0,0,0,0
9629,9629,20220404,1,2,45,0,0,0,0,0
9630,9630,20220421,1,11,45,0,0,0,0,0
9631,9631,20220526,1,2,45,0,0,0,0,0
9632,9632,20230515,3,1,45,0,0,0,0,0
9633,9633,20200221,1,1,45,208,0,271,0,1
9634,9634,20200226,1,1,45,0,0,0,0,0
9635,9635,20200415,4,1,45,0,0,0,0,0
9636,9636,20200206,1,1,45,0,0,0,0,0
9637,9637,20230223,1,1,45,0,0,0,0,0
9638,9638,20220818,1,2,45,0,0,0,0,0
9639,9639,20200117,3,11,45,0,0,0,0,0
9640,9640,20200124,1,2,45,0,0,0,0,0
9641,9641,20200324,1,5,45,0,0,0,0,0
9642,9642,20200320,1,2,45,9,0,9,0,1
9643,9643,20200420,4,2,45,0,0,0,0,0
9644,9644,20200514,1,1,45,0,0,0,0,0
9645,9645,20200522,4,2,45,0,0,0,0,0
9646,9646,20201029,3,1,45,0,0,0,0,0
9647,9647,20200624,1,2,45,0,0,0,0,0
9648,9648,20210401,3,2,45,0,0,0,0,0
9649,9649,20201008,1,5,45,0,0,0,0,0
9650,9650,20201214,1,8,59,0,0,0,0,0
9651,9651,20210623,1,1,45,0,0,0,0,0
9652,9652,20210415,1,1,45,0,0,0,0,0
9653,9653,20210429,2,1,45,0,0,0,0,0
9654,9654,20210907,1,11,45,0,0,0,0,0
9655,9655,20210610,4,2,45,0,0,0,0,0
9656,9656,20210611,1,1,45,0,0,0,0,0
9657,9657,20210826,1,2,45,0,0,0,0,0
9658,9658,20220801,1,1,45,0,0,0,0,0
9659,9659,20221103,2,5,45,0,0,0,0,0
9660,9660,20220822,1,1,45,0,0,0,0,0
9661,9661,20210930,1,1,45,25,0,25,0,1
9662,9662,20210210,1,1,45,0,0,0,0,0
9663,9663,20230526,1,1,45,0,0,0,0,0
9664,9664,20200102,1,5,45,0,0,0,0,0
9665,9665,20200127,1,2,45,0,0,0,0,0
9666,9666,20200702,1,2,45,0,0,0,0,0
9667,9667,20200506,1,2,45,104,0,104,0,1
9668,9668,20210117,1,5,45,0,0,0,0,0
9669,9669,20210527,4,1,45,0,0,0,0,0
9670,9670,20210521,4,1,45,0,0,0,0,0
9671,9671,20220513,1,1,45,0,0,0,0,0
9672,9672,20200929,3,5,45,0,0,0,0,0
9673,9673,20211011,1,2,30,0,0,0,0,0
9674,9674,20200609,2,2,45,0,0,0,0,0
9675,9675,20200330,1,2,45,0,0,0,0,0
9676,9676,20210430,1,1,45,0,0,0,0,0
9677,9677,20200117,3,1,45,0,0,0,0,0
9678,9678,20200921,1,1,45,0,0,0,0,0
9679,9679,20230503,1,1,30,69,0,33,0,1
9680,9680,20220922,2,5,45,0,0,0,0,0
9681,9681,20201008,3,16,45,0,0,0,0,0
9682,9682,20201014,1,5,45,0,0,0,0,0
9683,9683,20201029,1,2,45,0,0,0,0,0
9684,9684,20201113,1,11,45,0,0,0,0,0
9685,9685,20210616,1,1,45,0,0,0,0,0
9686,9686,20210226,1,1,45,0,0,0,0,0
9687,9687,20220309,1,1,45,0,0,0,0,0
9688,9688,20210128,1,1,45,0,0,0,0,0
9689,9689,20210218,1,1,45,0,0,0,0,0
9690,9690,20210126,1,5,45,0,0,0,0,0
9691,9691,20220314,3,1,45,0,0,0,0,0
9692,9692,20210628,1,1,45,0,0,0,0,0
9693,9693,20210513,1,11,45,0,0,0,0,0
9694,9694,20230919,1,1,45,0,0,0,0,0
9695,9695,20210909,1,5,45,0,0,0,0,0
9696,9696,20210812,1,5,45,0,0,0,0,0
9697,9697,20211115,3,1,45,0,0,0,0,0
9698,9698,20210902,1,1,45,0,0,0,0,0
9699,9699,20211004,1,2,45,0,0,0,0,0
9700,9700,20220513,1,1,45,0,0,0,0,0
9701,9701,20210312,4,5,45,0,0,0,0,0
9702,9702,20210617,1,1,45,0,0,0,0,0
9703,9703,20220301,1,14,45,0,0,0,0,0
9704,9704,20220531,1,1,45,0,0,0,0,0
9705,9705,20220111,1,1,45,0,0,0,0,0
9706,9706,20220519,1,5,45,0,0,0,0,0
9707,9707,20220908,3,2,45,446,0,446,0,1
9708,9708,20220304,1,1,45,0,0,0,0,0
9709,9709,20220617,1,2,45,0,0,0,0,0
9710,9710,20200730,1,5,45,0,0,0,0,0
9711,9711,20250730,1,1,45,0,0,0,0,0
9712,9712,20200921,1,5,45,0,0,0,0,0
9713,9713,20201120,1,5,45,0,0,0,0,0
9714,9714,20220826,1,1,45,0,0,0,0,0
9715,9715,20210910,1,2,45,0,0,0,0,0
9716,9716,20201201,1,5,45,0,0,0,0,0
9717,9717,20201127,3,5,45,0,0,0,0,0
9718,9718,20201028,4,1,45,0,0,0,0,0
9719,9719,20210620,1,1,45,0,0,0,0,0
9720,9720,20210402,1,11,45,0,0,0,0,0
9721,9721,20210630,1,11,45,0,0,0,0,0
9722,9722,20221111,1,1,45,0,0,0,0,0
9723,9723,20220805,1,1,45,0,0,0,0,0
9724,9724,20220824,1,2,45,0,0,0,0,0
9725,9725,20241220,1,2,45,0,0,0,0,0
9726,9726,20200822,1,1,45,183,0,187,0,1
9727,9727,20200521,1,1,45,61,0,61,0,1
9728,9728,20201127,1,1,45,0,0,0,0,0
9729,9729,20220415,1,1,45,0,0,0,0,0
9730,9730,20200114,1,1,45,0,0,0,0,0
9731,9731,20200501,1,11,45,0,0,0,0,0
9732,9732,20210219,1,1,45,0,0,0,0,0
9733,9733,20200528,1,2,45,0,0,0,0,0
9734,9734,20220413,1,1,45,0,0,0,0,0
9735,9735,20200622,1,1,45,0,0,0,0,0
9736,9736,20200731,1,1,45,0,0,0,0,0
9737,9737,20201023,1,2,45,0,0,0,0,0
9738,9738,20201117,3,2,45,0,0,0,0,0
9739,9739,20210309,1,1,45,0,0,0,0,0
9740,9740,20210816,4,2,45,0,0,0,0,0
9741,9741,20210825,1,14,45,0,0,0,0,0
9742,9742,20210620,1,5,45,0,0,0,0,0
9743,9743,20210823,1,2,45,0,0,0,0,0
9744,9744,20220301,1,2,45,0,0,0,0,0
9745,9745,20211022,3,1,45,0,0,0,0,0
9746,9746,20211207,1,2,45,0,0,0,0,0
9747,9747,20220331,1,1,45,0,0,0,0,0
9748,9748,20220711,1,2,45,0,0,0,0,0
9749,9749,20210430,1,1,45,0,0,0,0,0
9750,9750,20200616,3,11,45,0,0,0,0,0
9751,9751,20200326,4,1,45,0,0,0,0,0
9752,9752,20200710,4,11,45,0,0,0,0,0
9753,9753,20200702,1,2,45,0,0,0,0,0
9754,9754,20200722,1,1,45,0,0,0,0,0
9755,9755,20200807,4,2,45,0,0,0,0,0
9756,9756,20200924,1,5,30,0,0,0,0,0
9757,9757,20201215,1,2,45,0,0,0,0,0
9758,9758,20210722,1,11,45,0,0,0,0,0
9759,9759,20210408,1,2,45,0,0,0,0,0
9760,9760,20210818,1,1,45,112,0,112,0,1
9761,9761,20210712,1,5,45,0,0,0,0,0
9762,9762,20210415,1,1,45,0,0,0,0,0
9763,9763,20210601,1,1,45,0,0,0,0,0
9764,9764,20210614,1,2,45,0,0,0,0,0
9765,9765,20210805,4,1,45,0,0,0,0,0
9766,9766,20210811,1,11,45,0,0,0,0,0
9767,9767,20211220,3,2,45,0,0,0,0,0
9768,9768,20230724,1,1,45,0,0,0,0,0
9769,9769,20220509,3,2,45,0,0,0,0,0
9770,9770,20211129,1,5,30,0,0,0,0,0
9771,9771,20230628,1,1,30,11,0,11,0,1
9772,9772,20220620,1,5,45,0,0,0,0,0
9773,9773,20220729,1,1,45,0,0,0,0,0
9774,9774,20220213,1,5,45,0,0,0,0,0
9775,9775,20220503,1,1,45,0,0,0,0,0
9776,9776,20220808,1,2,45,1,0,1,0,1
9777,9777,20220906,1,2,45,0,0,0,0,0
9778,9778,20221115,1,11,45,0,0,0,0,0
9779,9779,20220915,1,5,45,0,0,0,0,0
9780,9780,20230116,1,1,45,0,0,0,0,0
9781,9781,20210530,1,1,45,0,0,0,0,0
9782,9782,20220715,1,1,45,0,0,0,0,0
9783,9783,20221028,1,1,30,0,0,0,0,0
9784,9784,20210414,1,5,30,0,0,0,0,0
9785,9785,20210929,1,11,45,0,0,0,0,0
9786,9786,20200712,1,1,45,0,0,0,0,0
9787,9787,20210408,1,2,45,0,0,0,0,0
9788,9788,20200521,1,1,45,112,0,161,0,1
9789,9789,20200220,3,5,45,0,0,0,0,0
9790,9790,20210419,1,2,45,43,0,43,0,1
9791,9791,20200129,1,5,45,0,0,0,0,0
9792,9792,20200214,4,2,45,0,0,0,0,0
9793,9793,20200310,1,11,45,0,0,0,0,0
9794,9794,20200414,2,11,45,0,0,0,0,0
9795,9795,20200414,1,11,45,0,0,0,0,0
9796,9796,20200716,1,5,45,0,0,0,0,0
9797,9797,20210205,1,2,45,0,0,0,0,0
9798,9798,20200915,1,11,45,0,0,0,0,0
9799,9799,20230814,1,11,45,0,0,0,0,0
9800,9800,20201015,1,2,45,0,0,0,0,0
9801,9801,20210225,4,1,45,0,0,0,0,0
9802,9802,20201109,1,11,45,0,0,0,0,0
9803,9803,20201221,1,5,45,0,0,0,0,0
9804,9804,20210811,4,5,45,0,0,0,0,0
9805,9805,20210331,1,5,45,0,0,0,0,0
9806,9806,20211022,4,1,45,0,0,0,0,0
9807,9807,20210722,1,2,45,0,0,0,0,0
9808,9808,20220331,3,2,45,0,0,0,0,0
9809,9809,20211107,1,5,45,0,0,0,0,0
9810,9810,20211222,1,5,45,0,0,0,0,0
9811,9811,20211202,1,5,45,0,0,0,0,0
9812,9812,20220421,3,11,45,0,0,0,0,0
9813,9813,20220211,1,2,45,0,0,0,0,0
9814,9814,20230214,4,1,45,34,0,34,0,1
9815,9815,20200131,1,2,45,0,0,0,0,0
9816,9816,20210722,3,1,45,244,0,264,0,1
9817,9817,20200120,1,1,45,0,0,0,0,0
9818,9818,20200409,1,2,45,0,0,0,0,0
9819,9819,20200330,1,11,45,0,0,0,0,0
9820,9820,20200516,1,5,45,0,0,0,0,0
9821,9821,20220502,1,16,45,47,0,47,0,1
9822,9822,20210129,1,5,45,0,0,0,0,0
9823,9823,20201016,1,16,45,0,0,0,0,0
9824,9824,20201119,1,1,45,0,0,0,0,0
9825,9825,20201130,1,1,45,0,0,0,0,0
9826,9826,20201224,1,2,45,0,0,0,0,0
9827,9827,20210120,3,5,45,0,0,0,0,0
9828,9828,20210401,1,2,45,0,0,0,0,0
9829,9829,20211018,3,19,30,0,0,0,0,0
9830,9830,20210406,1,5,45,0,0,0,0,0
9831,9831,20210611,1,2,45,0,0,0,0,0
9832,9832,20210609,3,11,45,0,0,0,0,0
9833,9833,20210822,1,1,45,0,0,0,0,0
9834,9834,20220429,1,1,45,0,0,0,0,0
9835,9835,20220113,1,1,45,0,0,0,0,0
9836,9836,20220712,1,1,45,29,0,29,0,1
9837,9837,20210814,1,1,45,0,0,0,0,0
9838,9838,20220216,1,11,45,0,0,0,0,0
9839,9839,20220119,4,2,45,0,0,0,0,0
9840,9840,20220207,1,11,45,0,0,0,0,0
9841,9841,20230203,1,2,45,0,0,0,0,0
9842,9842,20220617,1,5,45,0,0,0,0,0
9843,9843,20220507,1,5,45,0,0,0,0,0
9844,9844,20220825,1,2,45,0,0,0,0,0
9845,9845,20220528,1,11,45,0,0,0,0,0
9846,9846,20251010,3,5,45,424,914,138,1011,1
9847,9847,20200618,1,11,45,0,0,0,0,0
9848,9848,20210924,3,5,45,0,0,0,0,0
9849,9849,20210119,1,1,45,0,0,0,0,0
9850,9850,20200114,1,1,45,0,0,0,0,0
9851,9851,20210712,2,1,45,104,0,132,0,1
9852,9852,20201213,3,1,45,0,0,0,0,0
9853,9853,20210806,1,2,45,0,0,0,0,0
9854,9854,20210530,1,5,45,1,0,1,0,1
9855,9855,20200312,1,11,30,0,0,0,0,0
9856,9856,20200523,2,11,45,0,0,0,0,0
9857,9857,20210507,1,5,45,0,0,0,0,0
9858,9858,20200406,1,2,45,0,0,0,0,0
9859,9859,20200713,1,19,45,0,0,0,0,0
9860,9860,20200415,1,1,45,0,0,0,0,0
9861,9861,20200717,1,1,45,0,0,0,0,0
9862,9862,20210226,1,1,45,0,0,0,0,0
9863,9863,20210629,1,1,45,0,0,0,0,0
9864,9864,20200817,1,1,45,0,0,0,0,0
9865,9865,20211223,1,2,45,0,0,0,0,0
9866,9866,20201105,1,2,45,0,0,0,0,0
9867,9867,20201113,1,1,45,0,0,0,0,0
9868,9868,20210118,3,2,45,0,0,0,0,0
9869,9869,20201030,3,1,45,0,0,0,0,0
9870,9870,20210913,1,2,45,77,0,77,0,1
9871,9871,20260417,1,2,45,0,0,0,0,0
9872,9872,20200618,1,2,45,0,0,0,0,0
9873,9873,20211209,1,2,45,0,0,0,0,0
9874,9874,20211014,1,5,45,0,0,0,0,0
9875,9875,20210714,1,5,45,0,0,0,0,0
9876,9876,20210614,4,2,45,0,0,0,0,0
9877,9877,20210616,1,1,45,0,0,0,0,0
9878,9878,20210804,1,5,45,0,0,0,0,0
9879,9879,20211001,1,14,45,0,0,0,0,0
9880,9880,20210930,4,1,45,0,0,0,0,0
9881,9881,20211021,1,5,45,0,0,0,0,0
9882,9882,20211208,1,2,45,73,0,73,0,1
9883,9883,20220502,1,1,45,0,0,0,0,0
9884,9884,20221216,1,5,45,0,0,0,0,0
9885,9885,20221014,1,1,45,0,0,0,0,0
9886,9886,20200422,1,2,45,0,0,0,0,0
9887,9887,20200309,1,1,45,0,0,0,0,0
9888,9888,20200424,1,1,45,0,0,0,0,0
9889,9889,20210427,1,1,45,0,0,0,0,0
9890,9890,20200525,2,1,45,0,0,0,0,0
9891,9891,20200703,3,5,45,0,0,0,0,0
9892,9892,20200731,1,2,45,0,0,0,0,0
9893,9893,20201012,1,1,30,0,0,0,0,0
9894,9894,20210125,1,5,45,0,0,0,0,0
9895,9895,20210625,1,2,45,0,0,0,0,0
9896,9896,20201222,1,1,45,0,0,0,0,0
9897,9897,20201221,3,5,45,0,0,0,0,0
9898,9898,20200913,3,11,45,0,0,0,0,0
9899,9899,20201225,1,5,45,0,0,0,0,0
9900,9900,20210214,1,11,45,0,0,0,0,0
9901,9901,20211122,3,5,45,0,0,0,0,0
9902,9902,20220729,4,19,45,0,0,0,0,0
9903,9903,20210609,1,5,45,0,0,0,0,0
9904,9904,20220207,2,1,45,0,0,0,0,0
9905,9905,20210826,1,1,45,0,0,0,0,0
9906,9906,20210720,1,11,45,0,0,0,0,0
9907,9907,20220218,1,1,45,0,0,0,0,0
9908,9908,20220802,1,2,45,0,0,0,0,0
9909,9909,20220302,1,11,45,0,0,0,0,0
9910,9910,20220506,1,5,45,0,0,0,0,0
9911,9911,20220731,1,2,30,0,0,0,0,0
9912,9912,20250711,1,1,45,1957,0,2642,0,1
9913,9913,20230217,1,2,45,533,0,533,0,1
9914,9914,20221117,1,2,45,0,0,0,0,0
9915,9915,20220610,1,5,45,783,0,864,0,1
9916,9916,20220809,1,5,45,0,0,0,0,0
9917,9917,20200115,2,2,45,0,0,0,0,0
9918,9918,20200527,1,1,45,0,0,0,0,0
9919,9919,20200527,3,11,45,0,0,0,0,0
9920,9920,20200401,3,1,45,0,0,0,0,0
9921,9921,20200218,1,1,45,0,0,0,0,0
9922,9922,20210427,1,2,45,0,0,0,0,0
9923,9923,20200615,1,1,30,0,0,0,0,0
9924,9924,20200826,1,1,45,0,0,0,0,0
9925,9925,20200828,1,5,45,0,0,0,0,0
9926,9926,20200724,3,1,45,0,0,0,0,0
9927,9927,20210718,3,1,45,0,0,0,0,0
9928,9928,20210301,1,1,45,0,0,0,0,0
9929,9929,20201102,1,5,45,0,0,0,0,0
9930,9930,20201211,1,5,45,72,0,72,0,1
9931,9931,20210219,4,5,45,0,0,0,0,0
9932,9932,20210623,4,5,30,0,0,0,0,0
9933,9933,20201216,3,5,45,0,0,0,0,0
9934,9934,20210315,1,1,45,0,0,0,0,0
9935,9935,20201222,1,5,45,0,0,0,0,0
9936,9936,20230719,1,1,45,0,0,0,0,0
9937,9937,20210321,1,9,45,0,0,0,0,0
9938,9938,20210618,1,1,30,0,0,0,0,0
9939,9939,20220121,1,1,45,0,0,0,0,0
9940,9940,20230214,3,5,45,0,0,0,0,0
9941,9941,20251107,1,1,45,0,0,0,0,0
9942,9942,20221211,3,2,45,36,0,36,0,1
9943,9943,20231202,2,1,45,51,0,51,0,1
9944,9944,20200803,1,1,30,99,0,41,0,1
9945,9945,20200728,1,2,45,0,0,0,0,0
9946,9946,20200430,1,1,45,13,0,13,0,1
9947,9947,20200413,1,2,45,649,0,752,0,1
9948,9948,20200921,1,1,45,0,0,0,0,0
9949,9949,20200529,3,5,45,0,0,0,0,0
9950,9950,20201009,1,11,45,0,0,0,0,0
9951,9951,20210901,1,11,45,0,0,0,0,0
9952,9952,20200831,1,11,45,0,0,0,0,0
9953,9953,20230321,2,2,45,0,0,0,0,0
9954,9954,20201120,1,1,45,0,0,0,0,0
9955,9955,20210708,1,1,45,0,0,0,0,0
9956,9956,20201222,1,5,45,0,0,0,0,0
9957,9957,20240417,1,1,45,2623,0,2588,0,1
9958,9958,20210301,1,2,45,0,0,0,0,0
9959,9959,20210920,4,1,45,0,0,0,0,0
9960,9960,20210423,1,5,45,0,0,0,0,0
9961,9961,20221110,1,2,45,0,0,0,0,0
9962,9962,20211015,4,1,45,0,0,0,0,0
9963,9963,20211206,1,5,45,0,0,0,0,0
9964,9964,20220315,1,1,45,0,0,0,0,0
9965,9965,20220127,1,16,45,0,0,0,0,0
9966,9966,20221021,1,5,45,0,0,0,0,0
9967,9967,20200416,1,1,45,0,0,0,0,0
9968,9968,20210524,1,1,45,0,0,0,0,0
9969,9969,20200402,1,1,45,5,0,7,0,1
9970,9970,20241014,1,1,30,0,0,0,0,0
9971,9971,20200508,1,1,45,0,0,0,0,0
9972,9972,20201105,1,1,45,175,0,175,0,1
9973,9973,20200404,1,16,45,0,0,0,0,0
9974,9974,20200204,1,2,45,415,0,415,0,1
9975,9975,20210121,1,2,30,0,0,0,0,0
9976,9976,20200103,1,1,45,0,0,0,0,0
9977,9977,20200403,1,2,45,0,0,0,0,0
9978,9978,20200501,1,1,45,41,0,41,0,1
9979,9979,20200518,1,1,45,0,0,0,0,0
9980,9980,20201028,1,2,45,0,0,0,0,0
9981,9981,20201225,1,1,45,0,0,0,0,0
9982,9982,20200615,1,5,45,0,0,0,0,0
9983,9983,20210324,1,5,45,0,0,0,0,0
9984,9984,20210729,3,1,45,0,0,0,0,0
9985,9985,20210122,1,1,45,0,0,0,0,0
9986,9986,20210212,1,1,45,0,0,0,0,0
9987,9987,20210427,1,9,45,0,0,0,0,0
9988,9988,20220315,1,1,45,0,0,0,0,0
9989,9989,20220221,1,11,45,0,0,0,0,0
9990,9990,20220503,1,11,45,0,0,0,0,0
9991,9991,20220727,1,1,45,0,0,0,0,0
9992,9992,20230217,1,1,45,0,0,0,0,0
9993,9993,20200717,1,1,45,55,0,57,0,1
9994,9994,20220603,1,1,45,0,0,0,0,0
9995,9995,20201008,1,1,45,201,0,266,0,1
9996,9996,20200201,2,11,45,0,0,0,0,0
9997,9997,20210517,1,2,45,0,0,0,0,0
9998,9998,20200720,3,19,45,0,0,0,0,0
9999,9999,20200319,1,2,45,0,0,0,0,0
10000,10000,20210402,1,2,45,0,0,0,0,0
10001,10001,20200515,4,9,30,0,0,0,0,0
10002,10002,20201217,3,2,45,0,0,0,0,0
10003,10003,20200519,3,2,45,0,0,0,0,0
10004,10004,20200612,4,1,45,0,0,0,0,0
10005,10005,20200716,1,2,45,0,0,0,0,0
10006,10006,20200930,1,2,45,0,0,0,0,0
10007,10007,20200811,1,5,45,0,0,0,0,0
10008,10008,20201026,3,1,45,0,0,0,0,0
10009,10009,20210629,1,1,45,0,0,0,0,0
10010,10010,20210413,1,1,45,6,0,6,0,1
10011,10011,20220610,2,5,45,0,0,0,0,0
10012,10012,20210806,1,9,45,0,0,0,0,0
10013,10013,20210326,1,1,45,0,0,0,0,0
10014,10014,20220408,1,5,45,0,0,0,0,0
10015,10015,20210524,1,9,45,0,0,0,0,0
10016,10016,20210617,1,5,45,0,0,0,0,0
10017,10017,20210722,1,5,45,0,0,0,0,0
10018,10018,20220329,1,1,45,0,0,0,0,0
10019,10019,20210902,1,2,45,0,0,0,0,0
10020,10020,20210924,1,2,45,0,0,0,0,0
10021,10021,20211022,1,16,45,0,0,0,0,0
10022,10022,20220310,1,2,45,0,0,0,0,0
10023,10023,20220512,1,2,45,0,0,0,0,0
10024,10024,20220415,1,1,45,0,0,0,0,0
10025,10025,20220826,1,2,45,0,0,0,0,0
10026,10026,20221125,1,11,45,0,0,0,0,0
10027,10027,20200413,1,5,30,3,0,3,0,1
10028,10028,20200715,1,2,45,0,0,0,0,0
10029,10029,20200315,1,2,45,230,0,230,0,1
10030,10030,20200317,3,5,45,0,0,0,0,0
10031,10031,20200525,1,11,45,0,0,0,0,0
10032,10032,20200916,1,1,45,0,0,0,0,0
10033,10033,20210101,1,1,45,0,0,0,0,0
10034,10034,20200928,1,2,45,0,0,0,0,0
10035,10035,20201107,1,2,45,0,0,0,0,0
10036,10036,20220107,1,11,45,0,0,0,0,0
10037,10037,20210111,1,2,45,0,0,0,0,0
10038,10038,20210304,1,1,45,0,0,0,0,0
10039,10039,20210305,3,2,45,47,0,48,0,1
10040,10040,20210325,3,5,45,67,0,67,0,1
10041,10041,20210528,1,11,45,0,0,0,0,0
10042,10042,20210722,1,1,45,0,0,0,0,0
10043,10043,20210910,1,1,45,0,0,0,0,0
10044,10044,20220811,1,1,45,0,0,0,0,0
10045,10045,20220928,3,2,45,0,0,0,0,0
10046,10046,20220923,1,1,45,0,0,0,0,0
10047,10047,20220809,1,5,45,0,0,0,0,0
10048,10048,20200815,1,11,45,0,0,0,0,0
10049,10049,20200204,1,5,45,343,0,344,0,1
10050,10050,20200113,1,1,30,0,0,0,0,0
10051,10051,20200604,1,2,45,0,0,0,0,0
10052,10052,20200910,2,2,45,0,0,0,0,0
10053,10053,20200130,4,1,45,0,0,0,0,0
10054,10054,20200209,1,1,45,0,0,0,0,0
10055,10055,20200414,1,11,45,34,0,34,0,1
10056,10056,20211118,1,1,45,0,0,0,0,0
10057,10057,20200527,1,2,45,0,0,0,0,0
10058,10058,20200608,1,1,45,0,0,0,0,0
10059,10059,20200918,1,1,45,0,0,0,0,0
10060,10060,20200922,2,1,45,0,0,0,0,0
10061,10061,20201222,1,1,45,7,0,7,0,1
10062,10062,20201111,1,1,45,0,0,0,0,0
10063,10063,20210813,1,2,45,0,0,0,0,0
10064,10064,20201209,3,2,45,0,0,0,0,0
10065,10065,20210119,1,1,45,54,0,54,0,1
10066,10066,20220818,4,5,45,0,0,0,0,0
10067,10067,20201215,4,2,45,0,0,0,0,0
10068,10068,20210312,1,1,45,0,0,0,0,0
10069,10069,20210420,1,5,45,5880,0,5880,0,1
10070,10070,20210228,4,1,45,0,0,0,0,0
10071,10071,20210813,2,11,45,0,0,0,0,0
10072,10072,20211102,4,2,45,0,0,0,0,0
10073,10073,20211216,1,2,45,0,0,0,0,0
10074,10074,20210622,1,2,45,0,0,0,0,0
10075,10075,20211230,1,11,45,0,0,0,0,0
10076,10076,20211021,1,5,45,0,0,0,0,0
10077,10077,20220304,1,1,45,0,0,0,0,0
10078,10078,20220311,1,11,45,0,0,0,0,0
10079,10079,20220608,1,2,45,0,0,0,0,0
10080,10080,20200902,1,20,59,0,0,0,0,0
10081,10081,20221104,3,1,45,0,0,0,0,0
10082,10082,20200207,1,1,30,0,0,0,0,0
10083,10083,20210929,1,1,45,0,0,0,0,0
10084,10084,20200224,1,2,45,0,0,0,0,0
10085,10085,20210923,4,1,45,0,0,0,0,0
10086,10086,20200825,1,1,45,0,0,0,0,0
10087,10087,20200918,1,1,45,0,0,0,0,0
10088,10088,20200929,1,1,45,0,0,0,0,0
10089,10089,20210511,1,1,45,0,0,0,0,0
10090,10090,20210923,1,2,45,0,0,0,0,0
10091,10091,20210331,1,5,45,0,0,0,0,0
10092,10092,20210218,1,5,45,20,0,20,0,1
10093,10093,20201231,4,2,45,0,0,0,0,0
10094,10094,20210122,2,11,30,0,0,0,0,0
10095,10095,20210327,3,1,45,0,0,0,0,0
10096,10096,20210607,1,1,45,0,0,0,0,0
10097,10097,20211018,1,1,30,38,0,38,0,1
10098,10098,20210625,1,5,45,0,0,0,0,0
10099,10099,20210730,2,2,45,0,0,0,0,0
10100,10100,20220707,4,2,45,0,0,0,0,0
10101,10101,20211107,1,2,45,0,0,0,0,0
10102,10102,20210923,4,1,45,0,0,0,0,0
10103,10103,20211027,1,2,45,0,0,0,0,0
10104,10104,20211012,1,5,45,0,0,0,0,0
10105,10105,20211210,1,1,45,0,0,0,0,0
10106,10106,20220404,1,5,45,0,0,0,0,0
10107,10107,20220204,1,1,45,0,0,0,0,0
10108,10108,20221110,1,1,45,0,0,0,0,0
10109,10109,20220707,1,5,45,0,0,0,0,0
10110,10110,20220805,1,5,45,0,0,0,0,0
10111,10111,20221012,1,2,45,0,0,0,0,0
10112,10112,20230201,1,2,45,0,0,0,0,0
10113,10113,20230123,1,2,45,0,0,0,0,0
10114,10114,20211209,1,2,45,0,0,0,0,0
10115,10115,20200618,1,1,45,166,0,266,0,1
10116,10116,20211014,1,1,45,0,0,0,0,0
10117,10117,20231109,1,11,45,0,0,0,0,0
10118,10118,20210527,1,11,45,0,0,0,0,0
10119,10119,20200317,1,2,45,0,0,0,0,0
10120,10120,20200206,1,1,45,0,0,0,0,0
10121,10121,20200420,1,9,45,0,0,0,0,0
10122,10122,20201027,4,1,45,0,0,0,0,0
10123,10123,20200515,1,2,45,0,0,0,0,0
10124,10124,20200512,3,18,45,0,0,0,0,0
10125,10125,20200730,4,1,45,0,0,0,0,0
10126,10126,20200727,2,2,45,112,0,125,0,1
10127,10127,20200814,1,11,45,0,0,0,0,0
10128,10128,20220914,1,11,45,0,0,0,0,0
10129,10129,20201016,1,2,45,0,0,0,0,0
10130,10130,20201123,1,5,45,0,0,0,0,0
10131,10131,20210430,4,1,45,0,0,0,0,0
10132,10132,20210210,1,1,45,0,0,0,0,0
10133,10133,20210614,1,1,45,0,0,0,0,0
10134,10134,20210131,1,2,45,0,0,0,0,0
10135,10135,20210610,1,5,45,0,0,0,0,0
10136,10136,20220429,1,1,45,0,0,0,0,0
10137,10137,20211207,1,16,45,0,0,0,0,0
10138,10138,20211108,1,5,45,0,0,0,0,0
10139,10139,20211104,1,2,45,0,0,0,0,0
10140,10140,20211117,1,2,45,0,0,0,0,0
10141,10141,20211230,1,2,45,0,0,0,0,0
10142,10142,20220803,1,1,45,0,0,0,0,0
10143,10143,20220612,1,5,45,0,0,0,0,0
10144,10144,20221019,1,1,45,0,0,0,0,0
10145,10145,20221031,1,1,45,0,0,0,0,0
10146,10146,20220922,1,1,45,0,0,0,0,0
10147,10147,20230214,1,11,45,206,0,206,0,1
10148,10148,20201014,1,1,30,0,0,0,0,0
10149,10149,20200123,3,2,45,0,0,0,0,0
10150,10150,20211214,4,5,45,0,0,0,0,0
10151,10151,20201215,1,1,45,2,0,2,0,1
10152,10152,20200702,1,1,45,0,0,0,0,0
10153,10153,20200323,1,1,45,0,0,0,0,0
10154,10154,20200220,1,1,45,0,0,0,0,0
10155,10155,20201111,1,2,45,61,0,61,0,1
10156,10156,20200803,4,1,45,0,0,0,0,0
10157,10157,20200128,1,11,45,0,0,0,0,0
10158,10158,20200517,1,9,45,0,0,0,0,0
10159,10159,20201013,1,1,45,0,0,0,0,0
10160,10160,20220113,1,1,45,0,0,0,0,0
10161,10161,20200625,3,1,45,103,0,103,0,1
10162,10162,20200908,1,1,45,0,0,0,0,0
10163,10163,20201123,1,1,45,0,0,0,0,0
10164,10164,20201207,1,11,45,0,0,0,0,0
10165,10165,20220505,1,1,45,0,0,0,0,0
10166,10166,20201120,1,1,45,0,0,0,0,0
10167,10167,20201130,1,5,45,0,0,0,0,0
10168,10168,20220206,4,1,45,0,0,0,0,0
10169,10169,20210119,1,1,45,0,0,0,0,0
10170,10170,20210216,1,1,45,0,0,0,0,0
10171,10171,20211110,1,1,45,76,0,76,0,1
10172,10172,20210910,1,2,45,0,0,0,0,0
10173,10173,20210817,1,1,45,0,0,0,0,0
10174,10174,20210913,1,5,45,0,0,0,0,0
10175,10175,20211012,1,2,45,0,0,0,0,0
10176,10176,20220325,3,11,45,0,0,0,0,0
10177,10177,20220428,1,1,45,0,0,0,0,0
10178,10178,20220618,4,1,45,0,0,0,0,0
10179,10179,20220627,1,2,45,0,0,0,0,0
10180,10180,20241009,1,1,45,0,0,0,0,0
10181,10181,20220805,1,1,45,0,0,0,0,0
10182,10182,20200107,1,2,45,0,0,0,0,0
10183,10183,20200611,1,1,45,0,0,0,0,0
10184,10184,20200929,1,5,47,0,0,0,0,0
10185,10185,20200320,1,1,45,0,0,0,0,0
10186,10186,20200929,1,16,45,0,0,0,0,0
10187,10187,20201030,1,1,45,0,0,0,0,0
10188,10188,20201121,1,1,45,0,0,0,0,0
10189,10189,20210319,1,1,45,0,0,0,0,0
10190,10190,20210617,1,5,45,0,0,0,0,0
10191,10191,20211001,1,2,45,0,0,0,0,0
10192,10192,20211022,1,1,45,0,0,0,0,0
10193,10193,20220224,1,5,45,0,0,0,0,0
10194,10194,20220715,1,2,45,0,0,0,0,0
10195,10195,20220601,1,5,45,0,0,0,0,0
10196,10196,20230221,1,1,45,0,0,0,0,0
10197,10197,20220805,1,1,45,0,0,0,0,0
10198,10198,20220830,1,11,45,0,0,0,0,0
10199,10199,20221021,3,16,45,0,0,0,0,0
10200,10200,20221122,1,5,45,0,0,0,0,0
10201,10201,20230106,1,1,45,175,0,35,0,1
10202,10202,20210108,1,1,45,0,0,0,0,0
10203,10203,20220706,1,1,45,0,0,0,0,0
10204,10204,20200106,1,1,45,0,0,0,0,0
10205,10205,20200225,1,11,45,0,0,0,0,0
10206,10206,20201013,1,1,45,0,0,0,0,0
10207,10207,20221204,1,2,45,0,0,0,0,0
10208,10208,20200121,1,5,45,0,0,0,0,0
10209,10209,20200901,1,1,45,0,0,0,0,0
10210,10210,20200615,1,1,45,0,0,0,0,0
10211,10211,20200820,4,11,45,0,0,0,0,0
10212,10212,20200602,1,1,45,204,0,204,0,1
10213,10213,20200716,1,1,45,0,0,0,0,0
10214,10214,20200520,1,11,45,0,0,0,0,0
10215,10215,20200723,3,5,45,0,0,0,0,0
10216,10216,20210609,1,1,45,1156,273,421,273,1
10217,10217,20200916,4,5,45,0,0,0,0,0
10218,10218,20210404,1,1,45,0,0,0,0,0
10219,10219,20201105,3,5,30,6,0,6,0,1
10220,10220,20210106,1,2,45,0,0,0,0,0
10221,10221,20210331,1,1,45,89,0,57,0,1
10222,10222,20210121,1,5,45,0,0,0,0,0
10223,10223,20210124,1,1,45,0,0,0,0,0
10224,10224,20210326,1,2,45,0,0,0,0,0
10225,10225,20210329,1,5,45,0,0,0,0,0
10226,10226,20210423,4,2,45,0,0,0,0,0
10227,10227,20210808,1,2,45,0,0,0,0,0
10228,10228,20220803,1,5,45,0,0,0,0,0
10229,10229,20220616,1,2,45,0,0,0,0,0
10230,10230,20220822,1,11,45,0,0,0,0,0
10231,10231,20211013,1,5,45,0,0,0,0,0
10232,10232,20220114,1,2,45,0,0,0,0,0
10233,10233,20211118,1,1,45,0,0,0,0,0
10234,10234,20220727,1,1,45,0,0,0,0,0
10235,10235,20220325,1,2,45,0,0,0,0,0
10236,10236,20220131,1,2,45,0,0,0,0,0
10237,10237,20220615,1,2,45,0,0,0,0,0
10238,10238,20220804,1,11,45,0,0,0,0,0
10239,10239,20201010,1,1,45,102,0,102,0,1
10240,10240,20200817,1,1,45,213,0,248,0,1
10241,10241,20210207,1,9,45,0,0,0,0,0
10242,10242,20200223,1,5,30,23,0,23,0,1
10243,10243,20221004,1,1,45,0,0,0,0,0
10244,10244,20200229,1,1,45,0,0,0,0,0
10245,10245,20200325,1,2,45,0,0,0,0,0
10246,10246,20200227,2,11,45,0,0,0,0,0
10247,10247,20200430,1,11,45,0,0,0,0,0
10248,10248,20211001,1,2,45,0,0,0,0,0
10249,10249,20200705,1,1,30,10,0,10,0,1
10250,10250,20200630,1,1,45,0,0,0,0,0
10251,10251,20210204,3,2,45,0,0,0,0,0
10252,10252,20210614,3,2,45,0,0,0,0,0
10253,10253,20200727,1,16,45,568,0,678,0,1
10254,10254,20200825,1,1,45,0,0,0,0,0
10255,10255,20200827,1,5,45,0,0,0,0,0
10256,10256,20201119,1,5,45,0,0,0,0,0
10257,10257,20210312,1,1,45,0,0,0,0,0
10258,10258,20210421,1,2,45,0,0,0,0,0
10259,10259,20220128,3,5,45,0,0,0,0,0
10260,10260,20210423,1,2,45,0,0,0,0,0
10261,10261,20210607,1,5,45,0,0,0,0,0
10262,10262,20210819,1,1,45,0,0,0,0,0
10263,10263,20230921,1,1,45,39,0,47,0,1
10264,10264,20210930,1,5,45,258,8,258,8,1
10265,10265,20211008,1,1,45,0,0,0,0,0
10266,10266,20211227,1,1,45,0,0,0,0,0
10267,10267,20211222,2,5,45,0,0,0,0,0
10268,10268,20211216,1,5,45,0,0,0,0,0
10269,10269,20220225,1,1,45,0,0,0,0,0
10270,10270,20220224,1,11,45,0,0,0,0,0
10271,10271,20230822,1,2,45,0,0,0,0,0
10272,10272,20220505,1,2,45,0,0,0,0,0
10273,10273,20220512,1,2,45,0,0,0,0,0
10274,10274,20221109,1,1,45,0,0,0,0,0
10275,10275,20220914,4,1,45,0,0,0,0,0
10276,10276,20200528,4,1,45,0,0,0,0,0
10277,10277,20210608,1,15,45,0,0,0,0,0
10278,10278,20200821,1,2,45,0,0,0,0,0
10279,10279,20230622,4,11,45,56,0,56,0,1
10280,10280,20200117,3,11,45,0,0,0,0,0
10281,10281,20200402,1,1,45,44,0,44,0,1
10282,10282,20220616,3,1,45,0,0,0,0,0
10283,10283,20200419,1,1,45,33,0,33,0,1
10284,10284,20200515,1,5,45,0,0,0,0,0
10285,10285,20200512,1,1,45,0,0,0,0,0
10286,10286,20200610,4,5,45,0,0,0,0,0
10287,10287,20200618,1,5,45,0,0,0,0,0
10288,10288,20201111,1,1,45,0,0,0,0,0
10289,10289,20201111,1,5,45,0,0,0,0,0
10290,10290,20201222,1,1,45,0,0,0,0,0
10291,10291,20210707,1,1,45,0,0,0,0,0
10292,10292,20210403,1,1,45,0,0,0,0,0
10293,10293,20220818,1,1,45,0,0,0,0,0
10294,10294,20210806,1,5,45,0,0,0,0,0
10295,10295,20211102,4,20,47,0,0,0,0,0
10296,10296,20211012,1,5,45,0,0,0,0,0
10297,10297,20211026,1,11,45,0,0,0,0,0
10298,10298,20230612,1,1,45,0,0,0,0,0
10299,10299,20220223,4,1,45,0,0,0,0,0
10300,10300,20220525,1,1,45,0,0,0,0,0
10301,10301,20220531,1,5,45,0,0,0,0,0
10302,10302,20220723,1,5,45,0,0,0,0,0
10303,10303,20221220,1,7,45,0,0,0,0,0
10304,10304,20221104,3,19,45,0,0,0,0,0
10305,10305,20221101,1,11,45,0,0,0,0,0
10306,10306,20200622,2,1,30,0,0,0,0,0
10307,10307,20200221,1,1,45,0,0,0,0,0
10308,10308,20210624,1,11,45,0,0,0,0,0
10309,10309,20200219,1,2,45,0,0,0,0,0
10310,10310,20200927,1,1,45,67,0,114,0,1
10311,10311,20210514,1,2,45,13,0,13,0,1
10312,10312,20220817,1,11,45,0,0,0,0,0
10313,10313,20201103,4,2,45,0,0,0,0,0
10314,10314,20200612,3,5,45,0,0,0,0,0
10315,10315,20210318,3,2,45,0,0,0,0,0
10316,10316,20200819,1,2,45,82,0,63,0,1
10317,10317,20201207,1,16,45,0,0,0,0,0
10318,10318,20211112,1,11,45,0,0,0,0,0
10319,10319,20210531,1,5,45,0,0,0,0,0
10320,10320,20210226,1,5,45,0,0,0,0,0
10321,10321,20210724,1,5,45,0,0,0,0,0
10322,10322,20210129,1,2,45,0,0,0,0,0
10323,10323,20210212,1,1,45,0,0,0,0,0
10324,10324,20210305,1,5,45,0,0,0,0,0
10325,10325,20210325,1,5,45,0,0,0,0,0
10326,10326,20210802,1,2,45,0,0,0,0,0
10327,10327,20211013,1,2,45,0,0,0,0,0
10328,10328,20220329,4,5,45,0,0,0,0,0
10329,10329,20220209,1,1,45,0,0,0,0,0
10330,10330,20220316,1,11,45,0,0,0,0,0
10331,10331,20220316,1,5,45,0,0,0,0,0
10332,10332,20220521,1,5,45,0,0,0,0,0
10333,10333,20220702,1,1,45,0,0,0,0,0
10334,10334,20220304,1,1,30,0,0,0,0,0
10335,10335,20200515,1,1,45,33,0,33,0,1
10336,10336,20200311,1,5,45,0,0,0,0,0
10337,10337,20210527,1,2,45,0,0,0,0,0
10338,10338,20201210,1,1,30,0,0,0,0,0
10339,10339,20211110,1,1,45,0,0,0,0,0
10340,10340,20200330,2,1,45,0,0,0,0,0
10341,10341,20200501,1,5,45,0,0,0,0,0
10342,10342,20200414,1,11,45,0,0,0,0,0
10343,10343,20200528,1,1,45,0,0,0,0,0
10344,10344,20200522,1,2,45,0,0,0,0,0
10345,10345,20200721,1,2,45,0,0,0,0,0
10346,10346,20200923,1,11,45,0,0,0,0,0
10347,10347,20210526,1,11,45,0,0,0,0,0
10348,10348,20201201,1,5,45,0,0,0,0,0
10349,10349,20210111,1,5,45,0,0,0,0,0
10350,10350,20211019,1,15,45,12,0,12,0,1
10351,10351,20201209,1,1,45,0,0,0,0,0
10352,10352,20201214,1,1,45,0,0,0,0,0
10353,10353,20210830,4,2,45,0,0,0,0,0
10354,10354,20210131,1,5,59,0,0,0,0,0
10355,10355,20210131,1,2,45,0,0,0,0,0
10356,10356,20210314,1,5,45,0,0,0,0,0
10357,10357,20210205,4,1,45,0,0,0,0,0
10358,10358,20210528,1,16,45,0,0,0,0,0
10359,10359,20210510,1,2,45,0,0,0,0,0
10360,10360,20211105,1,1,45,0,0,0,0,0
10361,10361,20220125,1,11,45,0,0,0,0,0
10362,10362,20211202,1,1,45,0,0,0,0,0
10363,10363,20220308,1,5,45,0,0,0,0,0
10364,10364,20220611,1,5,45,0,0,0,0,0
10365,10365,20220715,1,2,45,0,0,0,0,0
10366,10366,20221021,4,5,45,0,0,0,0,0
10367,10367,20221017,1,1,45,0,0,0,0,0
10368,10368,20230203,1,2,45,0,0,0,0,0
10369,10369,20211228,4,1,45,133,0,143,0,1
10370,10370,20210714,4,1,45,0,0,0,0,0
10371,10371,20200910,1,16,45,0,0,0,0,0
10372,10372,20200620,1,1,30,0,0,0,0,0
10373,10373,20201207,1,2,45,0,0,0,0,0
10374,10374,20201130,1,1,45,0,0,0,0,0
10375,10375,20200924,1,1,45,0,0,0,0,0
10376,10376,20201111,1,15,45,0,0,0,0,0
10377,10377,20201110,2,2,45,0,0,0,0,0
10378,10378,20201118,4,5,45,0,0,0,0,0
10379,10379,20201228,1,1,45,0,0,0,0,0
10380,10380,20210507,1,2,45,0,0,0,0,0
10381,10381,20210609,3,5,45,0,0,0,0,0
10382,10382,20210322,1,11,45,0,0,0,0,0
10383,10383,20220616,1,1,45,0,0,0,0,0
10384,10384,20210525,1,11,45,0,0,0,0,0
10385,10385,20221014,2,1,45,0,0,0,0,0
10386,10386,20220218,1,1,45,0,0,0,0,0
10387,10387,20220826,1,1,45,0,0,0,0,0
10388,10388,20211204,3,2,45,0,0,0,0,0
10389,10389,20220329,1,5,45,0,0,0,0,0
10390,10390,20220118,1,5,45,0,0,0,0,0
10391,10391,20220713,1,1,45,0,0,0,0,0
10392,10392,20221104,1,5,45,0,0,0,0,0
10393,10393,20200517,1,5,45,0,0,0,0,0
10394,10394,20210930,4,5,45,0,0,0,0,0
10395,10395,20210910,3,1,45,0,0,0,0,0
10396,10396,20200103,1,1,45,87,0,94,0,1
10397,10397,20200601,1,2,45,0,0,0,0,0
10398,10398,20200717,1,5,45,0,0,0,0,0
10399,10399,20210127,1,1,45,0,0,0,0,0
10400,10400,20200811,1,1,45,0,0,0,0,0
10401,10401,20201028,3,5,45,0,0,0,0,0
10402,10402,20201117,3,5,45,0,0,0,0,0
10403,10403,20201028,1,1,17,0,0,0,0,0
10404,10404,20220620,1,5,45,0,0,0,0,0
10405,10405,20210219,1,5,45,0,0,0,0,0
10406,10406,20210804,1,1,45,0,0,0,0,0
10407,10407,20211008,1,1,45,0,0,0,0,0
10408,10408,20210429,1,16,45,0,0,0,0,0
10409,10409,20210211,1,5,45,0,0,0,0,0
10410,10410,20210715,1,11,45,0,0,0,0,0
10411,10411,20220406,1,1,45,0,0,0,0,0
10412,10412,20210507,1,1,30,0,0,0,0,0
10413,10413,20220126,1,2,45,0,0,0,0,0
10414,10414,20210806,3,2,45,0,0,0,0,0
10415,10415,20211112,1,1,45,0,0,0,0,0
10416,10416,20211216,1,1,45,29,0,38,0,1
10417,10417,20220112,4,2,45,0,0,0,0,0
10418,10418,20220325,1,1,45,0,0,0,0,0
10419,10419,20220505,2,5,45,0,0,0,0,0
10420,10420,20220704,1,5,45,0,0,0,0,0
10421,10421,20220916,1,5,45,0,0,0,0,0
10422,10422,20201227,1,5,45,0,0,0,0,0
10423,10423,20200103,1,2,45,0,0,0,0,0
10424,10424,20201013,1,1,45,0,0,0,0,0
10425,10425,20210127,1,2,45,0,0,0,0,0
10426,10426,20210228,1,1,45,0,0,0,0,0
10427,10427,20230123,1,1,45,167,0,167,0,1
10428,10428,20200104,1,1,45,0,0,0,0,0
10429,10429,20201028,1,1,45,0,0,0,0,0
10430,10430,20200923,1,19,45,0,0,0,0,0
10431,10431,20200827,3,5,45,0,0,0,0,0
10432,10432,20230330,1,1,45,0,0,0,0,0
10433,10433,20210401,1,1,45,0,0,0,0,0
10434,10434,20201116,1,16,45,0,0,0,0,0
10435,10435,20200821,1,1,45,0,0,0,0,0
10436,10436,20201129,4,1,45,0,0,0,0,0
10437,10437,20210402,1,1,45,0,0,0,0,0
10438,10438,20201218,1,1,45,0,0,0,0,0
10439,10439,20210720,3,1,45,0,0,0,0,0
10440,10440,20210507,1,1,45,0,0,0,0,0
10441,10441,20210315,3,16,45,0,0,0,0,0
10442,10442,20210801,1,5,45,0,0,0,0,0
10443,10443,20200529,1,2,30,1584,0,3161,0,1
10444,10444,20210906,1,5,45,0,0,0,0,0
10445,10445,20230222,3,2,45,228,0,228,0,1
10446,10446,20220825,1,2,45,0,0,0,0,0
10447,10447,20220311,1,2,45,0,0,0,0,0
10448,10448,20211205,1,2,45,0,0,0,0,0
10449,10449,20220413,3,2,45,0,0,0,0,0
10450,10450,20220617,1,5,45,0,0,0,0,0
10451,10451,20220909,1,16,45,0,0,0,0,0
10452,10452,20210525,4,5,45,208,0,156,0,1
10453,10453,20200117,4,2,45,0,0,0,0,0
10454,10454,20200207,4,2,45,0,0,0,0,0
10455,10455,20201023,1,1,45,0,0,0,0,0
10456,10456,20211119,1,1,45,0,0,0,0,0
10457,10457,20201105,3,2,45,0,0,0,0,0
10458,10458,20210322,1,1,45,0,0,0,0,0
10459,10459,20200411,1,1,45,0,0,0,0,0
10460,10460,20200519,1,1,45,0,0,0,0,0
10461,10461,20200418,1,1,45,0,0,0,0,0
10462,10462,20200512,1,1,45,0,0,0,0,0
10463,10463,20200709,3,5,45,0,0,0,0,0
10464,10464,20210129,1,11,45,0,0,0,0,0
10465,10465,20201110,3,16,45,0,0,0,0,0
10466,10466,20201222,1,5,45,0,0,0,0,0
10467,10467,20210115,1,1,45,0,0,0,0,0
10468,10468,20220708,1,1,30,0,0,0,0,0
10469,10469,20210811,1,1,45,0,0,0,0,0
10470,10470,20211212,1,1,45,0,0,0,0,0
10471,10471,20220929,2,2,45,0,0,0,0,0
10472,10472,20220621,2,1,45,0,0,0,0,0
10473,10473,20221006,1,5,45,0,0,0,0,0
10474,10474,20230210,3,2,45,0,0,0,0,0
10475,10475,20220801,1,11,45,34,0,34,0,1
10476,10476,20230414,1,2,45,0,0,0,0,0
10477,10477,20200129,1,1,45,0,0,0,0,0
10478,10478,20200421,1,1,30,0,0,0,0,0
10479,10479,20200117,3,11,45,0,0,0,0,0
10480,10480,20201130,1,16,45,0,0,0,0,0
10481,10481,20200322,1,11,60,0,0,0,0,0
10482,10482,20230718,1,11,45,144,0,144,0,1
10483,10483,20200326,3,5,45,0,0,0,0,0
10484,10484,20210820,1,2,45,0,0,0,0,0
10485,10485,20200715,1,1,45,0,0,0,0,0
10486,10486,20200603,1,1,45,0,0,0,0,0
10487,10487,20200807,1,5,45,0,0,0,0,0
10488,10488,20200727,1,11,45,0,0,0,0,0
10489,10489,20210205,1,1,45,0,0,0,0,0
10490,10490,20201228,1,5,45,0,0,0,0,0
10491,10491,20201025,1,5,45,0,0,0,0,0
10492,10492,20211217,1,1,30,0,0,0,0,0
10493,10493,20210701,1,2,45,0,0,0,0,0
10494,10494,20220503,3,1,45,103,0,103,0,1
10495,10495,20210921,1,5,45,0,0,0,0,0
10496,10496,20211203,1,2,45,0,0,0,0,0
10497,10497,20220523,1,1,45,0,0,0,0,0
10498,10498,20220709,1,5,45,0,0,0,0,0
10499,10499,20211124,1,5,45,0,0,0,0,0
10500,10500,20220307,4,1,45,0,0,0,0,0
10501,10501,20220901,1,1,45,0,0,0,0,0
10502,10502,20220519,3,5,45,0,0,0,0,0
10503,10503,20220519,1,5,45,0,0,0,0,0
10504,10504,20220625,1,2,45,0,0,0,0,0
10505,10505,20220705,1,11,45,0,0,0,0,0
10506,10506,20211203,1,5,45,0,0,0,0,0
10507,10507,20210127,2,2,45,55,0,55,0,1
10508,10508,20211029,1,11,45,0,0,0,0,0
10509,10509,20200901,1,2,45,0,0,0,0,0
10510,10510,20201105,4,5,45,0,0,0,0,0
10511,10511,20200123,1,5,45,0,0,0,0,0
10512,10512,20201002,1,11,45,124,0,198,0,1
10513,10513,20200409,1,1,45,0,0,0,0,0
10514,10514,20211026,1,2,45,0,0,0,0,0
10515,10515,20220710,1,11,45,89,0,89,0,1
10516,10516,20201001,1,5,45,0,0,0,0,0
10517,10517,20201109,1,2,45,0,0,0,0,0
10518,10518,20210121,4,11,45,0,0,0,0,0
10519,10519,20201104,1,11,45,0,0,0,0,0
10520,10520,20210204,1,1,45,0,0,0,0,0
10521,10521,20210812,1,2,45,0,0,0,0,0
10522,10522,20210520,1,1,45,0,0,0,0,0
10523,10523,20210611,1,11,45,0,0,0,0,0
10524,10524,20210901,1,5,45,0,0,0,0,0
10525,10525,20211021,1,5,45,0,0,0,0,0
10526,10526,20220121,1,11,45,0,0,0,0,0
10527,10527,20230309,1,1,45,0,0,0,0,0
10528,10528,20220729,1,1,45,0,0,0,0,0
10529,10529,20220811,1,1,45,0,0,0,0,0
10530,10530,20200128,4,1,45,0,0,0,0,0
10531,10531,20200605,1,1,45,0,0,0,0,0
10532,10532,20200111,1,1,45,0,0,0,0,0
10533,10533,20200821,4,11,45,0,0,0,0,0
10534,10534,20200610,3,1,45,0,0,0,0,0
10535,10535,20200619,3,2,45,0,0,0,0,0
10536,10536,20200218,1,9,30,0,0,0,0,0
10537,10537,20211025,1,2,45,0,0,0,0,0
10538,10538,20201022,4,2,45,360,0,277,0,1
10539,10539,20210726,1,2,45,0,0,0,0,0
10540,10540,20200825,1,5,45,0,0,0,0,0
10541,10541,20210423,1,1,45,0,0,0,0,0
10542,10542,20200916,1,1,45,0,0,0,0,0
10543,10543,20201118,1,1,45,0,0,0,0,0
10544,10544,20230220,1,2,45,0,0,0,0,0
10545,10545,20210301,1,11,45,0,0,0,0,0
10546,10546,20210617,1,1,45,0,0,0,0,0
10547,10547,20220331,4,2,45,3070,1,2125,1,1
10548,10548,20210722,1,5,45,0,0,0,0,0
10549,10549,20210728,1,11,45,329,0,329,0,1
10550,10550,20220228,1,11,45,0,0,0,0,0
10551,10551,20211016,4,1,45,0,0,0,0,0
10552,10552,20220930,1,1,45,0,0,0,0,0
10553,10553,20220222,1,1,45,0,0,0,0,0
10554,10554,20220830,2,5,45,0,0,0,0,0
10555,10555,20220314,1,2,45,0,0,0,0,0
10556,10556,20230128,1,2,45,0,0,0,0,0
10557,10557,20230120,1,1,45,0,0,0,0,0
10558,10558,20230217,1,5,45,0,0,0,0,0
10559,10559,20211110,3,1,45,0,0,0,0,0
10560,10560,20201014,1,1,45,0,0,0,0,0
10561,10561,20200610,1,2,45,0,0,0,0,0
10562,10562,20200123,4,1,45,0,0,0,0,0
10563,10563,20240512,1,1,45,0,0,0,0,0
10564,10564,20200127,1,11,45,0,0,0,0,0
10565,10565,20210311,2,11,45,0,0,0,0,0
10566,10566,20210722,1,5,45,0,0,0,0,0
10567,10567,20200731,4,2,45,0,0,0,0,0
10568,10568,20200728,3,14,45,0,0,0,0,0
10569,10569,20200823,1,2,45,0,0,0,0,0
10570,10570,20200922,1,2,45,0,0,0,0,0
10571,10571,20211104,1,16,45,0,0,0,0,0
10572,10572,20210811,3,5,45,0,0,0,0,0
10573,10573,20220415,1,1,30,0,0,0,0,0
10574,10574,20220630,1,5,45,3,0,3,0,1
10575,10575,20200206,1,1,45,0,0,0,0,0
10576,10576,20200122,1,2,45,20,0,20,0,1
10577,10577,20200113,1,5,45,0,0,0,0,0
10578,10578,20200319,1,5,45,0,0,0,0,0
10579,10579,20200509,1,2,45,45,0,46,0,1
10580,10580,20200429,4,1,45,0,0,0,0,0
10581,10581,20200409,1,1,45,0,0,0,0,0
10582,10582,20200619,1,5,45,0,0,0,0,0
10583,10583,20200731,1,2,45,0,0,0,0,0
10584,10584,20200909,1,2,45,1669,0,1669,0,1
10585,10585,20200901,1,1,30,0,0,0,0,0
10586,10586,20210911,1,1,45,0,0,0,0,0
10587,10587,20201105,1,11,45,0,0,0,0,0
10588,10588,20210713,1,5,45,0,0,0,0,0
10589,10589,20210313,1,5,45,0,0,0,0,0
10590,10590,20220820,1,1,45,0,0,0,0,0
10591,10591,20210122,1,5,45,0,0,0,0,0
10592,10592,20220210,3,1,30,0,0,0,0,0
10593,10593,20210426,1,5,45,0,0,0,0,0
10594,10594,20210611,3,2,45,0,0,0,0,0
10595,10595,20210524,2,5,45,0,0,0,0,0
10596,10596,20210805,3,5,45,0,0,0,0,0
10597,10597,20210923,1,19,45,0,0,0,0,0
10598,10598,20211117,1,2,45,0,0,0,0,0
10599,10599,20210817,1,1,45,0,0,0,0,0
10600,10600,20210826,1,1,45,0,0,0,0,0
10601,10601,20220908,1,15,45,0,0,0,0,0
10602,10602,20220217,1,1,45,208,0,301,0,1
10603,10603,20230216,1,2,45,36,0,36,0,1
10604,10604,20220309,1,1,45,0,0,0,0,0
10605,10605,20220708,1,1,45,0,0,0,0,0
10606,10606,20220702,1,5,45,0,0,0,0,0
10607,10607,20220830,1,2,45,0,0,0,0,0
10608,10608,20221117,1,11,45,0,0,0,0,0
10609,10609,20210216,1,1,45,0,0,0,0,0
10610,10610,20210405,1,1,45,232,0,257,0,1
10611,10611,20210610,2,1,45,0,0,0,0,0
10612,10612,20200717,1,5,45,0,0,0,0,0
10613,10613,20220311,1,1,30,0,0,0,0,0
10614,10614,20200302,1,2,45,0,0,0,0,0
10615,10615,20200528,3,1,45,0,0,0,0,0
10616,10616,20200614,1,5,45,0,0,0,0,0
10617,10617,20210408,1,1,45,0,0,0,0,0
10618,10618,20200713,1,5,45,0,0,0,0,0
10619,10619,20200729,1,1,45,0,0,0,0,0
10620,10620,20230302,1,1,45,0,0,0,0,0
10621,10621,20210205,1,1,45,0,0,0,0,0
10622,10622,20200210,1,1,45,0,0,0,0,0
10623,10623,20220807,1,1,45,0,0,0,0,0
10624,10624,20200709,1,1,45,51,0,51,0,1
10625,10625,20200521,4,1,45,0,0,0,0,0
10626,10626,20200210,1,1,45,0,0,0,0,0
10627,10627,20210815,1,1,45,0,0,0,0,0
10628,10628,20201119,1,1,45,0,0,0,0,0
10629,10629,20211028,1,2,45,0,0,0,0,0
10630,10630,20210915,1,1,45,0,0,0,0,0
10631,10631,20210209,1,1,45,0,0,0,0,0
10632,10632,20210303,1,5,45,0,0,0,0,0
10633,10633,20210506,3,5,45,0,0,0,0,0
10634,10634,20230713,1,2,45,289,0,312,0,1
10635,10635,20210622,3,2,45,9,0,9,0,1
10636,10636,20210702,1,1,45,0,0,0,0,0
10637,10637,20220209,1,5,45,0,0,0,0,0
10638,10638,20211117,1,1,45,0,0,0,0,0
10639,10639,20211101,1,5,45,0,0,0,0,0
10640,10640,20211201,1,1,45,0,0,0,0,0
10641,10641,20200326,1,2,45,0,0,0,0,0
10642,10642,20220105,1,1,45,0,0,0,0,0
10643,10643,20200413,1,2,45,0,0,0,0,0
10644,10644,20200101,1,1,45,0,0,0,0,0
10645,10645,20200709,1,2,45,0,0,0,0,0
10646,10646,20200419,1,1,45,0,0,0,0,0
10647,10647,20200509,1,1,45,0,0,0,0,0
10648,10648,20210312,1,5,45,0,0,0,0,0
10649,10649,20200820,1,1,45,0,0,0,0,0
10650,10650,20210609,1,9,45,0,0,0,0,0
10651,10651,20200925,4,1,45,178,0,178,0,1
10652,10652,20210216,1,5,45,0,0,0,0,0
10653,10653,20220511,1,1,45,0,0,0,0,0
10654,10654,20220617,1,1,30,0,0,0,0,0
10655,10655,20220625,1,11,45,0,0,0,0,0
10656,10656,20221214,1,1,45,0,0,0,0,0
10657,10657,20220919,1,2,45,0,0,0,0,0
10658,10658,20230203,1,2,45,0,0,0,0,0
10659,10659,20221201,1,1,45,0,0,0,0,0
10660,10660,20201209,3,2,45,859,0,1501,0,1
10661,10661,20201218,1,5,45,0,0,0,0,0
10662,10662,20210426,1,2,45,0,0,0,0,0
10663,10663,20220412,1,1,45,0,0,0,0,0
10664,10664,20210730,1,1,45,0,0,0,0,0
10665,10665,20211018,1,1,45,0,0,0,0,0
10666,10666,20211029,1,1,45,0,0,0,0,0
10667,10667,20211221,1,2,45,0,0,0,0,0
10668,10668,20220128,1,2,45,0,0,0,0,0
10669,10669,20220222,1,1,45,0,0,0,0,0
10670,10670,20220722,1,5,45,0,0,0,0,0
10671,10671,20220525,2,2,45,0,0,0,0,0
10672,10672,20220928,1,2,45,0,0,0,0,0
10673,10673,20221014,1,1,45,0,0,0,0,0
10674,10674,20201204,4,5,45,0,0,0,0,0
10675,10675,20200115,1,1,45,0,0,0,0,0
10676,10676,20200121,1,2,45,0,0,0,0,0
10677,10677,20200130,1,11,45,0,0,0,0,0
10678,10678,20211110,1,5,45,0,0,0,0,0
10679,10679,20210115,1,1,45,0,0,0,0,0
10680,10680,20200807,1,2,45,0,0,0,0,0
10681,10681,20200717,3,11,45,0,0,0,0,0
10682,10682,20200903,1,5,45,0,0,0,0,0
10683,10683,20201026,4,5,45,0,0,0,0,0
10684,10684,20200914,1,1,45,0,0,0,0,0
10685,10685,20201120,1,5,45,0,0,0,0,0
10686,10686,20210115,1,2,45,0,0,0,0,0
10687,10687,20210228,1,1,45,22,0,22,0,1
10688,10688,20210312,1,1,45,0,0,0,0,0
10689,10689,20210430,3,5,45,0,0,0,0,0
10690,10690,20210915,1,1,45,0,0,0,0,0
10691,10691,20220715,2,1,45,0,0,0,0,0
10692,10692,20220705,1,1,45,0,0,0,0,0
10693,10693,20210811,1,2,45,0,0,0,0,0
10694,10694,20220125,1,5,45,0,0,0,0,0
10695,10695,20220429,2,2,45,0,0,0,0,0
10696,10696,20220416,1,5,45,0,0,0,0,0
10697,10697,20220503,1,5,45,0,0,0,0,0
10698,10698,20220601,1,14,45,0,0,0,0,0
10699,10699,20230112,1,2,45,0,0,0,0,0
10700,10700,20230201,1,5,45,0,0,0,0,0
10701,10701,20230210,1,1,45,0,0,0,0,0
10702,10702,20201223,1,1,45,89,0,89,0,1
10703,10703,20200507,1,11,45,0,0,0,0,0
10704,10704,20220317,1,11,45,0,0,0,0,0
10705,10705,20210408,1,1,45,0,0,0,0,0
10706,10706,20211009,1,16,45,174,0,174,0,1
10707,10707,20200418,1,1,30,0,0,0,0,0
10708,10708,20210114,4,2,45,0,0,0,0,0
10709,10709,20200229,1,1,45,0,0,0,0,0
10710,10710,20200621,1,11,45,0,0,0,0,0
10711,10711,20200306,1,1,45,0,0,0,0,0
10712,10712,20200428,1,2,45,92,0,94,0,1
10713,10713,20200629,1,2,45,0,0,0,0,0
10714,10714,20200617,1,1,45,0,0,0,0,0
10715,10715,20200817,1,1,45,0,0,0,0,0
10716,10716,20210326,2,5,45,0,0,0,0,0
10717,10717,20220308,1,1,45,0,0,0,0,0
10718,10718,20200805,1,16,45,0,0,0,0,0
10719,10719,20220108,1,1,45,30,0,30,0,1
10720,10720,20210303,1,11,45,0,0,0,0,0
10721,10721,20210420,1,2,45,0,0,0,0,0
10722,10722,20220202,2,14,45,0,0,0,0,0
10723,10723,20210416,1,2,45,0,0,0,0,0
10724,10724,20211016,1,5,45,0,0,0,0,0
10725,10725,20220727,1,14,45,2645,0,3493,0,1
10726,10726,20260131,1,5,45,0,0,0,0,0
10727,10727,20220310,1,1,45,0,0,0,0,0
10728,10728,20220607,4,1,30,0,0,0,0,0
10729,10729,20210412,1,11,45,0,0,0,0,0
10730,10730,20200103,3,1,45,0,0,0,0,0
10731,10731,20200707,1,1,30,0,0,0,0,0
10732,10732,20200117,3,5,45,0,0,0,0,0
10733,10733,20200715,1,1,45,0,0,0,0,0
10734,10734,20210222,1,1,30,0,0,0,0,0
10735,10735,20200227,1,2,45,0,0,0,0,0
10736,10736,20200623,1,2,45,0,0,0,0,0
10737,10737,20200413,3,5,45,0,0,0,0,0
10738,10738,20210406,4,5,45,0,0,0,0,0
10739,10739,20200716,1,1,45,0,0,0,0,0
10740,10740,20200724,1,2,45,0,0,0,0,0
10741,10741,20210217,1,2,45,0,0,0,0,0
10742,10742,20200819,1,5,45,0,0,0,0,0
10743,10743,20200916,1,1,45,0,0,0,0,0
10744,10744,20200924,1,11,45,0,0,0,0,0
10745,10745,20201129,1,1,45,0,0,0,0,0
10746,10746,20210128,1,1,45,0,0,0,0,0
10747,10747,20201228,1,1,45,0,0,0,0,0
10748,10748,20210614,1,11,45,0,0,0,0,0
10749,10749,20210505,3,5,45,0,0,0,0,0
10750,10750,20210321,1,2,45,0,0,0,0,0
10751,10751,20210329,1,2,45,0,0,0,0,0
10752,10752,20210628,1,5,45,0,0,0,0,0
10753,10753,20210811,1,5,45,0,0,0,0,0
10754,10754,20211213,1,5,45,0,0,0,0,0
10755,10755,20220319,1,1,45,0,0,0,0,0
10756,10756,20220628,1,1,30,0,0,0,0,0
10757,10757,20220518,1,5,45,0,0,0,0,0
10758,10758,20220609,1,1,45,0,0,0,0,0
10759,10759,20220526,1,2,45,0,0,0,0,0
10760,10760,20220826,1,1,45,0,0,0,0,0
10761,10761,20221031,1,1,45,0,0,0,0,0
10762,10762,20230214,1,1,45,0,0,0,0,0
10763,10763,20221026,1,2,45,0,0,0,0,0
10764,10764,20220215,1,5,45,0,0,0,0,0
10765,10765,20200313,2,1,45,0,0,0,0,0
10766,10766,20200410,4,1,30,0,0,0,0,0
10767,10767,20200117,3,1,45,0,0,0,0,0
10768,10768,20200211,1,1,45,0,0,0,0,0
10769,10769,20210717,1,2,45,0,0,0,0,0
10770,10770,20200331,1,9,45,0,0,0,0,0
10771,10771,20200622,1,5,45,0,0,0,0,0
10772,10772,20200930,1,2,45,12,0,12,0,1
10773,10773,20200904,1,2,45,0,0,0,0,0
10774,10774,20231221,1,1,45,25,0,25,0,1
10775,10775,20210608,1,2,45,0,0,0,0,0
10776,10776,20210929,4,1,45,0,0,0,0,0
10777,10777,20210114,1,2,45,0,0,0,0,0
10778,10778,20201217,1,1,45,0,0,0,0,0
10779,10779,20210402,3,11,45,0,0,0,0,0
10780,10780,20201226,2,5,45,0,0,0,0,0
10781,10781,20210616,1,1,45,0,0,0,0,0
10782,10782,20210512,1,1,45,0,0,0,0,0
10783,10783,20211010,3,2,45,0,0,0,0,0
10784,10784,20211206,1,5,45,0,0,0,0,0
10785,10785,20220714,1,2,45,28,0,28,0,1
10786,10786,20220331,1,2,45,0,0,0,0,0
10787,10787,20220110,1,5,45,0,0,0,0,0
10788,10788,20220220,1,5,45,0,0,0,0,0
10789,10789,20220729,1,5,45,0,0,0,0,0
10790,10790,20220830,1,1,45,0,0,0,0,0
10791,10791,20221024,1,1,45,0,0,0,0,0
10792,10792,20210821,1,1,45,626,0,1083,0,1
10793,10793,20201009,1,1,45,0,0,0,0,0
10794,10794,20201008,1,1,30,0,0,0,0,0
10795,10795,20201203,1,2,45,1190,0,1190,0,1
10796,10796,20220222,1,1,45,0,0,0,0,0
10797,10797,20200304,1,19,45,0,0,0,0,0
10798,10798,20200607,1,2,45,0,0,0,0,0
10799,10799,20210122,3,2,45,0,0,0,0,0
10800,10800,20200916,3,1,45,0,0,0,0,0
10801,10801,20211214,3,2,45,0,0,0,0,0
10802,10802,20201008,1,2,45,0,0,0,0,0
10803,10803,20250118,1,2,45,0,0,0,0,0
10804,10804,20201113,1,1,30,0,0,0,0,0
10805,10805,20201017,1,1,45,0,0,0,0,0
10806,10806,20210821,4,5,45,0,0,0,0,0
10807,10807,20210205,1,1,45,0,0,0,0,0
10808,10808,20210324,3,11,45,0,0,0,0,0
10809,10809,20210818,1,2,45,0,0,0,0,0
10810,10810,20210330,1,1,45,0,0,0,0,0
10811,10811,20210714,1,2,45,0,0,0,0,0
10812,10812,20210709,4,2,45,0,0,0,0,0
10813,10813,20211002,1,1,45,0,0,0,0,0
10814,10814,20220302,1,2,45,0,0,0,0,0
10815,10815,20220331,1,5,45,0,0,0,0,0
10816,10816,20220223,1,1,45,1363,1955,768,1955,1
10817,10817,20211203,1,1,45,0,0,0,0,0
10818,10818,20211208,1,2,45,0,0,0,0,0
10819,10819,20220120,1,2,45,271,0,153,0,1
10820,10820,20220228,3,1,45,0,0,0,0,0
10821,10821,20220524,1,1,45,0,0,0,0,0
10822,10822,20220524,1,2,45,0,0,0,0,0
10823,10823,20230219,1,2,45,0,0,0,0,0
10824,10824,20220126,3,2,45,34,0,47,0,1
10825,10825,20200716,3,16,45,0,0,0,0,0
10826,10826,20200520,1,1,45,28,0,39,0,1
10827,10827,20200817,1,1,45,13,0,14,0,1
10828,10828,20200101,1,5,45,0,0,0,0,0
10829,10829,20201102,3,2,45,0,0,0,0,0
10830,10830,20201212,2,5,45,0,0,0,0,0
10831,10831,20200716,4,2,45,0,0,0,0,0
10832,10832,20200715,1,2,45,0,0,0,0,0
10833,10833,20210614,1,1,45,0,0,0,0,0
10834,10834,20200820,1,9,45,0,0,0,0,0
10835,10835,20230124,3,1,45,0,0,0,0,0
10836,10836,20211014,2,2,45,0,0,0,0,0
10837,10837,20210305,1,5,30,0,0,0,0,0
10838,10838,20210204,1,5,45,0,0,0,0,0
10839,10839,20210330,4,1,45,0,0,0,0,0
10840,10840,20210913,1,11,45,0,0,0,0,0
10841,10841,20220624,1,1,45,0,0,0,0,0
10842,10842,20211217,1,1,45,0,0,0,0,0
10843,10843,20230427,4,1,45,0,0,0,0,0
10844,10844,20220301,1,5,45,0,0,0,0,0
10845,10845,20220404,1,1,45,0,0,0,0,0
10846,10846,20220801,1,1,45,0,0,0,0,0
10847,10847,20220526,1,5,45,0,0,0,0,0
10848,10848,20240918,1,1,45,0,0,0,0,0
10849,10849,20220625,1,11,45,0,0,0,0,0
10850,10850,20220919,1,2,45,0,0,0,0,0
10851,10851,20211104,1,2,45,0,0,0,0,0
10852,10852,20200923,4,5,45,0,0,0,0,0
10853,10853,20200612,2,11,45,213,0,317,0,1
10854,10854,20210713,1,2,45,0,0,0,0,0
10855,10855,20210811,3,1,45,0,0,0,0,0
10856,10856,20200609,4,5,45,0,0,0,0,0
10857,10857,20200604,1,5,45,0,0,0,0,0
10858,10858,20200620,1,5,45,0,0,0,0,0
10859,10859,20220311,1,2,45,0,0,0,0,0
10860,10860,20200218,3,5,45,0,0,0,0,0
10861,10861,20200430,1,11,45,0,0,0,0,0
10862,10862,20201020,1,1,45,0,0,0,0,0
10863,10863,20200828,1,1,45,0,0,0,0,0
10864,10864,20201002,1,2,45,0,0,0,0,0
10865,10865,20221106,4,5,30,0,0,0,0,0
10866,10866,20200919,1,1,45,0,0,0,0,0
10867,10867,20201027,1,11,45,155,0,155,0,1
10868,10868,20201106,3,1,30,23,0,22,0,1
10869,10869,20210208,2,1,45,0,0,0,0,0
10870,10870,20201110,1,1,45,0,0,0,0,0
10871,10871,20210105,3,1,45,0,0,0,0,0
10872,10872,20201214,1,1,45,129,0,56,0,1
10873,10873,20211212,1,1,45,0,0,0,0,0
10874,10874,20210527,1,1,45,0,0,0,0,0
10875,10875,20210528,1,2,45,0,0,0,0,0
10876,10876,20220801,1,5,45,0,0,0,0,0
10877,10877,20220812,4,2,45,0,0,0,0,0
10878,10878,20220423,1,1,45,0,0,0,0,0
10879,10879,20220418,1,2,45,0,0,0,0,0
10880,10880,20221216,1,11,45,0,0,0,0,0
10881,10881,20221202,1,2,45,0,0,0,0,0
10882,10882,20221012,1,2,45,0,0,0,0,0
10883,10883,20230214,4,5,45,0,0,0,0,0
10884,10884,20230216,1,1,45,6,0,6,0,1
10885,10885,20200414,4,1,45,16,0,15,0,1
10886,10886,20200903,1,16,45,14,0,14,0,1
10887,10887,20201207,1,11,17,0,0,0,0,0
10888,10888,20220818,1,1,45,0,0,0,0,0
10889,10889,20200805,3,11,45,0,0,0,0,0
10890,10890,20230223,1,16,45,782,2,552,2,1
10891,10891,20200120,1,5,45,0,0,0,0,0
10892,10892,20200504,4,1,45,0,0,0,0,0
10893,10893,20220419,1,1,30,0,0,0,0,0
10894,10894,20201102,1,1,45,0,0,0,0,0
10895,10895,20201001,1,1,45,0,0,0,0,0
10896,10896,20201023,1,1,45,0,0,0,0,0
10897,10897,20210325,4,1,45,0,0,0,0,0
10898,10898,20200718,1,5,45,0,0,0,0,0
10899,10899,20200814,1,5,45,0,0,0,0,0
10900,10900,20200818,4,1,45,0,0,0,0,0
10901,10901,20200925,1,2,45,0,0,0,0,0
10902,10902,20210210,3,5,45,0,0,0,0,0
10903,10903,20210204,1,1,45,0,0,0,0,0
10904,10904,20201126,1,1,45,0,0,0,0,0
10905,10905,20210202,1,5,45,0,0,0,0,0
10906,10906,20220505,1,12,30,0,0,0,0,0
10907,10907,20210318,1,2,45,0,0,0,0,0
10908,10908,20210609,1,5,45,0,0,0,0,0
10909,10909,20220923,1,1,45,0,0,0,0,0
10910,10910,20211104,1,11,45,0,0,0,0,0
10911,10911,20220227,1,1,45,0,0,0,0,0
10912,10912,20220301,1,11,45,0,0,0,0,0
10913,10913,20220401,1,1,30,0,0,0,0,0
10914,10914,20220504,2,11,45,0,0,0,0,0
10915,10915,20230110,1,1,45,0,0,0,0,0
10916,10916,20220927,1,1,30,0,0,0,0,0
10917,10917,20220824,1,5,45,0,0,0,0,0
10918,10918,20221014,1,5,45,0,0,0,0,0
10919,10919,20221109,1,5,45,0,0,0,0,0
10920,10920,20230113,1,1,45,0,0,0,0,0
10921,10921,20200313,4,5,45,0,0,0,0,0
10922,10922,20200907,1,5,45,0,0,0,0,0
10923,10923,20210218,4,9,45,0,0,0,0,0
10924,10924,20210508,1,2,45,0,0,0,0,0
10925,10925,20200313,1,2,45,84,0,84,0,1
10926,10926,20200127,1,2,45,0,0,0,0,0
10927,10927,20231017,1,5,45,0,0,0,0,0
10928,10928,20200210,1,11,45,0,0,0,0,0
10929,10929,20200717,4,19,45,0,0,0,0,0
10930,10930,20200427,1,5,45,0,0,0,0,0
10931,10931,20210715,1,1,45,10,0,10,0,1
10932,10932,20220623,1,1,45,0,0,0,0,0
10933,10933,20201006,1,2,45,0,0,0,0,0
10934,10934,20201202,1,1,45,0,0,0,0,0
10935,10935,20201120,1,5,45,0,0,0,0,0
10936,10936,20201208,1,1,45,0,0,0,0,0
10937,10937,20210123,1,2,45,0,0,0,0,0
10938,10938,20211019,1,16,45,0,0,0,0,0
10939,10939,20210320,1,2,45,0,0,0,0,0
10940,10940,20221027,1,1,45,0,0,0,0,0
10941,10941,20210329,1,5,45,0,0,0,0,0
10942,10942,20221019,1,2,45,0,0,0,0,0
10943,10943,20220822,1,1,45,0,0,0,0,0
10944,10944,20220110,1,2,45,0,0,0,0,0
10945,10945,20210831,1,1,45,0,0,0,0,0
10946,10946,20210819,1,5,30,0,0,0,0,0
10947,10947,20211029,2,2,45,0,0,0,0,0
10948,10948,20220209,3,5,45,0,0,0,0,0
10949,10949,20211201,1,1,45,0,0,0,0,0
10950,10950,20211217,1,5,45,0,0,0,0,0
10951,10951,20220208,1,2,45,0,0,0,0,0
10952,10952,20220313,1,5,45,0,0,0,0,0
10953,10953,20220330,1,2,45,0,0,0,0,0
10954,10954,20220514,1,1,45,0,0,0,0,0
10955,10955,20200817,4,1,45,0,0,0,0,0
10956,10956,20210513,1,1,45,0,0,0,0,0
10957,10957,20200307,1,1,45,0,0,0,0,0
10958,10958,20200514,1,1,45,0,0,0,0,0
10959,10959,20220324,1,11,45,0,0,0,0,0
10960,10960,20200522,1,1,45,0,0,0,0,0
10961,10961,20200422,1,1,45,0,0,0,0,0
10962,10962,20200121,4,1,45,0,0,0,0,0
10963,10963,20200624,1,2,45,22,0,22,0,1
10964,10964,20201012,4,9,45,0,0,0,0,0
10965,10965,20200604,2,11,45,0,0,0,0,0
10966,10966,20200629,4,2,45,0,0,0,0,0
10967,10967,20200806,1,18,45,0,0,0,0,0
10968,10968,20200821,1,1,45,0,0,0,0,0
10969,10969,20210128,4,2,45,0,0,0,0,0
10970,10970,20201001,1,11,45,0,0,0,0,0
10971,10971,20201019,1,1,45,0,0,0,0,0
10972,10972,20210219,1,1,45,0,0,0,0,0
10973,10973,20201109,1,8,60,0,0,0,0,0
10974,10974,20210315,1,1,45,0,0,0,0,0
10975,10975,20230122,1,2,45,0,0,0,0,0
10976,10976,20210415,1,1,45,0,0,0,0,0
10977,10977,20210803,1,1,45,0,0,0,0,0
10978,10978,20210617,1,1,45,0,0,0,0,0
10979,10979,20220825,1,1,45,0,0,0,0,0
10980,10980,20230618,1,2,45,0,0,0,0,0
10981,10981,20220426,1,14,45,0,0,0,0,0
10982,10982,20220816,1,2,45,0,0,0,0,0
10983,10983,20210814,4,2,45,284,0,294,0,1
10984,10984,20200914,1,2,45,0,0,0,0,0
10985,10985,20201015,1,2,45,54,0,54,0,1
10986,10986,20200326,3,11,45,0,0,0,0,0
10987,10987,20200224,1,1,45,0,0,0,0,0
10988,10988,20200723,1,9,45,0,0,0,0,0
10989,10989,20200522,1,1,45,0,0,0,0,0
10990,10990,20200330,1,2,45,28,0,35,0,1
10991,10991,20210709,1,5,45,0,0,0,0,0
10992,10992,20200615,1,1,45,0,0,0,0,0
10993,10993,20200601,1,2,45,15,0,15,0,1
10994,10994,20200910,2,5,45,0,0,0,0,0
10995,10995,20200714,1,1,45,0,0,0,0,0
10996,10996,20200724,1,1,45,91,0,33,0,1
10997,10997,20200629,4,2,45,0,0,0,0,0
10998,10998,20200826,1,2,45,0,0,0,0,0
10999,10999,20201210,3,2,45,0,0,0,0,0
11000,11000,20200903,1,1,45,0,0,0,0,0
11001,11001,20220415,4,2,45,240,0,350,0,1
11002,11002,20210218,1,19,45,0,0,0,0,0
11003,11003,20210416,1,2,45,0,0,0,0,0
11004,11004,20210212,3,1,45,0,0,0,0,0
11005,11005,20210430,1,2,45,0,0,0,0,0
11006,11006,20210408,1,2,45,0,0,0,0,0
11007,11007,20210521,1,5,45,18,0,24,0,1
11008,11008,20210711,1,5,45,0,0,0,0,0
11009,11009,20210521,1,1,45,0,0,0,0,0
11010,11010,20220211,1,1,45,0,0,0,0,0
11011,11011,20211016,1,1,45,0,0,0,0,0
11012,11012,20220217,1,5,45,0,0,0,0,0
11013,11013,20220519,1,5,45,0,0,0,0,0
11014,11014,20220529,1,1,45,0,0,0,0,0
11015,11015,20220903,1,1,45,0,0,0,0,0
11016,11016,20230916,1,1,45,0,0,0,0,0
11017,11017,20201030,1,2,45,0,0,0,0,0
11018,11018,20200207,1,2,45,0,0,0,0,0
11019,11019,20200826,1,1,45,0,0,0,0,0
11020,11020,20200515,1,1,45,0,0,0,0,0
11021,11021,20200702,1,1,45,0,0,0,0,0
11022,11022,20210521,1,1,45,0,0,0,0,0
11023,11023,20210125,3,5,45,0,0,0,0,0
11024,11024,20260126,1,2,45,0,0,0,0,0
11025,11025,20201019,1,2,45,0,0,0,0,0
11026,11026,20201013,1,5,45,0,0,0,0,0
11027,11027,20201027,1,5,45,0,0,0,0,0
11028,11028,20210226,1,1,45,0,0,0,0,0
11029,11029,20220804,1,11,45,0,0,0,0,0
11030,11030,20210310,1,1,45,0,0,0,0,0
11031,11031,20211103,1,2,45,0,0,0,0,0
11032,11032,20211215,1,1,45,0,0,0,0,0
11033,11033,20210605,1,1,45,0,0,0,0,0
11034,11034,20210812,4,1,45,171,0,171,0,1
11035,11035,20210915,1,5,45,0,0,0,0,0
11036,11036,20211122,4,1,45,0,0,0,0,0
11037,11037,20220220,1,5,45,0,0,0,0,0
11038,11038,20211215,1,5,45,0,0,0,0,0
11039,11039,20211227,1,5,45,0,0,0,0,0
11040,11040,20220805,1,2,45,0,0,0,0,0
11041,11041,20241021,1,5,45,62,0,113,0,1
11042,11042,20200325,1,2,45,0,0,0,0,0
11043,11043,20200406,1,11,45,0,0,0,0,0
11044,11044,20211210,1,1,45,0,0,0,0,0
11045,11045,20200528,1,1,45,0,0,0,0,0
11046,11046,20200514,1,11,45,0,0,0,0,0
11047,11047,20200423,3,1,45,0,0,0,0,0
11048,11048,20201215,3,5,45,0,0,0,0,0
11049,11049,20200814,1,5,45,0,0,0,0,0
11050,11050,20201022,1,2,45,0,0,0,0,0
11051,11051,20200825,1,2,45,0,0,0,0,0
11052,11052,20200710,3,1,45,0,0,0,0,0
11053,11053,20210910,1,1,45,0,0,0,0,0
11054,11054,20220801,1,1,45,0,0,0,0,0
11055,11055,20210818,1,5,45,0,0,0,0,0
11056,11056,20200923,1,16,45,0,0,0,0,0
11057,11057,20201028,1,1,45,0,0,0,0,0
11058,11058,20241016,1,1,45,8,0,9,0,1
11059,11059,20201118,1,11,45,0,0,0,0,0
11060,11060,20210902,1,2,45,0,0,0,0,0
11061,11061,20210413,3,5,45,0,0,0,0,0
11062,11062,20210105,1,5,45,0,0,0,0,0
11063,11063,20210429,1,1,45,0,0,0,0,0
11064,11064,20210901,1,5,30,0,0,0,0,0
11065,11065,20210311,1,1,45,0,0,0,0,0
11066,11066,20210305,1,5,45,0,0,0,0,0
11067,11067,20210505,1,5,45,0,0,0,0,0
11068,11068,20210923,1,1,45,0,0,0,0,0
11069,11069,20210820,1,2,45,0,0,0,0,0
11070,11070,20221010,4,5,45,387,0,387,0,1
11071,11071,20220614,4,1,45,0,0,0,0,0
11072,11072,20220715,1,1,45,0,0,0,0,0
11073,11073,20220920,1,5,45,0,0,0,0,0
11074,11074,20200220,1,19,45,0,0,0,0,0
11075,11075,20220527,1,1,45,0,0,0,0,0
11076,11076,20210326,1,1,45,0,0,0,0,0
11077,11077,20201022,1,1,45,0,0,0,0,0
11078,11078,20220309,1,5,45,0,0,0,0,0
11079,11079,20200717,1,1,45,0,0,0,0,0
11080,11080,20200528,1,2,45,0,0,0,0,0
11081,11081,20200523,1,1,45,0,0,0,0,0
11082,11082,20201022,1,11,45,0,0,0,0,0
11083,11083,20200815,1,1,45,0,0,0,0,0
11084,11084,20220322,1,1,45,0,0,0,0,0
11085,11085,20210504,1,2,45,0,0,0,0,0
11086,11086,20201201,1,5,45,0,0,0,0,0
11087,11087,20210812,1,1,45,0,0,0,0,0
11088,11088,20210722,4,2,45,0,0,0,0,0
11089,11089,20210527,1,1,45,0,0,0,0,0
11090,11090,20210614,3,16,45,0,0,0,0,0
11091,11091,20210427,1,2,45,0,0,0,0,0
11092,11092,20220115,2,1,45,0,0,0,0,0
11093,11093,20220805,1,2,45,0,0,0,0,0
11094,11094,20221103,2,2,45,0,0,0,0,0
11095,11095,20210618,1,2,45,0,0,0,0,0
11096,11096,20220722,1,1,45,60,0,60,0,1
11097,11097,20210825,1,1,45,0,0,0,0,0
11098,11098,20220311,1,2,45,0,0,0,0,0
11099,11099,20231215,1,1,45,0,0,0,0,0
11100,11100,20220113,1,11,45,0,0,0,0,0
11101,11101,20211217,2,2,45,0,0,0,0,0
11102,11102,20220124,1,2,45,0,0,0,0,0
11103,11103,20220725,1,1,45,0,0,0,0,0
11104,11104,20220620,1,5,45,0,0,0,0,0
11105,11105,20210208,3,20,54,0,0,0,0,0
11106,11106,20200716,1,16,45,0,0,0,0,0
11107,11107,20200316,1,1,30,0,0,0,0,0
11108,11108,20220320,1,2,45,0,0,0,0,0
11109,11109,20220815,1,1,45,0,0,0,0,0
11110,11110,20210730,3,2,45,0,0,0,0,0
11111,11111,20200204,1,11,45,0,0,0,0,0
11112,11112,20200213,1,5,30,0,0,0,0,0
11113,11113,20210228,1,1,45,94,0,94,0,1
11114,11114,20200722,1,5,45,0,0,0,0,0
11115,11115,20210415,2,11,45,0,0,0,0,0
11116,11116,20210211,1,1,45,171,0,260,0,1
11117,11117,20210731,1,2,45,0,0,0,0,0
11118,11118,20210106,1,1,45,0,0,0,0,0
11119,11119,20211019,4,1,45,0,0,0,0,0
11120,11120,20201029,1,1,45,58,0,58,0,1
11121,11121,20211104,1,1,45,0,0,0,0,0
11122,11122,20210119,4,1,45,0,0,0,0,0
11123,11123,20210225,1,2,45,0,0,0,0,0
11124,11124,20220216,1,5,45,0,0,0,0,0
11125,11125,20210319,3,5,45,0,0,0,0,0
11126,11126,20211018,1,2,45,0,0,0,0,0
11127,11127,20210710,1,5,45,0,0,0,0,0
11128,11128,20210602,1,1,45,0,0,0,0,0
11129,11129,20210922,1,1,45,435,0,435,0,1
11130,11130,20211029,1,5,45,0,0,0,0,0
11131,11131,20210820,1,5,45,0,0,0,0,0
11132,11132,20211112,1,1,45,0,0,0,0,0
11133,11133,20220519,1,2,45,0,0,0,0,0
11134,11134,20220116,1,2,45,0,0,0,0,0
11135,11135,20220302,1,1,45,0,0,0,0,0
11136,11136,20220910,1,2,45,0,0,0,0,0
11137,11137,20220919,1,2,45,0,0,0,0,0
11138,11138,20220905,1,11,45,0,0,0,0,0
11139,11139,20231225,1,2,45,0,0,0,0,0
11140,11140,20221115,1,2,45,0,0,0,0,0
11141,11141,20200518,3,1,45,0,0,0,0,0
11142,11142,20220209,1,1,45,0,0,0,0,0
11143,11143,20200130,1,9,30,0,0,0,0,0
11144,11144,20200103,1,1,18,0,0,0,0,0
11145,11145,20200522,1,2,45,0,0,0,0,0
11146,11146,20210128,1,1,45,246,0,250,0,1
11147,11147,20201127,3,2,45,0,0,0,0,0
11148,11148,20201030,1,2,45,0,0,0,0,0
11149,11149,20200708,3,11,45,19,0,19,0,1
11150,11150,20210413,1,2,45,0,0,0,0,0
11151,11151,20200918,1,2,45,0,0,0,0,0
11152,11152,20201218,1,1,45,0,0,0,0,0
11153,11153,20201210,1,2,45,0,0,0,0,0
11154,11154,20210129,1,1,45,0,0,0,0,0
11155,11155,20210207,1,5,45,0,0,0,0,0
11156,11156,20210609,3,1,45,0,0,0,0,0
11157,11157,20210413,1,5,45,0,0,0,0,0
11158,11158,20210323,1,1,45,0,0,0,0,0
11159,11159,20210507,1,5,45,0,0,0,0,0
11160,11160,20210331,1,1,45,0,0,0,0,0
11161,11161,20220115,1,1,45,0,0,0,0,0
11162,11162,20210517,1,5,45,0,0,0,0,0
11163,11163,20211008,1,2,45,0,0,0,0,0
11164,11164,20211217,1,5,45,0,0,0,0,0
11165,11165,20220429,1,11,45,0,0,0,0,0
11166,11166,20220201,1,2,45,0,0,0,0,0
11167,11167,20220516,1,5,45,0,0,0,0,0
11168,11168,20220625,1,1,45,0,0,0,0,0
11169,11169,20220722,1,2,45,0,0,0,0,0
11170,11170,20230901,1,1,45,0,0,0,0,0
11171,11171,20220919,1,2,45,0,0,0,0,0
11172,11172,20220210,1,1,45,0,0,0,0,0
11173,11173,20200122,3,1,45,0,0,0,0,0
11174,11174,20200303,1,2,45,0,0,0,0,0
11175,11175,20200320,1,2,45,0,0,0,0,0
11176,11176,20220428,1,1,45,0,0,0,0,0
11177,11177,20200624,1,1,45,0,0,0,0,0
11178,11178,20200725,3,5,45,0,0,0,0,0
11179,11179,20201130,1,2,45,0,0,0,0,0
11180,11180,20220411,1,11,45,0,0,0,0,0
11181,11181,20210715,1,1,45,0,0,0,0,0
11182,11182,20201112,1,1,45,0,0,0,0,0
11183,11183,20201125,1,5,45,0,0,0,0,0
11184,11184,20211022,1,5,45,0,0,0,0,0
11185,11185,20210501,1,1,45,0,0,0,0,0
11186,11186,20210517,1,1,45,0,0,0,0,0
11187,11187,20210527,1,5,45,0,0,0,0,0
11188,11188,20210617,1,1,45,0,0,0,0,0
11189,11189,20210910,3,1,45,0,0,0,0,0
11190,11190,20210827,1,5,45,0,0,0,0,0
11191,11191,20211021,1,5,45,0,0,0,0,0
11192,11192,20211113,1,14,45,0,0,0,0,0
11193,11193,20220105,1,5,45,0,0,0,0,0
11194,11194,20220211,1,2,45,0,0,0,0,0
11195,11195,20221104,1,1,45,0,0,0,0,0
11196,11196,20221207,1,2,45,0,0,0,0,0
11197,11197,20221121,1,1,45,0,0,0,0,0
11198,11198,20200115,1,1,45,0,0,0,0,0
11199,11199,20200704,1,5,45,346,0,352,0,1
11200,11200,20220318,3,5,45,0,0,0,0,0
11201,11201,20200715,1,1,45,0,0,0,0,0
11202,11202,20200115,3,2,45,0,0,0,0,0
11203,11203,20201211,4,5,45,159,0,159,0,1
11204,11204,20220308,1,1,30,0,0,0,0,0
11205,11205,20211210,1,11,45,0,0,0,0,0
11206,11206,20220526,2,1,45,0,0,0,0,0
11207,11207,20200829,1,5,45,0,0,0,0,0
11208,11208,20200403,1,1,45,0,0,0,0,0
11209,11209,20200305,1,2,45,0,0,0,0,0
11210,11210,20200416,4,2,45,0,0,0,0,0
11211,11211,20200603,1,1,45,7,0,7,0,1
11212,11212,20200522,1,2,45,0,0,0,0,0
11213,11213,20220701,1,12,30,0,0,0,0,0
11214,11214,20200831,2,19,45,0,0,0,0,0
11215,11215,20200928,1,1,45,0,0,0,0,0
11216,11216,20210315,1,1,45,0,0,0,0,0
11217,11217,20210805,3,1,45,0,0,0,0,0
11218,11218,20210521,1,5,45,0,0,0,0,0
11219,11219,20211209,1,5,45,0,0,0,0,0
11220,11220,20210816,1,1,45,0,0,0,0,0
11221,11221,20210701,1,1,45,0,0,0,0,0
11222,11222,20211207,1,2,45,0,0,0,0,0
11223,11223,20240409,4,14,45,403,0,403,0,1
11224,11224,20210729,1,1,45,0,0,0,0,0
11225,11225,20220618,1,1,45,0,0,0,0,0
11226,11226,20211109,1,5,45,0,0,0,0,0
11227,11227,20211018,1,2,45,0,0,0,0,0
11228,11228,20220312,1,2,45,0,0,0,0,0
11229,11229,20241108,2,11,45,0,0,0,0,0
11230,11230,20220428,1,5,45,0,0,0,0,0
11231,11231,20220320,1,1,30,0,0,0,0,0
11232,11232,20220518,1,1,45,0,0,0,0,0
11233,11233,20220726,1,1,45,0,0,0,0,0
11234,11234,20221126,1,14,45,0,0,0,0,0
11235,11235,20210914,1,1,30,54,0,54,0,1
11236,11236,20201104,1,1,45,26,0,26,0,1
11237,11237,20200410,4,5,45,127,0,216,0,1
11238,11238,20200218,1,1,45,0,0,0,0,0
11239,11239,20200605,4,2,45,0,0,0,0,0
11240,11240,20200416,1,1,45,0,0,0,0,0
11241,11241,20200424,1,16,45,0,0,0,0,0
11242,11242,20200409,1,2,45,0,0,0,0,0
11243,11243,20210909,4,1,45,0,0,0,0,0
11244,11244,20200529,1,11,45,0,0,0,0,0
11245,11245,20201225,4,2,45,0,0,0,0,0
11246,11246,20200712,1,1,45,0,0,0,0,0
11247,11247,20200808,1,5,45,0,0,0,0,0
11248,11248,20201016,4,11,45,0,0,0,0,0
11249,11249,20201023,1,1,45,0,0,0,0,0
11250,11250,20201001,1,5,45,0,0,0,0,0
11251,11251,20210305,1,5,45,0,0,0,0,0
11252,11252,20201102,1,5,45,0,0,0,0,0
11253,11253,20201223,1,5,45,0,0,0,0,0
11254,11254,20210128,3,11,45,82,0,83,0,1
11255,11255,20211016,1,5,45,0,0,0,0,0
11256,11256,20210430,1,5,45,0,0,0,0,0
11257,11257,20210820,1,2,45,0,0,0,0,0
11258,11258,20210508,1,2,45,0,0,0,0,0
11259,11259,20210611,1,5,45,0,0,0,0,0
11260,11260,20210617,1,2,45,0,0,0,0,0
11261,11261,20210827,1,11,45,0,0,0,0,0
11262,11262,20210914,2,2,45,291,0,378,0,1
11263,11263,20220509,1,1,45,0,0,0,0,0
11264,11264,20220126,1,2,45,0,0,0,0,0
11265,11265,20220513,1,11,45,0,0,0,0,0
11266,11266,20220926,3,5,45,0,0,0,0,0
11267,11267,20230223,1,5,45,0,0,0,0,0
11268,11268,20221119,1,11,45,0,0,0,0,0
11269,11269,20200227,1,1,45,0,0,0,0,0
11270,11270,20210116,1,2,45,0,0,0,0,0
11271,11271,20210818,1,5,45,0,0,0,0,0
11272,11272,20200901,1,1,45,0,0,0,0,0
11273,11273,20200304,1,2,45,0,0,0,0,0
11274,11274,20200423,1,11,45,0,0,0,0,0
11275,11275,20200117,3,2,45,36,0,36,0,1
11276,11276,20200116,1,1,45,0,0,0,0,0
11277,11277,20220311,1,1,45,60,0,49,0,1
11278,11278,20220530,1,1,45,0,0,0,0,0
11279,11279,20201028,1,2,45,0,0,0,0,0
11280,11280,20200608,1,1,45,0,0,0,0,0
11281,11281,20200418,1,1,45,0,0,0,0,0
11282,11282,20220422,1,1,45,0,0,0,0,0
11283,11283,20200512,1,5,45,0,0,0,0,0
11284,11284,20200901,3,5,45,9,0,9,0,1
11285,11285,20200714,1,14,45,0,0,0,0,0
11286,11286,20250813,1,1,45,0,0,0,0,0
11287,11287,20201102,1,5,45,0,0,0,0,0
11288,11288,20201105,1,1,45,0,0,0,0,0
11289,11289,20210114,1,1,45,0,0,0,0,0
11290,11290,20210315,1,1,30,0,0,0,0,0
11291,11291,20210223,1,1,45,0,0,0,0,0
11292,11292,20211102,1,1,45,0,0,0,0,0
11293,11293,20220216,1,1,45,0,0,0,0,0
11294,11294,20210830,3,2,45,0,0,0,0,0
11295,11295,20210506,1,1,45,0,0,0,0,0
11296,11296,20210909,1,15,45,0,0,0,0,0
11297,11297,20220617,3,1,45,0,0,0,0,0
11298,11298,20220106,1,5,45,0,0,0,0,0
11299,11299,20220107,1,1,45,0,0,0,0,0
11300,11300,20220505,1,11,45,0,0,0,0,0
11301,11301,20220621,4,1,45,0,0,0,0,0
11302,11302,20220513,1,1,45,0,0,0,0,0
11303,11303,20220715,1,5,45,0,0,0,0,0
11304,11304,20200326,1,1,45,39,0,61,0,1
11305,11305,20200407,3,11,45,0,0,0,0,0
11306,11306,20200429,3,5,45,0,0,0,0,0
11307,11307,20200723,1,1,45,0,0,0,0,0
11308,11308,20210121,4,11,45,0,0,0,0,0
11309,11309,20210723,1,2,45,0,0,0,0,0
11310,11310,20200119,1,1,45,0,0,0,0,0
11311,11311,20200217,1,1,45,0,0,0,0,0
11312,11312,20200311,1,1,45,0,0,0,0,0
11313,11313,20200311,1,11,45,0,0,0,0,0
11314,11314,20200705,4,2,45,0,0,0,0,0
11315,11315,20200625,1,2,45,0,0,0,0,0
11316,11316,20220831,1,11,45,0,0,0,0,0
11317,11317,20201005,2,2,45,0,0,0,0,0
11318,11318,20201229,1,2,45,0,0,0,0,0
11319,11319,20210610,4,5,45,144,0,150,0,1
11320,11320,20201130,3,1,45,0,0,0,0,0
11321,11321,20211111,1,2,45,0,0,0,0,0
11322,11322,20210225,1,1,45,0,0,0,0,0
11323,11323,20210326,1,1,45,0,0,0,0,0
11324,11324,20210318,1,1,45,0,0,0,0,0
11325,11325,20210529,1,2,45,0,0,0,0,0
11326,11326,20220502,1,1,45,0,0,0,0,0
11327,11327,20210813,1,1,45,0,0,0,0,0
11328,11328,20220531,1,2,45,0,0,0,0,0
11329,11329,20210720,1,2,45,0,0,0,0,0
11330,11330,20220328,1,19,45,0,0,0,0,0
11331,11331,20211222,1,1,45,0,0,0,0,0
11332,11332,20211214,1,5,45,0,0,0,0,0
11333,11333,20220120,1,1,45,0,0,0,0,0
11334,11334,20220312,1,2,45,0,0,0,0,0
11335,11335,20220127,2,5,45,0,0,0,0,0
11336,11336,20220415,1,5,45,0,0,0,0,0
11337,11337,20221116,1,5,45,0,0,0,0,0
11338,11338,20221125,1,1,45,0,0,0,0,0
11339,11339,20200826,1,11,45,0,0,0,0,0
11340,11340,20200125,1,1,45,0,0,0,0,0
11341,11341,20200117,3,1,45,0,0,0,0,0
11342,11342,20200302,1,11,45,0,0,0,0,0
11343,11343,20200204,1,1,45,0,0,0,0,0
11344,11344,20200513,1,11,45,0,0,0,0,0
11345,11345,20220322,1,1,45,0,0,0,0,0
11346,11346,20200727,1,11,45,0,0,0,0,0
11347,11347,20201201,1,1,45,0,0,0,0,0
11348,11348,20200818,1,2,45,0,0,0,0,0
11349,11349,20210330,1,2,45,0,0,0,0,0
11350,11350,20200922,1,19,45,0,0,0,0,0
11351,11351,20220420,1,19,45,0,0,0,0,0
11352,11352,20220615,1,5,45,0,0,0,0,0
11353,11353,20220218,1,11,45,0,0,0,0,0
11354,11354,20210204,1,5,45,0,0,0,0,0
11355,11355,20210319,1,1,45,0,0,0,0,0
11356,11356,20210520,1,1,45,0,0,0,0,0
11357,11357,20220513,1,11,45,0,0,0,0,0
11358,11358,20210617,1,5,45,0,0,0,0,0
11359,11359,20220228,1,5,45,0,0,0,0,0
11360,11360,20220518,1,5,45,75,0,84,0,1
11361,11361,20210727,1,11,45,0,0,0,0,0
11362,11362,20210707,1,1,45,0,0,0,0,0
11363,11363,20211021,1,5,45,0,0,0,0,0
11364,11364,20220222,1,2,45,0,0,0,0,0
11365,11365,20220216,1,11,45,0,0,0,0,0
11366,11366,20230407,1,2,45,0,0,0,0,0
11367,11367,20220526,1,9,45,0,0,0,0,0
11368,11368,20220713,1,2,45,0,0,0,0,0
11369,11369,20260607,1,1,45,0,0,0,0,0
11370,11370,20220822,1,1,45,0,0,0,0,0
11371,11371,20221115,1,5,45,0,0,0,0,0
11372,11372,20230123,4,2,45,0,0,0,0,0
11373,11373,20221130,1,15,45,0,0,0,0,0
11374,11374,20210508,1,1,45,6,0,6,0,1
11375,11375,20201119,1,2,45,0,0,0,0,0
11376,11376,20200227,1,2,45,0,0,0,0,0
11377,11377,20200226,3,5,45,0,0,0,0,0
11378,11378,20201107,1,5,45,0,0,0,0,0
11379,11379,20200529,1,5,45,0,0,0,0,0
11380,11380,20200807,1,11,45,0,0,0,0,0
11381,11381,20201015,1,1,45,0,0,0,0,0
11382,11382,20210318,1,1,45,0,0,0,0,0
11383,11383,20201113,1,2,45,0,0,0,0,0
11384,11384,20210115,1,1,45,18,0,18,0,1
11385,11385,20210601,3,1,45,0,0,0,0,0
11386,11386,20210831,3,5,45,0,0,0,0,0
11387,11387,20210326,4,1,45,0,0,0,0,0
11388,11388,20210512,3,5,45,0,0,0,0,0
11389,11389,20210722,1,1,45,0,0,0,0,0
11390,11390,20221030,1,15,45,0,0,0,0,0
11391,11391,20210829,3,11,45,0,0,0,0,0
11392,11392,20210924,1,5,45,0,0,0,0,0
11393,11393,20220504,1,5,45,0,0,0,0,0
11394,11394,20220524,1,11,45,0,0,0,0,0
11395,11395,20240118,2,1,45,0,0,0,0,0
11396,11396,20220812,1,2,45,0,0,0,0,0
11397,11397,20221108,1,1,45,0,0,0,0,0
11398,11398,20221224,1,11,45,0,0,0,0,0
11399,11399,20210330,1,1,45,0,0,0,0,0
11400,11400,20201020,1,9,45,0,0,0,0,0
11401,11401,20200510,1,1,45,0,0,0,0,0
11402,11402,20210831,1,16,45,0,0,0,0,0
11403,11403,20200614,1,1,45,0,0,0,0,0
11404,11404,20200519,1,2,45,0,0,0,0,0
11405,11405,20201220,1,1,45,0,0,0,0,0
11406,11406,20200717,1,1,45,0,0,0,0,0
11407,11407,20201223,1,2,45,0,0,0,0,0
11408,11408,20201123,1,1,45,0,0,0,0,0
11409,11409,20201204,3,5,45,0,0,0,0,0
11410,11410,20210618,1,5,45,0,0,0,0,0
11411,11411,20210301,4,11,45,0,0,0,0,0
11412,11412,20211014,1,2,45,0,0,0,0,0
11413,11413,20210624,1,1,45,0,0,0,0,0
11414,11414,20220117,1,1,45,0,0,0,0,0
11415,11415,20211012,1,2,45,0,0,0,0,0
11416,11416,20211111,4,2,45,0,0,0,0,0
11417,11417,20211229,1,1,45,0,0,0,0,0
11418,11418,20220124,1,5,45,0,0,0,0,0
11419,11419,20220301,1,5,45,0,0,0,0,0
11420,11420,20220518,1,5,45,0,0,0,0,0
11421,11421,20220702,1,5,45,0,0,0,0,0
11422,11422,20220728,1,5,45,0,0,0,0,0
11423,11423,20220913,1,5,45,0,0,0,0,0
11424,11424,20200318,1,5,45,0,0,0,0,0
11425,11425,20220509,1,1,45,0,0,0,0,0
11426,11426,20200124,1,2,45,0,0,0,0,0
11427,11427,20200513,2,11,45,0,0,0,0,0
11428,11428,20200515,1,1,45,0,0,0,0,0
11429,11429,20200508,4,11,45,0,0,0,0,0
11430,11430,20220422,1,1,45,0,0,0,0,0
11431,11431,20220307,3,1,30,0,0,0,0,0
11432,11432,20200601,2,5,45,0,0,0,0,0
11433,11433,20200806,1,5,45,0,0,0,0,0
11434,11434,20201106,1,2,45,0,0,0,0,0
11435,11435,20220106,1,1,45,0,0,0,0,0
11436,11436,20210302,1,2,45,0,0,0,0,0
11437,11437,20210709,4,5,45,0,0,0,0,0
11438,11438,20210327,1,5,45,0,0,0,0,0
11439,11439,20210929,2,1,45,0,0,0,0,0
11440,11440,20220905,1,2,45,64,0,64,0,1
11441,11441,20210915,1,2,45,0,0,0,0,0
11442,11442,20220603,1,1,45,0,0,0,0,0
11443,11443,20211204,1,5,45,0,0,0,0,0
11444,11444,20220319,4,11,45,0,0,0,0,0
11445,11445,20220213,1,11,45,0,0,0,0,0
11446,11446,20220313,1,2,45,0,0,0,0,0
11447,11447,20220311,1,1,45,0,0,0,0,0
11448,11448,20220310,1,2,45,0,0,0,0,0
11449,11449,20220510,1,5,45,0,0,0,0,0
11450,11450,20220527,1,1,45,0,0,0,0,0
11451,11451,20220616,1,1,45,0,0,0,0,0
11452,11452,20220909,1,1,45,0,0,0,0,0
11453,11453,20221107,1,2,45,0,0,0,0,0
11454,11454,20230106,1,1,45,69,0,114,0,1
11455,11455,20210617,1,5,45,0,0,0,0,0
11456,11456,20200214,1,1,45,0,0,0,0,0
11457,11457,20200212,1,5,45,0,0,0,0,0
11458,11458,20200512,3,2,30,0,0,0,0,0
11459,11459,20230801,1,1,45,0,0,0,0,0
11460,11460,20200529,4,5,45,0,0,0,0,0
11461,11461,20220518,1,1,45,0,0,0,0,0
11462,11462,20210611,1,1,45,0,0,0,0,0
11463,11463,20200907,1,2,45,0,0,0,0,0
11464,11464,20201028,4,2,45,0,0,0,0,0
11465,11465,20200814,1,2,45,0,0,0,0,0
11466,11466,20200831,1,14,45,0,0,0,0,0
11467,11467,20210611,1,1,45,0,0,0,0,0
11468,11468,20210118,1,2,45,0,0,0,0,0
11469,11469,20201004,1,1,45,0,0,0,0,0
11470,11470,20201003,1,2,45,0,0,0,0,0
11471,11471,20210202,1,2,45,0,0,0,0,0
11472,11472,20210110,1,11,45,0,0,0,0,0
11473,11473,20210212,1,1,45,0,0,0,0,0
11474,11474,20210201,2,2,45,0,0,0,0,0
11475,11475,20210316,3,1,45,0,0,0,0,0
11476,11476,20210517,1,1,45,0,0,0,0,0
11477,11477,20210708,1,1,45,0,0,0,0,0
11478,11478,20230816,1,1,45,0,0,0,0,0
11479,11479,20211130,1,1,45,0,0,0,0,0
11480,11480,20211124,1,2,45,1028,0,1028,0,1
11481,11481,20211203,1,11,45,0,0,0,0,0
11482,11482,20211202,1,1,45,0,0,0,0,0
11483,11483,20220921,1,1,45,0,0,0,0,0
11484,11484,20240820,1,1,45,0,0,0,0,0
11485,11485,20200701,1,1,45,0,0,0,0,0
11486,11486,20200303,3,1,45,286,0,309,0,1
11487,11487,20240429,1,11,45,0,0,0,0,0
11488,11488,20211108,1,1,45,0,0,0,0,0
11489,11489,20210623,1,1,30,0,0,0,0,0
11490,11490,20200115,1,2,45,0,0,0,0,0
11491,11491,20200313,1,2,45,0,0,0,0,0
11492,11492,20200428,1,1,45,48,0,36,0,1
11493,11493,20200623,1,15,45,28,0,26,0,1
11494,11494,20210121,1,1,30,0,0,0,0,0
11495,11495,20200625,1,2,45,0,0,0,0,0
11496,11496,20200730,1,5,45,0,0,0,0,0
11497,11497,20200826,1,16,45,0,0,0,0,0
11498,11498,20200903,1,11,45,0,0,0,0,0
11499,11499,20200910,1,1,45,0,0,0,0,0
11500,11500,20210928,1,1,45,0,0,0,0,0
11501,11501,20201207,1,1,45,0,0,0,0,0
11502,11502,20201104,1,5,45,0,0,0,0,0
11503,11503,20201022,1,1,45,0,0,0,0,0
11504,11504,20201204,1,5,45,0,0,0,0,0
11505,11505,20201124,1,5,45,0,0,0,0,0
11506,11506,20210429,3,1,45,0,0,0,0,0
11507,11507,20210922,1,5,45,0,0,0,0,0
11508,11508,20210204,1,11,45,0,0,0,0,0
11509,11509,20210131,1,11,45,0,0,0,0,0
11510,11510,20210222,1,5,45,0,0,0,0,0
11511,11511,20210219,4,2,45,0,0,0,0,0
11512,11512,20210504,3,5,45,0,0,0,0,0
11513,11513,20210828,1,2,45,0,0,0,0,0
11514,11514,20210916,1,1,45,0,0,0,0,0
11515,11515,20211106,1,5,45,0,0,0,0,0
11516,11516,20210930,1,1,45,0,0,0,0,0
11517,11517,20211112,1,2,45,0,0,0,0,0
11518,11518,20211222,1,1,45,0,0,0,0,0
11519,11519,20220525,1,1,45,0,0,0,0,0
11520,11520,20221005,1,2,45,0,0,0,0,0
11521,11521,20230222,1,16,45,283,122,185,122,1
11522,11522,20221005,1,5,45,0,0,0,0,0
11523,11523,20221020,1,1,45,0,0,0,0,0
11524,11524,20220113,1,1,45,287,0,314,0,1
11525,11525,20210508,1,1,45,0,0,0,0,0
11526,11526,20210802,3,2,45,0,0,0,0,0
11527,11527,20200117,3,11,45,0,0,0,0,0
11528,11528,20200310,4,1,45,0,0,0,0,0
11529,11529,20200515,1,1,45,0,0,0,0,0
11530,11530,20200521,1,1,45,0,0,0,0,0
11531,11531,20200122,1,5,45,0,0,0,0,0
11532,11532,20210222,1,1,45,0,0,0,0,0
11533,11533,20200603,1,14,45,84,0,84,0,1
11534,11534,20200522,4,1,45,0,0,0,0,0
11535,11535,20201215,3,2,45,0,0,0,0,0
11536,11536,20210601,1,14,45,0,0,0,0,0
11537,11537,20200925,1,1,45,0,0,0,0,0
11538,11538,20250515,1,1,45,0,0,0,0,0
11539,11539,20210324,3,2,45,0,0,0,0,0
11540,11540,20210202,1,5,45,0,0,0,0,0
11541,11541,20210423,4,2,45,0,0,0,0,0
11542,11542,20210312,4,1,45,0,0,0,0,0
11543,11543,20210326,1,5,45,0,0,0,0,0
11544,11544,20210406,1,11,45,0,0,0,0,0
11545,11545,20210420,1,2,45,0,0,0,0,0
11546,11546,20220905,1,5,45,0,0,0,0,0
11547,11547,20220713,3,2,45,0,0,0,0,0
11548,11548,20200916,3,1,45,15,0,15,0,1
11549,11549,20200124,1,1,45,0,0,0,0,0
11550,11550,20200206,1,1,45,0,0,0,0,0
11551,11551,20210414,4,5,45,0,0,0,0,0
11552,11552,20200521,3,1,45,149,0,149,0,1
11553,11553,20200617,1,11,45,0,0,0,0,0
11554,11554,20200709,1,1,45,0,0,0,0,0
11555,11555,20200228,1,2,45,0,0,0,0,0
11556,11556,20200117,3,5,45,0,0,0,0,0
11557,11557,20200213,1,11,45,0,0,0,0,0
11558,11558,20200422,3,2,45,0,0,0,0,0
11559,11559,20200717,1,1,45,0,0,0,0,0
11560,11560,20210217,1,1,45,36,0,36,0,1
11561,11561,20200924,4,5,45,0,0,0,0,0
11562,11562,20200511,1,1,45,0,0,0,0,0
11563,11563,20201216,4,5,45,0,0,0,0,0
11564,11564,20201016,4,1,45,0,0,0,0,0
11565,11565,20200710,1,1,45,0,0,0,0,0
11566,11566,20211215,1,1,45,0,0,0,0,0
11567,11567,20200820,1,2,45,0,0,0,0,0
11568,11568,20221107,1,1,45,0,0,0,0,0
11569,11569,20230227,1,2,45,0,0,0,0,0
11570,11570,20201201,1,2,45,0,0,0,0,0
11571,11571,20210113,1,1,45,0,0,0,0,0
11572,11572,20210101,1,20,59,0,0,0,0,0
11573,11573,20210416,1,1,45,0,0,0,0,0
11574,11574,20210204,3,5,45,0,0,0,0,0
11575,11575,20210206,1,5,45,0,0,0,0,0
11576,11576,20211108,1,1,45,0,0,0,0,0
11577,11577,20210830,1,1,45,0,0,0,0,0
11578,11578,20220218,1,2,45,0,0,0,0,0
11579,11579,20220318,1,2,45,0,0,0,0,0
11580,11580,20220702,1,5,45,0,0,0,0,0
11581,11581,20230217,1,1,45,6,0,6,0,1
11582,11582,20210916,1,1,45,0,0,0,0,0
11583,11583,20210304,1,1,45,0,0,0,0,0
11584,11584,20220211,1,5,45,0,0,0,0,0
11585,11585,20200518,1,1,45,0,0,0,0,0
11586,11586,20220419,4,5,45,0,0,0,0,0
11587,11587,20200125,1,11,45,0,0,0,0,0
11588,11588,20200528,1,2,45,0,0,0,0,0
11589,11589,20200619,3,2,45,0,0,0,0,0
11590,11590,20210323,1,5,45,0,0,0,0,0
11591,11591,20201022,1,2,45,0,0,0,0,0
11592,11592,20200629,3,11,45,0,0,0,0,0
11593,11593,20200717,4,1,45,0,0,0,0,0
11594,11594,20200929,1,1,45,0,0,0,0,0
11595,11595,20200929,1,1,45,0,0,0,0,0
11596,11596,20220913,1,1,45,17,0,17,0,1
11597,11597,20201218,4,11,45,0,0,0,0,0
11598,11598,20211117,3,11,45,349,0,471,0,1
11599,11599,20201223,1,1,45,0,0,0,0,0
11600,11600,20210611,2,5,45,0,0,0,0,0
11601,11601,20210219,1,1,45,0,0,0,0,0
11602,11602,20210530,1,2,45,0,0,0,0,0
11603,11603,20220502,3,1,45,0,0,0,0,0
11604,11604,20220621,4,2,45,0,0,0,0,0
11605,11605,20210706,1,2,45,0,0,0,0,0
11606,11606,20210716,1,1,45,0,0,0,0,0
11607,11607,20220219,1,1,30,0,0,0,0,0
11608,11608,20220514,1,1,45,0,0,0,0,0
11609,11609,20211027,1,1,45,0,0,0,0,0
11610,11610,20211203,1,1,45,0,0,0,0,0
11611,11611,20211201,1,5,45,0,0,0,0,0
11612,11612,20200417,1,5,45,0,0,0,0,0
11613,11613,20221007,1,1,45,0,0,0,0,0
11614,11614,20221027,1,1,45,0,0,0,0,0
11615,11615,20221019,2,1,45,0,0,0,0,0
11616,11616,20230124,1,1,30,0,0,0,0,0
11617,11617,20200526,1,2,45,0,0,0,0,0
11618,11618,20250227,1,1,45,0,0,0,0,0
11619,11619,20220713,1,5,45,0,0,0,0,0
11620,11620,20211114,1,1,30,0,0,0,0,0
11621,11621,20200212,1,11,45,0,0,0,0,0
11622,11622,20200105,1,2,45,0,0,0,0,0
11623,11623,20200215,1,1,45,0,0,0,0,0
11624,11624,20200227,1,2,45,0,0,0,0,0
11625,11625,20201002,1,1,45,0,0,0,0,0
11626,11626,20210115,1,1,45,0,0,0,0,0
11627,11627,20200729,4,2,45,0,0,0,0,0
11628,11628,20200831,1,2,45,0,0,0,0,0
11629,11629,20200820,3,2,45,0,0,0,0,0
11630,11630,20200903,1,1,45,0,0,0,0,0
11631,11631,20201225,1,1,45,0,0,0,0,0
11632,11632,20230702,1,11,45,0,0,0,0,0
11633,11633,20210324,1,5,45,0,0,0,0,0
11634,11634,20210510,1,1,45,0,0,0,0,0
11635,11635,20211223,1,5,45,0,0,0,0,0
11636,11636,20210727,1,5,45,0,0,0,0,0
11637,11637,20210928,1,5,45,0,0,0,0,0
11638,11638,20220223,1,5,45,0,0,0,0,0
11639,11639,20200827,3,5,45,0,0,0,0,0
11640,11640,20200623,2,2,45,0,0,0,0,0
11641,11641,20211016,1,1,45,0,0,0,0,0
11642,11642,20200124,1,1,45,0,0,0,0,0
11643,11643,20210831,1,1,45,0,0,0,0,0
11644,11644,20210301,1,9,45,0,0,0,0,0
11645,11645,20200129,1,1,45,0,0,0,0,0
11646,11646,20200212,3,2,45,0,0,0,0,0
11647,11647,20201014,3,1,30,0,0,0,0,0
11648,11648,20200625,1,2,45,0,0,0,0,0
11649,11649,20200519,1,11,45,0,0,0,0,0
11650,11650,20200701,1,5,45,0,0,0,0,0
11651,11651,20200803,1,1,45,0,0,0,0,0
11652,11652,20200724,1,11,45,0,0,0,0,0
11653,11653,20201026,1,5,45,0,0,0,0,0
11654,11654,20201030,1,1,45,12,0,12,0,1
11655,11655,20201030,1,5,45,0,0,0,0,0
11656,11656,20230203,1,1,45,0,0,0,0,0
11657,11657,20210525,1,2,45,0,0,0,0,0
11658,11658,20210219,1,9,45,0,0,0,0,0
11659,11659,20210301,1,1,45,0,0,0,0,0
11660,11660,20210617,1,5,45,0,0,0,0,0
11661,11661,20211222,1,1,45,0,0,0,0,0
11662,11662,20220306,1,1,47,0,0,0,0,0
11663,11663,20220302,1,11,45,0,0,0,0,0
11664,11664,20220623,1,5,45,0,0,0,0,0
11665,11665,20200626,1,2,45,0,0,0,0,0
11666,11666,20220411,1,11,30,0,0,0,0,0
11667,11667,20220610,1,1,45,0,0,0,0,0
11668,11668,20220902,1,1,45,0,0,0,0,0
11669,11669,20210418,1,22,45,0,0,0,0,0
11670,11670,20210409,3,5,45,0,0,0,0,0
11671,11671,20211202,4,14,45,0,0,0,0,0
11672,11672,20200206,1,2,45,0,0,0,0,0
11673,11673,20200326,1,11,45,0,0,0,0,0
11674,11674,20200105,1,1,45,0,0,0,0,0
11675,11675,20200113,1,2,45,0,0,0,0,0
11676,11676,20200511,1,9,59,0,0,0,0,0
11677,11677,20200617,1,2,45,0,0,0,0,0
11678,11678,20200730,4,2,45,0,0,0,0,0
11679,11679,20210210,1,1,45,0,0,0,0,0
11680,11680,20210108,1,2,45,0,0,0,0,0
11681,11681,20210121,1,5,45,0,0,0,0,0
11682,11682,20220312,1,1,45,0,0,0,0,0
11683,11683,20210924,1,2,45,0,0,0,0,0
11684,11684,20210611,1,1,45,0,0,0,0,0
11685,11685,20210516,1,5,45,0,0,0,0,0
11686,11686,20210624,4,1,45,0,0,0,0,0
11687,11687,20210801,1,1,45,0,0,0,0,0
11688,11688,20220217,1,1,30,0,0,0,0,0
11689,11689,20220209,1,11,45,0,0,0,0,0
11690,11690,20220817,1,1,45,0,0,0,0,0
11691,11691,20200419,1,2,45,0,0,0,0,0
11692,11692,20200424,1,11,45,0,0,0,0,0
11693,11693,20201030,1,11,45,0,0,0,0,0
11694,11694,20200706,1,2,45,0,0,0,0,0
11695,11695,20200430,4,1,45,0,0,0,0,0
11696,11696,20260404,1,2,45,0,0,0,0,0
11697,11697,20200421,1,11,45,0,0,0,0,0
11698,11698,20210115,1,2,45,0,0,0,0,0
11699,11699,20200210,1,5,45,0,0,0,0,0
11700,11700,20200703,1,1,45,0,0,0,0,0
11701,11701,20200106,1,2,45,0,0,0,0,0
11702,11702,20210523,1,1,45,0,0,0,0,0
11703,11703,20200812,1,5,45,0,0,0,0,0
11704,11704,20200221,1,2,45,0,0,0,0,0
11705,11705,20200327,4,5,45,0,0,0,0,0
11706,11706,20200324,1,1,45,0,0,0,0,0
11707,11707,20200717,1,2,45,56,0,56,0,1
11708,11708,20200507,1,1,45,0,0,0,0,0
11709,11709,20210531,2,1,45,0,0,0,0,0
11710,11710,20200410,3,5,45,0,0,0,0,0
11711,11711,20200527,3,1,45,0,0,0,0,0
11712,11712,20201214,3,11,45,0,0,0,0,0
11713,11713,20210129,1,2,45,0,0,0,0,0
11714,11714,20200703,1,1,45,0,0,0,0,0
11715,11715,20200805,1,5,45,0,0,0,0,0
11716,11716,20201012,4,5,45,0,0,0,0,0
11717,11717,20210106,2,1,30,0,0,0,0,0
11718,11718,20200924,1,2,45,0,0,0,0,0
11719,11719,20200924,3,5,45,0,0,0,0,0
11720,11720,20220222,4,5,45,0,0,0,0,0
11721,11721,20210319,1,1,45,0,0,0,0,0
11722,11722,20201207,1,5,45,0,0,0,0,0
11723,11723,20210304,1,2,45,35,0,43,0,1
11724,11724,20210125,1,1,45,0,0,0,0,0
11725,11725,20210219,1,1,45,0,0,0,0,0
11726,11726,20210520,4,2,45,0,0,0,0,0
11727,11727,20210819,1,1,45,0,0,0,0,0
11728,11728,20210907,1,1,45,0,0,0,0,0
11729,11729,20211013,1,1,45,0,0,0,0,0
11730,11730,20211220,1,1,45,0,0,0,0,0
11731,11731,20211026,1,5,45,0,0,0,0,0
11732,11732,20220311,1,1,45,0,0,0,0,0
11733,11733,20220202,1,2,45,0,0,0,0,0
11734,11734,20220102,1,16,45,0,0,0,0,0
11735,11735,20220422,1,2,45,0,0,0,0,0
11736,11736,20231026,1,2,45,70,0,70,0,1
11737,11737,20220823,1,1,45,0,0,0,0,0
11738,11738,20220401,1,2,45,0,0,0,0,0
11739,11739,20221120,1,1,45,0,0,0,0,0
11740,11740,20200403,1,1,45,77,0,38,0,1
11741,11741,20200530,1,1,45,0,0,0,0,0
11742,11742,20200805,1,5,45,0,0,0,0,0
11743,11743,20201220,1,1,45,0,0,0,0,0
11744,11744,20210501,1,1,45,0,0,0,0,0
11745,11745,20210318,1,1,45,0,0,0,0,0
11746,11746,20220602,1,11,45,0,0,0,0,0
11747,11747,20210204,1,1,45,0,0,0,0,0
11748,11748,20210216,1,5,45,0,0,0,0,0
11749,11749,20210325,1,1,45,0,0,0,0,0
11750,11750,20210902,1,5,45,0,0,0,0,0
11751,11751,20230217,1,1,45,0,0,0,0,0
11752,11752,20211021,1,11,45,0,0,0,0,0
11753,11753,20220216,3,5,45,0,0,0,0,0
11754,11754,20220315,1,1,45,0,0,0,0,0
11755,11755,20220422,1,1,45,0,0,0,0,0
11756,11756,20221118,1,1,45,0,0,0,0,0
11757,11757,20200828,1,1,30,0,0,0,0,0
11758,11758,20210725,3,19,45,0,0,0,0,0
11759,11759,20200213,1,11,45,0,0,0,0,0
11760,11760,20211021,1,19,45,0,0,0,0,0
11761,11761,20200814,1,3,34,0,0,0,0,0
11762,11762,20200715,1,1,45,106,0,106,0,1
11763,11763,20220310,1,2,45,103,0,160,0,1
11764,11764,20210226,1,14,45,263,0,263,0,1
11765,11765,20230224,3,2,45,342,0,290,0,1
11766,11766,20210405,1,1,30,0,0,0,0,0
11767,11767,20200531,1,1,45,0,0,0,0,0
11768,11768,20200825,1,2,45,0,0,0,0,0
11769,11769,20201015,1,5,45,0,0,0,0,0
11770,11770,20200903,4,2,45,0,0,0,0,0
11771,11771,20210916,1,2,45,316,0,433,0,1
11772,11772,20220822,1,5,30,0,0,0,0,0
11773,11773,20201204,1,16,45,0,0,0,0,0
11774,11774,20220815,1,2,45,0,0,0,0,0
11775,11775,20210315,1,5,45,0,0,0,0,0
11776,11776,20210602,4,1,45,0,0,0,0,0
11777,11777,20210903,1,2,45,0,0,0,0,0
11778,11778,20220122,1,16,45,0,0,0,0,0
11779,11779,20220901,1,1,45,0,0,0,0,0
11780,11780,20220510,1,1,45,0,0,0,0,0
11781,11781,20221110,1,1,45,0,0,0,0,0
11782,11782,20220524,3,2,45,0,0,0,0,0
11783,11783,20200225,1,2,45,0,0,0,0,0
11784,11784,20210310,1,2,45,0,0,0,0,0
11785,11785,20200131,3,5,45,0,0,0,0,0
11786,11786,20200404,4,5,45,0,0,0,0,0
11787,11787,20200513,1,11,45,0,0,0,0,0
11788,11788,20200403,2,1,45,0,0,0,0,0
11789,11789,20200414,1,5,45,0,0,0,0,0
11790,11790,20220120,4,2,45,251,0,251,0,1
11791,11791,20201130,1,11,45,0,0,0,0,0
11792,11792,20200908,1,5,45,0,0,0,0,0
11793,11793,20200710,1,1,45,0,0,0,0,0
11794,11794,20210412,3,1,45,0,0,0,0,0
11795,11795,20211226,1,1,45,0,0,0,0,0
11796,11796,20200906,1,5,45,0,0,0,0,0
11797,11797,20211103,1,5,45,0,0,0,0,0
11798,11798,20210729,1,14,45,0,0,0,0,0
11799,11799,20210401,4,2,45,591,0,591,0,1
11800,11800,20210409,1,2,45,0,0,0,0,0
11801,11801,20211105,1,1,45,0,0,0,0,0
11802,11802,20220203,1,1,45,0,0,0,0,0
11803,11803,20220211,1,1,45,0,0,0,0,0
11804,11804,20240426,1,2,45,0,0,0,0,0
11805,11805,20220307,1,5,45,0,0,0,0,0
11806,11806,20220526,1,2,45,0,0,0,0,0
11807,11807,20220827,3,1,45,0,0,0,0,0
11808,11808,20220711,1,2,45,0,0,0,0,0
11809,11809,20220903,1,11,45,0,0,0,0,0
11810,11810,20220907,1,1,45,0,0,0,0,0
11811,11811,20221013,1,5,45,0,0,0,0,0
11812,11812,20221119,1,11,45,0,0,0,0,0
11813,11813,20230119,3,5,45,0,0,0,0,0
11814,11814,20230115,1,11,45,0,0,0,0,0
11815,11815,20200807,1,11,45,0,0,0,0,0
11816,11816,20210804,2,1,45,0,0,0,0,0
11817,11817,20210929,3,11,45,0,0,0,0,0
11818,11818,20231122,1,1,45,0,0,0,0,0
11819,11819,20200411,1,1,45,0,0,0,0,0
11820,11820,20200217,1,1,45,0,0,0,0,0
11821,11821,20200818,1,1,45,0,0,0,0,0
11822,11822,20210825,1,2,45,438,0,438,0,1
11823,11823,20201109,1,1,45,0,0,0,0,0
11824,11824,20230217,1,1,45,0,0,0,0,0
11825,11825,20200824,1,2,45,0,0,0,0,0
11826,11826,20200917,1,2,45,0,0,0,0,0
11827,11827,20220818,4,1,45,0,0,0,0,0
11828,11828,20210506,4,2,45,0,0,0,0,0
11829,11829,20210517,1,1,45,0,0,0,0,0
11830,11830,20210902,1,1,45,0,0,0,0,0
11831,11831,20211020,1,2,45,0,0,0,0,0
11832,11832,20211027,1,2,45,0,0,0,0,0
11833,11833,20211214,1,2,45,0,0,0,0,0
11834,11834,20220113,1,5,45,0,0,0,0,0
11835,11835,20211129,1,2,45,0,0,0,0,0
11836,11836,20220412,4,1,45,0,0,0,0,0
11837,11837,20220709,1,11,45,0,0,0,0,0
11838,11838,20220907,1,1,45,0,0,0,0,0
11839,11839,20221021,1,2,45,0,0,0,0,0
11840,11840,20230126,1,5,45,0,0,0,0,0
11841,11841,20200303,1,2,45,0,0,0,0,0
11842,11842,20200423,1,1,45,6,0,6,0,1
11843,11843,20200331,1,1,45,0,0,0,0,0
11844,11844,20200206,4,2,45,0,0,0,0,0
11845,11845,20200117,3,11,45,38,0,38,0,1
11846,11846,20200213,4,11,45,0,0,0,0,0
11847,11847,20200402,1,5,45,0,0,0,0,0
11848,11848,20200517,1,11,45,0,0,0,0,0
11849,11849,20200417,1,19,45,0,0,0,0,0
11850,11850,20200730,1,2,45,0,0,0,0,0
11851,11851,20240229,1,1,45,0,0,0,0,0
11852,11852,20200528,4,2,45,0,0,0,0,0
11853,11853,20231221,1,1,45,0,0,0,0,0
11854,11854,20200619,1,2,45,0,0,0,0,0
11855,11855,20200922,1,11,45,1,0,1,0,1
11856,11856,20201203,1,16,45,0,0,0,0,0
11857,11857,20211013,3,1,45,0,0,0,0,0
11858,11858,20211022,1,2,45,0,0,0,0,0
11859,11859,20201130,1,2,45,0,0,0,0,0
11860,11860,20211014,2,5,45,0,0,0,0,0
11861,11861,20210217,2,5,45,0,0,0,0,0
11862,11862,20210319,1,1,45,0,0,0,0,0
11863,11863,20210324,1,11,45,0,0,0,0,0
11864,11864,20210308,1,5,45,0,0,0,0,0
11865,11865,20210513,1,1,45,0,0,0,0,0
11866,11866,20220128,1,1,45,0,0,0,0,0
11867,11867,20210720,1,1,45,0,0,0,0,0
11868,11868,20210728,1,1,45,0,0,0,0,0
11869,11869,20210729,1,5,45,0,0,0,0,0
11870,11870,20211220,1,5,45,0,0,0,0,0
11871,11871,20211229,1,1,45,0,0,0,0,0
11872,11872,20221022,1,1,45,0,0,0,0,0
11873,11873,20220826,1,1,45,0,0,0,0,0
11874,11874,20221018,4,1,45,0,0,0,0,0
11875,11875,20230221,1,1,45,0,0,0,0,0
11876,11876,20210909,4,2,45,259,0,311,0,1
11877,11877,20200910,1,1,45,0,0,0,0,0
11878,11878,20210103,1,1,45,0,0,0,0,0
11879,11879,20200206,1,5,45,0,0,0,0,0
11880,11880,20201116,1,2,45,0,0,0,0,0
11881,11881,20200918,1,2,45,0,0,0,0,0
11882,11882,20210330,1,11,45,0,0,0,0,0
11883,11883,20200213,1,2,45,0,0,0,0,0
11884,11884,20210316,4,2,45,0,0,0,0,0
11885,11885,20200619,1,5,45,0,0,0,0,0
11886,11886,20200522,1,1,45,562,0,562,0,1
11887,11887,20201014,1,5,45,0,0,0,0,0
11888,11888,20201001,4,11,45,0,0,0,0,0
11889,11889,20201207,1,1,45,0,0,0,0,0
11890,11890,20210121,1,5,45,0,0,0,0,0
11891,11891,20210427,4,1,45,0,0,0,0,0
11892,11892,20210204,1,5,45,0,0,0,0,0
11893,11893,20210125,1,1,45,0,0,0,0,0
11894,11894,20210323,1,5,45,0,0,0,0,0
11895,11895,20210323,1,2,45,0,0,0,0,0
11896,11896,20210519,1,5,45,0,0,0,0,0
11897,11897,20210725,1,2,45,0,0,0,0,0
11898,11898,20210812,1,1,45,0,0,0,0,0
11899,11899,20211001,1,1,45,0,0,0,0,0
11900,11900,20210810,1,5,45,0,0,0,0,0
11901,11901,20211220,4,1,45,0,0,0,0,0
11902,11902,20211207,1,1,45,0,0,0,0,0
11903,11903,20230511,2,1,45,294,0,361,0,1
11904,11904,20220729,1,1,45,0,0,0,0,0
11905,11905,20220519,1,2,45,0,0,0,0,0
11906,11906,20230124,1,1,45,0,0,0,0,0
11907,11907,20200615,1,5,45,0,0,0,0,0
11908,11908,20200310,1,11,45,148,0,148,0,1
11909,11909,20211221,3,11,45,0,0,0,0,0
11910,11910,20200116,1,2,45,0,0,0,0,0
11911,11911,20201112,1,5,45,0,0,0,0,0
11912,11912,20220419,3,5,45,547,0,547,0,1
11913,11913,20220512,1,2,45,36,0,36,0,1
11914,11914,20200511,1,11,45,0,0,0,0,0
11915,11915,20200722,1,1,45,0,0,0,0,0
11916,11916,20220808,1,5,45,0,0,0,0,0
11917,11917,20210223,4,11,45,7,0,7,0,1
11918,11918,20201005,3,5,45,0,0,0,0,0
11919,11919,20210314,1,1,45,0,0,0,0,0
11920,11920,20210115,1,5,45,0,0,0,0,0
11921,11921,20210301,1,5,45,0,0,0,0,0
11922,11922,20210924,1,2,45,0,0,0,0,0
11923,11923,20210610,1,11,45,0,0,0,0,0
11924,11924,20210713,1,5,45,0,0,0,0,0
11925,11925,20221031,1,1,45,0,0,0,0,0
11926,11926,20210907,2,1,45,0,0,0,0,0
11927,11927,20211123,1,5,45,0,0,0,0,0
11928,11928,20220310,1,5,45,0,0,0,0,0
11929,11929,20220308,1,1,45,0,0,0,0,0
11930,11930,20220210,2,11,45,0,0,0,0,0
11931,11931,20220628,4,5,45,0,0,0,0,0
11932,11932,20220802,1,2,45,0,0,0,0,0
11933,11933,20220314,1,2,45,0,0,0,0,0
11934,11934,20220616,1,11,45,0,0,0,0,0
11935,11935,20200815,1,1,45,301,0,104,0,1
11936,11936,20200923,1,11,45,0,0,0,0,0
11937,11937,20200128,1,1,45,0,0,0,0,0
11938,11938,20200207,1,11,45,0,0,0,0,0
11939,11939,20210302,3,11,45,0,0,0,0,0
11940,11940,20200608,1,2,45,0,0,0,0,0
11941,11941,20200810,4,16,45,0,0,0,0,0
11942,11942,20200827,1,11,45,109,0,75,0,1
11943,11943,20200704,4,9,45,0,0,0,0,0
11944,11944,20200723,1,1,45,0,0,0,0,0
11945,11945,20200821,1,5,45,0,0,0,0,0
11946,11946,20201101,1,5,45,0,0,0,0,0
11947,11947,20201015,1,1,45,0,0,0,0,0
11948,11948,20210217,1,1,45,0,0,0,0,0
11949,11949,20210112,1,2,45,0,0,0,0,0
11950,11950,20210113,1,5,45,0,0,0,0,0
11951,11951,20210217,1,1,45,0,0,0,0,0
11952,11952,20210622,1,1,30,0,0,0,0,0
11953,11953,20220401,1,2,45,0,0,0,0,0
11954,11954,20210822,1,1,45,0,0,0,0,0
11955,11955,20211203,1,1,45,0,0,0,0,0
11956,11956,20220120,1,2,45,0,0,0,0,0
11957,11957,20220429,1,1,45,0,0,0,0,0
11958,11958,20220308,1,2,45,0,0,0,0,0
11959,11959,20220617,1,2,45,0,0,0,0,0
11960,11960,20220810,1,2,45,0,0,0,0,0
11961,11961,20220905,1,2,45,0,0,0,0,0
11962,11962,20230224,1,1,45,323,0,323,0,1
11963,11963,20230112,1,5,45,0,0,0,0,0
11964,11964,20200429,1,1,45,22,0,22,0,1
11965,11965,20200908,1,1,30,44,0,44,0,1
11966,11966,20200624,1,1,45,0,0,0,0,0
11967,11967,20201030,1,2,45,0,0,0,0,0
11968,11968,20200707,1,2,45,0,0,0,0,0
11969,11969,20201113,3,1,45,185,0,178,0,1
11970,11970,20200612,4,1,45,0,0,0,0,0
11971,11971,20200117,3,2,45,0,0,0,0,0
11972,11972,20200127,1,9,45,0,0,0,0,0
11973,11973,20200131,1,11,45,0,0,0,0,0
11974,11974,20200117,3,1,45,0,0,0,0,0
11975,11975,20200319,1,2,45,462,0,462,0,1
11976,11976,20200306,2,2,30,0,0,0,0,0
11977,11977,20200423,1,1,45,0,0,0,0,0
11978,11978,20201111,4,1,45,0,0,0,0,0
11979,11979,20210325,1,2,45,0,0,0,0,0
11980,11980,20210917,1,1,45,0,0,0,0,0
11981,11981,20200821,1,1,45,0,0,0,0,0
11982,11982,20201004,1,5,45,0,0,0,0,0
11983,11983,20201001,1,2,45,0,0,0,0,0
11984,11984,20201118,1,1,45,0,0,0,0,0
11985,11985,20210714,1,1,30,0,0,0,0,0
11986,11986,20201217,3,11,45,0,0,0,0,0
11987,11987,20210221,1,5,45,0,0,0,0,0
11988,11988,20210210,1,5,45,0,0,0,0,0
11989,11989,20211022,4,2,45,0,0,0,0,0
11990,11990,20220128,1,1,45,801,0,801,0,1
11991,11991,20210927,1,5,45,0,0,0,0,0
11992,11992,20220722,1,1,45,0,0,0,0,0
11993,11993,20220808,1,2,45,3,0,3,0,1
11994,11994,20220802,1,5,45,0,0,0,0,0
11995,11995,20221123,1,5,45,0,0,0,0,0
11996,11996,20221201,1,1,45,0,0,0,0,0
11997,11997,20230210,1,16,45,0,0,0,0,0
11998,11998,20220309,4,1,45,189,0,34,0,1
11999,11999,20210927,1,2,45,0,0,0,0,0
12000,12000,20201021,1,1,45,0,0,0,0,0
12001,12001,20201020,1,1,45,0,0,0,0,0
12002,12002,20200105,1,1,45,0,0,0,0,0
12003,12003,20200403,1,5,45,0,0,0,0,0
12004,12004,20200123,1,1,45,0,0,0,0,0
12005,12005,20200331,1,1,45,0,0,0,0,0
12006,12006,20200422,1,11,45,0,0,0,0,0
12007,12007,20201227,1,1,30,0,0,0,0,0
12008,12008,20200509,4,2,45,87,0,121,0,1
12009,12009,20210124,1,16,45,0,0,0,0,0
12010,12010,20201210,1,1,45,0,0,0,0,0
12011,12011,20200801,1,5,45,0,0,0,0,0
12012,12012,20200821,1,1,45,0,0,0,0,0
12013,12013,20201001,1,11,45,0,0,0,0,0
12014,12014,20210127,1,9,45,0,0,0,0,0
12015,12015,20201021,3,1,45,0,0,0,0,0
12016,12016,20201102,1,11,45,0,0,0,0,0
12017,12017,20220325,1,1,45,0,0,0,0,0
12018,12018,20210115,1,5,45,0,0,0,0,0
12019,12019,20210629,1,2,45,0,0,0,0,0
12020,12020,20210506,1,11,45,0,0,0,0,0
12021,12021,20221007,1,14,45,0,0,0,0,0
12022,12022,20210720,1,11,45,0,0,0,0,0
12023,12023,20210904,1,5,45,0,0,0,0,0
12024,12024,20210910,1,5,45,0,0,0,0,0
12025,12025,20220724,4,2,45,0,0,0,0,0
12026,12026,20220329,1,5,45,0,0,0,0,0
12027,12027,20220225,1,5,45,0,0,0,0,0
12028,12028,20230110,1,1,45,0,0,0,0,0
12029,12029,20220726,1,1,45,0,0,0,0,0
12030,12030,20220826,1,11,45,0,0,0,0,0
12031,12031,20200130,1,11,45,0,0,0,0,0
12032,12032,20210722,1,1,45,0,0,0,0,0
12033,12033,20220708,1,1,45,20,0,20,0,1
12034,12034,20200113,1,1,45,0,0,0,0,0
12035,12035,20200131,1,5,45,0,0,0,0,0
12036,12036,20200528,1,1,45,0,0,0,0,0
12037,12037,20200523,1,11,45,0,0,0,0,0
12038,12038,20200810,1,1,45,0,0,0,0,0
12039,12039,20200828,1,1,45,0,0,0,0,0
12040,12040,20200713,1,2,45,0,0,0,0,0
12041,12041,20220627,1,2,45,0,0,0,0,0
12042,12042,20200813,1,9,45,0,0,0,0,0
12043,12043,20210212,1,1,30,0,0,0,0,0
12044,12044,20201105,1,2,45,0,0,0,0,0
12045,12045,20210519,2,1,45,0,0,0,0,0
12046,12046,20201127,1,1,45,0,0,0,0,0
12047,12047,20210204,1,1,45,0,0,0,0,0
12048,12048,20210430,1,1,45,0,0,0,0,0
12049,12049,20210314,1,5,45,0,0,0,0,0
12050,12050,20210325,1,1,45,0,0,0,0,0
12051,12051,20210830,4,5,45,0,0,0,0,0
12052,12052,20221031,1,2,45,0,0,0,0,0
12053,12053,20210930,4,11,45,0,0,0,0,0
12054,12054,20210927,1,2,45,0,0,0,0,0
12055,12055,20211107,1,5,45,0,0,0,0,0
12056,12056,20220117,1,2,45,0,0,0,0,0
12057,12057,20230221,1,1,45,0,0,0,0,0
12058,12058,20220131,1,1,45,0,0,0,0,0
12059,12059,20221010,4,2,45,0,0,0,0,0
12060,12060,20220613,1,5,45,0,0,0,0,0
12061,12061,20220701,1,1,45,0,0,0,0,0
12062,12062,20220518,1,1,45,0,0,0,0,0
12063,12063,20221121,1,1,45,0,0,0,0,0
12064,12064,20230127,1,1,45,0,0,0,0,0
12065,12065,20260616,1,1,45,0,0,0,0,0
12066,12066,20200123,1,1,30,0,0,0,0,0
12067,12067,20210223,4,5,45,0,0,0,0,0
12068,12068,20200814,1,2,45,7554,0,7554,0,1
12069,12069,20210203,1,1,45,0,0,0,0,0
12070,12070,20201114,1,2,45,0,0,0,0,0
12071,12071,20200421,1,2,45,0,0,0,0,0
12072,12072,20200312,1,11,45,0,0,0,0,0
12073,12073,20200414,3,1,45,0,0,0,0,0
12074,12074,20200516,1,1,45,0,0,0,0,0
12075,12075,20200227,1,5,45,0,0,0,0,0
12076,12076,20221102,1,16,45,294,0,486,0,1
12077,12077,20210218,3,1,45,0,0,0,0,0
12078,12078,20200928,3,5,45,0,0,0,0,0
12079,12079,20250119,1,1,45,0,0,0,0,0
12080,12080,20201023,1,1,45,0,0,0,0,0
12081,12081,20210910,1,1,45,0,0,0,0,0
12082,12082,20210514,1,2,45,0,0,0,0,0
12083,12083,20210115,1,1,45,0,0,0,0,0
12084,12084,20210402,1,11,45,0,0,0,0,0
12085,12085,20210407,1,5,45,0,0,0,0,0
12086,12086,20210604,1,5,45,0,0,0,0,0
12087,12087,20210423,1,2,45,0,0,0,0,0
12088,12088,20211007,1,1,45,0,0,0,0,0
12089,12089,20220104,1,5,45,0,0,0,0,0
12090,12090,20220307,3,2,45,0,0,0,0,0
12091,12091,20220426,1,2,45,0,0,0,0,0
12092,12092,20230212,1,2,45,0,0,0,0,0
12093,12093,20220310,1,5,45,0,0,0,0,0
12094,12094,20230825,1,2,45,799,0,799,0,1
12095,12095,20240413,1,1,45,0,0,0,0,0
12096,12096,20230216,1,11,45,0,0,0,0,0
12097,12097,20220913,1,6,54,0,0,0,0,0
12098,12098,20211230,3,11,45,0,0,0,0,0
12099,12099,20220115,3,1,45,0,0,0,0,0
12100,12100,20200131,1,11,45,0,0,0,0,0
12101,12101,20201122,1,5,45,0,0,0,0,0
12102,12102,20200402,1,1,45,0,0,0,0,0
12103,12103,20210217,1,1,45,430,0,543,0,1
12104,12104,20200214,1,1,45,0,0,0,0,0
12105,12105,20200221,1,5,45,0,0,0,0,0
12106,12106,20200505,1,2,45,0,0,0,0,0
12107,12107,20200814,1,1,45,0,0,0,0,0
12108,12108,20200916,1,5,45,0,0,0,0,0
12109,12109,20201119,4,2,45,0,0,0,0,0
12110,12110,20210912,1,2,45,0,0,0,0,0
12111,12111,20220415,4,16,45,0,0,0,0,0
12112,12112,20210721,1,1,45,0,0,0,0,0
12113,12113,20211018,1,5,45,0,0,0,0,0
12114,12114,20211228,1,2,45,0,0,0,0,0
12115,12115,20230607,3,11,45,0,0,0,0,0
12116,12116,20211231,1,2,45,0,0,0,0,0
12117,12117,20220825,3,5,45,0,0,0,0,0
12118,12118,20220511,3,11,45,0,0,0,0,0
12119,12119,20220903,1,5,45,0,0,0,0,0
12120,12120,20220914,1,1,45,0,0,0,0,0
12121,12121,20230221,1,5,45,0,0,0,0,0
12122,12122,20200612,1,1,45,0,0,0,0,0
12123,12123,20211111,4,2,45,0,0,0,0,0
12124,12124,20200611,1,2,45,0,0,0,0,0
12125,12125,20210624,1,2,45,0,0,0,0,0
12126,12126,20200901,1,1,45,0,0,0,0,0
12127,12127,20210326,1,1,45,0,0,0,0,0
12128,12128,20210416,1,2,45,0,0,0,0,0
12129,12129,20200125,1,1,45,0,0,0,0,0
12130,12130,20200123,1,1,45,0,0,0,0,0
12131,12131,20200310,1,1,45,0,0,0,0,0
12132,12132,20200517,4,5,45,0,0,0,0,0
12133,12133,20201125,1,5,45,0,0,0,0,0
12134,12134,20200527,1,1,45,0,0,0,0,0
12135,12135,20210211,1,5,45,0,0,0,0,0
12136,12136,20200918,4,1,45,0,0,0,0,0
12137,12137,20201023,1,1,45,0,0,0,0,0
12138,12138,20201214,1,2,45,0,0,0,0,0
12139,12139,20201215,1,11,45,0,0,0,0,0
12140,12140,20210907,1,14,45,0,0,0,0,0
12141,12141,20210514,1,1,45,0,0,0,0,0
12142,12142,20210902,1,1,45,0,0,0,0,0
12143,12143,20220429,1,1,45,0,0,0,0,0
12144,12144,20220428,1,1,45,0,0,0,0,0
12145,12145,20220317,1,5,45,0,0,0,0,0
12146,12146,20211129,1,2,45,0,0,0,0,0
12147,12147,20220511,1,11,45,0,0,0,0,0
12148,12148,20220421,1,5,45,0,0,0,0,0
12149,12149,20240403,1,1,45,265,0,275,0,1
12150,12150,20220429,1,5,45,0,0,0,0,0
12151,12151,20220607,1,5,45,0,0,0,0,0
12152,12152,20221014,1,1,45,0,0,0,0,0
12153,12153,20200113,3,1,45,0,0,0,0,0
12154,12154,20200410,1,1,45,0,0,0,0,0
12155,12155,20200730,1,2,45,0,0,0,0,0
12156,12156,20200608,1,5,45,0,0,0,0,0
12157,12157,20200519,1,1,45,642,5,500,5,1
12158,12158,20200609,1,11,45,0,0,0,0,0
12159,12159,20200223,3,11,45,0,0,0,0,0
12160,12160,20210120,1,11,45,0,0,0,0,0
12161,12161,20200518,1,5,45,0,0,0,0,0
12162,12162,20210729,1,5,45,0,0,0,0,0
12163,12163,20200926,4,1,45,0,0,0,0,0
12164,12164,20200923,1,1,45,0,0,0,0,0
12165,12165,20200911,1,11,45,0,0,0,0,0
12166,12166,20201120,1,1,45,0,0,0,0,0
12167,12167,20210917,3,5,45,0,0,0,0,0
12168,12168,20220222,4,1,45,0,0,0,0,0
12169,12169,20210220,1,5,45,0,0,0,0,0
12170,12170,20210730,1,2,45,0,0,0,0,0
12171,12171,20230810,1,1,45,0,0,0,0,0
12172,12172,20210519,1,1,45,0,0,0,0,0
12173,12173,20240906,1,2,45,236,0,236,0,1
12174,12174,20210624,1,11,45,0,0,0,0,0
12175,12175,20220214,4,5,45,0,0,0,0,0
12176,12176,20220817,1,18,45,0,0,0,0,0
12177,12177,20220328,1,1,45,0,0,0,0,0
12178,12178,20220420,2,2,45,0,0,0,0,0
12179,12179,20220706,1,2,45,56,0,56,0,1
12180,12180,20220607,1,1,45,0,0,0,0,0
12181,12181,20221019,1,1,45,0,0,0,0,0
12182,12182,20221207,1,1,45,0,0,0,0,0
12183,12183,20220907,1,1,45,0,0,0,0,0
12184,12184,20230216,1,5,45,0,0,0,0,0
12185,12185,20200604,1,11,45,0,0,0,0,0
12186,12186,20230418,1,2,45,9,0,9,0,1
12187,12187,20200903,1,2,45,0,0,0,0,0
12188,12188,20211028,1,1,45,0,0,0,0,0
12189,12189,20200929,1,1,45,0,0,0,0,0
12190,12190,20200529,4,1,45,0,0,0,0,0
12191,12191,20200817,1,2,45,0,0,0,0,0
12192,12192,20200731,3,2,45,0,0,0,0,0
12193,12193,20210113,1,14,45,9,12,10,12,1
12194,12194,20200730,1,1,45,0,0,0,0,0
12195,12195,20200819,1,2,45,0,0,0,0,0
12196,12196,20210603,1,1,45,0,0,0,0,0
12197,12197,20210127,1,1,45,0,0,0,0,0
12198,12198,20210418,1,1,30,0,0,0,0,0
12199,12199,20201223,2,1,45,0,0,0,0,0
12200,12200,20201216,1,2,45,0,0,0,0,0
12201,12201,20210226,4,5,45,0,0,0,0,0
12202,12202,20210205,1,1,45,0,0,0,0,0
12203,12203,20210317,1,1,45,0,0,0,0,0
12204,12204,20210324,1,5,45,0,0,0,0,0
12205,12205,20230222,1,1,45,324,0,476,0,1
12206,12206,20210420,1,5,45,0,0,0,0,0
12207,12207,20210522,1,1,45,0,0,0,0,0
12208,12208,20211215,1,5,45,0,0,0,0,0
12209,12209,20211128,3,11,45,0,0,0,0,0
12210,12210,20211103,1,1,45,0,0,0,0,0
12211,12211,20211210,1,1,45,0,0,0,0,0
12212,12212,20230322,4,1,45,0,0,0,0,0
12213,12213,20260410,1,11,30,0,0,0,0,0
12214,12214,20220723,1,5,45,0,0,0,0,0
12215,12215,20230216,1,11,45,0,0,0,0,0
12216,12216,20240517,4,2,45,0,0,0,0,0
12217,12217,20230213,2,1,45,0,0,0,0,0
12218,12218,20211231,1,2,45,0,0,0,0,0
12219,12219,20210223,2,1,45,0,0,0,0,0
12220,12220,20200108,1,1,45,0,0,0,0,0
12221,12221,20201015,3,16,45,0,0,0,0,0
12222,12222,20200812,1,5,45,0,0,0,0,0
12223,12223,20200210,3,2,45,0,0,0,0,0
12224,12224,20200214,1,1,45,0,0,0,0,0
12225,12225,20200723,1,2,45,0,0,0,0,0
12226,12226,20200319,1,1,45,0,0,0,0,0
12227,12227,20200414,2,5,45,0,0,0,0,0
12228,12228,20200324,4,1,45,0,0,0,0,0
12229,12229,20210128,3,2,45,0,0,0,0,0
12230,12230,20200513,1,2,45,0,0,0,0,0
12231,12231,20200710,1,1,45,0,0,0,0,0
12232,12232,20200521,1,2,45,0,0,0,0,0
12233,12233,20220904,4,5,45,0,0,0,0,0
12234,12234,20200626,1,1,45,0,0,0,0,0
12235,12235,20250419,3,5,45,81,0,79,0,1
12236,12236,20211008,1,1,45,0,0,0,0,0
12237,12237,20201215,1,2,45,0,0,0,0,0
12238,12238,20210203,1,1,45,0,0,0,0,0
12239,12239,20210820,1,1,45,0,0,0,0,0
12240,12240,20210223,1,1,45,0,0,0,0,0
12241,12241,20210122,1,2,45,0,0,0,0,0
12242,12242,20210929,1,5,45,0,0,0,0,0
12243,12243,20210416,1,5,45,0,0,0,0,0
12244,12244,20210621,1,2,45,0,0,0,0,0
12245,12245,20210503,1,2,45,0,0,0,0,0
12246,12246,20210601,1,1,45,0,0,0,0,0
12247,12247,20210709,1,11,45,0,0,0,0,0
12248,12248,20210722,1,1,45,0,0,0,0,0
12249,12249,20210708,1,1,45,0,0,0,0,0
12250,12250,20210817,1,2,45,0,0,0,0,0
12251,12251,20211112,1,1,45,0,0,0,0,0
12252,12252,20200210,2,5,45,0,0,0,0,0
12253,12253,20220308,1,11,45,0,0,0,0,0
12254,12254,20220722,1,5,45,0,0,0,0,0
12255,12255,20221024,1,1,45,0,0,0,0,0
12256,12256,20221030,1,11,45,0,0,0,0,0
12257,12257,20200612,1,9,30,0,0,0,0,0
12258,12258,20200415,1,1,45,87,0,29,0,1
12259,12259,20210802,1,2,45,0,0,0,0,0
12260,12260,20211006,1,1,45,0,0,0,0,0
12261,12261,20200117,1,1,45,0,0,0,0,0
12262,12262,20210429,1,1,45,0,0,0,0,0
12263,12263,20200722,1,1,45,0,0,0,0,0
12264,12264,20200621,1,1,45,0,0,0,0,0
12265,12265,20200615,1,2,45,0,0,0,0,0
12266,12266,20200723,4,1,45,0,0,0,0,0
12267,12267,20201222,4,2,45,0,0,0,0,0
12268,12268,20201215,1,1,45,0,0,0,0,0
12269,12269,20210212,1,2,45,0,0,0,0,0
12270,12270,20211021,1,1,45,0,0,0,0,0
12271,12271,20211124,1,5,45,0,0,0,0,0
12272,12272,20211020,4,2,45,0,0,0,0,0
12273,12273,20211013,1,5,45,0,0,0,0,0
12274,12274,20211101,1,2,45,0,0,0,0,0
12275,12275,20211027,1,1,45,0,0,0,0,0
12276,12276,20220509,3,2,45,0,0,0,0,0
12277,12277,20221104,4,1,45,0,0,0,0,0
12278,12278,20220630,1,2,45,0,0,0,0,0
12279,12279,20210109,1,2,45,0,0,0,0,0
12280,12280,20210726,1,1,45,0,0,0,0,0
12281,12281,20220222,1,1,45,0,0,0,0,0
12282,12282,20200820,1,1,45,0,0,0,0,0
12283,12283,20200130,1,1,45,0,0,0,0,0
12284,12284,20200611,1,5,45,0,0,0,0,0
12285,12285,20200112,1,1,30,0,0,0,0,0
12286,12286,20200519,1,1,45,0,0,0,0,0
12287,12287,20210514,1,11,45,0,0,0,0,0
12288,12288,20211119,3,2,45,985,0,985,0,1
12289,12289,20200525,1,9,45,0,0,0,0,0
12290,12290,20200526,1,1,45,0,0,0,0,0
12291,12291,20200731,1,5,45,0,0,0,0,0
12292,12292,20200716,2,5,45,0,0,0,0,0
12293,12293,20200723,1,2,45,120,0,32,0,1
12294,12294,20220224,4,1,45,0,0,0,0,0
12295,12295,20201218,1,2,45,0,0,0,0,0
12296,12296,20210415,4,5,45,0,0,0,0,0
12297,12297,20201026,1,1,30,0,0,0,0,0
12298,12298,20201118,1,2,45,0,0,0,0,0
12299,12299,20210525,1,2,45,0,0,0,0,0
12300,12300,20210105,1,2,45,0,0,0,0,0
12301,12301,20210108,1,1,45,0,0,0,0,0
12302,12302,20210517,4,1,45,0,0,0,0,0
12303,12303,20210719,1,5,54,0,0,0,0,0
12304,12304,20220830,1,1,45,0,0,0,0,0
12305,12305,20220520,1,11,45,0,0,0,0,0
12306,12306,20220307,4,5,45,0,0,0,0,0
12307,12307,20211010,1,1,45,0,0,0,0,0
12308,12308,20230110,1,11,45,1103,0,1196,0,1
12309,12309,20220818,1,19,45,0,0,0,0,0
12310,12310,20220407,1,2,45,0,0,0,0,0
12311,12311,20220719,4,1,45,0,0,0,0,0
12312,12312,20260402,1,1,45,0,0,0,0,0
12313,12313,20221209,1,5,45,0,0,0,0,0
12314,12314,20200601,3,1,30,0,0,0,0,0
12315,12315,20220131,1,11,45,0,0,0,0,0
12316,12316,20210115,4,5,30,0,0,0,0,0
12317,12317,20200210,3,2,45,0,0,0,0,0
12318,12318,20200309,1,5,45,0,0,0,0,0
12319,12319,20200410,1,1,45,0,0,0,0,0
12320,12320,20201015,1,1,45,0,0,0,0,0
12321,12321,20200508,3,5,45,0,0,0,0,0
12322,12322,20200903,3,5,45,0,0,0,0,0
12323,12323,20220113,1,5,45,0,0,0,0,0
12324,12324,20210111,3,2,45,0,0,0,0,0
12325,12325,20201115,1,2,45,0,0,0,0,0
12326,12326,20200907,1,1,45,0,0,0,0,0
12327,12327,20210312,1,1,45,0,0,0,0,0
12328,12328,20201027,4,2,45,0,0,0,0,0
12329,12329,20201116,1,1,45,0,0,0,0,0
12330,12330,20201221,1,1,45,0,0,0,0,0
12331,12331,20210810,1,1,45,0,0,0,0,0
12332,12332,20220113,1,1,45,0,0,0,0,0
12333,12333,20210527,1,1,45,0,0,0,0,0
12334,12334,20210526,1,1,45,0,0,0,0,0
12335,12335,20210604,1,11,45,0,0,0,0,0
12336,12336,20211021,4,2,45,0,0,0,0,0
12337,12337,20211219,1,14,45,0,0,0,0,0
12338,12338,20220819,1,5,45,0,0,0,0,0
12339,12339,20211217,1,5,45,0,0,0,0,0
12340,12340,20220207,1,1,45,0,0,0,0,0
12341,12341,20220222,4,1,45,0,0,0,0,0
12342,12342,20220429,1,5,45,0,0,0,0,0
12343,12343,20220909,1,1,45,0,0,0,0,0
12344,12344,20221205,1,1,45,0,0,0,0,0
12345,12345,20231129,3,11,45,694,49,645,49,1
12346,12346,20221111,2,1,45,0,0,0,0,0
12347,12347,20200320,3,2,45,0,0,0,0,0
12348,12348,20201001,1,1,45,0,0,0,0,0
12349,12349,20200513,4,1,45,0,0,0,0,0
12350,12350,20200112,1,5,45,0,0,0,0,0
12351,12351,20200204,4,5,45,0,0,0,0,0
12352,12352,20200117,3,1,45,3,0,3,0,1
12353,12353,20200907,1,1,45,0,0,0,0,0
12354,12354,20200722,1,11,45,0,0,0,0,0
12355,12355,20200903,4,1,45,0,0,0,0,0
12356,12356,20200830,1,1,45,0,0,0,0,0
12357,12357,20200720,1,1,45,0,0,0,0,0
12358,12358,20200807,1,1,45,0,0,0,0,0
12359,12359,20201006,1,5,45,0,0,0,0,0
12360,12360,20200917,3,5,30,0,0,0,0,0
12361,12361,20210106,1,2,45,0,0,0,0,0
12362,12362,20200915,3,1,45,35,0,69,0,1
12363,12363,20210916,3,2,45,0,0,0,0,0
12364,12364,20201022,3,2,45,0,0,0,0,0
12365,12365,20230215,2,1,45,0,0,0,0,0
12366,12366,20201215,1,2,45,0,0,0,0,0
12367,12367,20210805,1,1,45,0,0,0,0,0
12368,12368,20201225,4,2,45,0,0,0,0,0
12369,12369,20210408,3,2,45,0,0,0,0,0
12370,12370,20210824,1,1,45,0,0,0,0,0
12371,12371,20220527,1,1,45,0,0,0,0,0
12372,12372,20210622,1,1,45,0,0,0,0,0
12373,12373,20220523,3,1,45,0,0,0,0,0
12374,12374,20220302,4,2,45,0,0,0,0,0
12375,12375,20210728,2,5,45,0,0,0,0,0
12376,12376,20210828,1,2,45,0,0,0,0,0
12377,12377,20210730,1,1,45,0,0,0,0,0
12378,12378,20211015,4,2,45,0,0,0,0,0
12379,12379,20211023,1,1,45,0,0,0,0,0
12380,12380,20220909,1,1,45,0,0,0,0,0
12381,12381,20231013,1,1,45,0,0,0,0,0
12382,12382,20220826,1,1,45,0,0,0,0,0
12383,12383,20200320,1,2,45,0,0,0,0,0
12384,12384,20210415,1,1,45,0,0,0,0,0
12385,12385,20210218,3,1,45,0,0,0,0,0
12386,12386,20210831,1,1,45,342,0,342,0,1
12387,12387,20200313,1,11,45,0,0,0,0,0
12388,12388,20200225,2,5,45,0,0,0,0,0
12389,12389,20200203,3,2,45,0,0,0,0,0
12390,12390,20211203,1,1,45,0,0,0,0,0
12391,12391,20200501,1,1,45,0,0,0,0,0
12392,12392,20200424,1,2,45,0,0,0,0,0
12393,12393,20200501,1,1,45,0,0,0,0,0
12394,12394,20200813,1,1,45,0,0,0,0,0
12395,12395,20210224,4,1,45,0,0,0,0,0
12396,12396,20201220,3,5,45,0,0,0,0,0
12397,12397,20211230,1,1,45,0,0,0,0,0
12398,12398,20210214,3,5,45,0,0,0,0,0
12399,12399,20211101,1,5,45,0,0,0,0,0
12400,12400,20210706,1,5,45,0,0,0,0,0
12401,12401,20210924,1,1,45,0,0,0,0,0
12402,12402,20210504,3,1,30,0,0,0,0,0
12403,12403,20220413,4,2,45,0,0,0,0,0
12404,12404,20220301,3,5,45,0,0,0,0,0
12405,12405,20210901,1,2,45,744,0,744,0,1
12406,12406,20210928,1,5,45,0,0,0,0,0
12407,12407,20220304,1,2,45,0,0,0,0,0
12408,12408,20220304,1,11,45,0,0,0,0,0
12409,12409,20220307,1,2,45,0,0,0,0,0
12410,12410,20220707,1,5,45,0,0,0,0,0
12411,12411,20220721,1,1,45,0,0,0,0,0
12412,12412,20201027,1,1,45,0,0,0,0,0
12413,12413,20200131,1,1,45,0,0,0,0,0
12414,12414,20211007,1,5,45,0,0,0,0,0
12415,12415,20200520,1,1,30,0,0,0,0,0
12416,12416,20200423,1,1,30,0,0,0,0,0
12417,12417,20230225,3,1,30,0,0,0,0,0
12418,12418,20200323,1,1,45,0,0,0,0,0
12419,12419,20200310,1,11,45,0,0,0,0,0
12420,12420,20200124,1,2,45,0,0,0,0,0
12421,12421,20250218,1,1,45,0,0,0,0,0
12422,12422,20200403,1,11,45,0,0,0,0,0
12423,12423,20210124,1,1,45,0,0,0,0,0
12424,12424,20220128,1,11,45,0,0,0,0,0
12425,12425,20200101,1,1,45,0,0,0,0,0
12426,12426,20221118,1,16,45,0,0,0,0,0
12427,12427,20200714,1,2,45,0,0,0,0,0
12428,12428,20201026,1,5,45,0,0,0,0,0
12429,12429,20200206,1,15,45,0,0,0,0,0
12430,12430,20200709,1,14,45,0,0,0,0,0
12431,12431,20200206,3,1,45,0,0,0,0,0
12432,12432,20200424,1,1,45,0,0,0,0,0
12433,12433,20220206,1,11,45,0,0,0,0,0
12434,12434,20200121,3,1,45,0,0,0,0,0
12435,12435,20200217,1,1,45,959,0,1439,0,1
12436,12436,20230320,1,1,45,0,0,0,0,0
12437,12437,20210711,1,1,45,0,0,0,0,0
12438,12438,20240223,1,5,45,0,0,0,0,0
12439,12439,20231031,1,1,45,0,0,0,0,0
12440,12440,20200313,1,1,30,0,0,0,0,0
12441,12441,20221119,1,1,45,0,0,0,0,0
12442,12442,20200622,1,2,45,0,0,0,0,0
12443,12443,20201221,1,9,45,0,0,0,0,0
12444,12444,20220527,4,9,45,0,0,0,0,0
12445,12445,20230131,1,1,45,0,0,0,0,0
12446,12446,20200521,1,2,45,0,0,0,0,0
12447,12447,20200223,1,1,30,0,0,0,0,0
12448,12448,20200331,1,1,45,0,0,0,0,0
12449,12449,20210522,1,1,45,0,0,0,0,0
12450,12450,20221106,1,2,45,0,0,0,0,0
12451,12451,20221130,1,5,45,0,0,0,0,0
12452,12452,20201106,1,1,45,0,0,0,0,0
12453,12453,20220621,4,1,45,0,0,0,0,0
12454,12454,20210507,1,1,45,0,0,0,0,0
12455,12455,20210510,1,5,45,0,0,0,0,0
12456,12456,20220721,1,1,45,0,0,0,0,0
12457,12457,20210317,1,5,45,0,0,0,0,0
12458,12458,20220210,1,1,45,192,0,314,0,1
12459,12459,20221215,4,11,45,0,0,0,0,0
12460,12460,20200823,1,1,45,0,0,0,0,0
12461,12461,20220118,1,1,45,0,0,0,0,0
12462,12462,20200910,1,11,45,0,0,0,0,0
12463,12463,20200828,1,2,45,0,0,0,0,0
12464,12464,20200504,1,2,45,0,0,0,0,0
12465,12465,20210320,1,11,45,0,0,0,0,0
12466,12466,20220421,3,2,45,0,0,0,0,0
12467,12467,20200430,1,2,45,0,0,0,0,0
12468,12468,20200221,1,5,45,0,0,0,0,0
12469,12469,20200214,1,1,45,0,0,0,0,0
12470,12470,20200803,4,5,45,0,0,0,0,0
12471,12471,20231121,1,1,45,180,0,191,0,1
12472,12472,20221020,3,2,45,0,0,0,0,0
12473,12473,20200501,1,5,45,0,0,0,0,0
12474,12474,20230622,1,1,45,0,0,0,0,0
12475,12475,20220520,1,1,45,0,0,0,0,0
12476,12476,20210903,1,2,45,0,0,0,0,0
12477,12477,20230214,4,2,45,0,0,0,0,0
12478,12478,20200703,1,1,45,0,0,0,0,0
12479,12479,20220206,1,1,45,0,0,0,0,0
12480,12480,20230224,1,11,45,0,0,0,0,0
12481,12481,20211026,1,2,45,0,0,0,0,0
12482,12482,20230205,1,1,45,300,0,300,0,1
12483,12483,20220511,1,1,45,0,0,0,0,0
12484,12484,20220803,1,14,30,0,0,0,0,0
12485,12485,20200224,1,2,45,0,0,0,0,0
12486,12486,20201230,1,2,45,0,0,0,0,0
12487,12487,20220520,1,11,45,0,0,0,0,0
12488,12488,20210305,1,1,45,0,0,0,0,0
12489,12489,20220319,1,11,45,0,0,0,0,0
12490,12490,20200925,1,2,45,0,0,0,0,0
12491,12491,20210118,1,2,45,0,0,0,0,0
12492,12492,20230509,1,1,45,0,0,0,0,0
12493,12493,20221125,3,2,45,0,0,0,0,0
12494,12494,20201221,1,1,45,0,0,0,0,0
12495,12495,20200207,2,1,45,0,0,0,0,0
12496,12496,20200316,1,11,30,0,0,0,0,0
12497,12497,20210109,1,2,45,0,0,0,0,0
12498,12498,20180914,1,1,45,212,0,280,0,1
12499,12499,20200127,1,16,45,0,0,0,0,0
12500,12500,20201124,1,9,45,0,0,0,0,0
12501,12501,20200313,1,1,45,0,0,0,0,0
12502,12502,20200130,3,2,45,0,0,0,0,0
12503,12503,20200612,1,1,45,0,0,0,0,0
12504,12504,20210106,1,5,45,0,0,0,0,0
12505,12505,20220304,1,5,45,0,0,0,0,0
12506,12506,20200526,1,5,45,0,0,0,0,0
12507,12507,20201026,1,1,45,0,0,0,0,0
12508,12508,20200824,1,5,45,0,0,0,0,0
12509,12509,20221119,1,11,45,0,0,0,0,0
12510,12510,20200423,1,2,45,0,0,0,0,0
12511,12511,20220127,1,16,45,0,0,0,0,0
12512,12512,20210331,1,2,45,0,0,0,0,0
12513,12513,20210802,1,2,45,0,0,0,0,0
12514,12514,20210202,1,2,45,39,0,62,0,1
12515,12515,20220402,1,1,45,0,0,0,0,0
12516,12516,20200127,1,9,30,0,0,0,0,0
12517,12517,20200925,1,1,45,0,0,0,0,0
12518,12518,20201106,2,2,45,0,0,0,0,0
12519,12519,20230630,1,5,45,0,0,0,0,0
12520,12520,20201127,1,2,45,0,0,0,0,0
12521,12521,20220426,1,1,45,0,0,0,0,0
12522,12522,20200515,1,2,45,0,0,0,0,0
12523,12523,20201031,1,5,45,10,0,10,0,1
12524,12524,20210120,1,11,45,0,0,0,0,0
12525,12525,20201230,1,8,59,0,0,0,0,0
12526,12526,20200612,1,5,45,0,0,0,0,0
12527,12527,20210915,1,1,45,0,0,0,0,0
12528,12528,20200901,1,9,45,0,0,0,0,0
12529,12529,20220414,1,5,45,0,0,0,0,0
12530,12530,20200524,1,1,45,0,0,0,0,0
12531,12531,20210228,3,11,45,0,0,0,0,0
12532,12532,20210218,1,1,45,25,0,25,0,1
12533,12533,20230122,1,1,30,0,0,0,0,0
12534,12534,20210209,1,1,45,0,0,0,0,0
12535,12535,20210430,1,5,45,0,0,0,0,0
12536,12536,20200225,4,11,45,0,0,0,0,0
12537,12537,20201225,1,1,45,0,0,0,0,0
12538,12538,20200903,3,1,45,0,0,0,0,0
12539,12539,20200203,1,11,45,0,0,0,0,0
12540,12540,20200128,1,2,45,0,0,0,0,0
12541,12541,20220719,1,5,45,0,0,0,0,0
12542,12542,20200203,3,2,45,0,0,0,0,0
12543,12543,20200101,1,2,45,0,0,0,0,0
12544,12544,20200131,1,1,45,0,0,0,0,0
12545,12545,20200102,1,11,45,0,0,0,0,0
12546,12546,20200319,1,2,45,0,0,0,0,0
12547,12547,20221103,1,1,45,0,0,0,0,0
12548,12548,20210302,1,1,45,0,0,0,0,0
12549,12549,20210511,1,2,45,0,0,0,0,0
12550,12550,20220716,2,1,30,0,0,0,0,0
12551,12551,20220121,1,1,45,0,0,0,0,0
12552,12552,20220128,1,5,45,0,0,0,0,0
12553,12553,20201120,1,1,45,0,0,0,0,0
12554,12554,20210415,1,11,45,0,0,0,0,0
12555,12555,20220416,1,5,45,0,0,0,0,0
12556,12556,20200402,1,1,30,184,0,178,0,1
12557,12557,20200214,1,1,45,0,0,0,0,0
12558,12558,20220714,1,1,45,0,0,0,0,0
12559,12559,20200501,1,1,45,0,0,0,0,0
12560,12560,20210114,1,5,45,0,0,0,0,0
12561,12561,20220708,3,11,45,0,0,0,0,0
12562,12562,20230216,1,1,45,0,0,0,0,0
12563,12563,20200320,3,2,45,0,0,0,0,0
12564,12564,20200301,1,1,45,0,0,0,0,0
12565,12565,20210508,1,1,30,0,0,0,0,0
12566,12566,20230330,1,2,45,0,0,0,0,0
12567,12567,20200312,1,2,45,0,0,0,0,0
12568,12568,20211108,1,2,45,0,0,0,0,0
12569,12569,20200304,1,1,45,0,0,0,0,0
12570,12570,20220303,1,1,45,0,0,0,0,0
12571,12571,20200213,1,1,30,0,0,0,0,0
12572,12572,20210226,1,5,45,0,0,0,0,0
12573,12573,20230203,1,5,45,0,0,0,0,0
12574,12574,20200224,1,2,45,0,0,0,0,0
12575,12575,20221130,1,2,45,0,0,0,0,0
12576,12576,20200515,1,5,45,0,0,0,0,0
12577,12577,20200430,4,1,45,78,0,78,0,1
12578,12578,20220810,1,1,30,0,0,0,0,0
12579,12579,20220408,1,1,45,0,0,0,0,0
12580,12580,20211124,1,1,45,0,0,0,0,0
12581,12581,20200110,1,1,45,0,0,0,0,0
12582,12582,20220617,1,11,45,0,0,0,0,0
12583,12583,20221013,4,2,45,0,0,0,0,0
12584,12584,20200227,1,1,45,0,0,0,0,0
12585,12585,20210204,1,1,45,0,0,0,0,0
12586,12586,20201016,4,1,45,0,0,0,0,0
12587,12587,20201204,1,5,45,0,0,0,0,0
12588,12588,20200817,1,1,45,0,0,0,0,0
12589,12589,20200120,3,11,45,0,0,0,0,0
12590,12590,20200420,1,1,30,0,0,0,0,0
12591,12591,20200131,1,1,45,0,0,0,0,0
12592,12592,20200225,1,1,45,0,0,0,0,0
12593,12593,20200128,1,1,45,0,0,0,0,0
12594,12594,20241220,1,14,45,1907,0,1907,0,1
12595,12595,20230216,1,2,45,142,0,144,0,1
12596,12596,20200211,2,1,45,0,0,0,0,0
12597,12597,20210128,1,5,45,0,0,0,0,0
12598,12598,20200204,1,11,45,0,0,0,0,0
12599,12599,20200106,1,11,45,0,0,0,0,0
12600,12600,20201014,1,2,45,0,0,0,0,0
12601,12601,20201103,1,1,30,0,0,0,0,0
12602,12602,20210224,1,1,30,0,0,0,0,0
12603,12603,20210301,1,5,45,0,0,0,0,0
12604,12604,20211021,1,1,45,0,0,0,0,0
12605,12605,20230217,1,2,45,0,0,0,0,0
12606,12606,20200605,1,2,45,0,0,0,0,0
12607,12607,20201216,1,5,45,0,0,0,0,0
12608,12608,20220217,3,2,45,0,0,0,0,0
12609,12609,20200307,3,1,30,0,0,0,0,0
12610,12610,20210121,1,9,45,0,0,0,0,0
12611,12611,20200219,1,1,45,0,0,0,0,0
12612,12612,20201225,1,1,45,0,0,0,0,0
12613,12613,20210708,1,1,45,330,0,330,0,1
12614,12614,20201202,1,9,45,0,0,0,0,0
12615,12615,20210528,1,1,45,0,0,0,0,0
12616,12616,20200915,1,2,45,0,0,0,0,0
12617,12617,20210806,1,2,45,0,0,0,0,0
12618,12618,20220303,1,1,45,0,0,0,0,0
12619,12619,20210407,1,1,45,0,0,0,0,0
12620,12620,20200623,1,5,45,0,0,0,0,0
12621,12621,20200429,1,5,45,0,0,0,0,0
12622,12622,20200219,1,11,45,0,0,0,0,0
12623,12623,20200220,1,1,45,88,0,103,0,1
12624,12624,20201016,1,2,45,0,0,0,0,0
12625,12625,20200119,1,5,45,0,0,0,0,0
12626,12626,20200615,1,2,45,0,0,0,0,0
12627,12627,20210106,1,1,45,0,0,0,0,0
12628,12628,20200514,1,1,45,0,0,0,0,0
12629,12629,20200117,1,2,45,0,0,0,0,0
12630,12630,20200410,1,1,45,0,0,0,0,0
12631,12631,20201214,1,11,45,0,0,0,0,0
12632,12632,20210609,1,1,45,0,0,0,0,0
12633,12633,20210730,1,9,30,0,0,0,0,0
12634,12634,20201007,1,2,45,53,0,60,0,1
12635,12635,20201204,1,2,45,0,0,0,0,0
12636,12636,20220330,1,2,45,0,0,0,0,0
12637,12637,20220921,1,5,45,0,0,0,0,0
12638,12638,20200120,1,2,30,0,0,0,0,0
12639,12639,20230828,2,2,45,0,0,0,0,0
12640,12640,20210330,1,1,45,0,0,0,0,0
12641,12641,20230301,1,1,45,0,0,0,0,0
12642,12642,20230228,3,5,45,11799,0,11799,0,1
12643,12643,20240325,3,11,45,0,0,0,0,0
12644,12644,20230310,1,2,45,0,0,0,0,0
12645,12645,20230411,1,1,45,569,0,594,0,1
12646,12646,20230331,1,1,45,586,0,516,0,1
12647,12647,20230405,1,1,45,614,172,433,172,1
12648,12648,20230413,1,11,45,1492,0,1578,0,1
12649,12649,20230330,1,1,45,276,0,276,0,1
12650,12650,20230309,1,15,45,351,0,570,0,1
12651,12651,20230404,3,5,45,293,0,332,0,1
12652,12652,20230310,1,1,45,891,0,921,0,1
12653,12653,20240228,3,1,45,836,0,940,0,1
12654,12654,20230314,1,14,45,2823,0,4187,0,1
12655,12655,20230404,1,1,45,0,0,0,0,0
12656,12656,20200204,1,1,45,0,0,0,0,0
12657,12657,20200820,1,1,45,89,0,89,0,1
12658,12658,20200211,1,1,45,0,0,0,0,0
12659,12659,20230310,3,1,45,0,0,0,0,0
12660,12660,20230313,1,2,45,2239,0,2239,0,1
12661,12661,20200803,3,2,45,0,0,0,0,0
12662,12662,20230328,1,1,45,453,0,453,0,1
12663,12663,20200129,1,2,45,183,0,265,0,1
12664,12664,20221025,4,5,45,0,0,0,0,0
12665,12665,20230328,2,11,45,170,0,170,0,1
12666,12666,20200827,1,1,45,0,0,0,0,0
12667,12667,20200730,1,1,45,0,0,0,0,0
12668,12668,20230308,1,1,45,0,0,0,0,0
12669,12669,20230529,1,5,45,10280,0,10280,0,1
12670,12670,20230302,1,1,45,0,0,0,0,0
12671,12671,20230312,1,1,45,0,0,0,0,0
12672,12672,20230215,1,1,45,0,0,0,0,0
12673,12673,20210205,1,1,45,0,0,0,0,0
12674,12674,20230306,1,5,45,0,0,0,0,0
12675,12675,20230221,1,1,45,0,0,0,0,0
12676,12676,20230227,1,11,45,0,0,0,0,0
12677,12677,20210701,1,2,45,0,0,0,0,0
12678,12678,20220329,1,1,45,0,0,0,0,0
12679,12679,20201218,1,1,45,0,0,0,0,0
12680,12680,20230722,1,5,45,0,0,0,0,0
12681,12681,20230127,1,2,45,0,0,0,0,0
12682,12682,20230316,1,1,45,0,0,0,0,0
12683,12683,20230310,1,1,45,0,0,0,0,0
12684,12684,20221202,1,1,45,0,0,0,0,0
12685,12685,20230407,1,1,45,0,0,0,0,0
12686,12686,20200207,4,5,45,0,0,0,0,0
12687,12687,20250518,1,2,45,0,0,0,0,0
12688,12688,20230308,1,1,45,0,0,0,0,0
12689,12689,20221116,1,2,45,0,0,0,0,0
12690,12690,20230330,4,11,45,934,0,934,0,1
12691,12691,20230116,4,11,45,0,0,0,0,0
12692,12692,20220729,4,2,45,0,0,0,0,0
12693,12693,20230309,1,1,45,0,0,0,0,0
12694,12694,20230409,1,5,45,1165,0,2307,0,1
12695,12695,20230410,1,1,45,0,0,0,0,0
12696,12696,20230329,1,1,45,0,0,0,0,0
12697,12697,20230307,1,16,45,317,0,317,0,1
12698,12698,20221101,4,1,45,0,0,0,0,0
12699,12699,20230313,1,5,45,0,0,0,0,0
12700,12700,20230311,1,11,45,50,0,62,0,1
12701,12701,20210507,1,1,45,0,0,0,0,0
12702,12702,20231026,1,1,45,436,0,436,0,1
12703,12703,20231031,1,11,45,0,0,0,0,0
12704,12704,20230330,4,1,45,0,0,0,0,0
12705,12705,20230918,1,2,45,0,0,0,0,0
12706,12706,20230228,4,1,45,0,0,0,0,0
12707,12707,20230309,1,5,45,0,0,0,0,0
12708,12708,20230412,1,1,45,0,0,0,0,0
12709,12709,20210325,1,1,45,0,0,0,0,0
12710,12710,20200810,1,11,45,56,0,86,0,1
12711,12711,20230301,1,11,45,0,0,0,0,0
12712,12712,20250417,1,11,45,883,0,904,0,1
12713,12713,20260213,1,1,45,0,0,0,0,0
12714,12714,20230215,1,1,45,0,0,0,0,0
12715,12715,20230315,1,2,45,0,0,0,0,0
12716,12716,20210507,1,1,45,0,0,0,0,0
12717,12717,20230309,1,2,45,0,0,0,0,0
12718,12718,20230628,1,1,45,0,0,0,0,0
12719,12719,20221205,3,14,45,0,0,0,0,0
12720,12720,20200428,1,16,45,0,0,0,0,0
12721,12721,20230331,1,1,45,330,0,366,0,1
12722,12722,20230208,3,2,45,0,0,0,0,0
12723,12723,20230227,3,5,45,0,0,0,0,0
12724,12724,20230302,1,2,45,0,0,0,0,0
12725,12725,20211119,1,11,45,0,0,0,0,0
12726,12726,20220926,3,5,45,0,0,0,0,0
12727,12727,20221119,1,5,45,0,0,0,0,0
12728,12728,20250722,1,1,45,0,0,0,0,0
12729,12729,20221010,1,1,45,0,0,0,0,0
12730,12730,20221201,3,2,45,0,0,0,0,0
12731,12731,20230226,4,11,45,104,0,133,0,1
12732,12732,20230330,3,1,45,8,0,8,0,1
12733,12733,20240220,4,14,45,73,0,73,0,1
12734,12734,20230404,1,1,45,240,40,283,66,1
12735,12735,20230330,4,5,45,130,0,142,0,1
12736,12736,20230223,3,5,45,0,0,0,0,0
12737,12737,20230323,1,1,45,0,0,0,0,0
12738,12738,20210217,1,5,45,0,0,0,0,0
12739,12739,20220608,1,1,45,0,0,0,0,0
12740,12740,20230411,1,1,45,197,0,197,0,1
12741,12741,20201029,1,5,45,0,0,0,0,0
12742,12742,20201019,1,5,45,0,0,0,0,0
12743,12743,20221114,1,5,45,0,0,0,0,0
12744,12744,20221216,1,2,45,0,0,0,0,0
12745,12745,20231026,1,1,45,0,0,0,0,0
12746,12746,20230309,4,2,45,51,0,49,0,1
12747,12747,20230105,1,1,45,0,0,0,0,0
12748,12748,20230306,2,1,45,0,0,0,0,0
12749,12749,20200716,1,5,45,0,0,0,0,0
12750,12750,20230330,1,1,45,0,0,0,0,0
12751,12751,20221018,1,1,45,0,0,0,0,0
12752,12752,20230310,2,5,45,50,0,50,0,1
12753,12753,20230406,1,1,45,0,0,0,0,0
12754,12754,20201203,1,1,45,0,0,0,0,0
12755,12755,20230324,1,1,30,0,0,0,0,0
12756,12756,20220318,1,11,45,0,0,0,0,0
12757,12757,20230327,1,2,45,0,0,0,0,0
12758,12758,20200504,1,5,45,0,0,0,0,0
12759,12759,20250416,3,11,45,356,0,379,0,1
12760,12760,20230313,1,1,30,16,0,16,0,1
12761,12761,20230301,4,2,45,0,0,0,0,0
12762,12762,20230406,1,1,45,401,0,401,0,1
12763,12763,20211015,4,2,45,67,0,67,0,1
12764,12764,20220328,1,1,45,0,0,0,0,0
12765,12765,20221021,1,2,45,0,0,0,0,0
12766,12766,20230414,2,1,45,68,0,72,0,1
12767,12767,20230324,4,2,45,14,0,14,0,1
12768,12768,20230228,1,1,45,0,0,0,0,0
12769,12769,20200408,1,5,45,0,0,0,0,0
12770,12770,20200129,1,9,45,0,0,0,0,0
12771,12771,20230330,1,2,45,0,0,0,0,0
12772,12772,20230328,1,11,45,0,0,0,0,0
12773,12773,20230828,2,19,45,0,0,0,0,0
12774,12774,20230127,1,1,45,0,0,0,0,0
12775,12775,20211021,1,1,45,0,0,0,0,0
12776,12776,20230314,3,2,45,0,0,0,0,0
12777,12777,20221222,3,2,45,0,0,0,0,0
12778,12778,20230727,1,1,45,0,0,0,0,0
12779,12779,20201119,4,1,30,0,0,0,0,0
12780,12780,20230309,4,11,45,275,0,246,0,1
12781,12781,20230308,1,1,45,26,0,26,0,1
12782,12782,20230228,1,11,45,0,0,0,0,0
12783,12783,20230315,1,5,45,304,0,335,0,1
12784,12784,20230320,1,11,45,0,0,0,0,0
12785,12785,20240827,3,1,45,0,0,0,0,0
12786,12786,20200324,1,5,45,0,0,0,0,0
12787,12787,20220928,1,2,45,0,0,0,0,0
12788,12788,20230810,1,1,45,5216,0,6529,0,1
12789,12789,20230303,4,1,45,0,0,0,0,0
12790,12790,20201014,1,2,45,0,0,0,0,0
12791,12791,20200905,3,11,45,0,0,0,0,0
12792,12792,20230329,1,11,45,0,0,0,0,0
12793,12793,20221112,1,5,45,0,0,0,0,0
12794,12794,20200306,1,5,45,0,0,0,0,0
12795,12795,20220801,1,2,45,0,0,0,0,0
12796,12796,20230223,1,1,45,165,0,165,0,1
12797,12797,20230316,1,1,45,0,0,0,0,0
12798,12798,20260718,1,1,45,0,0,0,0,0
12799,12799,20230131,1,1,45,0,0,0,0,0
12800,12800,20230214,2,14,45,0,0,0,0,0
12801,12801,20201112,3,5,45,0,0,0,0,0
12802,12802,20210305,1,2,45,0,0,0,0,0
12803,12803,20230228,1,2,45,0,0,0,0,0
12804,12804,20230327,1,5,45,0,0,0,0,0
12805,12805,20230331,1,2,45,0,0,0,0,0
12806,12806,20200101,1,1,45,0,0,0,0,0
12807,12807,20211116,1,1,45,0,0,0,0,0
12808,12808,20250903,1,1,45,0,0,0,0,0
12809,12809,20230317,1,2,45,0,0,0,0,0
12810,12810,20200220,3,5,45,0,0,0,0,0
12811,12811,20201216,1,2,45,0,0,0,0,0
12812,12812,20210730,1,2,45,62,0,62,0,1
12813,12813,20230331,1,2,45,0,0,0,0,0
12814,12814,20230313,1,2,45,0,0,0,0,0
12815,12815,20230131,1,2,45,0,0,0,0,0
12816,12816,20230411,1,2,45,0,0,0,0,0
12817,12817,20210429,1,11,45,0,0,0,0,0
12818,12818,20230301,1,11,45,0,0,0,0,0
12819,12819,20230406,1,2,45,0,0,0,0,0
12820,12820,20230228,3,5,45,531,0,531,0,1
12821,12821,20220419,1,5,30,0,0,0,0,0
12822,12822,20200507,1,1,45,0,0,0,0,0
12823,12823,20230203,1,2,45,0,0,0,0,0
12824,12824,20230302,1,1,45,124,0,126,0,1
12825,12825,20230310,1,1,45,0,0,0,0,0
12826,12826,20230211,2,5,30,0,0,0,0,0
12827,12827,20230205,1,11,45,0,0,0,0,0
12828,12828,20230310,1,5,45,0,0,0,0,0
12829,12829,20221205,1,1,45,0,0,0,0,0
12830,12830,20230314,3,5,45,348,0,348,0,1
12831,12831,20230329,1,2,45,485,0,485,0,1
12832,12832,20220415,1,1,45,0,0,0,0,0
12833,12833,20221208,1,2,45,0,0,0,0,0
12834,12834,20210503,1,2,45,0,0,0,0,0
12835,12835,20230216,1,3,17,1002,0,1002,0,1
12836,12836,20221207,1,5,45,0,0,0,0,0
12837,12837,20230225,1,2,45,0,0,0,0,0
12838,12838,20230320,1,11,45,0,0,0,0,0
12839,12839,20201207,1,1,45,0,0,0,0,0
12840,12840,20210427,1,1,45,0,0,0,0,0
12841,12841,20221106,1,1,45,0,0,0,0,0
12842,12842,20260713,1,18,45,0,0,0,0,0
12843,12843,20230222,1,1,45,0,0,0,0,0
12844,12844,20200529,3,5,45,0,0,0,0,0
12845,12845,20200701,1,1,45,0,0,0,0,0
12846,12846,20221226,1,2,45,0,0,0,0,0
12847,12847,20230301,1,16,45,0,0,0,0,0
12848,12848,20240206,1,11,45,1192,0,1307,0,1
12849,12849,20230131,1,1,45,0,0,0,0,0
12850,12850,20221011,4,1,45,0,0,0,0,0
12851,12851,20230412,1,5,45,137,0,137,0,1
12852,12852,20220222,1,5,45,0,0,0,0,0
12853,12853,20230105,1,14,45,0,0,0,0,0
12854,12854,20230216,1,1,45,0,0,0,0,0
12855,12855,20230320,1,1,45,0,0,0,0,0
12856,12856,20230303,1,2,45,0,0,0,0,0
12857,12857,20220519,4,1,45,0,0,0,0,0
12858,12858,20230302,3,2,45,0,0,0,0,0
12859,12859,20230309,1,2,45,0,0,0,0,0
12860,12860,20200228,1,9,45,0,0,0,0,0
12861,12861,20230330,4,15,45,0,0,0,0,0
12862,12862,20240327,1,2,45,1428,0,1348,0,1
12863,12863,20230407,1,11,45,603,0,442,0,1
12864,12864,20220923,1,1,45,0,0,0,0,0
12865,12865,20221001,1,2,45,0,0,0,0,0
12866,12866,20210528,4,1,45,0,0,0,0,0
12867,12867,20230306,1,5,45,197,0,197,0,1
12868,12868,20230302,4,5,45,1,0,1,0,1
12869,12869,20200319,1,9,45,0,0,0,0,0
12870,12870,20230414,1,1,45,0,0,0,0,0
12871,12871,20230323,1,2,45,0,0,0,0,0
12872,12872,20230308,1,1,45,0,0,0,0,0
12873,12873,20230313,1,1,45,0,0,0,0,0
12874,12874,20200612,1,5,45,0,0,0,0,0
12875,12875,20200416,3,2,45,88,0,87,0,1
12876,12876,20220520,4,5,45,0,0,0,0,0
12877,12877,20221031,3,2,45,0,0,0,0,0
12878,12878,20230307,3,2,45,0,0,0,0,0
12879,12879,20230120,1,1,45,0,0,0,0,0
12880,12880,20230411,1,11,45,0,0,0,0,0
12881,12881,20201214,1,9,30,0,0,0,0,0
12882,12882,20221110,1,2,45,0,0,0,0,0
12883,12883,20230308,1,1,45,0,0,0,0,0
12884,12884,20230324,1,5,45,0,0,0,0,0
12885,12885,20230310,1,1,45,0,0,0,0,0
12886,12886,20230329,1,5,45,0,0,0,0,0
12887,12887,20230410,1,5,45,0,0,0,0,0
12888,12888,20200707,1,9,45,0,0,0,0,0
12889,12889,20210308,3,5,45,0,0,0,0,0
12890,12890,20230222,1,1,45,0,0,0,0,0
12891,12891,20230501,1,1,45,0,0,0,0,0
12892,12892,20230314,1,1,45,547,0,547,0,1
12893,12893,20230406,1,2,45,5,0,5,0,1
12894,12894,20230223,1,1,45,0,0,0,0,0
12895,12895,20230314,1,1,45,0,0,0,0,0
12896,12896,20221202,1,2,45,0,0,0,0,0
12897,12897,20230331,1,11,45,0,0,0,0,0
12898,12898,20200429,1,5,30,0,0,0,0,0
12899,12899,20221027,1,2,45,0,0,0,0,0
12900,12900,20230127,1,1,45,0,0,0,0,0
12901,12901,20240516,1,1,45,0,0,0,0,0
12902,12902,20230301,1,9,18,0,0,0,0,0
12903,12903,20230504,1,5,45,0,0,0,0,0
12904,12904,20230222,3,1,45,0,0,0,0,0
12905,12905,20230330,1,11,45,0,0,0,0,0
12906,12906,20230123,1,2,45,0,0,0,0,0
12907,12907,20230412,1,5,45,374,0,412,0,1
12908,12908,20200504,1,11,45,0,0,0,0,0
12909,12909,20220622,1,2,45,0,0,0,0,0
12910,12910,20200819,1,1,45,0,0,0,0,0
12911,12911,20260603,1,1,45,165,0,183,0,1
12912,12912,20230818,4,5,45,278,10,149,10,1
12913,12913,20230413,1,1,45,57,0,72,0,1
12914,12914,20230302,1,1,45,0,0,0,0,0
12915,12915,20230329,3,1,45,0,0,0,0,0
12916,12916,20231029,3,2,45,0,0,0,0,0
12917,12917,20230228,1,1,45,0,0,0,0,0
12918,12918,20220603,1,1,45,0,0,0,0,0
12919,12919,20230316,3,5,45,649,0,649,0,1
12920,12920,20211116,4,5,45,0,0,0,0,0
12921,12921,20201028,1,1,45,0,0,0,0,0
12922,12922,20220112,1,5,45,0,0,0,0,0
12923,12923,20230305,1,11,45,0,0,0,0,0
12924,12924,20230222,1,2,45,0,0,0,0,0
12925,12925,20231021,1,2,45,1474,0,1549,0,1
12926,12926,20230530,1,2,45,0,0,0,0,0
12927,12927,20230328,2,2,45,0,0,0,0,0
12928,12928,20230303,1,1,45,0,0,0,0,0
12929,12929,20230308,1,15,45,0,0,0,0,0
12930,12930,20230331,1,1,45,0,0,0,0,0
12931,12931,20231215,1,1,45,376,0,434,0,1
12932,12932,20230324,1,14,45,842,0,842,0,1
12933,12933,20230411,1,5,30,0,0,0,0,0
12934,12934,20200210,1,1,45,0,0,0,0,0
12935,12935,20240731,1,5,45,1229,0,1676,0,1
12936,12936,20230406,1,2,45,0,0,0,0,0
12937,12937,20230227,1,1,45,198,0,198,0,1
12938,12938,20230220,4,2,45,0,0,0,0,0
12939,12939,20200917,1,5,45,12,0,12,0,1
12940,12940,20230110,1,2,45,0,0,0,0,0
12941,12941,20230302,1,1,45,75,0,75,0,1
12942,12942,20230225,4,1,45,0,0,0,0,0
12943,12943,20230330,1,2,45,83,0,131,0,1
12944,12944,20200116,1,11,45,0,0,0,0,0
12945,12945,20200522,1,1,45,0,0,0,0,0
12946,12946,20230410,1,1,45,24,0,24,0,1
12947,12947,20250117,2,2,45,0,0,0,0,0
12948,12948,20221127,1,5,45,698,534,898,534,1
12949,12949,20230322,3,2,45,87,0,87,0,1
12950,12950,20230227,1,2,45,0,0,0,0,0
12951,12951,20201026,1,1,45,0,0,0,0,0
12952,12952,20221123,4,11,45,0,0,0,0,0
12953,12953,20240119,1,5,45,571,0,571,0,1
12954,12954,20221118,1,19,45,0,0,0,0,0
12955,12955,20210629,1,1,45,0,0,0,0,0
12956,12956,20230310,1,1,45,394,0,394,0,1
12957,12957,20221028,1,2,45,0,0,0,0,0
12958,12958,20230304,1,2,45,328,0,351,0,1
12959,12959,20200106,1,1,45,0,0,0,0,0
12960,12960,20211209,4,14,45,0,0,0,0,0
12961,12961,20221006,1,1,45,0,0,0,0,0
12962,12962,20230217,2,2,45,0,0,0,0,0
12963,12963,20200704,1,11,45,0,0,0,0,0
12964,12964,20210401,1,2,45,0,0,0,0,0
12965,12965,20230120,1,1,45,0,0,0,0,0
12966,12966,20231214,1,1,45,196,196,196,196,1
12967,12967,20210319,1,1,45,0,0,0,0,0
12968,12968,20220912,2,2,45,0,0,0,0,0
12969,12969,20230412,1,5,45,0,0,0,0,0
12970,12970,20230207,1,12,30,0,0,0,0,0
12971,12971,20220310,1,5,45,0,0,0,0,0
12972,12972,20230316,2,5,45,0,0,0,0,0
12973,12973,20220518,3,1,45,0,0,0,0,0
12974,12974,20230320,1,1,45,0,0,0,0,0
12975,12975,20230323,4,2,45,129,0,129,0,1
12976,12976,20230405,3,2,45,25,0,25,0,1
12977,12977,20230329,1,5,45,0,0,0,0,0
12978,12978,20230327,1,2,45,0,0,0,0,0
12979,12979,20201102,1,2,45,0,0,0,0,0
12980,12980,20230217,4,1,45,0,0,0,0,0
12981,12981,20240920,1,1,45,460,0,422,0,1
12982,12982,20240626,1,1,45,0,0,0,0,0
12983,12983,20220307,1,14,45,75,0,90,0,1
12984,12984,20230405,3,5,45,0,0,0,0,0
12985,12985,20230225,1,14,45,0,0,0,0,0
12986,12986,20210303,1,19,30,0,0,0,0,0
12987,12987,20201112,1,11,45,0,0,0,0,0
12988,12988,20230201,1,1,45,0,0,0,0,0
12989,12989,20210716,1,2,45,0,0,0,0,0
12990,12990,20230322,1,2,45,7347,0,4869,0,1
12991,12991,20200117,3,1,45,0,0,0,0,0
12992,12992,20240325,1,1,45,21,0,24,0,1
12993,12993,20230409,1,16,45,818,0,1560,0,1
12994,12994,20241218,2,11,45,108,0,194,0,1
12995,12995,20230301,1,1,45,4353,946,3983,946,1
12996,12996,20230405,4,1,45,0,0,0,0,0
12997,12997,20230303,1,1,45,0,0,0,0,0
12998,12998,20230328,4,2,45,0,0,0,0,0
12999,12999,20200424,1,1,45,0,0,0,0,0
13000,13000,20240405,1,11,45,614,0,744,0,1
13001,13001,20220519,1,2,45,0,0,0,0,0
13002,13002,20200930,1,11,45,0,0,0,0,0
13003,13003,20230303,1,1,45,0,0,0,0,0
13004,13004,20230224,1,1,45,0,0,0,0,0
13005,13005,20230406,1,1,45,0,0,0,0,0
13006,13006,20230718,2,1,45,90,0,90,0,1
13007,13007,20200509,3,1,45,40,0,40,0,1
13008,13008,20230406,2,2,45,371,0,422,0,1
13009,13009,20201210,1,1,45,0,0,0,0,0
13010,13010,20211203,1,1,45,0,0,0,0,0
13011,13011,20240919,1,1,45,8,0,8,0,1
13012,13012,20230317,1,2,45,0,0,0,0,0
13013,13013,20220416,3,5,45,0,0,0,0,0
13014,13014,20230220,2,2,45,0,0,0,0,0
13015,13015,20230414,1,1,45,0,0,0,0,0
13016,13016,20230410,1,11,45,139,0,139,0,1
13017,13017,20230127,2,5,45,0,0,0,0,0
13018,13018,20231115,1,1,45,0,0,0,0,0
13019,13019,20230301,3,1,45,144,42,137,42,1
13020,13020,20230407,1,1,45,91,0,91,0,1
13021,13021,20230309,1,1,45,0,0,0,0,0
13022,13022,20200419,1,1,45,0,0,0,0,0
13023,13023,20230309,1,1,45,0,0,0,0,0
13024,13024,20210506,1,5,45,0,0,0,0,0
13025,13025,20230206,1,2,45,0,0,0,0,0
13026,13026,20211105,1,1,45,0,0,0,0,0
13027,13027,20221104,3,5,45,86,0,86,0,1
13028,13028,20230414,3,1,45,171,0,192,0,1
13029,13029,20200424,1,1,45,0,0,0,0,0
13030,13030,20210618,1,2,45,0,0,0,0,0
13031,13031,20230310,1,14,45,330,0,656,0,1
13032,13032,20230625,1,1,45,0,0,0,0,0
13033,13033,20230315,1,2,45,0,0,0,0,0
13034,13034,20200528,1,1,45,0,0,0,0,0
13035,13035,20230227,1,1,45,0,0,0,0,0
13036,13036,20230407,1,1,45,0,0,0,0,0
13037,13037,20230228,4,1,45,0,0,0,0,0
13038,13038,20200326,3,9,45,0,0,0,0,0
13039,13039,20210604,1,1,45,0,0,0,0,0
13040,13040,20220908,1,1,30,11,0,11,0,1
13041,13041,20211223,3,5,45,0,0,0,0,0
13042,13042,20200816,1,2,45,0,0,0,0,0
13043,13043,20230309,4,2,45,430,0,683,0,1
13044,13044,20230228,1,11,45,106,0,106,0,1
13045,13045,20200110,1,1,45,0,0,0,0,0
13046,13046,20210406,1,11,45,0,0,0,0,0
13047,13047,20230403,1,1,45,0,0,0,0,0
13048,13048,20210717,3,5,45,0,0,0,0,0
13049,13049,20210714,1,1,30,0,0,0,0,0
13050,13050,20220825,1,2,45,0,0,0,0,0
13051,13051,20230413,4,2,45,92,0,92,0,1
13052,13052,20230303,4,5,45,0,0,0,0,0
13053,13053,20240628,1,1,45,0,0,0,0,0
13054,13054,20230913,1,11,45,87,0,129,0,1
13055,13055,20230125,1,1,45,0,0,0,0,0
13056,13056,20230102,1,1,45,0,0,0,0,0
13057,13057,20230323,1,2,45,0,0,0,0,0
13058,13058,20200131,1,2,45,0,0,0,0,0
13059,13059,20210326,1,1,45,0,0,0,0,0
13060,13060,20230328,1,5,45,0,0,0,0,0
13061,13061,20250710,1,1,45,279,0,375,0,1
13062,13062,20210319,1,1,45,0,0,0,0,0
13063,13063,20230328,3,1,45,253,0,321,0,1
13064,13064,20201210,1,5,30,0,0,0,0,0
13065,13065,20230413,1,1,45,0,0,0,0,0
13066,13066,20230124,1,16,45,0,0,0,0,0
13067,13067,20241027,1,2,45,444,0,560,0,1
13068,13068,20201119,1,2,45,0,0,0,0,0
13069,13069,20230315,4,11,45,364,0,364,0,1
13070,13070,20230412,1,1,45,0,0,0,0,0
13071,13071,20220121,1,1,45,0,0,0,0,0
13072,13072,20231006,1,1,45,0,0,0,0,0
13073,13073,20231113,1,1,45,0,0,0,0,0
13074,13074,20200409,1,16,45,0,0,0,0,0
13075,13075,20230329,1,16,45,0,0,0,0,0
13076,13076,20230306,1,1,45,0,0,0,0,0
13077,13077,20240719,1,14,45,0,0,0,0,0
13078,13078,20200227,2,2,45,0,0,0,0,0
13079,13079,20230301,2,1,45,353,0,353,0,1
13080,13080,20220930,2,1,45,0,0,0,0,0
13081,13081,20220331,1,1,45,0,0,0,0,0
13082,13082,20230221,1,1,45,12,0,12,0,1
13083,13083,20230407,4,2,45,157,0,157,0,1
13084,13084,20200303,1,1,45,0,0,0,0,0
13085,13085,20200702,1,19,45,9541,0,9541,0,1
13086,13086,20230313,4,1,45,19,0,19,0,1
13087,13087,20220807,1,5,45,0,0,0,0,0
13088,13088,20220722,1,11,30,0,0,0,0,0
13089,13089,20230115,1,5,45,0,0,0,0,0
13090,13090,20230310,1,2,45,0,0,0,0,0
13091,13091,20230329,1,1,45,0,0,0,0,0
13092,13092,20200617,1,1,45,0,0,0,0,0
13093,13093,20230322,3,2,45,467,0,467,0,1
13094,13094,20230228,1,1,45,0,0,0,0,0
13095,13095,20230117,1,1,45,0,0,0,0,0
13096,13096,20211104,1,1,45,8,0,8,0,1
13097,13097,20230430,3,2,45,635,0,925,0,1
13098,13098,20230310,1,2,45,0,0,0,0,0
13099,13099,20220912,1,11,45,0,0,0,0,0
13100,13100,20200715,3,9,45,0,0,0,0,0
13101,13101,20210511,1,1,45,0,0,0,0,0
13102,13102,20221206,1,2,45,0,0,0,0,0
13103,13103,20230227,1,11,45,0,0,0,0,0
13104,13104,20230110,1,5,45,0,0,0,0,0
13105,13105,20230324,1,2,45,27,0,27,0,1
13106,13106,20230228,1,1,45,0,0,0,0,0
13107,13107,20200827,1,1,45,0,0,0,0,0
13108,13108,20230306,4,16,45,163,0,163,0,1
13109,13109,20230321,4,2,45,0,0,0,0,0
13110,13110,20210128,3,1,45,0,0,0,0,0
13111,13111,20230406,4,2,45,0,0,0,0,0
13112,13112,20250516,3,1,45,296,0,416,0,1
13113,13113,20221119,2,1,45,423,0,423,0,1
13114,13114,20201009,1,1,30,0,0,0,0,0
13115,13115,20240617,1,1,45,58,0,81,0,1
13116,13116,20220501,1,5,45,0,0,0,0,0
13117,13117,20200508,4,2,45,0,0,0,0,0
13118,13118,20210101,1,1,45,0,0,0,0,0
13119,13119,20221114,1,14,45,0,0,0,0,0
13120,13120,20221215,1,2,45,0,0,0,0,0
13121,13121,20230201,1,11,45,0,0,0,0,0
13122,13122,20221018,2,16,45,0,0,0,0,0
13123,13123,20210115,1,1,45,38,0,39,0,1
13124,13124,20230328,1,11,45,0,0,0,0,0
13125,13125,20240610,1,1,45,48,0,67,0,1
13126,13126,20230331,1,5,45,0,0,0,0,0
13127,13127,20230302,1,5,45,77,0,102,0,1
13128,13128,20230120,1,11,45,0,0,0,0,0
13129,13129,20230330,3,2,45,0,0,0,0,0
13130,13130,20230130,3,5,45,0,0,0,0,0
13131,13131,20230212,1,1,45,0,0,0,0,0
13132,13132,20230327,1,1,45,0,0,0,0,0
13133,13133,20230413,1,2,45,0,0,0,0,0
13134,13134,20200520,1,5,45,0,0,0,0,0
13135,13135,20210803,1,1,45,0,0,0,0,0
13136,13136,20230306,1,1,45,0,0,0,0,0
13137,13137,20221217,1,1,45,0,0,0,0,0
13138,13138,20230327,1,11,45,0,0,0,0,0
13139,13139,20230309,1,1,45,233,0,250,0,1
13140,13140,20251130,1,1,45,0,0,0,0,0
13141,13141,20211230,3,2,45,0,0,0,0,0
13142,13142,20230309,1,1,45,0,0,0,0,0
13143,13143,20200221,1,1,45,0,0,0,0,0
13144,13144,20230220,2,1,45,0,0,0,0,0
13145,13145,20230316,2,1,45,0,0,0,0,0
13146,13146,20200827,4,11,45,150,0,206,0,1
13147,13147,20221202,1,5,45,35,0,58,0,1
13148,13148,20230406,1,2,45,119,0,226,0,1
13149,13149,20220202,1,1,45,0,0,0,0,0
13150,13150,20230323,2,2,45,50,0,50,0,1
13151,13151,20230413,1,1,45,0,0,0,0,0
13152,13152,20230223,1,1,45,0,0,0,0,0
13153,13153,20221212,1,1,45,0,0,0,0,0
13154,13154,20230411,1,1,45,0,0,0,0,0
13155,13155,20230401,1,2,45,0,0,0,0,0
13156,13156,20230322,1,2,45,0,0,0,0,0
13157,13157,20230216,1,2,45,0,0,0,0,0
13158,13158,20230303,1,2,45,0,0,0,0,0
13159,13159,20221030,1,5,45,317,0,317,0,1
13160,13160,20230313,3,2,45,86,0,86,0,1
13161,13161,20200326,1,1,45,0,0,0,0,0
13162,13162,20220801,3,5,45,0,0,0,0,0
13163,13163,20230309,1,1,45,135,0,97,0,1
13164,13164,20230331,1,1,45,0,0,0,0,0
13165,13165,20220705,1,1,45,0,0,0,0,0
13166,13166,20230216,1,2,45,0,0,0,0,0
13167,13167,20230224,1,2,45,0,0,0,0,0
13168,13168,20210221,3,1,45,0,0,0,0,0
13169,13169,20230208,1,1,45,0,0,0,0,0
13170,13170,20220125,1,2,45,0,0,0,0,0
13171,13171,20230403,1,16,45,161,0,161,0,1
13172,13172,20230720,1,11,45,500,0,663,0,1
13173,13173,20230126,2,1,45,0,0,0,0,0
13174,13174,20230119,1,11,45,0,0,0,0,0
13175,13175,20230314,1,2,45,0,0,0,0,0
13176,13176,20230217,4,2,45,0,0,0,0,0
13177,13177,20230316,1,1,45,0,0,0,0,0
13178,13178,20200621,1,2,45,0,0,0,0,0
13179,13179,20210818,1,5,45,0,0,0,0,0
13180,13180,20200302,1,11,45,0,0,0,0,0
13181,13181,20201020,1,5,45,0,0,0,0,0
13182,13182,20210212,1,1,45,0,0,0,0,0
13183,13183,20220110,1,2,45,0,0,0,0,0
13184,13184,20230203,1,16,45,0,0,0,0,0
13185,13185,20230412,1,5,45,0,0,0,0,0
13186,13186,20230312,1,11,45,0,0,0,0,0
13187,13187,20221212,1,1,45,0,0,0,0,0
13188,13188,20230313,1,2,45,0,0,0,0,0
13189,13189,20230314,1,1,45,228,0,229,0,1
13190,13190,20220809,1,2,45,0,0,0,0,0
13191,13191,20250923,1,1,45,129,0,219,0,1
13192,13192,20210928,1,2,45,0,0,0,0,0
13193,13193,20230223,1,2,45,0,0,0,0,0
13194,13194,20240423,1,2,45,0,0,0,0,0
13195,13195,20230310,1,2,45,0,0,0,0,0
13196,13196,20211209,1,2,45,0,0,0,0,0
13197,13197,20220728,4,2,45,0,0,0,0,0
13198,13198,20201015,1,2,17,0,0,0,0,0
13199,13199,20210719,1,2,45,0,0,0,0,0
13200,13200,20230314,1,9,45,0,0,0,0,0
13201,13201,20230224,1,5,45,0,0,0,0,0
13202,13202,20210315,1,5,45,0,0,0,0,0
13203,13203,20230409,1,5,45,275,0,453,0,1
13204,13204,20230925,1,1,45,1160,0,748,0,1
13205,13205,20230324,1,1,45,0,0,0,0,0
13206,13206,20211109,1,2,45,0,0,0,0,0
13207,13207,20230412,1,11,45,570,0,810,0,1
13208,13208,20250903,4,2,45,0,0,0,0,0
13209,13209,20210105,1,1,30,0,0,0,0,0
13210,13210,20241003,1,1,45,0,0,0,0,0
13211,13211,20220204,1,11,45,11,0,15,0,1
13212,13212,20230310,1,1,45,0,0,0,0,0
13213,13213,20200412,1,1,30,0,0,0,0,0
13214,13214,20230302,4,2,45,96,0,143,0,1
13215,13215,20230307,1,1,45,0,0,0,0,0
13216,13216,20230410,1,1,45,567,0,700,0,1
13217,13217,20220928,1,1,45,0,0,0,0,0
13218,13218,20230405,1,1,45,72,0,72,0,1
13219,13219,20211026,4,1,45,0,0,0,0,0
13220,13220,20230317,1,1,45,221,0,221,0,1
13221,13221,20240815,1,1,45,0,0,0,0,0
13222,13222,20230308,1,1,45,0,0,0,0,0
13223,13223,20230327,2,11,45,38,0,38,0,1
13224,13224,20230220,1,11,45,76,0,148,0,1
13225,13225,20230331,4,1,45,0,0,0,0,0
13226,13226,20250829,1,1,45,249,52,223,57,1
13227,13227,20230226,1,2,45,0,0,0,0,0
13228,13228,20230224,1,2,45,0,0,0,0,0
13229,13229,20200424,3,2,45,0,0,0,0,0
13230,13230,20230305,1,5,45,17,0,17,0,1
13231,13231,20220824,1,1,30,0,0,0,0,0
13232,13232,20230404,1,1,45,0,0,0,0,0
13233,13233,20200316,1,20,59,0,0,0,0,0
13234,13234,20210226,1,1,45,0,0,0,0,0
13235,13235,20220520,1,11,45,0,0,0,0,0
13236,13236,20230316,4,5,45,0,0,0,0,0
13237,13237,20231115,1,11,45,807,0,1458,0,1
13238,13238,20221027,1,2,45,0,0,0,0,0
13239,13239,20230407,1,1,45,0,0,0,0,0
13240,13240,20200714,1,1,45,0,0,0,0,0
13241,13241,20230305,1,1,45,0,0,0,0,0
13242,13242,20230331,1,1,45,191,0,93,0,1
13243,13243,20220819,1,1,45,0,0,0,0,0
13244,13244,20230324,4,1,45,0,0,0,0,0
13245,13245,20230327,1,11,45,0,0,0,0,0
13246,13246,20201130,4,1,30,0,0,0,0,0
13247,13247,20220709,1,2,45,0,0,0,0,0
13248,13248,20230316,1,2,45,267,0,267,0,1
13249,13249,20230309,1,1,45,0,0,0,0,0
13250,13250,20221208,1,1,45,0,0,0,0,0
13251,13251,20230223,2,3,54,5697,40,8399,74,1
13252,13252,20210318,1,1,45,0,0,0,0,0
13253,13253,20220620,1,1,45,0,0,0,0,0
13254,13254,20230329,1,1,45,0,0,0,0,0
13255,13255,20200615,1,1,45,0,0,0,0,0
13256,13256,20230405,3,5,45,438,0,438,0,1
13257,13257,20211022,1,1,45,0,0,0,0,0
13258,13258,20240729,3,2,45,1549,446,1770,446,1
13259,13259,20230411,1,1,45,0,0,0,0,0
13260,13260,20200814,1,1,30,0,0,0,0,0
13261,13261,20230410,1,1,45,0,0,0,0,0
13262,13262,20241112,1,1,45,0,0,0,0,0
13263,13263,20230320,1,1,45,0,0,0,0,0
13264,13264,20230309,1,5,45,0,0,0,0,0
13265,13265,20230309,3,1,45,0,0,0,0,0
13266,13266,20230315,1,5,45,5475,0,5475,0,1
13267,13267,20230313,1,1,30,679,0,679,0,1
13268,13268,20230217,1,5,45,0,0,0,0,0
13269,13269,20230330,1,1,45,0,0,0,0,0
13270,13270,20200818,1,5,45,7,0,7,0,1
13271,13271,20211028,1,2,45,0,0,0,0,0
13272,13272,20230303,3,5,45,0,0,0,0,0
13273,13273,20230216,1,11,30,0,0,0,0,0
13274,13274,20210802,1,2,45,0,0,0,0,0
13275,13275,20230111,1,2,45,0,0,0,0,0
13276,13276,20230413,1,1,45,51,0,51,0,1
13277,13277,20230404,3,5,45,0,0,0,0,0
13278,13278,20230320,1,2,45,0,0,0,0,0
13279,13279,20200406,1,1,45,0,0,0,0,0
13280,13280,20230414,1,5,45,0,0,0,0,0
13281,13281,20210325,1,5,45,0,0,0,0,0
13282,13282,20200220,1,1,45,0,0,0,0,0
13283,13283,20221112,1,5,45,0,0,0,0,0
13284,13284,20230407,4,2,45,0,0,0,0,0
13285,13285,20200224,1,1,45,0,0,0,0,0
13286,13286,20230306,1,5,45,0,0,0,0,0
13287,13287,20220527,1,2,45,0,0,0,0,0
13288,13288,20220607,1,2,45,0,0,0,0,0
13289,13289,20260623,2,1,45,0,0,0,0,0
13290,13290,20230331,1,1,45,1926,0,1952,0,1
13291,13291,20230208,3,2,45,0,0,0,0,0
13292,13292,20220429,1,5,45,0,0,0,0,0
13293,13293,20221106,1,2,45,0,0,0,0,0
13294,13294,20230414,1,2,45,0,0,0,0,0
13295,13295,20230323,1,2,45,0,0,0,0,0
13296,13296,20230228,1,1,45,0,0,0,0,0
13297,13297,20230301,1,1,45,216,0,216,0,1
13298,13298,20230330,1,1,45,0,0,0,0,0
13299,13299,20210712,1,1,45,0,0,0,0,0
13300,13300,20230324,1,5,45,0,0,0,0,0
13301,13301,20230307,4,1,45,0,0,0,0,0
13302,13302,20230221,3,5,45,0,0,0,0,0
13303,13303,20200403,1,11,45,0,0,0,0,0
13304,13304,20200528,1,1,45,0,0,0,0,0
13305,13305,20201221,1,5,45,0,0,0,0,0
13306,13306,20230325,1,1,45,0,0,0,0,0
13307,13307,20230309,1,1,30,0,0,0,0,0
13308,13308,20230320,4,1,45,0,0,0,0,0
13309,13309,20230301,1,5,45,0,0,0,0,0
13310,13310,20201024,1,5,45,0,0,0,0,0
13311,13311,20210507,1,2,45,0,0,0,0,0
13312,13312,20211112,1,2,45,0,0,0,0,0
13313,13313,20230227,4,2,45,0,0,0,0,0
13314,13314,20210116,4,9,45,0,0,0,0,0
13315,13315,20230406,4,2,45,407,0,407,0,1
13316,13316,20230213,1,5,45,0,0,0,0,0
13317,13317,20221112,1,1,45,0,0,0,0,0
13318,13318,20230409,1,1,45,0,0,0,0,0
13319,13319,20230216,1,2,45,0,0,0,0,0
13320,13320,20200501,1,5,45,0,0,0,0,0
13321,13321,20200503,1,2,45,0,0,0,0,0
13322,13322,20200814,4,5,45,0,0,0,0,0
13323,13323,20230401,2,11,45,0,0,0,0,0
13324,13324,20230303,1,11,45,0,0,0,0,0
13325,13325,20201204,1,2,45,0,0,0,0,0
13326,13326,20210301,1,5,45,76,76,76,76,1
13327,13327,20230224,1,16,45,0,0,0,0,0
13328,13328,20230331,3,3,45,287,0,173,0,1
13329,13329,20230227,1,5,45,0,0,0,0,0
13330,13330,20230320,1,1,45,0,0,0,0,0
13331,13331,20230324,3,11,45,516,0,693,0,1
13332,13332,20230307,1,1,45,23,0,23,0,1
13333,13333,20220415,1,1,45,0,0,0,0,0
13334,13334,20230316,1,11,45,0,0,0,0,0
13335,13335,20230313,1,5,45,0,0,0,0,0
13336,13336,20241004,1,16,45,430,0,388,0,1
13337,13337,20210301,1,2,45,0,0,0,0,0
13338,13338,20230407,1,5,45,0,0,0,0,0
13339,13339,20200218,1,1,45,0,0,0,0,0
13340,13340,20230405,1,1,45,0,0,0,0,0
13341,13341,20221005,1,1,45,0,0,0,0,0
13342,13342,20230327,1,1,45,200,0,234,0,1
13343,13343,20220920,1,5,45,0,0,0,0,0
13344,13344,20230309,1,2,45,686,0,1184,0,1
13345,13345,20230331,1,1,45,0,0,0,0,0
13346,13346,20240502,1,1,30,0,0,0,0,0
13347,13347,20210827,1,1,45,0,0,0,0,0
13348,13348,20230403,1,11,45,1070,0,1070,0,1
13349,13349,20230313,1,2,45,0,0,0,0,0
13350,13350,20201222,3,1,45,0,0,0,0,0
13351,13351,20230120,1,11,45,0,0,0,0,0
13352,13352,20230130,1,1,45,2088,0,3409,0,1
13353,13353,20200930,1,2,45,0,0,0,0,0
13354,13354,20220817,1,1,45,0,0,0,0,0
13355,13355,20210114,1,2,45,0,0,0,0,0
13356,13356,20230224,1,1,45,0,0,0,0,0
13357,13357,20230228,3,11,45,420,0,453,0,1
13358,13358,20220609,1,5,45,0,0,0,0,0
13359,13359,20230310,1,1,45,0,0,0,0,0
13360,13360,20230411,3,1,30,0,0,0,0,0
13361,13361,20220131,1,1,45,0,0,0,0,0
13362,13362,20210508,1,1,45,0,0,0,0,0
13363,13363,20230306,1,1,45,0,0,0,0,0
13364,13364,20230320,1,2,45,0,0,0,0,0
13365,13365,20200330,4,1,45,0,0,0,0,0
13366,13366,20200207,1,1,45,0,0,0,0,0
13367,13367,20220615,4,2,45,0,0,0,0,0
13368,13368,20221214,4,5,45,0,0,0,0,0
13369,13369,20230327,1,5,30,0,0,0,0,0
13370,13370,20230309,2,11,45,0,0,0,0,0
13371,13371,20200915,1,1,45,0,0,0,0,0
13372,13372,20200521,1,1,45,0,0,0,0,0
13373,13373,20210112,4,5,45,0,0,0,0,0
13374,13374,20251207,1,11,45,0,0,0,0,0
13375,13375,20230301,1,2,45,49,0,70,0,1
13376,13376,20200803,1,8,59,0,0,0,0,0
13377,13377,20230414,3,2,45,6,0,6,0,1
13378,13378,20230331,2,2,45,89,0,150,0,1
13379,13379,20230309,1,1,45,0,0,0,0,0
13380,13380,20201021,1,1,45,0,0,0,0,0
13381,13381,20200929,1,2,45,0,0,0,0,0
13382,13382,20230424,2,1,45,0,0,0,0,0
13383,13383,20230414,1,2,45,0,0,0,0,0
13384,13384,20210430,1,11,45,0,0,0,0,0
13385,13385,20230420,1,1,45,0,0,0,0,0
13386,13386,20221110,1,1,45,0,0,0,0,0
13387,13387,20230126,1,1,45,0,0,0,0,0
13388,13388,20240619,1,2,45,0,0,0,0,0
13389,13389,20230412,1,14,45,0,0,0,0,0
13390,13390,20200514,4,2,45,0,0,0,0,0
13391,13391,20240521,1,1,45,1036,0,331,0,1
13392,13392,20230417,1,1,45,17,0,17,0,1
13393,13393,20230417,1,11,45,738,0,738,0,1
13394,13394,20221021,1,1,30,0,0,0,0,0
13395,13395,20211013,1,1,30,0,0,0,0,0
13396,13396,20210302,1,1,45,0,0,0,0,0
13397,13397,20230418,1,2,45,0,0,0,0,0
13398,13398,20230408,1,16,45,0,0,0,0,0
13399,13399,20201212,1,9,45,0,0,0,0,0
13400,13400,20220409,1,2,45,0,0,0,0,0
13401,13401,20230405,1,1,45,0,0,0,0,0
13402,13402,20230419,1,2,45,0,0,0,0,0
13403,13403,20211001,1,5,30,0,0,0,0,0
13404,13404,20230406,2,5,45,0,0,0,0,0
13405,13405,20210310,1,1,45,0,0,0,0,0
13406,13406,20200728,1,1,30,0,0,0,0,0
13407,13407,20250511,1,1,45,0,0,0,0,0
13408,13408,20210115,1,1,45,0,0,0,0,0
13409,13409,20230325,1,5,45,184,0,184,0,1
13410,13410,20240416,1,1,45,0,0,0,0,0
13411,13411,20230420,1,2,45,0,0,0,0,0
13412,13412,20230405,1,2,45,0,0,0,0,0
13413,13413,20230419,2,2,45,0,0,0,0,0
13414,13414,20230420,1,1,45,333,0,190,0,1
13415,13415,20200513,3,5,45,0,0,0,0,0
13416,13416,20230331,1,2,45,0,0,0,0,0
13417,13417,20200828,1,1,45,0,0,0,0,0
13418,13418,20230212,1,5,45,0,0,0,0,0
13419,13419,20230424,4,1,45,0,0,0,0,0
13420,13420,20230413,1,2,45,0,0,0,0,0
13421,13421,20230402,1,5,45,233,0,358,0,1
13422,13422,20201102,4,2,45,0,0,0,0,0
13423,13423,20200703,1,1,45,0,0,0,0,0
13424,13424,20211023,4,1,45,0,0,0,0,0
13425,13425,20230420,1,16,45,0,0,0,0,0
13426,13426,20230419,3,11,45,0,0,0,0,0
13427,13427,20230411,4,11,45,462,0,462,0,1
13428,13428,20230417,1,5,45,0,0,0,0,0
13429,13429,20230417,2,1,45,0,0,0,0,0
13430,13430,20230420,1,2,45,0,0,0,0,0
13431,13431,20230411,3,1,45,0,0,0,0,0
13432,13432,20201228,1,14,45,0,0,0,0,0
13433,13433,20220801,1,1,45,0,0,0,0,0
13434,13434,20230418,2,11,45,36,0,36,0,1
13435,13435,20230424,2,2,45,0,0,0,0,0
13436,13436,20210228,1,1,45,0,0,0,0,0
13437,13437,20230424,1,1,45,769,0,343,0,1
13438,13438,20230420,1,1,45,0,0,0,0,0
13439,13439,20221118,1,2,45,0,0,0,0,0
13440,13440,20231128,1,1,45,0,0,0,0,0
13441,13441,20200801,2,1,45,0,0,0,0,0
13442,13442,20230417,1,1,45,0,0,0,0,0
13443,13443,20230417,3,1,45,84,0,84,0,1
13444,13444,20230420,1,1,45,0,0,0,0,0
13445,13445,20200507,1,1,45,0,0,0,0,0
13446,13446,20240927,1,1,45,239,0,239,0,1
13447,13447,20230420,3,1,45,571,0,479,0,1
13448,13448,20230414,1,2,45,297,0,360,0,1
13449,13449,20220117,1,1,45,0,0,0,0,0
13450,13450,20230421,2,5,45,0,0,0,0,0
13451,13451,20230417,1,2,45,0,0,0,0,0
13452,13452,20230419,1,1,45,0,0,0,0,0
13453,13453,20230421,1,2,45,0,0,0,0,0
13454,13454,20230417,1,1,45,0,0,0,0,0
13455,13455,20230420,1,1,45,0,0,0,0,0
13456,13456,20201028,1,9,30,0,0,0,0,0
13457,13457,20240106,1,1,45,0,0,0,0,0
13458,13458,20200612,1,1,45,0,0,0,0,0
13459,13459,20200226,1,9,45,0,0,0,0,0
13460,13460,20201101,3,2,45,0,0,0,0,0
13461,13461,20230920,1,1,45,525,0,796,0,1
13462,13462,20230419,1,11,45,187,0,335,0,1
13463,13463,20230421,1,2,45,0,0,0,0,0
13464,13464,20230420,1,1,45,0,0,0,0,0
13465,13465,20200420,1,1,30,0,0,0,0,0
13466,13466,20201021,1,1,45,0,0,0,0,0
13467,13467,20200312,1,1,45,0,0,0,0,0
13468,13468,20230410,1,2,45,0,0,0,0,0
13469,13469,20220211,1,1,45,0,0,0,0,0
13470,13470,20241124,1,11,45,0,0,0,0,0
13471,13471,20220731,4,1,30,0,0,0,0,0
13472,13472,20200525,4,1,45,0,0,0,0,0
13473,13473,20200807,1,2,45,0,0,0,0,0
13474,13474,20230413,1,2,45,32,0,32,0,1
13475,13475,20230425,1,2,45,276,0,284,0,1
13476,13476,20220815,1,2,45,0,0,0,0,0
13477,13477,20230420,1,2,45,0,0,0,0,0
13478,13478,20200527,4,11,45,0,0,0,0,0
13479,13479,20240604,1,1,45,146,0,151,0,1
13480,13480,20230419,1,2,45,0,0,0,0,0
13481,13481,20200408,1,16,45,0,0,0,0,0
13482,13482,20230420,4,5,45,392,0,392,0,1
13483,13483,20200626,1,1,45,0,0,0,0,0
13484,13484,20240808,1,1,45,0,0,0,0,0
13485,13485,20231026,3,1,45,0,0,0,0,0
13486,13486,20200515,1,2,45,0,0,0,0,0
13487,13487,20230613,1,2,45,0,0,0,0,0
13488,13488,20210406,3,2,45,0,0,0,0,0
13489,13489,20211126,1,11,45,0,0,0,0,0
13490,13490,20240114,4,11,45,0,0,0,0,0
13491,13491,20231218,1,1,45,220,0,224,0,1
13492,13492,20200520,1,1,45,0,0,0,0,0
13493,13493,20230411,3,2,45,0,0,0,0,0
13494,13494,20230315,1,5,45,470,0,470,0,1
13495,13495,20230407,1,2,45,0,0,0,0,0
13496,13496,20230324,1,16,45,0,0,0,0,0
13497,13497,20210707,1,1,30,0,0,0,0,0
13498,13498,20230418,1,1,45,346,118,310,218,1
13499,13499,20200218,2,1,45,0,0,0,0,0
13500,13500,20200509,1,2,45,0,0,0,0,0
13501,13501,20201030,1,5,45,0,0,0,0,0
13502,13502,20230316,1,14,45,0,0,0,0,0
13503,13503,20200906,1,2,45,0,0,0,0,0
13504,13504,20230420,4,2,45,311,0,311,0,1
13505,13505,20230414,1,1,45,0,0,0,0,0
13506,13506,20230212,1,5,45,0,0,0,0,0
13507,13507,20230417,1,2,45,74,0,74,0,1
13508,13508,20230417,1,2,45,737,0,737,0,1
13509,13509,20230223,1,1,45,0,0,0,0,0
13510,13510,20200517,1,2,45,0,0,0,0,0
13511,13511,20230419,2,1,45,81,0,85,0,1
13512,13512,20230418,1,2,45,772,7,382,7,1
13513,13513,20200831,1,1,45,0,0,0,0,0
13514,13514,20200604,3,5,45,0,0,0,0,0
13515,13515,20230420,1,2,45,147,0,190,0,1
13516,13516,20230308,1,1,45,8,0,8,0,1
13517,13517,20230427,1,1,45,558,0,824,0,1
13518,13518,20230519,1,11,45,524,0,524,0,1
13519,13519,20230501,1,1,45,299,0,267,0,1
13520,13520,20230525,1,1,45,286,0,360,0,1
13521,13521,20230524,1,5,45,57,0,57,0,1
13522,13522,20250731,1,1,45,99,0,99,0,1
13523,13523,20230523,1,1,45,614,0,585,0,1
13524,13524,20230531,1,1,45,368,0,415,0,1
13525,13525,20230425,1,11,45,214,0,206,0,1
13526,13526,20230530,1,1,30,365,143,162,143,1
13527,13527,20230502,1,14,45,4878,492,1569,504,1
13528,13528,20230508,3,11,45,2408,217,1036,99,1
13529,13529,20230531,3,2,45,322,0,357,0,1
13530,13530,20250723,1,5,45,60,0,82,0,1
13531,13531,20230602,1,5,45,13,0,19,0,1
13532,13532,20230609,1,2,45,94,0,94,0,1
13533,13533,20230608,1,16,45,7215,0,9615,0,1
13534,13534,20230523,1,11,45,959,0,959,0,1
13535,13535,20230608,1,1,45,78,0,106,0,1
13536,13536,20230523,1,14,45,2248,0,2248,0,1
13537,13537,20230614,1,1,45,218,0,256,0,1
13538,13538,20230425,1,1,45,666,0,977,0,1
13539,13539,20230503,4,5,45,59,0,82,0,1
13540,13540,20230511,1,5,45,644,0,641,0,1
13541,13541,20230503,1,1,45,30,0,33,0,1
13542,13542,20230425,1,1,45,51,0,51,0,1
13543,13543,20230427,1,11,45,50,0,91,0,1
13544,13544,20230614,1,11,45,41,0,41,0,1
13545,13545,20230530,1,2,45,115,0,123,0,1
13546,13546,20230518,1,5,45,450,0,478,0,1
13547,13547,20230614,1,1,30,0,0,0,0,0
13548,13548,20230618,1,5,45,362,0,575,0,1
13549,13549,20240507,1,14,45,720,148,875,148,1
13550,13550,20230615,1,2,45,206,0,307,0,1
13551,13551,20230530,3,5,45,549,0,587,0,1
13552,13552,20230525,3,11,45,10854,0,10854,0,1
13553,13553,20240711,1,1,45,356,0,200,0,1
13554,13554,20230531,1,1,45,0,0,0,0,0
13555,13555,20230608,1,1,45,275,0,375,0,1
13556,13556,20230427,1,1,45,488,585,614,1020,1
13557,13557,20150917,1,16,45,3086,12,349,12,1
13558,13558,20200106,4,11,45,461,0,385,0,1
13559,13559,20210622,4,1,45,867,0,488,0,1
13560,13560,20201106,4,1,45,2607,225,537,225,1
13561,13561,20200306,2,1,45,869,340,467,342,1
13562,13562,20220614,1,14,45,1391,27,697,27,1
13563,13563,20200522,4,1,45,1707,71,633,69,1
13564,13564,20260617,1,1,30,1422,16,552,16,1
13565,13565,20200218,4,11,45,727,46,155,53,1
13566,13566,20200821,2,1,45,1565,703,677,703,1
13567,13567,20230523,4,5,45,757,958,74,958,1
13568,13568,20200805,1,2,45,4970,241,398,468,1
13569,13569,20200220,3,1,45,1388,1,801,1,1
13570,13570,20200313,1,1,45,2612,384,1290,227,1
13571,13571,20200929,1,1,45,2531,132,298,132,1
13572,13572,20201117,1,1,45,597,1,382,1,1
13573,13573,20221028,3,1,30,1129,101,88,101,1
13574,13574,20200814,4,5,45,12568,951,3378,428,1
13575,13575,20230818,3,5,45,729,152,295,142,1
13576,13576,20200309,4,1,45,6476,152,1309,298,1
13577,13577,20211001,3,5,45,3351,654,723,707,1
13578,13578,20201020,1,2,45,223,272,190,272,1
13579,13579,20210929,1,1,45,2832,32,1428,32,1
13580,13580,20211110,1,2,45,5453,2408,86,3095,1
13581,13581,20230424,3,11,45,659,0,659,0,1
13582,13582,20200313,1,1,45,2019,423,695,228,1
13583,13583,20200427,2,1,45,305,0,164,0,1
13584,13584,20230714,2,16,45,4485,227,946,311,1
13585,13585,20220316,3,1,45,779,333,529,333,1
13586,13586,20200827,1,1,45,506,0,113,0,1
13587,13587,20240910,1,2,45,6338,1209,2548,474,1
13588,13588,20230228,1,11,45,1346,141,881,141,1
13589,13589,20201022,1,1,30,463,0,139,0,1
13590,13590,20200430,4,1,45,645,0,169,0,1
13591,13591,20201029,1,1,45,304,81,185,81,1
13592,13592,20210525,1,1,45,775,34,410,34,1
13593,13593,20210601,4,11,45,845,205,442,205,1
13594,13594,20230313,4,1,45,2617,538,535,472,1
13595,13595,20230515,3,1,45,686,49,290,63,1
13596,13596,20220719,1,1,45,248,0,207,0,1
13597,13597,20220715,1,2,45,536,80,334,80,1
13598,13598,20210412,2,2,45,1422,633,425,929,1
13599,13599,20210525,1,1,45,453,1,316,1,1
13600,13600,20200611,1,2,45,166,7,105,7,1
13601,13601,20201208,4,1,45,918,141,423,141,1
13602,13602,20230629,1,1,45,1502,43,621,60,1
13603,13603,20231109,1,14,45,631,0,351,0,1
13604,13604,20230220,1,1,45,771,279,408,209,1
13605,13605,20210304,3,11,45,2727,12,1337,12,1
13606,13606,20220428,3,1,45,584,9,545,9,1
13607,13607,20200520,1,1,45,610,25,148,46,1
13608,13608,20210811,4,11,45,623,0,655,0,1
13609,13609,20210401,1,1,45,3049,0,1743,0,1
13610,13610,20240926,3,1,45,4240,164,1201,150,1
13611,13611,20230516,4,1,45,403,226,178,262,1
13612,13612,20200416,1,1,45,1251,10,376,10,1
13613,13613,20231107,1,1,45,1018,87,632,123,1
13614,13614,20210330,1,16,45,1113,47,473,47,1
13615,13615,20210218,1,1,45,1389,1043,345,1043,1
13616,13616,20220420,1,1,45,347,0,174,0,1
13617,13617,20221117,1,1,45,1360,0,1764,0,1
13618,13618,20200827,4,14,45,1668,419,790,419,1
13619,13619,20211209,3,2,45,181,0,207,0,1
13620,13620,20221206,1,16,45,1493,0,421,0,1
13621,13621,20231108,1,1,45,2075,3,1507,4,1
13622,13622,20200423,1,2,45,227,0,90,0,1
13623,13623,20211209,1,1,45,394,89,162,121,1
13624,13624,20230518,3,2,45,206,0,284,0,1
13625,13625,20210923,1,2,45,440,0,421,0,1
13626,13626,20260130,1,11,45,3294,486,1411,486,1
13627,13627,20221206,1,2,45,538,103,169,103,1
13628,13628,20220906,1,2,30,3020,2,776,2,1
13629,13629,20200618,1,1,45,928,177,423,233,1
13630,13630,20210615,4,11,45,1491,0,530,0,1
13631,13631,20210617,1,14,45,1974,0,721,0,1
13632,13632,20230106,3,5,45,861,89,364,89,1
13633,13633,20211118,1,2,45,182,32,202,32,1
13634,13634,20200319,1,11,45,2095,49,1030,49,1
13635,13635,20251206,4,1,45,446,149,320,202,1
13636,13636,20210624,1,1,45,1057,43,586,43,1
13637,13637,20230420,4,11,45,764,0,807,0,1
13638,13638,20200423,3,11,45,791,148,242,148,1
13639,13639,20211020,3,2,45,2361,0,612,0,1
13640,13640,20201203,1,11,45,953,0,448,0,1
13641,13641,20211104,1,1,45,504,0,405,0,1
13642,13642,20200728,1,1,45,350,35,241,35,1
13643,13643,20220517,1,14,45,1481,259,368,81,1
13644,13644,20220927,1,2,45,424,0,230,0,1
13645,13645,20220824,1,1,45,1967,0,1634,0,1
13646,13646,20230516,1,1,45,294,0,284,0,1
13647,13647,20200923,3,1,45,263,1,124,1,1
13648,13648,20230321,1,1,30,747,0,362,0,1
13649,13649,20200831,1,19,45,1275,451,255,451,1
13650,13650,20201203,3,14,45,2197,0,659,0,1
13651,13651,20221103,1,5,45,376,0,91,0,1
13652,13652,20210826,3,1,30,691,107,116,108,1
13653,13653,20230330,1,1,45,215,0,159,0,1
13654,13654,20201203,1,1,45,1070,128,710,146,1
13655,13655,20201203,1,2,45,150,0,89,0,1
13656,13656,20210822,1,2,45,306,0,323,0,1
13657,13657,20240201,3,1,45,2045,0,3986,0,1
13658,13658,20211116,3,1,45,1611,324,866,324,1
13659,13659,20230512,1,1,45,342,0,132,0,1
13660,13660,20211117,3,11,45,710,0,126,0,1
13661,13661,20220922,1,11,45,1314,190,656,321,1
13662,13662,20240520,3,2,45,715,176,343,202,1
13663,13663,20200116,1,1,45,1823,184,1082,263,1
13664,13664,20210210,1,2,45,414,3,323,3,1
13665,13665,20210727,1,1,45,881,0,575,0,1
13666,13666,20200827,3,1,45,849,447,411,645,1
13667,13667,20200115,1,16,45,9808,743,4711,805,1
13668,13668,20200804,4,1,45,409,0,285,0,1
13669,13669,20200423,1,19,45,857,0,528,0,1
13670,13670,20200205,1,19,45,0,0,0,0,0
13671,13671,20201015,1,1,45,2071,260,311,143,1
13672,13672,20220211,1,16,45,1830,170,580,240,1
13673,13673,20220923,1,1,45,220,0,193,0,1
13674,13674,20200305,4,2,45,1232,0,600,0,1
13675,13675,20210720,1,1,45,413,262,260,262,1
13676,13676,20241205,1,1,30,1933,196,563,196,1
13677,13677,20201201,1,1,45,710,76,395,76,1
13678,13678,20201009,1,1,45,535,30,214,30,1
13679,13679,20211027,1,14,45,6163,1025,3585,2002,1
13680,13680,20211109,4,19,45,1567,0,2228,0,1
13681,13681,20220301,1,1,45,1955,137,1535,137,1
13682,13682,20210202,4,1,45,4475,679,1748,357,1
13683,13683,20231019,3,11,45,489,25,213,49,1
13684,13684,20200129,3,2,45,304,70,275,70,1
13685,13685,20240321,1,1,30,506,131,162,131,1
13686,13686,20211202,1,1,30,206,7,56,7,1
13687,13687,20210907,2,2,45,1441,0,507,0,1
13688,13688,20220407,1,1,45,921,0,478,0,1
13689,13689,20210318,1,11,45,631,0,254,0,1
13690,13690,20210909,1,1,45,696,881,619,881,1
13691,13691,20210805,4,1,45,347,0,259,0,1
13692,13692,20200723,4,1,45,244,122,182,122,1
13693,13693,20211101,1,11,30,286,94,158,94,1
13694,13694,20201015,1,19,45,1842,226,315,194,1
13695,13695,20240222,3,11,45,142,0,112,0,1
13696,13696,20200326,4,1,45,474,0,163,0,1
13697,13697,20200618,1,1,45,386,169,269,285,1
13698,13698,20200618,1,1,45,416,110,305,163,1
13699,13699,20240820,1,1,45,1981,605,205,1145,1
13700,13700,20200311,1,1,45,2287,178,592,239,1
13701,13701,20200807,3,2,45,341,81,240,81,1
13702,13702,20230224,1,11,45,1279,23,540,23,1
13703,13703,20220923,3,1,45,322,1073,189,1073,1
13704,13704,20200924,3,11,45,632,115,185,115,1
13705,13705,20200818,4,2,45,765,236,308,310,1
13706,13706,20210907,1,16,45,662,264,272,378,1
13707,13707,20211103,3,5,45,3150,214,265,285,1
13708,13708,20210916,3,1,45,672,48,441,95,1
13709,13709,20221114,1,1,45,613,104,429,104,1
13710,13710,20221206,2,11,45,4067,1823,474,1968,1
13711,13711,20210521,1,1,45,660,48,327,48,1
13712,13712,20200714,1,5,45,1997,0,944,0,1
13713,13713,20200515,1,1,45,943,0,337,0,1
13714,13714,20201203,1,2,45,307,0,98,0,1
13715,13715,20211005,1,1,45,331,0,162,0,1
13716,13716,20220120,1,14,45,1330,1015,783,1015,1
13717,13717,20200513,1,1,45,2573,0,2055,0,1
13718,13718,20211007,1,2,45,229,108,149,108,1
13719,13719,20200615,1,5,45,519,0,454,0,1
13720,13720,20200323,1,14,45,5402,0,5283,0,1
13721,13721,20230210,1,1,45,2174,313,1532,121,1
13722,13722,20220126,1,1,45,351,1,163,1,1
13723,13723,20201020,2,2,45,394,0,359,0,1
13724,13724,20210216,1,1,45,396,0,171,0,1
13725,13725,20230605,4,1,45,470,0,470,0,1
13726,13726,20221020,1,5,45,831,0,379,0,1
13727,13727,20200720,1,1,45,573,0,191,0,1
13728,13728,20210728,1,1,45,606,12,296,12,1
13729,13729,20210817,1,5,45,1296,53,331,80,1
13730,13730,20200923,4,1,45,364,166,215,173,1
13731,13731,20201013,1,1,45,886,0,468,0,1
13732,13732,20230929,1,16,45,418,7,135,7,1
13733,13733,20201221,1,5,45,7307,2008,470,2046,1
13734,13734,20220301,1,1,45,291,403,244,403,1
13735,13735,20210128,1,2,45,1272,42,814,42,1
13736,13736,20200908,1,1,45,1406,0,377,0,1
13737,13737,20200924,1,1,45,704,183,625,191,1
13738,13738,20230809,1,1,45,943,0,817,0,1
13739,13739,20201105,4,1,45,205,45,152,45,1
13740,13740,20200310,1,1,45,1158,1663,712,1663,1
13741,13741,20200312,1,1,45,412,0,388,0,1
13742,13742,20220831,1,1,30,230,0,76,0,1
13743,13743,20230314,4,1,45,641,0,326,0,1
13744,13744,20220726,3,11,45,1919,108,1536,108,1
13745,13745,20220915,1,1,45,435,1045,176,1832,1
13746,13746,20200528,4,11,45,523,10,233,10,1
13747,13747,20221115,1,1,45,437,82,406,82,1
13748,13748,20211020,1,1,45,407,0,187,0,1
13749,13749,20200326,1,1,45,179,263,137,383,1
13750,13750,20200319,1,19,45,1256,156,1760,156,1
13751,13751,20240409,1,1,45,1409,0,997,0,1
13752,13752,20221121,1,1,45,480,127,364,252,1
13753,13753,20260312,3,11,45,2699,882,864,381,1
13754,13754,20200630,2,1,45,1797,464,484,571,1
13755,13755,20250422,1,2,45,2163,1792,983,2745,1
13756,13756,20230125,1,11,45,8215,1174,1808,1174,1
13757,13757,20210617,4,2,45,967,18,507,18,1
13758,13758,20210129,1,11,45,571,1669,290,1669,1
13759,13759,20201217,1,1,45,1040,0,575,0,1
13760,13760,20211013,3,16,45,349,115,176,144,1
13761,13761,20211026,1,1,45,752,16,550,16,1
13762,13762,20231102,1,2,45,3144,1606,1537,2088,1
13763,13763,20200313,1,1,45,782,7,198,7,1
13764,13764,20211215,1,2,45,1086,0,489,0,1
13765,13765,20220331,1,1,45,606,0,396,0,1
13766,13766,20220729,1,1,45,1447,29,134,29,1
13767,13767,20210902,3,1,45,1654,0,1116,0,1
13768,13768,20200521,1,19,45,1407,26,692,26,1
13769,13769,20210128,1,1,45,1571,179,1013,179,1
13770,13770,20211019,4,2,45,1469,167,693,204,1
13771,13771,20200827,3,14,54,7326,661,1118,661,1
13772,13772,20230309,1,1,45,1967,151,926,102,1
13773,13773,20200508,1,2,45,1214,482,657,897,1
13774,13774,20220816,1,11,45,959,9,1166,9,1
13775,13775,20200613,1,14,45,2672,777,1313,1238,1
13776,13776,20200306,3,2,45,331,41,299,41,1
13777,13777,20210928,1,1,45,335,0,305,0,1
13778,13778,20220609,1,2,45,299,0,161,0,1
13779,13779,20230511,1,5,45,0,0,0,0,0
13780,13780,20210817,3,19,45,1817,152,866,211,1
13781,13781,20211103,1,1,45,196,462,124,462,1
13782,13782,20230406,3,1,45,1285,1753,495,3276,1
13783,13783,20220616,1,16,45,1050,0,184,0,1
13784,13784,20220728,1,2,45,575,97,234,97,1
13785,13785,20211207,3,1,45,274,154,221,154,1
13786,13786,20201027,1,1,45,433,13,274,13,1
13787,13787,20200728,1,2,45,1384,608,407,901,1
13788,13788,20201023,4,11,45,247,42,194,61,1
13789,13789,20210923,1,1,45,3082,244,1120,323,1
13790,13790,20210720,3,5,45,848,64,359,93,1
13791,13791,20230718,1,1,45,1591,161,732,226,1
13792,13792,20210310,1,1,45,184,0,247,0,1
13793,13793,20220125,1,2,45,323,0,161,0,1
13794,13794,20210120,4,1,45,1925,72,921,120,1
13795,13795,20220825,4,11,45,1506,0,1623,0,1
13796,13796,20230303,1,1,45,2258,1,1822,1,1
13797,13797,20200421,1,1,45,2227,0,2074,0,1
13798,13798,20230418,1,1,45,348,0,278,0,1
13799,13799,20210915,3,5,45,817,74,565,77,1
13800,13800,20211203,1,1,45,2820,1550,857,528,1
13801,13801,20220905,1,1,45,394,672,152,672,1
13802,13802,20211203,1,1,45,330,0,211,0,1
13803,13803,20201103,1,14,45,446,0,92,0,1
13804,13804,20201203,1,14,45,1134,0,1294,0,1
13805,13805,20220912,4,2,45,288,0,86,0,1
13806,13806,20220426,1,14,45,1649,0,545,0,1
13807,13807,20210728,1,2,45,2131,0,1705,0,1
13808,13808,20251107,1,1,45,582,212,361,212,1
13809,13809,20200904,1,2,45,392,0,255,0,1
13810,13810,20200921,4,5,45,2479,658,1601,1129,1
13811,13811,20200806,3,2,45,367,0,337,0,1
13812,13812,20200624,3,15,45,1210,0,696,0,1
13813,13813,20200213,1,1,45,594,0,326,0,1
13814,13814,20200303,1,20,47,85326,4246,23066,5662,1
13815,13815,20210728,1,14,45,625,747,650,747,1
13816,13816,20210728,1,14,45,760,220,804,220,1
13817,13817,20220421,1,1,45,1485,334,460,218,1
13818,13818,20210728,1,14,45,828,0,810,0,1
13819,13819,20210908,1,14,45,801,0,790,0,1
13820,13820,20211110,1,14,45,1514,0,1695,0,1
13821,13821,20220223,1,14,45,1053,164,405,164,1
13822,13822,20260105,1,16,45,2205,811,899,1545,1
13823,13823,20200724,4,2,30,1150,0,54,0,1
13824,13824,20210224,3,2,30,6489,806,118,1599,1
13825,13825,20210604,1,1,45,898,15,305,15,1
13826,13826,20201014,3,12,30,5698,561,55,1083,1
13827,13827,20220420,1,5,45,4742,0,2993,0,1
13828,13828,20221017,1,1,45,943,96,913,96,1
13829,13829,20201023,1,1,45,196,317,189,317,1
13830,13830,20201029,1,2,45,370,100,329,100,1
13831,13831,20230404,1,1,45,1898,0,1942,0,1
13832,13832,20230228,1,1,45,368,0,509,0,1
13833,13833,20210409,1,14,45,6714,0,8538,0,1
13834,13834,20210527,2,1,45,859,36,450,36,1
13835,13835,20240201,1,2,45,1227,1,520,1,1
13836,13836,20220616,1,19,45,1165,31,548,31,1
13837,13837,20210422,4,1,45,168,59,164,59,1
13838,13838,20210506,1,1,45,1183,400,879,302,1
13839,13839,20220628,1,15,45,577,25,545,40,1
13840,13840,20220510,1,2,30,600,451,616,529,1
13841,13841,20201204,3,2,45,1273,0,518,0,1
13842,13842,20200317,1,1,45,463,0,91,0,1
13843,13843,20230329,1,1,45,573,2388,285,2388,1
13844,13844,20200605,1,19,45,887,253,212,253,1
13845,13845,20220415,1,1,45,1800,0,523,0,1
13846,13846,20230307,1,2,45,476,378,409,378,1
13847,13847,20211202,1,1,30,123,73,88,91,1
13848,13848,20221213,1,11,45,622,344,270,388,1
13849,13849,20250918,1,1,45,1224,27,636,27,1
13850,13850,20201014,4,5,45,483,17,249,17,1
13851,13851,20220726,1,1,45,682,0,404,0,1
13852,13852,20220324,3,2,45,192,0,247,0,1
13853,13853,20201001,1,1,45,850,105,166,105,1
13854,13854,20200604,1,1,45,221,0,136,0,1
13855,13855,20210304,1,1,45,418,0,332,0,1
13856,13856,20200618,1,2,45,480,103,254,103,1
13857,13857,20200604,1,1,45,355,17,170,17,1
13858,13858,20200618,1,2,45,2138,316,296,166,1
13859,13859,20200618,1,1,30,361,167,349,161,1
13860,13860,20200618,1,1,45,754,287,658,246,1
13861,13861,20221208,4,11,45,1325,10,519,10,1
13862,13862,20201110,1,1,45,2738,105,1813,113,1
13863,13863,20200611,1,1,45,396,0,165,0,1
13864,13864,20200604,1,1,45,1804,0,911,0,1
13865,13865,20200618,1,1,45,505,244,238,486,1
13866,13866,20200611,1,1,45,1151,145,411,85,1
13867,13867,20200611,1,1,45,1870,329,446,195,1
13868,13868,20250210,3,1,45,1470,86,726,60,1
13869,13869,20220323,1,2,45,169,0,175,0,1
13870,13870,20200306,1,1,30,217,13,58,20,1
13871,13871,20230425,4,11,45,1604,119,1282,119,1
13872,13872,20200611,1,1,45,1990,260,448,128,1
13873,13873,20200316,1,16,45,2101,0,3736,0,1
13874,13874,20201022,1,1,45,2248,130,557,78,1
13875,13875,20220608,1,2,45,255,0,255,0,1
13876,13876,20210913,1,1,45,967,700,433,1043,1
13877,13877,20220428,4,1,45,1704,60,829,110,1
13878,13878,20210806,1,1,30,3114,239,116,239,1
13879,13879,20210826,3,2,45,283,0,291,0,1
13880,13880,20210810,1,11,45,4810,212,1172,262,1
13881,13881,20200528,3,2,45,532,0,469,0,1
13882,13882,20201008,1,15,45,995,193,252,193,1
13883,13883,20220329,4,5,45,557,0,433,0,1
13884,13884,20200604,1,1,45,521,0,175,0,1
13885,13885,20200505,1,2,45,5366,677,238,1008,1
13886,13886,20221027,1,1,45,434,116,340,164,1
13887,13887,20200604,1,1,45,735,173,254,163,1
13888,13888,20200618,1,1,45,686,245,241,309,1
13889,13889,20201016,1,16,45,866,0,990,0,1
13890,13890,20220201,1,1,45,584,363,583,524,1
13891,13891,20220830,1,1,45,313,31,242,31,1
13892,13892,20230504,1,1,45,194,0,179,0,1
13893,13893,20220922,1,2,45,239,0,254,0,1
13894,13894,20210930,1,15,45,399,4,171,4,1
13895,13895,20231206,3,1,45,209,0,157,0,1
13896,13896,20241004,1,1,45,807,298,268,494,1
13897,13897,20210312,3,11,45,8089,1573,103,2199,1
13898,13898,20200618,1,1,45,325,80,107,141,1
13899,13899,20211118,4,2,45,18040,925,2586,1021,1
13900,13900,20230613,1,2,45,165,0,198,0,1
13901,13901,20230622,1,2,45,220,0,257,0,1
13902,13902,20221013,1,1,30,3739,0,1374,0,1
13903,13903,20211116,1,11,45,857,0,376,0,1
13904,13904,20230523,1,1,45,589,0,666,0,1
13905,13905,20210708,1,2,45,2780,0,2123,0,1
13906,13906,20211021,1,2,45,388,134,348,215,1
13907,13907,20230131,1,1,45,286,239,265,242,1
13908,13908,20210128,3,11,45,411,116,257,116,1
13909,13909,20220920,1,5,45,1743,596,935,871,1
13910,13910,20240410,1,2,45,2967,1272,1540,2217,1
13911,13911,20221122,1,1,45,601,131,330,144,1
13912,13912,20211203,4,11,45,1174,0,883,0,1
13913,13913,20210826,3,5,45,136,0,49,0,1
13914,13914,20200714,1,1,45,1533,17,78,17,1
13915,13915,20220816,1,1,45,137,0,69,0,1
13916,13916,20201022,1,1,45,473,115,305,115,1
13917,13917,20230622,1,5,45,0,0,0,0,0
13918,13918,20210722,1,19,45,471,1325,218,1325,1
13919,13919,20230530,1,2,45,65,0,102,0,1
13920,13920,20240827,3,5,45,1394,197,728,242,1
13921,13921,20220802,1,2,45,328,459,280,901,1
13922,13922,20230608,1,1,45,464,0,246,0,1
13923,13923,20220224,1,1,45,843,0,701,0,1
13924,13924,20231026,1,11,45,1521,0,2783,0,1
13925,13925,20200721,1,1,45,127,0,196,0,1
13926,13926,20200607,4,5,45,1029,139,195,274,1
13927,13927,20221206,1,2,45,333,0,333,0,1
13928,13928,20221020,3,1,45,92,0,48,0,1
13929,13929,20220106,4,1,45,1067,351,214,609,1
13930,13930,20201102,1,11,45,1512,0,581,0,1
13931,13931,20230425,1,16,45,2208,70,528,110,1
13932,13932,20230426,2,11,45,701,109,287,109,1
13933,13933,20201022,1,11,45,257,0,327,0,1
13934,13934,20220922,1,1,45,848,462,216,844,1
13935,13935,20240308,3,2,45,1860,0,1074,0,1
13936,13936,20230601,1,1,45,195,0,158,0,1
13937,13937,20250619,3,1,45,648,0,529,0,1
13938,13938,20210514,1,1,45,2751,839,534,871,1
13939,13939,20201106,1,1,45,479,119,179,147,1
13940,13940,20240222,1,1,45,1442,459,883,290,1
13941,13941,20220720,1,16,45,897,1075,1155,1075,1
13942,13942,20200814,3,2,45,589,0,58,0,1
13943,13943,20230310,3,11,45,1505,1056,887,1574,1
13944,13944,20201005,1,1,45,791,64,58,64,1
13945,13945,20220922,3,1,45,1073,0,742,0,1
13946,13946,20211222,1,1,45,1315,0,1453,0,1
13947,13947,20220818,1,1,45,414,0,369,0,1
13948,13948,20200722,4,11,45,208,0,109,0,1
13949,13949,20210706,1,1,45,2023,0,1846,0,1
13950,13950,20210324,1,5,45,852,411,119,729,1
13951,13951,20240909,1,1,45,386,11,240,11,1
13952,13952,20220609,1,1,45,958,131,150,208,1
13953,13953,20200806,1,1,45,3335,50,360,50,1
13954,13954,20211029,3,1,45,219,0,141,0,1
13955,13955,20240625,3,5,45,1459,0,952,0,1
13956,13956,20230406,1,1,45,1702,135,745,135,1
13957,13957,20200817,1,1,7,35291,2006,12292,1019,1
13958,13958,20231019,1,16,45,4993,0,4787,0,1
13959,13959,20230601,1,1,45,6351,437,1617,216,1
13960,13960,20201015,3,19,45,1614,1,838,1,1
13961,13961,20230615,1,5,45,813,0,775,0,1
13962,13962,20200924,3,16,45,237,0,103,0,1
13963,13963,20200831,1,16,45,150,0,151,0,1
13964,13964,20210621,1,1,45,813,331,531,331,1
13965,13965,20211217,1,2,45,4816,784,1158,845,1
13966,13966,20220602,3,2,45,245,0,164,0,1
13967,13967,20210929,1,1,45,582,0,277,0,1
13968,13968,20210901,3,5,45,228,0,186,0,1
13969,13969,20230518,3,11,45,1310,0,780,0,1
13970,13970,20240422,4,1,45,220,0,272,0,1
13971,13971,20240531,1,1,45,1545,1464,679,2866,1
13972,13972,20211116,1,1,45,886,0,1028,0,1
13973,13973,20221012,4,11,45,426,617,407,617,1
13974,13974,20210222,1,1,45,1133,0,447,0,1
13975,13975,20220811,1,2,45,373,0,198,0,1
13976,13976,20210909,1,1,45,298,127,222,127,1
13977,13977,20220823,1,1,45,138,0,93,0,1
13978,13978,20210915,1,5,45,543,33,760,33,1
13979,13979,20230609,1,11,45,102,0,102,0,1
13980,13980,20210630,3,5,45,401,114,299,114,1
13981,13981,20220127,1,1,30,391,0,286,0,1
13982,13982,20201201,1,1,30,3248,26,824,26,1
13983,13983,20230106,4,11,45,985,37,603,73,1
13984,13984,20230523,1,2,45,0,0,0,0,0
13985,13985,20220113,1,11,45,1504,164,284,164,1
13986,13986,20210520,1,14,45,1562,2973,910,2973,1
13987,13987,20241021,1,1,45,214,0,246,0,1
13988,13988,20210519,1,1,45,866,0,995,0,1
13989,13989,20251205,3,2,45,540,0,486,0,1
13990,13990,20250115,1,19,45,854,0,511,0,1
13991,13991,20220930,1,11,45,198,0,248,0,1
13992,13992,20240510,1,1,45,474,0,627,0,1
13993,13993,20220118,1,1,45,578,307,420,307,1
13994,13994,20230622,1,2,45,244,15,315,15,1
13995,13995,20211002,4,16,45,714,4,337,5,1
13996,13996,20210902,1,2,45,2625,171,1675,171,1
13997,13997,20220315,3,5,45,578,0,257,0,1
13998,13998,20220112,1,1,45,5278,583,2380,526,1
13999,13999,20211028,1,16,45,42,0,42,0,1
14000,14000,20201119,1,1,45,369,208,354,208,1
14001,14001,20221111,1,14,45,2344,0,1086,0,1
14002,14002,20260603,4,1,45,318,0,226,0,1
14003,14003,20210901,3,5,45,24140,3444,6572,1047,1
14004,14004,20220428,3,5,45,592,44,203,44,1
14005,14005,20210723,1,1,45,944,198,581,313,1
14006,14006,20220121,3,2,45,280,122,183,134,1
14007,14007,20201029,1,2,45,1151,190,667,250,1
14008,14008,20201211,1,5,45,323,0,185,0,1
14009,14009,20210407,1,5,45,1617,37,376,37,1
14010,14010,20210910,1,1,45,564,0,434,0,1
14011,14011,20210902,1,15,45,351,0,239,0,1
14012,14012,20240208,1,1,45,657,0,545,0,1
14013,14013,20250523,1,1,45,1673,1109,941,1593,1
14014,14014,20210816,1,1,45,404,379,317,408,1
14015,14015,20201204,1,5,45,6795,4,415,4,1
14016,14016,20230526,1,1,45,4127,812,2201,1069,1
14017,14017,20210517,3,2,45,4158,926,1081,692,1
14018,14018,20230721,1,1,45,333,117,148,171,1
14019,14019,20211111,1,1,45,822,574,481,609,1
14020,14020,20210916,1,2,45,154,0,106,0,1
14021,14021,20220317,1,2,45,1293,0,692,0,1
14022,14022,20220823,1,1,30,3062,163,65,163,1
14023,14023,20220414,1,1,45,1456,1,656,1,1
14024,14024,20210810,1,16,45,317,1339,125,1339,1
14025,14025,20210506,3,2,45,390,0,193,0,1
14026,14026,20211019,1,1,45,956,0,233,0,1
14027,14027,20230602,1,16,45,2617,0,3916,0,1
14028,14028,20210810,3,1,45,665,0,613,0,1
14029,14029,20211015,1,1,45,982,67,562,67,1
14030,14030,20220930,1,5,45,23,0,23,0,1
14031,14031,20210202,1,5,45,0,0,0,0,0
14032,14032,20221021,1,1,45,1040,3,437,3,1
14033,14033,20230622,1,2,45,910,0,628,0,1
14034,14034,20221024,3,16,45,1167,10,407,10,1
14035,14035,20220803,4,11,45,792,0,867,0,1
14036,14036,20210524,1,1,45,251,204,183,242,1
14037,14037,20251218,1,2,45,1800,0,948,0,1
14038,14038,20210329,1,1,30,1805,0,46,0,1
14039,14039,20230620,1,11,45,186,0,281,0,1
14040,14040,20211210,2,1,45,675,82,180,82,1
14041,14041,20221102,3,2,30,184,2040,140,2040,1
14042,14042,20230503,1,1,45,373,0,305,0,1
14043,14043,20210507,1,1,30,202,134,157,126,1
14044,14044,20230221,1,14,45,920,0,657,0,1
14045,14045,20250925,1,11,45,2137,429,527,808,1
14046,14046,20220616,1,1,45,991,40,613,60,1
14047,14047,20230330,3,2,45,725,275,617,305,1
14048,14048,20230607,1,16,45,461,321,702,321,1
14049,14049,20210622,1,2,45,120,0,98,0,1
14050,14050,20210430,3,5,45,155,0,82,0,1
14051,14051,20221027,1,11,45,0,0,0,0,0
14052,14052,20230119,1,1,45,1078,1578,459,2284,1
14053,14053,20220310,1,16,45,1114,0,971,0,1
14054,14054,20240627,1,1,45,227,0,303,0,1
14055,14055,20211105,1,16,45,524,0,243,0,1
14056,14056,20240227,1,2,45,376,0,465,0,1
14057,14057,20210923,1,1,45,426,0,83,0,1
14058,14058,20250523,1,16,45,524,56,743,56,1
14059,14059,20230427,3,2,45,92,0,95,0,1
14060,14060,20240425,1,14,45,202,0,202,0,1
14061,14061,20240425,1,1,45,548,0,232,0,1
14062,14062,20220929,1,1,45,811,358,436,490,1
14063,14063,20210823,1,1,45,833,1,336,1,1
14064,14064,20220913,4,1,45,939,258,441,258,1
14065,14065,20230503,1,1,45,450,69,341,112,1
14066,14066,20221117,1,2,45,428,141,384,185,1
14067,14067,20220929,1,16,45,439,0,188,0,1
14068,14068,20230323,1,5,45,236,0,161,0,1
14069,14069,20210415,1,1,45,194,0,103,0,1
14070,14070,20220120,1,11,45,171,0,208,0,1
14071,14071,20220121,3,2,45,318,0,298,0,1
14072,14072,20251112,1,1,45,441,0,558,0,1
14073,14073,20221213,1,1,45,1454,1415,1221,1415,1
14074,14074,20220505,3,2,45,303,50,246,50,1
14075,14075,20211206,2,11,45,245,0,256,0,1
14076,14076,20211207,1,14,45,1142,1,827,1,1
14077,14077,20230515,1,1,45,0,0,0,0,0
14078,14078,20230203,1,14,45,1169,0,321,0,1
14079,14079,20211001,3,5,45,1470,192,550,277,1
14080,14080,20221214,1,1,45,197,57,191,57,1
14081,14081,20230525,1,2,45,581,21,417,34,1
14082,14082,20230623,3,5,45,497,0,923,0,1
14083,14083,20210726,1,1,45,1322,0,1423,0,1
14084,14084,20221215,3,1,45,123,149,88,149,1
14085,14085,20221213,1,1,45,506,0,298,0,1
14086,14086,20220531,1,11,45,5835,1665,903,1603,1
14087,14087,20250914,3,2,45,877,450,321,673,1
14088,14088,20220316,1,1,45,621,0,219,0,1
14089,14089,20220919,1,1,45,271,18,152,18,1
14090,14090,20230328,4,5,45,427,75,360,75,1
14091,14091,20230328,1,1,45,1071,284,891,341,1
14092,14092,20230523,1,1,45,196,106,187,106,1
14093,14093,20210611,4,2,45,1175,288,1762,288,1
14094,14094,20260602,1,1,45,887,0,577,0,1
14095,14095,20210702,1,1,45,2057,0,2238,0,1
14096,14096,20220112,1,1,45,645,475,354,501,1
14097,14097,20230503,1,2,45,334,0,367,0,1
14098,14098,20221213,1,11,45,7751,0,11591,0,1
14099,14099,20230427,1,2,45,267,0,272,0,1
14100,14100,20240827,2,1,45,2332,678,834,652,1
14101,14101,20220505,1,14,45,1112,0,505,0,1
14102,14102,20220814,1,1,45,338,0,353,0,1
14103,14103,20210825,3,2,45,96,0,90,0,1
14104,14104,20240201,1,1,45,41,0,45,0,1
14105,14105,20251118,1,1,45,923,0,524,0,1
14106,14106,20221019,1,1,45,1419,0,1183,0,1
14107,14107,20240513,1,5,45,707,534,317,794,1
14108,14108,20220809,4,5,45,660,154,198,252,1
14109,14109,20230525,1,16,45,2659,5,2974,5,1
14110,14110,20230420,3,2,45,334,199,290,199,1
14111,14111,20221021,4,5,45,267,0,216,0,1
14112,14112,20220927,1,14,45,2135,0,2657,0,1
14113,14113,20230420,1,5,45,853,40,595,75,1
14114,14114,20220707,1,1,45,400,0,431,0,1
14115,14115,20230518,1,1,45,0,0,0,0,0
14116,14116,20210922,1,1,45,1100,1328,600,1328,1
14117,14117,20230727,1,1,45,405,0,297,0,1
14118,14118,20210929,1,16,45,3414,645,170,508,1
14119,14119,20250128,1,16,45,1317,0,2000,0,1
14120,14120,20230511,4,2,45,128,0,144,0,1
14121,14121,20220712,1,2,45,93,0,118,0,1
14122,14122,20221013,1,1,45,442,77,195,112,1
14123,14123,20211224,1,11,45,158,0,128,0,1
14124,14124,20241205,1,11,45,2779,0,2388,0,1
14125,14125,20230406,1,14,30,1269,0,1749,0,1
14126,14126,20221013,4,2,45,523,0,536,0,1
14127,14127,20220714,1,14,45,2714,689,442,1330,1
14128,14128,20220906,1,1,45,381,64,259,119,1
14129,14129,20230206,1,11,45,694,0,856,0,1
14130,14130,20210917,1,1,45,276,88,192,136,1
14131,14131,20211208,1,14,45,542,0,494,0,1
14132,14132,20221013,1,1,45,2639,915,2110,1061,1
14133,14133,20220217,3,11,45,464,0,437,0,1
14134,14134,20211012,1,1,45,1911,87,74,99,1
14135,14135,20230309,3,1,45,272,1,271,1,1
14136,14136,20230509,1,5,45,261,0,398,0,1
14137,14137,20221104,1,1,45,1669,0,1219,0,1
14138,14138,20211222,4,11,45,294,65,304,65,1
14139,14139,20220707,1,1,45,208,0,169,0,1
14140,14140,20221011,1,1,45,1054,0,419,0,1
14141,14141,20230610,3,2,45,302,0,379,0,1
14142,14142,20230322,1,1,45,404,1220,281,1220,1
14143,14143,20220919,1,1,45,107,0,41,0,1
14144,14144,20231030,1,11,45,715,9,602,9,1
14145,14145,20220629,4,5,45,518,1,181,1,1
14146,14146,20220721,1,1,45,291,0,362,0,1
14147,14147,20230601,1,1,45,286,0,240,0,1
14148,14148,20220526,1,1,45,1251,111,335,129,1
14149,14149,20260310,1,1,45,270,0,270,0,1
14150,14150,20221019,1,1,45,333,21,326,21,1
14151,14151,20221209,3,1,45,440,0,190,0,1
14152,14152,20230608,4,14,45,185,0,185,0,1
14153,14153,20221027,1,1,45,2195,199,2759,199,1
14154,14154,20220825,1,14,45,1796,0,1783,0,1
14155,14155,20241023,1,1,45,998,323,615,323,1
14156,14156,20230517,1,1,45,114,0,173,0,1
14157,14157,20220530,3,16,45,16589,379,31616,379,1
14158,14158,20220506,1,2,45,1080,0,871,0,1
14159,14159,20220622,1,1,45,630,21,510,21,1
14160,14160,20230413,1,1,45,1351,0,979,0,1
14161,14161,20230413,1,1,45,1399,0,1461,0,1
14162,14162,20230221,1,1,45,2239,2584,1393,2584,1
14163,14163,20230118,1,2,45,1550,140,938,140,1
14164,14164,20230614,1,2,45,1397,37,2381,37,1
14165,14165,20230412,1,11,45,953,0,593,0,1
14166,14166,20220713,1,2,45,374,136,375,136,1
14167,14167,20220624,1,1,45,11715,660,842,191,1
14168,14168,20230223,1,2,45,545,56,299,56,1
14169,14169,20230427,2,11,45,211,0,305,0,1
14170,14170,20230504,1,1,45,70,0,89,0,1
14171,14171,20230302,1,5,30,153,0,79,0,1
14172,14172,20220128,1,5,45,1168,7,680,7,1
14173,14173,20220309,1,2,45,97,218,86,218,1
14174,14174,20220612,1,1,30,1471,182,445,139,1
14175,14175,20221201,1,1,45,1360,319,582,347,1
14176,14176,20220812,1,1,45,1796,429,1507,92,1
14177,14177,20221110,1,5,30,457,96,84,96,1
14178,14178,20220513,4,11,45,412,0,467,0,1
14179,14179,20220330,1,1,45,1601,572,509,175,1
14180,14180,20221220,1,1,45,351,0,338,0,1
14181,14181,20260203,3,11,45,688,0,522,0,1
14182,14182,20230421,1,1,45,1487,25,1363,25,1
14183,14183,20220803,1,5,45,161,0,119,0,1
14184,14184,20221208,1,1,45,376,0,496,0,1
14185,14185,20230614,1,2,45,1604,0,1291,0,1
14186,14186,20230614,1,2,45,426,0,151,0,1
14187,14187,20221013,1,14,45,1887,154,1281,154,1
14188,14188,20221019,4,5,45,343,16,212,16,1
14189,14189,20230530,4,16,45,378,0,332,0,1
14190,14190,20221017,1,11,45,1367,0,581,0,1
14191,14191,20231116,1,1,45,5058,1266,930,704,1
14192,14192,20220712,1,1,45,2791,371,2010,371,1
14193,14193,20220630,3,11,45,603,17,409,17,1
14194,14194,20230217,3,2,45,116,0,128,0,1
14195,14195,20250829,1,11,45,545,0,326,0,1
14196,14196,20230517,1,1,45,137,194,170,194,1
14197,14197,20241219,1,1,45,228,0,379,0,1
14198,14198,20230620,1,1,45,984,0,491,0,1
14199,14199,20230608,3,1,45,917,0,552,0,1
14200,14200,20221214,1,1,45,815,34,934,34,1
14201,14201,20230307,1,1,45,1046,230,390,230,1
14202,14202,20230413,1,1,45,183,3,230,3,1
14203,14203,20230601,1,2,45,276,0,280,0,1
14204,14204,20220516,1,1,45,826,155,194,127,1
14205,14205,20230511,1,15,45,379,221,158,221,1
14206,14206,20230418,1,1,45,421,56,426,102,1
14207,14207,20230601,1,1,45,298,254,328,254,1
14208,14208,20220902,1,2,45,399,0,352,0,1
14209,14209,20230113,1,2,45,935,0,984,0,1
14210,14210,20230216,1,1,45,2956,692,2159,692,1
14211,14211,20221111,3,2,45,1286,0,872,0,1
14212,14212,20241205,4,1,45,0,0,0,0,0
14213,14213,20230623,4,1,45,2203,354,772,72,1
14214,14214,20230309,1,1,45,506,642,344,642,1
14215,14215,20230615,3,2,45,416,0,421,0,1
14216,14216,20230321,1,1,45,1095,195,424,195,1
14217,14217,20231115,1,2,45,2819,49,1598,69,1
14218,14218,20230411,1,2,45,502,0,629,0,1
14219,14219,20230608,1,15,45,1029,0,963,0,1
14220,14220,20240124,1,1,45,1194,0,956,0,1
14221,14221,20221103,1,15,45,909,213,237,420,1
14222,14222,20230518,1,16,45,1499,1122,2133,1122,1
14223,14223,20230606,1,1,45,392,0,212,0,1
14224,14224,20220906,1,16,45,2218,0,745,0,1
14225,14225,20220926,1,1,45,566,3,410,3,1
14226,14226,20240529,3,5,45,1265,0,663,0,1
14227,14227,20230601,1,2,45,309,0,345,0,1
14228,14228,20230525,3,11,45,288,53,414,53,1
14229,14229,20230608,1,2,45,12,0,12,0,1
14230,14230,20231114,4,2,45,1698,0,567,0,1
14231,14231,20220524,1,1,45,526,0,526,0,1
14232,14232,20231009,1,19,45,695,0,675,0,1
14233,14233,20230214,1,1,45,282,0,302,0,1
14234,14234,20230214,1,2,30,76,0,132,0,1
14235,14235,20230308,1,1,45,521,0,570,0,1
14236,14236,20220706,1,5,45,285,188,197,188,1
14237,14237,20230510,1,14,45,607,0,1213,0,1
14238,14238,20230523,1,1,45,299,87,139,99,1
14239,14239,20220620,1,2,45,452,30,290,32,1
14240,14240,20221114,1,2,45,761,0,734,0,1
14241,14241,20230427,1,2,45,450,0,670,0,1
14242,14242,20250422,4,5,45,457,407,336,407,1
14243,14243,20220914,1,1,45,2031,86,1815,86,1
14244,14244,20220919,4,2,45,563,0,638,0,1
14245,14245,20230605,1,5,45,38,17,57,17,1
14246,14246,20250617,4,1,45,2464,54,1408,75,1
14247,14247,20230220,1,2,45,714,0,608,0,1
14248,14248,20230427,3,2,30,158,0,164,0,1
14249,14249,20221019,1,1,30,1468,720,152,720,1
14250,14250,20221217,4,16,45,1052,367,664,452,1
14251,14251,20230223,1,1,45,412,0,453,0,1
14252,14252,20220923,1,1,45,1178,0,884,0,1
14253,14253,20230227,4,11,45,83,0,122,0,1
14254,14254,20221117,1,1,45,410,0,321,0,1
14255,14255,20221117,1,1,45,399,362,247,362,1
14256,14256,20230825,3,1,30,1193,1377,70,1377,1
14257,14257,20230304,1,11,45,535,0,615,0,1
14258,14258,20230308,1,2,45,567,81,590,81,1
14259,14259,20240926,1,1,45,1293,250,483,359,1
14260,14260,20230308,1,2,45,817,0,828,0,1
14261,14261,20250116,3,16,45,11625,1017,11584,1017,1
14262,14262,20230202,1,1,45,9,0,9,0,1
14263,14263,20230328,1,1,45,619,111,263,197,1
14264,14264,20230330,1,19,45,709,0,788,0,1
14265,14265,20230608,1,1,45,215,0,241,0,1
14266,14266,20230220,3,5,45,135,60,81,60,1
14267,14267,20240108,3,5,45,1581,0,1233,0,1
14268,14268,20230609,1,11,45,15,0,15,0,1
14269,14269,20250801,1,1,45,138,0,108,0,1
14270,14270,20221206,1,1,45,2668,490,715,323,1
14271,14271,20230202,2,1,45,1166,121,463,152,1
14272,14272,20230126,1,1,45,845,78,367,78,1
14273,14273,20230501,1,5,45,202,0,188,0,1
14274,14274,20230529,1,1,45,91,0,91,0,1
14275,14275,20230504,4,2,45,91,0,157,0,1
14276,14276,20230303,1,1,45,146,0,221,0,1
14277,14277,20240717,3,5,45,220,0,209,0,1
14278,14278,20230525,1,2,45,269,0,355,0,1
14279,14279,20230328,1,19,45,220,0,220,0,1
14280,14280,20230608,1,12,45,298,28,107,28,1
14281,14281,20241101,1,11,45,764,55,644,51,1
14282,14282,20230324,1,1,30,64,0,50,0,1
14283,14283,20230224,1,1,45,209,0,218,0,1
14284,14284,20230505,1,1,45,227,0,310,0,1
14285,14285,20230326,1,1,45,263,62,214,62,1
14286,14286,20230601,3,5,45,274,0,236,0,1
14287,14287,20230420,1,1,45,779,0,411,0,1
14288,14288,20230331,1,5,45,390,0,382,0,1
14289,14289,20230518,1,2,45,408,0,53,0,1
14290,14290,20230616,1,11,45,181,0,261,0,1
14291,14291,20230508,1,11,60,8698,4775,4724,4775,1
14292,14292,20230612,1,1,45,0,0,0,0,0
14293,14293,20230615,1,1,45,690,0,394,0,1
14294,14294,20230623,1,2,45,1012,0,962,0,1
14295,14295,20230627,1,2,45,163,0,225,0,1
14296,14296,20250306,1,11,45,270,0,493,0,1
14297,14297,20240905,4,11,45,577,0,253,0,1
14298,14298,20250117,1,1,30,281,18,272,18,1
14299,14299,20250410,1,1,45,78,0,84,0,1
14300,14300,20230529,1,2,45,0,0,0,0,0
14301,14301,20230628,3,5,45,98,0,98,0,1
14302,14302,20240916,1,1,45,0,0,0,0,0
14303,14303,20230525,1,1,45,153,0,189,0,1
14304,14304,20230622,4,2,45,430,0,430,0,1
14305,14305,20230428,3,2,45,173,0,173,0,1
14306,14306,20230626,3,1,45,195,0,242,0,1
14307,14307,20230512,1,2,45,0,0,0,0,0
14308,14308,20230511,1,2,45,149,0,149,0,1
14309,14309,20230525,1,1,45,12,0,12,0,1
14310,14310,20211104,1,5,45,0,0,0,0,0
14311,14311,20230620,1,2,45,137,0,137,0,1
14312,14312,20230526,1,5,45,0,0,0,0,0
14313,14313,20240222,1,1,45,75,0,99,0,1
14314,14314,20230413,3,5,45,266,0,285,0,1
14315,14315,20230614,1,1,45,353,0,353,0,1
14316,14316,20230519,1,1,45,59,0,82,0,1
14317,14317,20230622,3,16,45,20,0,20,0,1
14318,14318,20230628,1,2,45,0,0,0,0,0
14319,14319,20230606,1,14,45,0,0,0,0,0
14320,14320,20230628,1,1,45,0,0,0,0,0
14321,14321,20230525,1,2,45,0,0,0,0,0
14322,14322,20230525,1,5,45,91,0,128,0,1
14323,14323,20230626,1,2,45,200,0,227,0,1
14324,14324,20230610,3,1,45,327,0,327,0,1
14325,14325,20250422,4,11,45,22,0,22,0,1
14326,14326,20230623,1,1,45,63,0,74,0,1
14327,14327,20230426,1,14,45,0,0,0,0,0
14328,14328,20230610,1,11,45,0,0,0,0,0
14329,14329,20230501,1,1,45,0,0,0,0,0
14330,14330,20230424,1,2,45,52,0,71,0,1
14331,14331,20230617,3,5,45,252,0,283,0,1
14332,14332,20230616,1,5,45,221,0,310,0,1
14333,14333,20230619,1,1,45,216,0,304,0,1
14334,14334,20230524,1,1,45,231,0,247,0,1
14335,14335,20230518,1,11,45,98,0,98,0,1
14336,14336,20230601,1,1,45,71,0,108,0,1
14337,14337,20230629,1,2,45,0,0,0,0,0
14338,14338,20230517,4,5,45,0,0,0,0,0
14339,14339,20230519,4,1,45,0,0,0,0,0
14340,14340,20230629,1,5,45,16318,0,1746,0,1
14341,14341,20230429,1,5,45,251,0,251,0,1
14342,14342,20230503,4,2,45,0,0,0,0,0
14343,14343,20230407,1,1,45,49,0,49,0,1
14344,14344,20230514,1,1,45,0,0,0,0,0
14345,14345,20230525,1,2,45,0,0,0,0,0
14346,14346,20230525,1,1,45,0,0,0,0,0
14347,14347,20230601,1,11,45,0,0,0,0,0
14348,14348,20230524,3,16,45,49,0,49,0,1
14349,14349,20230609,1,11,45,308,0,313,0,1
14350,14350,20230526,1,2,45,0,0,0,0,0
14351,14351,20230427,1,1,45,0,0,0,0,0
14352,14352,20230604,4,5,45,533,0,589,0,1
14353,14353,20230418,1,5,45,157,0,199,0,1
14354,14354,20240415,4,11,45,59,0,59,0,1
14355,14355,20230601,1,1,45,56,0,103,0,1
14356,14356,20230308,4,1,45,0,0,0,0,0
14357,14357,20230424,3,5,45,0,0,0,0,0
14358,14358,20230501,1,1,45,123,0,123,0,1
14359,14359,20230613,1,1,45,503,0,503,0,1
14360,14360,20250129,1,1,45,18,0,18,0,1
14361,14361,20230202,2,5,45,103,0,103,0,1
14362,14362,20230524,1,1,45,0,0,0,0,0
14363,14363,20230604,1,5,45,1290,0,1699,0,1
14364,14364,20230425,1,1,45,0,0,0,0,0
14365,14365,20230526,1,5,45,175,0,175,0,1
14366,14366,20230622,1,11,45,201,0,289,0,1
14367,14367,20230501,1,2,45,0,0,0,0,0
14368,14368,20240126,1,1,45,45,0,45,0,1
14369,14369,20230530,2,11,45,0,0,0,0,0
14370,14370,20230519,1,5,45,0,0,0,0,0
14371,14371,20240125,1,1,45,0,0,0,0,0
14372,14372,20230425,1,1,45,153,42,264,42,1
14373,14373,20230511,1,5,45,380,0,595,0,1
14374,14374,20230330,3,16,45,0,0,0,0,0
14375,14375,20230425,1,1,45,60,0,60,0,1
14376,14376,20231213,4,2,45,328,0,328,0,1
14377,14377,20230529,1,11,45,34,0,34,0,1
14378,14378,20230518,1,1,45,0,0,0,0,0
14379,14379,20230421,1,1,45,0,0,0,0,0
14380,14380,20230622,1,5,45,88,0,96,0,1
14381,14381,20230504,1,1,45,110,0,110,0,1
14382,14382,20230601,1,1,45,0,0,0,0,0
14383,14383,20230515,1,5,45,0,0,0,0,0
14384,14384,20230511,1,1,45,0,0,0,0,0
14385,14385,20230711,1,2,45,0,0,0,0,0
14386,14386,20230516,1,1,45,0,0,0,0,0
14387,14387,20230623,1,2,45,0,0,0,0,0
14388,14388,20230518,4,1,45,0,0,0,0,0
14389,14389,20230930,1,1,45,0,0,0,0,0
14390,14390,20230421,2,1,45,0,0,0,0,0
14391,14391,20230525,4,2,45,0,0,0,0,0
14392,14392,20230525,4,1,45,61,0,61,0,1
14393,14393,20230814,1,1,45,0,0,0,0,0
14394,14394,20230504,1,2,45,0,0,0,0,0
14395,14395,20230517,1,1,45,215,0,215,0,1
14396,14396,20230530,1,11,45,64,0,64,0,1
14397,14397,20230515,1,14,45,355,0,462,0,1
14398,14398,20230524,1,11,45,0,0,0,0,0
14399,14399,20230616,3,5,45,44,0,46,0,1
14400,14400,20230419,1,1,45,0,0,0,0,0
14401,14401,20221026,4,5,47,352,0,156,0,1
14402,14402,20230609,1,2,45,90,0,90,0,1
14403,14403,20230524,1,1,45,0,0,0,0,0
14404,14404,20230609,4,11,45,0,0,0,0,0
14405,14405,20230607,1,1,45,182,0,282,0,1
14406,14406,20230526,1,11,45,0,0,0,0,0
14407,14407,20240801,2,1,30,0,0,0,0,0
14408,14408,20230419,1,18,45,7,0,7,0,1
14409,14409,20230525,1,11,45,180,0,180,0,1
14410,14410,20230504,1,11,45,129,0,129,0,1
14411,14411,20240412,1,11,45,3112,0,4455,0,1
14412,14412,20230531,1,1,45,0,0,0,0,0
14413,14413,20230503,3,2,45,91,0,111,0,1
14414,14414,20240523,1,1,45,0,0,0,0,0
14415,14415,20230630,3,11,45,216,0,216,0,1
14416,14416,20230530,4,2,45,145,0,145,0,1
14417,14417,20230503,1,16,45,0,0,0,0,0
14418,14418,20230504,1,1,45,8,0,8,0,1
14419,14419,20240130,1,2,45,1872,2852,2488,2852,1
14420,14420,20230525,1,2,30,0,0,0,0,0
14421,14421,20250506,1,11,45,0,0,0,0,0
14422,14422,20230516,1,2,45,26,0,26,0,1
14423,14423,20230619,1,1,45,0,0,0,0,0
14424,14424,20230517,1,5,45,0,0,0,0,0
14425,14425,20230427,1,2,45,184,0,184,0,1
14426,14426,20230621,1,2,45,0,0,0,0,0
14427,14427,20230503,3,1,45,144,0,144,0,1
14428,14428,20200910,2,1,45,128,0,78,0,1
14429,14429,20230427,1,1,45,108,0,183,0,1
14430,14430,20230522,1,1,45,0,0,0,0,0
14431,14431,20230503,2,1,45,0,0,0,0,0
14432,14432,20230509,1,5,45,0,0,0,0,0
14433,14433,20230523,1,2,45,0,0,0,0,0
14434,14434,20230525,1,11,45,0,0,0,0,0
14435,14435,20210218,1,2,45,0,0,0,0,0
14436,14436,20230410,1,1,45,0,0,0,0,0
14437,14437,20230520,1,2,45,0,0,0,0,0
14438,14438,20230301,1,5,45,0,0,0,0,0
14439,14439,20200831,1,5,45,0,0,0,0,0
14440,14440,20201120,2,5,45,0,0,0,0,0
14441,14441,20211118,1,11,45,0,0,0,0,0
14442,14442,20230917,1,1,45,0,0,0,0,0
14443,14443,20230411,2,2,45,0,0,0,0,0
14444,14444,20230519,1,1,45,0,0,0,0,0
14445,14445,20220908,1,5,45,0,0,0,0,0
14446,14446,20230612,1,5,45,0,0,0,0,0
14447,14447,20230329,2,5,45,0,0,0,0,0
14448,14448,20230507,1,2,45,0,0,0,0,0
14449,14449,20230303,1,5,45,0,0,0,0,0
14450,14450,20230125,1,1,45,0,0,0,0,0
14451,14451,20230523,1,11,45,0,0,0,0,0
14452,14452,20260204,1,1,45,373,0,729,0,1
14453,14453,20230526,4,11,45,0,0,0,0,0
14454,14454,20210331,4,1,45,0,0,0,0,0
14455,14455,20230327,1,14,45,0,0,0,0,0
14456,14456,20230524,1,1,45,0,0,0,0,0
14457,14457,20230628,1,2,45,0,0,0,0,0
14458,14458,20230512,1,11,45,0,0,0,0,0
14459,14459,20230612,4,1,45,0,0,0,0,0
14460,14460,20230508,1,5,45,0,0,0,0,0
14461,14461,20230501,1,1,45,0,0,0,0,0
14462,14462,20230330,1,2,45,0,0,0,0,0
14463,14463,20221018,1,11,48,0,0,0,0,0
14464,14464,20230423,1,1,45,0,0,0,0,0
14465,14465,20230626,3,2,45,0,0,0,0,0
14466,14466,20211105,2,2,45,0,0,0,0,0
14467,14467,20230510,1,11,45,0,0,0,0,0
14468,14468,20220510,4,2,45,0,0,0,0,0
14469,14469,20230302,4,5,45,0,0,0,0,0
14470,14470,20230430,1,1,45,0,0,0,0,0
14471,14471,20230619,1,14,45,0,0,0,0,0
14472,14472,20230228,1,2,45,0,0,0,0,0
14473,14473,20220910,1,1,45,0,0,0,0,0
14474,14474,20230607,4,5,45,523,172,561,172,1
14475,14475,20230529,1,11,45,0,0,0,0,0
14476,14476,20230417,1,1,45,0,0,0,0,0
14477,14477,20230623,3,5,45,0,0,0,0,0
14478,14478,20240923,1,2,45,2,0,2,0,1
14479,14479,20230509,1,5,45,0,0,0,0,0
14480,14480,20230417,1,1,30,0,0,0,0,0
14481,14481,20230524,1,2,45,0,0,0,0,0
14482,14482,20230526,1,1,45,0,0,0,0,0
14483,14483,20230427,1,1,45,0,0,0,0,0
14484,14484,20221111,1,5,54,0,0,0,0,0
14485,14485,20230302,1,2,45,0,0,0,0,0
14486,14486,20230217,1,1,45,0,0,0,0,0
14487,14487,20240110,1,1,45,0,0,0,0,0
14488,14488,20230105,2,11,45,0,0,0,0,0
14489,14489,20230609,1,1,45,0,0,0,0,0
14490,14490,20230106,1,1,45,0,0,0,0,0
14491,14491,20230525,1,11,45,0,0,0,0,0
14492,14492,20221206,1,5,45,0,0,0,0,0
14493,14493,20230602,2,11,45,0,0,0,0,0
14494,14494,20221201,1,1,45,0,0,0,0,0
14495,14495,20230515,1,16,45,0,0,0,0,0
14496,14496,20211111,1,16,45,0,0,0,0,0
14497,14497,20221013,1,1,45,0,0,0,0,0
14498,14498,20230616,4,5,45,0,0,0,0,0
14499,14499,20260318,3,2,45,0,0,0,0,0
14500,14500,20230424,1,1,45,0,0,0,0,0
14501,14501,20230403,1,1,45,0,0,0,0,0
14502,14502,20230616,1,2,45,0,0,0,0,0
14503,14503,20220922,3,2,45,0,0,0,0,0
14504,14504,20241022,1,5,45,0,0,0,0,0
14505,14505,20200722,4,1,45,0,0,0,0,0
14506,14506,20200408,1,1,45,0,0,0,0,0
14507,14507,20230606,1,1,45,0,0,0,0,0
14508,14508,20230420,4,1,45,0,0,0,0,0
14509,14509,20220407,1,2,45,0,0,0,0,0
14510,14510,20230606,2,1,45,0,0,0,0,0
14511,14511,20230523,1,2,45,0,0,0,0,0
14512,14512,20210608,1,5,45,0,0,0,0,0
14513,14513,20230427,1,5,45,0,0,0,0,0
14514,14514,20200724,1,1,45,148,0,182,0,1
14515,14515,20230515,4,2,45,0,0,0,0,0
14516,14516,20230515,3,1,45,0,0,0,0,0
14517,14517,20221208,4,11,45,0,0,0,0,0
14518,14518,20220224,1,5,45,0,0,0,0,0
14519,14519,20230429,1,1,45,0,0,0,0,0
14520,14520,20221203,3,2,45,0,0,0,0,0
14521,14521,20230427,1,5,45,0,0,0,0,0
14522,14522,20230407,1,11,45,0,0,0,0,0
14523,14523,20230424,1,1,45,0,0,0,0,0
14524,14524,20211112,1,5,45,0,0,0,0,0
14525,14525,20240927,1,5,45,0,0,0,0,0
14526,14526,20230614,1,5,45,0,0,0,0,0
14527,14527,20220729,1,1,45,0,0,0,0,0
14528,14528,20230214,1,1,45,0,0,0,0,0
14529,14529,20230601,1,2,45,0,0,0,0,0
14530,14530,20221130,1,1,45,0,0,0,0,0
14531,14531,20230404,4,2,45,0,0,0,0,0
14532,14532,20230824,1,1,45,0,0,0,0,0
14533,14533,20230614,1,19,45,0,0,0,0,0
14534,14534,20230503,1,1,45,0,0,0,0,0
14535,14535,20221119,1,5,45,0,0,0,0,0
14536,14536,20230509,1,1,45,0,0,0,0,0
14537,14537,20230311,3,19,45,0,0,0,0,0
14538,14538,20230429,1,1,45,43,98,40,98,1
14539,14539,20230525,1,2,45,0,0,0,0,0
14540,14540,20201015,4,1,45,0,0,0,0,0
14541,14541,20230407,1,2,45,0,0,0,0,0
14542,14542,20230504,3,1,45,0,0,0,0,0
14543,14543,20231217,1,1,45,0,0,0,0,0
14544,14544,20230403,1,1,45,0,0,0,0,0
14545,14545,20230526,3,1,30,0,0,0,0,0
14546,14546,20230423,1,2,45,0,0,0,0,0
14547,14547,20230705,1,1,45,0,0,0,0,0
14548,14548,20230518,1,12,30,0,0,0,0,0
14549,14549,20220606,1,5,45,0,0,0,0,0
14550,14550,20230505,1,2,45,0,0,0,0,0
14551,14551,20230122,1,2,45,0,0,0,0,0
14552,14552,20230228,1,1,45,0,0,0,0,0
14553,14553,20230510,1,1,45,0,0,0,0,0
14554,14554,20210409,1,2,45,0,0,0,0,0
14555,14555,20240515,1,1,45,0,0,0,0,0
14556,14556,20230116,3,2,45,0,0,0,0,0
14557,14557,20230621,1,1,45,0,0,0,0,0
14558,14558,20230611,1,1,45,0,0,0,0,0
14559,14559,20230128,1,1,45,0,0,0,0,0
14560,14560,20230425,1,5,45,201,0,201,0,1
14561,14561,20230530,1,1,45,0,0,0,0,0
14562,14562,20220225,3,2,45,0,0,0,0,0
14563,14563,20210716,1,14,45,0,0,0,0,0
14564,14564,20230618,1,5,45,127,0,206,0,1
14565,14565,20220105,1,5,45,0,0,0,0,0
14566,14566,20230620,1,5,45,0,0,0,0,0
14567,14567,20230504,1,1,45,2672,0,3592,0,1
14568,14568,20210305,1,1,45,0,0,0,0,0
14569,14569,20211208,1,5,45,0,0,0,0,0
14570,14570,20221219,2,16,45,0,0,0,0,0
14571,14571,20221118,1,1,45,0,0,0,0,0
14572,14572,20230319,1,5,45,262,0,262,0,1
14573,14573,20220508,1,1,45,0,0,0,0,0
14574,14574,20220620,1,14,45,0,0,0,0,0
14575,14575,20230424,1,2,45,0,0,0,0,0
14576,14576,20230411,1,5,45,0,0,0,0,0
14577,14577,20230303,1,15,45,0,0,0,0,0
14578,14578,20230421,1,1,45,0,0,0,0,0
14579,14579,20230530,1,11,45,0,0,0,0,0
14580,14580,20221003,1,2,45,0,0,0,0,0
14581,14581,20230601,1,2,45,0,0,0,0,0
14582,14582,20221209,1,2,45,0,0,0,0,0
14583,14583,20200803,1,1,45,0,0,0,0,0
14584,14584,20230601,1,1,45,0,0,0,0,0
14585,14585,20230529,1,1,45,0,0,0,0,0
14586,14586,20230808,1,5,45,0,0,0,0,0
14587,14587,20230427,1,1,45,0,0,0,0,0
14588,14588,20230604,1,1,45,0,0,0,0,0
14589,14589,20230527,1,2,45,0,0,0,0,0
14590,14590,20231102,1,11,45,0,0,0,0,0
14591,14591,20221117,1,5,45,0,0,0,0,0
14592,14592,20230616,1,1,45,0,0,0,0,0
14593,14593,20230505,1,11,45,0,0,0,0,0
14594,14594,20231227,1,1,45,0,0,0,0,0
14595,14595,20230622,1,1,45,0,0,0,0,0
14596,14596,20230112,1,2,45,0,0,0,0,0
14597,14597,20230413,1,11,45,0,0,0,0,0
14598,14598,20230427,1,1,45,0,0,0,0,0
14599,14599,20230310,1,1,45,0,0,0,0,0
14600,14600,20260303,2,1,45,0,0,0,0,0
14601,14601,20230511,1,2,45,0,0,0,0,0
14602,14602,20230619,1,5,45,0,0,0,0,0
14603,14603,20230520,1,2,45,0,0,0,0,0
14604,14604,20230623,1,5,45,0,0,0,0,0
14605,14605,20230330,1,1,45,0,0,0,0,0
14606,14606,20201002,1,1,45,0,0,0,0,0
14607,14607,20230506,1,1,45,0,0,0,0,0
14608,14608,20230622,1,5,45,0,0,0,0,0
14609,14609,20230622,1,2,45,0,0,0,0,0
14610,14610,20250402,1,14,45,0,0,0,0,0
14611,14611,20230421,1,1,45,0,0,0,0,0
14612,14612,20230505,1,2,45,0,0,0,0,0
14613,14613,20230202,1,1,45,0,0,0,0,0
14614,14614,20230524,4,1,45,0,0,0,0,0
14615,14615,20230602,1,1,45,0,0,0,0,0
14616,14616,20200117,3,11,45,0,0,0,0,0
14617,14617,20230505,1,2,45,0,0,0,0,0
14618,14618,20230422,1,1,45,0,0,0,0,0
14619,14619,20230530,1,1,45,414,0,453,0,1
14620,14620,20230602,1,1,45,0,0,0,0,0
14621,14621,20230821,1,1,45,0,0,0,0,0
14622,14622,20211020,3,5,45,0,0,0,0,0
14623,14623,20230116,1,1,45,0,0,0,0,0
14624,14624,20250718,4,14,45,0,0,0,0,0
14625,14625,20230324,1,2,45,0,0,0,0,0
14626,14626,20211220,1,5,45,1084,0,1084,0,1
14627,14627,20230327,4,5,45,0,0,0,0,0
14628,14628,20230616,1,1,45,0,0,0,0,0
14629,14629,20230517,1,1,45,0,0,0,0,0
14630,14630,20201231,4,5,45,0,0,0,0,0
14631,14631,20220721,2,11,45,0,0,0,0,0
14632,14632,20230524,1,11,45,0,0,0,0,0
14633,14633,20221031,1,11,45,0,0,0,0,0
14634,14634,20231206,1,1,45,0,0,0,0,0
14635,14635,20230601,1,5,45,0,0,0,0,0
14636,14636,20220210,3,19,45,0,0,0,0,0
14637,14637,20230608,1,2,45,0,0,0,0,0
14638,14638,20230426,1,1,30,0,0,0,0,0
14639,14639,20230624,1,5,45,0,0,0,0,0
14640,14640,20230529,1,5,45,0,0,0,0,0
14641,14641,20230428,1,1,45,0,0,0,0,0
14642,14642,20230622,1,5,45,0,0,0,0,0
14643,14643,20230324,1,14,45,0,0,0,0,0
14644,14644,20230517,1,1,45,0,0,0,0,0
14645,14645,20221201,4,11,45,0,0,0,0,0
14646,14646,20200225,1,11,45,0,0,0,0,0
14647,14647,20220221,1,14,54,0,0,0,0,0
14648,14648,20230421,1,1,45,0,0,0,0,0
14649,14649,20230120,1,1,45,0,0,0,0,0
14650,14650,20200626,1,1,45,0,0,0,0,0
14651,14651,20200828,1,1,45,0,0,0,0,0
14652,14652,20221019,1,11,45,0,0,0,0,0
14653,14653,20230524,3,2,45,0,0,0,0,0
14654,14654,20230106,1,1,45,0,0,0,0,0
14655,14655,20230523,1,2,45,0,0,0,0,0
14656,14656,20221025,1,1,45,0,0,0,0,0
14657,14657,20230429,1,1,45,0,0,0,0,0
14658,14658,20200918,1,1,45,0,0,0,0,0
14659,14659,20230426,1,5,45,0,0,0,0,0
14660,14660,20230422,3,5,45,0,0,0,0,0
14661,14661,20260319,4,1,45,0,0,0,0,0
14662,14662,20230505,1,1,45,0,0,0,0,0
14663,14663,20230427,2,1,45,205,0,205,0,1
14664,14664,20230616,1,1,45,0,0,0,0,0
14665,14665,20230522,1,2,45,0,0,0,0,0
14666,14666,20230622,1,2,45,0,0,0,0,0
14667,14667,20241108,1,1,45,0,0,0,0,0
14668,14668,20230428,2,1,45,125,0,125,0,1
14669,14669,20230505,3,2,45,0,0,0,0,0
14670,14670,20211024,1,2,45,0,0,0,0,0
14671,14671,20230429,1,1,45,0,0,0,0,0
14672,14672,20230612,1,19,45,0,0,0,0,0
14673,14673,20230629,1,2,45,0,0,0,0,0
14674,14674,20230218,3,11,45,0,0,0,0,0
14675,14675,20230507,1,1,45,0,0,0,0,0
14676,14676,20230601,2,1,45,0,0,0,0,0
14677,14677,20230228,1,1,45,0,0,0,0,0
14678,14678,20221223,1,5,45,0,0,0,0,0
14679,14679,20230127,1,5,45,0,0,0,0,0
14680,14680,20230523,1,2,45,0,0,0,0,0
14681,14681,20200508,1,2,45,53,0,53,0,1
14682,14682,20211214,1,1,45,0,0,0,0,0
14683,14683,20220228,1,2,45,0,0,0,0,0
14684,14684,20200822,1,5,45,0,0,0,0,0
14685,14685,20230427,2,2,45,0,0,0,0,0
14686,14686,20230725,1,1,45,0,0,0,0,0
14687,14687,20231001,1,1,30,0,0,0,0,0
14688,14688,20230214,1,1,45,0,0,0,0,0
14689,14689,20230605,4,1,45,0,0,0,0,0
14690,14690,20230615,1,1,45,0,0,0,0,0
14691,14691,20230504,1,1,45,0,0,0,0,0
14692,14692,20230427,1,2,45,0,0,0,0,0
14693,14693,20230526,1,1,45,0,0,0,0,0
14694,14694,20231214,1,5,45,0,0,0,0,0
14695,14695,20230305,4,2,45,0,0,0,0,0
14696,14696,20230411,1,1,45,0,0,0,0,0
14697,14697,20230614,1,1,45,0,0,0,0,0
14698,14698,20230601,2,2,45,0,0,0,0,0
14699,14699,20230531,1,1,45,0,0,0,0,0
14700,14700,20230609,3,1,45,0,0,0,0,0
14701,14701,20230615,4,5,45,0,0,0,0,0
14702,14702,20240621,1,14,45,0,0,0,0,0
14703,14703,20230331,1,2,45,0,0,0,0,0
14704,14704,20220804,1,1,45,0,0,0,0,0
14705,14705,20220427,2,2,45,0,0,0,0,0
14706,14706,20230526,2,1,45,0,0,0,0,0
14707,14707,20230120,1,1,45,0,0,0,0,0
14708,14708,20220113,1,1,45,0,0,0,0,0
14709,14709,20211111,1,1,45,0,0,0,0,0
14710,14710,20210716,1,11,45,0,0,0,0,0
14711,14711,20230508,1,11,45,0,0,0,0,0
14712,14712,20230414,1,1,45,0,0,0,0,0
14713,14713,20230622,3,2,45,0,0,0,0,0
14714,14714,20250319,1,1,45,0,0,0,0,0
14715,14715,20220623,1,2,45,0,0,0,0,0
14716,14716,20250124,4,1,45,0,0,0,0,0
14717,14717,20230405,1,5,45,0,0,0,0,0
14718,14718,20230427,1,1,45,0,0,0,0,0
14719,14719,20211214,1,2,45,408,0,408,0,1
14720,14720,20230428,1,1,45,2526,0,2526,0,1
14721,14721,20210704,1,1,45,0,0,0,0,0
14722,14722,20230424,1,5,45,421,0,623,0,1
14723,14723,20230216,1,5,45,0,0,0,0,0
14724,14724,20230519,3,2,45,0,0,0,0,0
14725,14725,20230615,1,1,45,0,0,0,0,0
14726,14726,20230809,3,1,45,40,0,40,0,1
14727,14727,20210708,1,1,45,0,0,0,0,0
14728,14728,20230515,1,1,45,0,0,0,0,0
14729,14729,20231220,1,1,45,0,0,0,0,0
14730,14730,20231109,2,1,45,0,0,0,0,0
14731,14731,20230404,3,1,45,0,0,0,0,0
14732,14732,20230208,1,5,45,0,0,0,0,0
14733,14733,20230410,3,5,45,0,0,0,0,0
14734,14734,20230428,1,1,45,0,0,0,0,0
14735,14735,20241207,1,1,45,0,0,0,0,0
14736,14736,20230226,1,2,45,0,0,0,0,0
14737,14737,20230522,3,5,45,0,0,0,0,0
14738,14738,20220526,2,5,45,0,0,0,0,0
14739,14739,20230614,1,1,45,0,0,0,0,0
14740,14740,20230530,1,1,45,29,0,31,0,1
14741,14741,20210714,1,5,45,0,0,0,0,0
14742,14742,20220325,1,2,45,0,0,0,0,0
14743,14743,20230612,2,11,45,0,0,0,0,0
14744,14744,20210710,1,1,45,0,0,0,0,0
14745,14745,20221202,1,5,45,0,0,0,0,0
14746,14746,20230526,1,1,45,0,0,0,0,0
14747,14747,20210625,1,2,45,0,0,0,0,0
14748,14748,20230524,4,2,45,0,0,0,0,0
14749,14749,20221101,4,2,45,0,0,0,0,0
14750,14750,20230608,1,14,45,0,0,0,0,0
14751,14751,20230413,1,5,45,0,0,0,0,0
14752,14752,20210816,1,5,45,0,0,0,0,0
14753,14753,20230526,1,1,45,0,0,0,0,0
14754,14754,20230428,3,2,45,0,0,0,0,0
14755,14755,20230413,1,11,45,0,0,0,0,0
14756,14756,20230427,1,2,45,243,0,243,0,1
14757,14757,20230515,1,11,45,0,0,0,0,0
14758,14758,20230420,1,2,45,0,0,0,0,0
14759,14759,20230613,4,1,45,0,0,0,0,0
14760,14760,20230509,1,2,45,0,0,0,0,0
14761,14761,20200429,3,2,45,165,0,86,0,1
14762,14762,20221020,1,5,45,0,0,0,0,0
14763,14763,20230604,1,1,45,0,0,0,0,0
14764,14764,20221221,1,5,30,0,0,0,0,0
14765,14765,20230512,1,2,45,0,0,0,0,0
14766,14766,20230429,1,1,45,0,0,0,0,0
14767,14767,20230519,1,1,45,0,0,0,0,0
14768,14768,20230622,1,5,45,23,0,23,0,1
14769,14769,20230609,1,5,45,0,0,0,0,0
14770,14770,20230525,1,1,45,0,0,0,0,0
14771,14771,20230322,1,2,45,0,0,0,0,0
14772,14772,20230208,1,1,45,0,0,0,0,0
14773,14773,20231011,1,5,45,0,0,0,0,0
14774,14774,20230419,3,2,45,0,0,0,0,0
14775,14775,20240124,1,2,45,0,0,0,0,0
14776,14776,20211220,1,5,45,0,0,0,0,0
14777,14777,20230523,4,5,45,0,0,0,0,0
14778,14778,20201105,1,1,45,0,0,0,0,0
14779,14779,20230618,1,5,45,0,0,0,0,0
14780,14780,20230526,1,5,45,0,0,0,0,0
14781,14781,20230428,1,2,45,221,0,221,0,1
14782,14782,20230611,1,11,45,31,0,49,0,1
14783,14783,20230426,2,2,45,0,0,0,0,0
14784,14784,20230505,1,2,45,0,0,0,0,0
14785,14785,20230608,1,1,45,0,0,0,0,0
14786,14786,20221129,1,2,45,0,0,0,0,0
14787,14787,20210412,1,1,45,0,0,0,0,0
14788,14788,20201210,1,1,45,0,0,0,0,0
14789,14789,20230427,1,1,45,0,0,0,0,0
14790,14790,20230616,1,1,45,0,0,0,0,0
14791,14791,20200828,1,2,45,0,0,0,0,0
14792,14792,20250116,1,5,45,0,0,0,0,0
14793,14793,20230509,1,2,45,0,0,0,0,0
14794,14794,20230505,3,2,45,0,0,0,0,0
14795,14795,20220827,1,1,45,0,0,0,0,0
14796,14796,20211208,1,2,45,0,0,0,0,0
14797,14797,20220630,1,5,45,0,0,0,0,0
14798,14798,20201201,1,5,45,0,0,0,0,0
14799,14799,20220426,1,1,45,0,0,0,0,0
14800,14800,20230526,1,11,45,0,0,0,0,0
14801,14801,20200416,3,5,45,0,0,0,0,0
14802,14802,20200916,4,1,45,0,0,0,0,0
14803,14803,20210217,1,11,45,0,0,0,0,0
14804,14804,20201130,1,2,45,0,0,0,0,0
14805,14805,20230228,1,1,45,0,0,0,0,0
14806,14806,20220107,1,5,45,0,0,0,0,0
14807,14807,20210802,1,21,22,0,0,0,0,0
14808,14808,20230129,1,2,45,0,0,0,0,0
14809,14809,20230401,1,1,45,24,0,24,0,1
14810,14810,20221027,4,5,45,0,0,0,0,0
14811,14811,20221104,1,2,45,0,0,0,0,0
14812,14812,20220511,1,2,45,0,0,0,0,0
14813,14813,20230502,1,1,45,0,0,0,0,0
14814,14814,20220809,1,2,45,0,0,0,0,0
14815,14815,20210820,1,11,45,0,0,0,0,0
14816,14816,20230510,1,1,45,0,0,0,0,0
14817,14817,20201226,1,2,45,0,0,0,0,0
14818,14818,20211025,3,1,45,0,0,0,0,0
14819,14819,20220623,1,5,45,0,0,0,0,0
14820,14820,20210530,4,1,45,0,0,0,0,0
14821,14821,20230609,1,11,45,0,0,0,0,0
14822,14822,20230117,1,1,45,0,0,0,0,0
14823,14823,20210826,1,1,45,0,0,0,0,0
14824,14824,20210201,1,16,45,0,0,0,0,0
14825,14825,20200414,1,1,30,0,0,0,0,0
14826,14826,20211220,1,5,45,0,0,0,0,0
14827,14827,20221031,1,1,45,0,0,0,0,0
14828,14828,20230525,1,1,45,0,0,0,0,0
14829,14829,20210216,1,1,45,0,0,0,0,0
14830,14830,20220812,4,1,45,0,0,0,0,0
14831,14831,20211224,1,1,45,0,0,0,0,0
14832,14832,20230415,1,1,45,0,0,0,0,0
14833,14833,20210316,2,1,45,0,0,0,0,0
14834,14834,20220330,1,1,45,0,0,0,0,0
14835,14835,20200826,1,2,45,0,0,0,0,0
14836,14836,20230103,1,1,45,0,0,0,0,0
14837,14837,20230227,1,2,45,0,0,0,0,0
14838,14838,20230502,1,2,45,0,0,0,0,0
14839,14839,20210813,1,11,45,0,0,0,0,0
14840,14840,20221209,1,1,45,0,0,0,0,0
14841,14841,20230428,1,1,45,0,0,0,0,0
14842,14842,20201121,1,1,45,0,0,0,0,0
14843,14843,20210604,2,2,45,0,0,0,0,0
14844,14844,20230512,1,1,30,0,0,0,0,0
14845,14845,20200723,1,5,45,0,0,0,0,0
14846,14846,20220321,1,6,22,0,0,0,0,0
14847,14847,20211019,3,5,45,0,0,0,0,0
14848,14848,20230222,1,1,45,0,0,0,0,0
14849,14849,20200720,1,1,45,0,0,0,0,0
14850,14850,20220212,1,1,45,0,0,0,0,0
14851,14851,20230523,1,1,45,0,0,0,0,0
14852,14852,20200101,1,2,45,0,0,0,0,0
14853,14853,20211119,1,1,45,0,0,0,0,0
14854,14854,20220119,1,1,45,0,0,0,0,0
14855,14855,20220318,2,2,45,0,0,0,0,0
14856,14856,20211119,2,2,45,0,0,0,0,0
14857,14857,20230102,1,1,45,0,0,0,0,0
14858,14858,20211001,1,1,45,0,0,0,0,0
14859,14859,20221009,1,1,45,0,0,0,0,0
14860,14860,20230619,1,1,45,0,0,0,0,0
14861,14861,20230616,1,1,45,0,0,0,0,0
14862,14862,20230409,1,16,45,0,0,0,0,0
14863,14863,20210317,1,2,45,0,0,0,0,0
14864,14864,20220208,1,1,45,0,0,0,0,0
14865,14865,20220311,1,15,45,0,0,0,0,0
14866,14866,20230519,1,1,45,0,0,0,0,0
14867,14867,20200812,1,1,45,0,0,0,0,0
14868,14868,20221224,1,1,45,0,0,0,0,0
14869,14869,20230609,1,1,45,0,0,0,0,0
14870,14870,20220714,1,19,45,289,0,289,0,1
14871,14871,20200828,1,5,30,0,0,0,0,0
14872,14872,20230218,1,1,45,0,0,0,0,0
14873,14873,20211122,1,5,45,0,0,0,0,0
14874,14874,20210817,1,1,45,0,0,0,0,0
14875,14875,20230608,1,11,45,0,0,0,0,0
14876,14876,20220526,1,2,45,0,0,0,0,0
14877,14877,20201203,1,5,45,0,0,0,0,0
14878,14878,20230428,1,1,45,0,0,0,0,0
14879,14879,20230506,1,1,45,0,0,0,0,0
14880,14880,20230617,1,11,45,0,0,0,0,0
14881,14881,20230621,1,1,30,0,0,0,0,0
14882,14882,20200729,1,1,45,0,0,0,0,0
14883,14883,20220512,1,1,45,0,0,0,0,0
14884,14884,20221204,1,2,45,0,0,0,0,0
14885,14885,20220505,3,2,45,0,0,0,0,0
14886,14886,20230617,1,2,45,0,0,0,0,0
14887,14887,20220201,1,11,45,0,0,0,0,0
14888,14888,20230612,3,11,45,0,0,0,0,0
14889,14889,20230501,1,2,30,204,0,390,0,1
14890,14890,20221111,2,16,45,0,0,0,0,0
14891,14891,20210915,1,11,45,0,0,0,0,0
14892,14892,20230320,1,1,45,0,0,0,0,0
14893,14893,20210303,1,1,45,0,0,0,0,0
14894,14894,20230210,1,11,45,0,0,0,0,0
14895,14895,20210505,1,1,45,0,0,0,0,0
14896,14896,20210218,1,11,45,0,0,0,0,0
14897,14897,20221003,1,14,45,0,0,0,0,0
14898,14898,20210730,1,1,45,0,0,0,0,0
14899,14899,20230216,4,2,45,0,0,0,0,0
14900,14900,20220930,4,1,45,0,0,0,0,0
14901,14901,20220614,1,1,45,0,0,0,0,0
14902,14902,20200725,1,1,45,0,0,0,0,0
14903,14903,20260731,2,5,30,169,0,89,0,1
14904,14904,20210523,1,1,45,0,0,0,0,0
14905,14905,20220702,1,1,30,0,0,0,0,0
14906,14906,20210707,1,2,45,0,0,0,0,0
14907,14907,20220405,1,1,45,0,0,0,0,0
14908,14908,20220609,1,1,45,2358,0,4374,0,1
14909,14909,20230526,1,1,45,0,0,0,0,0
14910,14910,20230612,1,1,45,0,0,0,0,0
14911,14911,20230425,1,2,45,26,0,26,0,1
14912,14912,20230503,1,2,45,0,0,0,0,0
14913,14913,20230601,1,5,45,0,0,0,0,0
14914,14914,20200916,3,11,45,0,0,0,0,0
14915,14915,20230526,1,2,45,0,0,0,0,0
14916,14916,20230428,1,2,45,0,0,0,0,0
14917,14917,20201002,3,5,45,0,0,0,0,0
14918,14918,20201019,1,5,45,0,0,0,0,0
14919,14919,20220415,4,1,45,0,0,0,0,0
14920,14920,20230429,1,2,45,0,0,0,0,0
14921,14921,20200417,1,1,45,0,0,0,0,0
14922,14922,20210305,3,2,45,0,0,0,0,0
14923,14923,20211022,1,1,45,0,0,0,0,0
14924,14924,20230102,1,2,45,0,0,0,0,0
14925,14925,20230223,1,2,45,0,0,0,0,0
14926,14926,20210822,1,5,45,0,0,0,0,0
14927,14927,20210416,1,2,45,0,0,0,0,0
14928,14928,20230531,1,5,45,0,0,0,0,0
14929,14929,20200518,1,2,45,0,0,0,0,0
14930,14930,20211108,1,2,45,0,0,0,0,0
14931,14931,20230627,1,2,45,0,0,0,0,0
14932,14932,20201015,3,1,45,0,0,0,0,0
14933,14933,20210505,1,2,45,0,0,0,0,0
14934,14934,20211207,3,16,45,0,0,0,0,0
14935,14935,20230421,1,2,45,0,0,0,0,0
14936,14936,20230612,3,11,45,0,0,0,0,0
14937,14937,20231109,1,1,45,0,0,0,0,0
14938,14938,20230605,3,1,45,0,0,0,0,0
14939,14939,20211115,1,2,45,0,0,0,0,0
14940,14940,20230519,1,5,45,0,0,0,0,0
14941,14941,20221104,1,1,45,0,0,0,0,0
14942,14942,20210622,3,2,45,0,0,0,0,0
14943,14943,20200506,1,1,45,0,0,0,0,0
14944,14944,20230427,1,1,45,0,0,0,0,0
14945,14945,20220629,1,2,45,0,0,0,0,0
14946,14946,20210825,1,1,45,0,0,0,0,0
14947,14947,20220409,1,5,45,0,0,0,0,0
14948,14948,20220221,1,16,45,0,0,0,0,0
14949,14949,20220117,1,5,45,0,0,0,0,0
14950,14950,20211213,4,1,45,0,0,0,0,0
14951,14951,20200214,3,2,45,12,0,12,0,1
14952,14952,20230530,3,11,45,0,0,0,0,0
14953,14953,20221223,1,2,45,0,0,0,0,0
14954,14954,20211028,1,5,45,0,0,0,0,0
14955,14955,20200423,1,1,45,0,0,0,0,0
14956,14956,20220728,1,2,45,0,0,0,0,0
14957,14957,20200922,1,1,45,0,0,0,0,0
14958,14958,20230719,1,1,45,0,0,0,0,0
14959,14959,20220124,1,2,45,0,0,0,0,0
14960,14960,20201001,3,1,45,0,0,0,0,0
14961,14961,20221218,2,11,45,0,0,0,0,0
14962,14962,20200213,1,5,45,0,0,0,0,0
14963,14963,20220318,1,2,45,0,0,0,0,0
14964,14964,20230508,1,1,45,0,0,0,0,0
14965,14965,20220819,1,1,45,0,0,0,0,0
14966,14966,20210218,1,2,45,0,0,0,0,0
14967,14967,20230606,1,1,45,0,0,0,0,0
14968,14968,20220722,1,9,30,0,0,0,0,0
14969,14969,20210304,4,1,45,0,0,0,0,0
14970,14970,20230430,1,5,45,0,0,0,0,0
14971,14971,20221201,1,1,45,5,0,5,0,1
14972,14972,20230601,1,2,45,0,0,0,0,0
14973,14973,20230420,1,19,45,1,1,1,1,1
14974,14974,20210226,1,1,45,0,0,0,0,0
14975,14975,20210115,1,11,45,0,0,0,0,0
14976,14976,20250904,1,1,45,0,0,0,0,0
14977,14977,20230630,1,14,45,632,8,966,8,1
14978,14978,20230526,1,2,45,0,0,0,0,0
14979,14979,20230626,4,1,45,387,0,343,0,1
14980,14980,20230427,1,1,45,284,0,284,0,1
14981,14981,20230629,1,1,45,526,0,487,0,1
14982,14982,20240206,1,1,45,131,0,137,0,1
14983,14983,20231108,1,14,45,145,0,191,0,1
14984,14984,20230605,1,1,45,2324,0,2324,0,1
14985,14985,20230705,4,2,45,19,0,19,0,1
14986,14986,20230626,4,2,45,0,0,0,0,0
14987,14987,20260226,1,11,45,309,0,176,0,1
14988,14988,20230627,1,2,45,110,0,110,0,1
14989,14989,20230604,3,5,45,7218,0,10811,0,1
14990,14990,20230627,1,2,45,876,1,1120,1,1
14991,14991,20230706,1,1,45,23,0,37,0,1
14992,14992,20230627,1,11,45,0,0,0,0,0
14993,14993,20230516,1,5,45,472,0,867,0,1
14994,14994,20230629,1,1,45,651,1199,839,1199,1
14995,14995,20230622,1,1,45,61,19,85,19,1
14996,14996,20230608,1,16,45,1319,0,1319,0,1
14997,14997,20231107,3,2,45,1207,0,2241,0,1
14998,14998,20230504,3,16,45,0,0,0,0,0
14999,14999,20241121,1,1,45,180,0,180,0,1
15000,15000,20230521,3,1,45,339,0,339,0,1
15001,15001,20210921,1,1,45,1419,276,501,183,1
15002,15002,20230706,1,1,45,167,0,167,0,1
15003,15003,20240524,1,1,30,77,0,77,0,1
15004,15004,20230630,4,2,45,0,0,0,0,0
15005,15005,20230618,1,2,45,391,0,586,0,1
15006,15006,20240831,1,1,45,902,0,145,0,1
15007,15007,20230525,1,1,45,103,0,103,0,1
15008,15008,20240412,1,2,45,10,0,10,0,1
15009,15009,20230501,1,19,45,0,0,0,0,0
15010,15010,20230522,1,1,45,0,0,0,0,0
15011,15011,20230512,4,2,45,0,0,0,0,0
15012,15012,20230215,1,1,45,821,1237,523,1237,1
15013,15013,20230831,1,1,45,760,263,575,263,1
15014,15014,20241010,1,1,30,1143,55,283,55,1
15015,15015,20221027,1,2,45,615,13,383,13,1
15016,15016,20220405,1,1,45,1236,345,498,384,1
15017,15017,20220616,2,1,45,345,76,200,99,1
15018,15018,20230714,1,1,45,1623,0,258,0,1
15019,15019,20230927,3,2,45,268,3957,175,3957,1
15020,15020,20230731,1,2,45,183,0,221,0,1
15021,15021,20230731,1,1,45,75,0,92,0,1
15022,15022,20231002,4,1,45,366,0,366,0,1
15023,15023,20230717,3,16,45,3038,0,3038,0,1
15024,15024,20230821,2,2,45,464,0,173,0,1
15025,15025,20230919,1,1,45,572,0,572,0,1
15026,15026,20230823,1,2,45,245,0,321,0,1
15027,15027,20230913,1,1,45,801,0,413,0,1
15028,15028,20230929,1,2,45,454,0,454,0,1
15029,15029,20240927,1,11,45,518,69,713,69,1
15030,15030,20240301,1,1,45,340,0,378,0,1
15031,15031,20230914,1,5,45,944,0,1189,0,1
15032,15032,20260206,1,1,45,1319,72,247,103,1
15033,15033,20230929,1,2,45,190,0,164,0,1
15034,15034,20230920,1,1,45,1803,442,356,106,1
15035,15035,20250915,1,1,45,1139,0,1112,0,1
15036,15036,20230929,1,1,45,0,0,0,0,0
15037,15037,20230818,1,2,45,0,0,0,0,0
15038,15038,20230912,1,1,45,161,0,234,0,1
15039,15039,20230927,1,2,45,1925,0,2873,0,1
15040,15040,20230821,1,1,45,120,0,150,0,1
15041,15041,20230829,1,2,45,500,0,500,0,1
15042,15042,20230914,1,2,45,3005,437,2142,647,1
15043,15043,20230912,1,1,45,788,0,498,0,1
15044,15044,20230818,4,1,45,323,0,380,0,1
15045,15045,20230914,1,1,30,199,160,77,160,1
15046,15046,20230927,1,1,45,552,0,856,0,1
15047,15047,20241112,1,1,45,859,30,859,30,1
15048,15048,20231012,1,1,45,0,0,0,0,0
15049,15049,20230928,1,1,45,1185,0,758,0,1
15050,15050,20230817,1,2,45,354,0,280,0,1
15051,15051,20250814,1,1,45,1779,0,2583,0,1
15052,15052,20260122,1,2,45,787,770,510,874,1
15053,15053,20230801,1,2,45,50,0,52,0,1
15054,15054,20230820,1,1,45,194,0,219,0,1
15055,15055,20260731,1,1,45,1695,902,708,908,1
15056,15056,20230720,1,14,45,193,0,230,0,1
15057,15057,20230731,1,1,45,477,0,489,0,1
15058,15058,20230918,3,1,45,1879,277,1514,134,1
15059,15059,20250402,1,5,45,156,0,219,0,1
15060,15060,20241030,1,11,45,545,0,702,0,1
15061,15061,20230813,1,1,45,164,0,236,0,1
15062,15062,20230831,4,1,45,544,0,801,0,1
15063,15063,20230914,3,1,45,278,0,241,0,1
15064,15064,20230822,3,2,45,163,0,209,0,1
15065,15065,20230814,1,1,45,652,0,652,0,1
15066,15066,20230914,1,1,45,106,0,184,0,1
15067,15067,20230927,1,1,45,0,0,0,0,0
15068,15068,20230820,3,1,45,137,0,116,0,1
15069,15069,20230818,4,11,45,493,177,817,177,1
15070,15070,20230921,1,1,45,232,0,396,0,1
15071,15071,20230921,1,1,45,1162,0,1192,0,1
15072,15072,20230926,1,16,45,2081,0,930,0,1
15073,15073,20230928,1,1,45,272,242,331,242,1
15074,15074,20230921,1,1,45,1956,264,768,442,1
15075,15075,20230911,1,1,45,414,0,457,0,1
15076,15076,20241024,1,1,45,293,14,285,14,1
15077,15077,20240917,1,1,45,714,0,249,0,1
